{"type":"FeatureCollection","features":[{"type":"Feature","geometry":{"type":"LineString","coordinates":[[-8.79613,38.98889],[-8.79974,38.99089],[-8.80772,38.99305],[-8.80873,38.99438],[-8.80929,38.99668],[-8.81601,39.00103],[-8.82794,39.00221],[-8.83399,39.00387],[-8.83597,39.00556],[-8.83762,39.00997],[-8.83868,39.00998],[-8.84067,39.00886],[-8.84176,39.00896],[-8.84753,39.01134],[-8.84724,39.01389],[-8.84612,39.01476],[-8.8421,39.01593],[-8.84091,39.01745],[-8.84102,39.01798],[-8.84326,39.01939],[-8.84501,39.01942],[-8.84701,39.01866],[-8.84863,39.01883],[-8.85526,39.02348],[-8.86053,39.02555],[-8.86163,39.02768],[-8.86153,39.02977]]},"properties":{"osm_type":"way","osm_id":12641715,"country":"PT","name":"Vala Nova","operator":null,"wikidata":null,"wikipedia":null}},{"type":"Feature","geometry":{"type":"LineString","coordinates":[[-8.20239,41.87218],[-8.2027,41.87205]]},"properties":{"osm_type":"way","osm_id":31827168,"country":"PT","name":"Descarga de fundo","operator":null,"wikidata":null,"wikipedia":null}},{"type":"Feature","geometry":{"type":"LineString","coordinates":[[-8.68522,37.16131],[-8.6858,37.15851]]},"properties":{"osm_type":"way","osm_id":61655020,"country":"PT","name":null,"operator":null,"wikidata":null,"wikipedia":null}},{"type":"Feature","geometry":{"type":"LineString","coordinates":[[-7.69062,40.38441],[-7.6925,40.3845],[-7.6926,40.38614],[-7.69328,40.38629],[-7.69464,40.388],[-7.69623,40.38814],[-7.69662,40.38868],[-7.69553,40.39059]]},"properties":{"osm_type":"way","osm_id":70561041,"country":"PT","name":null,"operator":null,"wikidata":null,"wikipedia":null}},{"type":"Feature","geometry":{"type":"LineString","coordinates":[[-7.50868,37.27862],[-7.50797,37.2777]]},"properties":{"osm_type":"way","osm_id":77867383,"country":"PT","name":"Descarregador de cheias","operator":null,"wikidata":null,"wikipedia":null}},{"type":"Feature","geometry":{"type":"LineString","coordinates":[[-8.24877,40.30959],[-8.24891,40.30953]]},"properties":{"osm_type":"way","osm_id":78408637,"country":"PT","name":"Descarregador de cheias","operator":null,"wikidata":null,"wikipedia":null}},{"type":"Feature","geometry":{"type":"LineString","coordinates":[[-7.48656,37.32903],[-7.48585,37.33133]]},"properties":{"osm_type":"way","osm_id":79801578,"country":"PT","name":"Túnel de Descarga da Barragem de Odeleite","operator":null,"wikidata":null,"wikipedia":null}},{"type":"Feature","geometry":{"type":"LineString","coordinates":[[-7.52644,37.19752],[-7.5285,37.19234],[-7.52964,37.1913],[-7.5345,37.18878],[-7.53953,37.18731],[-7.55357,37.18103],[-7.5645,37.17915],[-7.57867,37.17324],[-7.58916,37.17053],[-7.59521,37.16659],[-7.61517,37.16386],[-7.62072,37.16447],[-7.62919,37.16298],[-7.63601,37.15989],[-7.65207,37.15839],[-7.66076,37.15332],[-7.66499,37.14988],[-7.67016,37.14817],[-7.67339,37.14515],[-7.67828,37.14226],[-7.68865,37.13871],[-7.69484,37.13296],[-7.70479,37.13105],[-7.70609,37.13042]]},"properties":{"osm_type":"way","osm_id":82491339,"country":"PT","name":"Adutor Beliche - Reservatório de Santo Estêvão","operator":"Águas do Algarve","wikidata":null,"wikipedia":null}},{"type":"Feature","geometry":{"type":"LineString","coordinates":[[-7.50544,37.27317],[-7.50537,37.27328]]},"properties":{"osm_type":"way","osm_id":82491343,"country":"PT","name":null,"operator":null,"wikidata":null,"wikipedia":null}},{"type":"Feature","geometry":{"type":"LineString","coordinates":[[-7.50605,37.27354],[-7.50544,37.27317]]},"properties":{"osm_type":"way","osm_id":82491345,"country":"PT","name":null,"operator":"INAG","wikidata":null,"wikipedia":null}},{"type":"Feature","geometry":{"type":"LineString","coordinates":[[-7.53008,37.32574],[-7.52506,37.29927]]},"properties":{"osm_type":"way","osm_id":82493245,"country":"PT","name":"Túnel Odeleite-Beliche","operator":null,"wikidata":null,"wikipedia":null}},{"type":"Feature","geometry":{"type":"LineString","coordinates":[[-8.78661,38.39845],[-8.78607,38.39788],[-8.7847,38.39766],[-8.7819,38.39838],[-8.78087,38.39765],[-8.77931,38.39759],[-8.77765,38.39844],[-8.77731,38.39927],[-8.77321,38.4007],[-8.76959,38.40122],[-8.76504,38.40093],[-8.75639,38.40288],[-8.7557,38.40373],[-8.75564,38.40686],[-8.74982,38.41264],[-8.74933,38.41518],[-8.73994,38.41841],[-8.73453,38.41897],[-8.73267,38.41735],[-8.72329,38.41833],[-8.71772,38.4172],[-8.71631,38.41596],[-8.71344,38.41487],[-8.71203,38.41097],[-8.71097,38.40964],[-8.71114,38.40888],[-8.7098,38.40736],[-8.70808,38.40729],[-8.70407,38.40943],[-8.70062,38.40892],[-8.69605,38.40935],[-8.6922,38.40894],[-8.6895,38.4092],[-8.68229,38.40586],[-8.67082,38.40572],[-8.67002,38.40493],[-8.66994,38.40271],[-8.66768,38.4013],[-8.66495,38.39773],[-8.66286,38.3961],[-8.65906,38.39561],[-8.64423,38.3959],[-8.64034,38.39712],[-8.63717,38.39892],[-8.6354,38.39721],[-8.63221,38.39729],[-8.63112,38.39936],[-8.62926,38.39951],[-8.62723,38.40094],[-8.62318,38.40156],[-8.61847,38.40076],[-8.61673,38.4017],[-8.61473,38.40161],[-8.61354,38.40249],[-8.61216,38.40225],[-8.61,38.40102],[-8.60862,38.39835],[-8.60701,38.3975],[-8.60596,38.39769],[-8.60508,38.3985],[-8.60492,38.39951],[-8.60377,38.40077],[-8.60074,38.40245],[-8.59881,38.40176],[-8.5966,38.40277],[-8.59381,38.40275],[-8.59171,38.4026],[-8.58959,38.40134],[-8.58808,38.40162],[-8.58567,38.40122],[-8.58395,38.40157],[-8.58207,38.39911],[-8.58135,38.39901],[-8.57858,38.40161],[-8.57493,38.40179],[-8.5722,38.40125],[-8.57085,38.40193],[-8.56832,38.40207],[-8.56657,38.40167],[-8.56271,38.40291],[-8.55774,38.40074],[-8.55552,38.4007],[-8.5517,38.39743],[-8.55082,38.39593],[-8.54944,38.39526],[-8.54864,38.39403],[-8.54767,38.39111],[-8.54938,38.38203],[-8.54418,38.37098],[-8.54494,38.36771],[-8.54404,38.36648],[-8.54171,38.36663],[-8.54096,38.36727],[-8.54087,38.36845],[-8.53897,38.36847],[-8.53288,38.36625],[-8.52832,38.36542],[-8.52677,38.3638],[-8.52613,38.36204],[-8.52534,38.36185],[-8.52328,38.36405],[-8.52044,38.36511],[-8.51813,38.36528],[-8.51261,38.36369]]},"properties":{"osm_type":"way","osm_id":88436195,"country":"PT","name":null,"operator":null,"wikidata":null,"wikipedia":null}},{"type":"Feature","geometry":{"type":"LineString","coordinates":[[-7.70843,37.13014],[-7.70905,37.12993],[-7.70911,37.12917]]},"properties":{"osm_type":"way","osm_id":92053902,"country":"PT","name":"Descarga de Superfície","operator":null,"wikidata":null,"wikipedia":null}},{"type":"Feature","geometry":{"type":"LineString","coordinates":[[-7.7083,37.13019],[-7.70843,37.13014]]},"properties":{"osm_type":"way","osm_id":92053914,"country":"PT","name":"Descarga de Superfície","operator":null,"wikidata":null,"wikipedia":null}},{"type":"Feature","geometry":{"type":"LineString","coordinates":[[-8.6058,37.16065],[-8.6063,37.16167],[-8.60773,37.16197],[-8.60756,37.16281],[-8.60952,37.16393]]},"properties":{"osm_type":"way","osm_id":93221179,"country":"PT","name":null,"operator":null,"wikidata":null,"wikipedia":null}},{"type":"Feature","geometry":{"type":"LineString","coordinates":[[-8.69711,37.17785],[-8.69713,37.1775]]},"properties":{"osm_type":"way","osm_id":93221180,"country":"PT","name":null,"operator":null,"wikidata":null,"wikipedia":null}},{"type":"Feature","geometry":{"type":"LineString","coordinates":[[-8.60582,37.16085],[-8.60319,37.16256],[-8.60238,37.16236]]},"properties":{"osm_type":"way","osm_id":93221181,"country":"PT","name":null,"operator":null,"wikidata":null,"wikipedia":null}},{"type":"Feature","geometry":{"type":"LineString","coordinates":[[-8.59682,37.1637],[-8.59247,37.16433]]},"properties":{"osm_type":"way","osm_id":93221182,"country":"PT","name":null,"operator":null,"wikidata":null,"wikipedia":null}},{"type":"Feature","geometry":{"type":"LineString","coordinates":[[-8.69515,37.18016],[-8.69697,37.17853],[-8.69711,37.17785]]},"properties":{"osm_type":"way","osm_id":93221183,"country":"PT","name":null,"operator":null,"wikidata":null,"wikipedia":null}},{"type":"Feature","geometry":{"type":"LineString","coordinates":[[-8.6938,37.18505],[-8.69383,37.18492]]},"properties":{"osm_type":"way","osm_id":93221185,"country":"PT","name":null,"operator":null,"wikidata":null,"wikipedia":null}},{"type":"Feature","geometry":{"type":"LineString","coordinates":[[-8.61072,37.16591],[-8.61156,37.16843]]},"properties":{"osm_type":"way","osm_id":93221186,"country":"PT","name":null,"operator":null,"wikidata":null,"wikipedia":null}},{"type":"Feature","geometry":{"type":"LineString","coordinates":[[-8.69625,37.17592],[-8.69577,37.17512],[-8.69262,37.17305],[-8.69219,37.16885],[-8.68862,37.16735],[-8.68666,37.16776]]},"properties":{"osm_type":"way","osm_id":93221188,"country":"PT","name":null,"operator":null,"wikidata":null,"wikipedia":null}},{"type":"Feature","geometry":{"type":"LineString","coordinates":[[-8.69367,37.18595],[-8.6938,37.18505]]},"properties":{"osm_type":"way","osm_id":93221191,"country":"PT","name":null,"operator":null,"wikidata":null,"wikipedia":null}},{"type":"Feature","geometry":{"type":"LineString","coordinates":[[-8.69383,37.18492],[-8.69483,37.1827],[-8.6948,37.18061]]},"properties":{"osm_type":"way","osm_id":93221194,"country":"PT","name":null,"operator":null,"wikidata":null,"wikipedia":null}},{"type":"Feature","geometry":{"type":"LineString","coordinates":[[-8.60071,37.16118],[-8.60015,37.16121],[-8.59927,37.16226]]},"properties":{"osm_type":"way","osm_id":93221196,"country":"PT","name":null,"operator":null,"wikidata":null,"wikipedia":null}},{"type":"Feature","geometry":{"type":"LineString","coordinates":[[-8.62066,37.15309],[-8.61982,37.1528],[-8.61862,37.15322],[-8.61573,37.15325],[-8.6141,37.154]]},"properties":{"osm_type":"way","osm_id":93221198,"country":"PT","name":null,"operator":null,"wikidata":null,"wikipedia":null}},{"type":"Feature","geometry":{"type":"LineString","coordinates":[[-8.69713,37.1775],[-8.69774,37.1767],[-8.69726,37.17609]]},"properties":{"osm_type":"way","osm_id":93221201,"country":"PT","name":null,"operator":null,"wikidata":null,"wikipedia":null}},{"type":"Feature","geometry":{"type":"LineString","coordinates":[[-8.69851,37.19067],[-8.69581,37.18872],[-8.69501,37.18614]]},"properties":{"osm_type":"way","osm_id":93221203,"country":"PT","name":"Canal da Bravura Alvor","operator":null,"wikidata":null,"wikipedia":null}},{"type":"Feature","geometry":{"type":"LineString","coordinates":[[-8.63076,37.15862],[-8.62885,37.15847],[-8.62775,37.15761],[-8.62744,37.15655],[-8.62784,37.15579],[-8.62731,37.15481],[-8.62485,37.15392],[-8.62338,37.15387]]},"properties":{"osm_type":"way","osm_id":93221210,"country":"PT","name":null,"operator":null,"wikidata":null,"wikipedia":null}},{"type":"Feature","geometry":{"type":"LineString","coordinates":[[-8.6141,37.154],[-8.61364,37.15419]]},"properties":{"osm_type":"way","osm_id":93221218,"country":"PT","name":null,"operator":null,"wikidata":null,"wikipedia":null}},{"type":"Feature","geometry":{"type":"LineString","coordinates":[[-8.61014,37.16457],[-8.6105,37.16561]]},"properties":{"osm_type":"way","osm_id":93221221,"country":"PT","name":null,"operator":null,"wikidata":null,"wikipedia":null}},{"type":"Feature","geometry":{"type":"LineString","coordinates":[[-8.6948,37.18061],[-8.69515,37.18016]]},"properties":{"osm_type":"way","osm_id":93221222,"country":"PT","name":null,"operator":null,"wikidata":null,"wikipedia":null}},{"type":"Feature","geometry":{"type":"LineString","coordinates":[[-8.57011,37.16545],[-8.56981,37.1653]]},"properties":{"osm_type":"way","osm_id":93243917,"country":"PT","name":null,"operator":null,"wikidata":null,"wikipedia":null}},{"type":"Feature","geometry":{"type":"LineString","coordinates":[[-8.56667,37.15966],[-8.56604,37.15855],[-8.5669,37.158],[-8.56868,37.15839],[-8.56891,37.15752],[-8.56951,37.15749]]},"properties":{"osm_type":"way","osm_id":93243918,"country":"PT","name":null,"operator":null,"wikidata":null,"wikipedia":null}},{"type":"Feature","geometry":{"type":"LineString","coordinates":[[-8.65225,37.14645],[-8.65151,37.14616],[-8.6511,37.14514],[-8.652,37.14448],[-8.65145,37.14403]]},"properties":{"osm_type":"way","osm_id":93243923,"country":"PT","name":null,"operator":null,"wikidata":null,"wikipedia":null}},{"type":"Feature","geometry":{"type":"LineString","coordinates":[[-8.6605,37.14569],[-8.65989,37.14529],[-8.65873,37.14602],[-8.65732,37.14616]]},"properties":{"osm_type":"way","osm_id":93243927,"country":"PT","name":null,"operator":null,"wikidata":null,"wikipedia":null}},{"type":"Feature","geometry":{"type":"LineString","coordinates":[[-8.56981,37.1653],[-8.56811,37.16342],[-8.56875,37.16254],[-8.56816,37.16155]]},"properties":{"osm_type":"way","osm_id":93243931,"country":"PT","name":null,"operator":null,"wikidata":null,"wikipedia":null}},{"type":"Feature","geometry":{"type":"LineString","coordinates":[[-8.62338,37.15387],[-8.62066,37.15309]]},"properties":{"osm_type":"way","osm_id":93243933,"country":"PT","name":null,"operator":null,"wikidata":null,"wikipedia":null}},{"type":"Feature","geometry":{"type":"LineString","coordinates":[[-8.57031,37.15696],[-8.57169,37.15672],[-8.57228,37.15554],[-8.57431,37.15427],[-8.57419,37.15332],[-8.57319,37.15299]]},"properties":{"osm_type":"way","osm_id":93243935,"country":"PT","name":null,"operator":null,"wikidata":null,"wikipedia":null}},{"type":"Feature","geometry":{"type":"LineString","coordinates":[[-8.59248,37.16439],[-8.59348,37.16479],[-8.59362,37.16536],[-8.59204,37.16582],[-8.59195,37.16732]]},"properties":{"osm_type":"way","osm_id":93243941,"country":"PT","name":null,"operator":null,"wikidata":null,"wikipedia":null}},{"type":"Feature","geometry":{"type":"LineString","coordinates":[[-8.65585,37.14621],[-8.65466,37.14758],[-8.65305,37.14685]]},"properties":{"osm_type":"way","osm_id":93243947,"country":"PT","name":null,"operator":null,"wikidata":null,"wikipedia":null}},{"type":"Feature","geometry":{"type":"LineString","coordinates":[[-8.58996,37.17069],[-8.58867,37.17057],[-8.58417,37.17453],[-8.58403,37.17574],[-8.58142,37.17696],[-8.58121,37.17827],[-8.57909,37.17785]]},"properties":{"osm_type":"way","osm_id":93243975,"country":"PT","name":"Canal Bravura-Alvor","operator":null,"wikidata":null,"wikipedia":null}},{"type":"Feature","geometry":{"type":"LineString","coordinates":[[-8.61364,37.15419],[-8.60715,37.15699],[-8.60744,37.15949],[-8.60599,37.15974],[-8.60582,37.16085]]},"properties":{"osm_type":"way","osm_id":93243981,"country":"PT","name":null,"operator":null,"wikidata":null,"wikipedia":null}},{"type":"Feature","geometry":{"type":"LineString","coordinates":[[-8.5779,37.17621],[-8.57861,37.17458],[-8.57795,37.17238],[-8.57876,37.17195],[-8.5791,37.17073]]},"properties":{"osm_type":"way","osm_id":93243987,"country":"PT","name":null,"operator":null,"wikidata":null,"wikipedia":null}},{"type":"Feature","geometry":{"type":"LineString","coordinates":[[-8.60029,37.16114],[-8.59998,37.16046],[-8.59809,37.16]]},"properties":{"osm_type":"way","osm_id":93244016,"country":"PT","name":null,"operator":null,"wikidata":null,"wikipedia":null}},{"type":"Feature","geometry":{"type":"LineString","coordinates":[[-8.57909,37.17785],[-8.5779,37.17621]]},"properties":{"osm_type":"way","osm_id":93244025,"country":"PT","name":null,"operator":null,"wikidata":null,"wikipedia":null}},{"type":"Feature","geometry":{"type":"LineString","coordinates":[[-8.56951,37.15749],[-8.57031,37.15696]]},"properties":{"osm_type":"way","osm_id":93244029,"country":"PT","name":null,"operator":null,"wikidata":null,"wikipedia":null}},{"type":"Feature","geometry":{"type":"LineString","coordinates":[[-8.66074,37.14592],[-8.6605,37.14569]]},"properties":{"osm_type":"way","osm_id":93244031,"country":"PT","name":null,"operator":null,"wikidata":null,"wikipedia":null}},{"type":"Feature","geometry":{"type":"LineString","coordinates":[[-8.59231,37.16419],[-8.59212,37.16214]]},"properties":{"osm_type":"way","osm_id":93244039,"country":"PT","name":null,"operator":null,"wikidata":null,"wikipedia":null}},{"type":"Feature","geometry":{"type":"LineString","coordinates":[[-7.49279,37.47062],[-7.49293,37.47069]]},"properties":{"osm_type":"way","osm_id":93359468,"country":"PT","name":"Descarregador de cheias","operator":null,"wikidata":null,"wikipedia":null}},{"type":"Feature","geometry":{"type":"LineString","coordinates":[[-7.64241,37.3668],[-7.64165,37.36671],[-7.64066,37.36731]]},"properties":{"osm_type":"way","osm_id":93456261,"country":"PT","name":null,"operator":null,"wikidata":null,"wikipedia":null}},{"type":"Feature","geometry":{"type":"LineString","coordinates":[[-7.75177,37.37983],[-7.75296,37.37995]]},"properties":{"osm_type":"way","osm_id":93489422,"country":"PT","name":null,"operator":null,"wikidata":null,"wikipedia":null}},{"type":"Feature","geometry":{"type":"LineString","coordinates":[[-7.85144,37.43047],[-7.85043,37.43046]]},"properties":{"osm_type":"way","osm_id":94700013,"country":"PT","name":null,"operator":null,"wikidata":null,"wikipedia":null}},{"type":"Feature","geometry":{"type":"LineString","coordinates":[[-7.74007,37.41646],[-7.73865,37.4165]]},"properties":{"osm_type":"way","osm_id":94712345,"country":"PT","name":null,"operator":null,"wikidata":null,"wikipedia":null}},{"type":"Feature","geometry":{"type":"LineString","coordinates":[[-7.74369,37.41175],[-7.74321,37.41156]]},"properties":{"osm_type":"way","osm_id":94712355,"country":"PT","name":null,"operator":null,"wikidata":null,"wikipedia":null}},{"type":"Feature","geometry":{"type":"LineString","coordinates":[[-7.7445,37.46159],[-7.7449,37.46232]]},"properties":{"osm_type":"way","osm_id":94746924,"country":"PT","name":null,"operator":null,"wikidata":null,"wikipedia":null}},{"type":"Feature","geometry":{"type":"LineString","coordinates":[[-8.64913,37.17133],[-8.64953,37.17215]]},"properties":{"osm_type":"way","osm_id":94842430,"country":"PT","name":null,"operator":null,"wikidata":null,"wikipedia":null}},{"type":"Feature","geometry":{"type":"LineString","coordinates":[[-8.64936,37.16491],[-8.65053,37.16553]]},"properties":{"osm_type":"way","osm_id":94842431,"country":"PT","name":null,"operator":null,"wikidata":null,"wikipedia":null}},{"type":"Feature","geometry":{"type":"LineString","coordinates":[[-8.65055,37.16658],[-8.64906,37.17072]]},"properties":{"osm_type":"way","osm_id":94842443,"country":"PT","name":null,"operator":null,"wikidata":null,"wikipedia":null}},{"type":"Feature","geometry":{"type":"LineString","coordinates":[[-8.64824,37.16434],[-8.64936,37.16491]]},"properties":{"osm_type":"way","osm_id":94842447,"country":"PT","name":null,"operator":null,"wikidata":null,"wikipedia":null}},{"type":"Feature","geometry":{"type":"LineString","coordinates":[[-8.64906,37.17072],[-8.64913,37.17133]]},"properties":{"osm_type":"way","osm_id":94842456,"country":"PT","name":null,"operator":null,"wikidata":null,"wikipedia":null}},{"type":"Feature","geometry":{"type":"LineString","coordinates":[[-8.64442,37.16042],[-8.64419,37.16155],[-8.64499,37.16245],[-8.64613,37.16282]]},"properties":{"osm_type":"way","osm_id":94842491,"country":"PT","name":null,"operator":null,"wikidata":null,"wikipedia":null}},{"type":"Feature","geometry":{"type":"LineString","coordinates":[[-7.57724,37.48996],[-7.57722,37.49043],[-7.57608,37.49092]]},"properties":{"osm_type":"way","osm_id":95127359,"country":"PT","name":null,"operator":null,"wikidata":null,"wikipedia":null}},{"type":"Feature","geometry":{"type":"LineString","coordinates":[[-8.61173,37.14345],[-8.6117,37.14299],[-8.60867,37.14245],[-8.60803,37.14173]]},"properties":{"osm_type":"way","osm_id":95162283,"country":"PT","name":null,"operator":null,"wikidata":null,"wikipedia":null}},{"type":"Feature","geometry":{"type":"LineString","coordinates":[[-8.60985,37.15344],[-8.60969,37.15337]]},"properties":{"osm_type":"way","osm_id":95162284,"country":"PT","name":null,"operator":null,"wikidata":null,"wikipedia":null}},{"type":"Feature","geometry":{"type":"LineString","coordinates":[[-8.61358,37.14585],[-8.61298,37.14436],[-8.61236,37.14433]]},"properties":{"osm_type":"way","osm_id":95162286,"country":"PT","name":null,"operator":null,"wikidata":null,"wikipedia":null}},{"type":"Feature","geometry":{"type":"LineString","coordinates":[[-8.60803,37.14173],[-8.60751,37.14132]]},"properties":{"osm_type":"way","osm_id":95162287,"country":"PT","name":null,"operator":null,"wikidata":null,"wikipedia":null}},{"type":"Feature","geometry":{"type":"LineString","coordinates":[[-8.61268,37.15163],[-8.61234,37.152]]},"properties":{"osm_type":"way","osm_id":95162290,"country":"PT","name":null,"operator":null,"wikidata":null,"wikipedia":null}},{"type":"Feature","geometry":{"type":"LineString","coordinates":[[-8.60969,37.15337],[-8.60879,37.15231]]},"properties":{"osm_type":"way","osm_id":95162291,"country":"PT","name":null,"operator":null,"wikidata":null,"wikipedia":null}},{"type":"Feature","geometry":{"type":"LineString","coordinates":[[-8.60751,37.14132],[-8.60744,37.14013],[-8.60676,37.13965]]},"properties":{"osm_type":"way","osm_id":95162293,"country":"PT","name":null,"operator":null,"wikidata":null,"wikipedia":null}},{"type":"Feature","geometry":{"type":"LineString","coordinates":[[-8.61385,37.15413],[-8.61264,37.15171]]},"properties":{"osm_type":"way","osm_id":95162294,"country":"PT","name":null,"operator":null,"wikidata":null,"wikipedia":null}},{"type":"Feature","geometry":{"type":"LineString","coordinates":[[-8.61236,37.14433],[-8.61173,37.14345]]},"properties":{"osm_type":"way","osm_id":95162296,"country":"PT","name":null,"operator":null,"wikidata":null,"wikipedia":null}},{"type":"Feature","geometry":{"type":"LineString","coordinates":[[-8.61361,37.14652],[-8.61358,37.14585]]},"properties":{"osm_type":"way","osm_id":95162301,"country":"PT","name":null,"operator":null,"wikidata":null,"wikipedia":null}},{"type":"Feature","geometry":{"type":"LineString","coordinates":[[-8.20902,41.76397],[-8.20926,41.7638]]},"properties":{"osm_type":"way","osm_id":95431603,"country":"PT","name":"Descarga de fundo","operator":null,"wikidata":null,"wikipedia":null}},{"type":"Feature","geometry":{"type":"LineString","coordinates":[[-8.68659,37.16772],[-8.68647,37.16508],[-8.68485,37.16342],[-8.68502,37.16105],[-8.68102,37.16105],[-8.67661,37.16183]]},"properties":{"osm_type":"way","osm_id":95707094,"country":"PT","name":null,"operator":null,"wikidata":null,"wikipedia":null}},{"type":"Feature","geometry":{"type":"LineString","coordinates":[[-8.68666,37.16776],[-8.68659,37.16772]]},"properties":{"osm_type":"way","osm_id":95707098,"country":"PT","name":null,"operator":null,"wikidata":null,"wikipedia":null}},{"type":"Feature","geometry":{"type":"LineString","coordinates":[[-8.67553,37.16128],[-8.67323,37.16048],[-8.67092,37.16105],[-8.67036,37.15897],[-8.66959,37.15858],[-8.66483,37.15843],[-8.66186,37.15894],[-8.65974,37.15833],[-8.65814,37.1595],[-8.65706,37.15881],[-8.65466,37.15848],[-8.65391,37.16023],[-8.65329,37.16053],[-8.6527,37.16029],[-8.65171,37.15847],[-8.65046,37.15838],[-8.64938,37.16049],[-8.64762,37.16103],[-8.64515,37.16086],[-8.64213,37.15929]]},"properties":{"osm_type":"way","osm_id":95737371,"country":"PT","name":null,"operator":null,"wikidata":null,"wikipedia":null}},{"type":"Feature","geometry":{"type":"LineString","coordinates":[[-8.67661,37.16183],[-8.67553,37.16128]]},"properties":{"osm_type":"way","osm_id":95737376,"country":"PT","name":null,"operator":null,"wikidata":null,"wikipedia":null}},{"type":"Feature","geometry":{"type":"LineString","coordinates":[[-8.69726,37.17609],[-8.69625,37.17592]]},"properties":{"osm_type":"way","osm_id":95741874,"country":"PT","name":null,"operator":null,"wikidata":null,"wikipedia":null}},{"type":"Feature","geometry":{"type":"LineString","coordinates":[[-8.60238,37.16236],[-8.60071,37.16118]]},"properties":{"osm_type":"way","osm_id":95809240,"country":"PT","name":null,"operator":null,"wikidata":null,"wikipedia":null}},{"type":"Feature","geometry":{"type":"LineString","coordinates":[[-8.59809,37.16],[-8.59784,37.15951],[-8.59844,37.15842],[-8.59793,37.15694],[-8.5963,37.15627],[-8.59665,37.15483],[-8.59719,37.15469]]},"properties":{"osm_type":"way","osm_id":95809420,"country":"PT","name":null,"operator":null,"wikidata":null,"wikipedia":null}},{"type":"Feature","geometry":{"type":"LineString","coordinates":[[-8.59927,37.16226],[-8.59783,37.16351],[-8.59682,37.1637]]},"properties":{"osm_type":"way","osm_id":95809421,"country":"PT","name":null,"operator":null,"wikidata":null,"wikipedia":null}},{"type":"Feature","geometry":{"type":"LineString","coordinates":[[-8.61264,37.15171],[-8.61302,37.15102],[-8.61185,37.15041],[-8.61189,37.14978],[-8.6147,37.14792],[-8.61361,37.14652]]},"properties":{"osm_type":"way","osm_id":95809708,"country":"PT","name":null,"operator":null,"wikidata":null,"wikipedia":null}},{"type":"Feature","geometry":{"type":"LineString","coordinates":[[-8.64213,37.15929],[-8.63151,37.15949]]},"properties":{"osm_type":"way","osm_id":95809791,"country":"PT","name":null,"operator":null,"wikidata":null,"wikipedia":null}},{"type":"Feature","geometry":{"type":"LineString","coordinates":[[-8.6858,37.15851],[-8.68361,37.15722],[-8.68026,37.15806],[-8.67846,37.15803],[-8.67748,37.15665],[-8.67625,37.15643],[-8.67471,37.15524],[-8.67476,37.15461],[-8.67358,37.15488],[-8.6718,37.15447],[-8.67136,37.15352],[-8.66706,37.15332],[-8.66636,37.15281],[-8.66684,37.15188],[-8.66525,37.15133],[-8.66423,37.15157],[-8.66336,37.14914],[-8.66205,37.14855],[-8.66077,37.14685],[-8.66074,37.14592]]},"properties":{"osm_type":"way","osm_id":95809792,"country":"PT","name":null,"operator":null,"wikidata":null,"wikipedia":null}},{"type":"Feature","geometry":{"type":"LineString","coordinates":[[-8.65053,37.16553],[-8.65055,37.16658]]},"properties":{"osm_type":"way","osm_id":95809794,"country":"PT","name":null,"operator":null,"wikidata":null,"wikipedia":null}},{"type":"Feature","geometry":{"type":"LineString","coordinates":[[-7.50537,37.27328],[-7.50285,37.27317],[-7.50211,37.27545],[-7.50469,37.27605],[-7.50736,37.27575]]},"properties":{"osm_type":"way","osm_id":96127634,"country":"PT","name":null,"operator":"Águas do Algarve","wikidata":null,"wikipedia":null}},{"type":"Feature","geometry":{"type":"LineString","coordinates":[[-7.69437,40.39454],[-7.69199,40.39353],[-7.69366,40.39205],[-7.69769,40.39202],[-7.69925,40.39272],[-7.70278,40.39063],[-7.70335,40.38873]]},"properties":{"osm_type":"way","osm_id":96679086,"country":"PT","name":null,"operator":null,"wikidata":null,"wikipedia":null}},{"type":"Feature","geometry":{"type":"LineString","coordinates":[[-7.64936,40.36383],[-7.64981,40.36406]]},"properties":{"osm_type":"way","osm_id":96679104,"country":"PT","name":"Descarga de fundo","operator":null,"wikidata":null,"wikipedia":null}},{"type":"Feature","geometry":{"type":"LineString","coordinates":[[-7.70497,40.3851],[-7.70497,40.38485]]},"properties":{"osm_type":"way","osm_id":96679118,"country":"PT","name":null,"operator":null,"wikidata":null,"wikipedia":null}},{"type":"Feature","geometry":{"type":"LineString","coordinates":[[-7.59306,39.52101],[-7.59493,39.52129]]},"properties":{"osm_type":"way","osm_id":99806557,"country":"PT","name":null,"operator":null,"wikidata":null,"wikipedia":null}},{"type":"Feature","geometry":{"type":"LineString","coordinates":[[-7.59493,39.52129],[-7.60085,39.51933],[-7.60493,39.52058],[-7.60837,39.52061]]},"properties":{"osm_type":"way","osm_id":99806558,"country":"PT","name":null,"operator":null,"wikidata":null,"wikipedia":null}},{"type":"Feature","geometry":{"type":"LineString","coordinates":[[-7.58181,39.5156],[-7.58247,39.5152],[-7.58513,39.51592],[-7.58628,39.51476],[-7.58878,39.51494],[-7.58838,39.51789],[-7.59026,39.51923],[-7.59221,39.51963],[-7.5918,39.52078],[-7.59306,39.52101]]},"properties":{"osm_type":"way","osm_id":99806561,"country":"PT","name":null,"operator":null,"wikidata":null,"wikipedia":null}},{"type":"Feature","geometry":{"type":"LineString","coordinates":[[-7.60843,39.52056],[-7.60967,39.5205]]},"properties":{"osm_type":"way","osm_id":99806565,"country":"PT","name":null,"operator":null,"wikidata":null,"wikipedia":null}},{"type":"Feature","geometry":{"type":"LineString","coordinates":[[-7.6096,39.52187],[-7.60954,39.52193]]},"properties":{"osm_type":"way","osm_id":99806566,"country":"PT","name":null,"operator":null,"wikidata":null,"wikipedia":null}},{"type":"Feature","geometry":{"type":"LineString","coordinates":[[-7.6149,39.54069],[-7.61693,39.54184],[-7.61658,39.54387],[-7.61734,39.54448],[-7.61775,39.54582]]},"properties":{"osm_type":"way","osm_id":99807311,"country":"PT","name":"Canal de adução do Aproveitamento Hidroelétrico da Velada","operator":null,"wikidata":null,"wikipedia":null}},{"type":"Feature","geometry":{"type":"LineString","coordinates":[[-7.61775,39.54582],[-7.62137,39.54867]]},"properties":{"osm_type":"way","osm_id":99807314,"country":"PT","name":"Canal de adução do Aproveitamento Hidroelétrico da Velada","operator":null,"wikidata":null,"wikipedia":null}},{"type":"Feature","geometry":{"type":"LineString","coordinates":[[-7.61338,39.53931],[-7.6149,39.54069]]},"properties":{"osm_type":"way","osm_id":99807315,"country":"PT","name":"Canal de adução do Aproveitamento Hidroelétrico da Velada","operator":null,"wikidata":null,"wikipedia":null}},{"type":"Feature","geometry":{"type":"LineString","coordinates":[[-7.61347,39.53908],[-7.61338,39.53931]]},"properties":{"osm_type":"way","osm_id":99807317,"country":"PT","name":"Canal de adução do Aproveitamento Hidroelétrico da Velada","operator":null,"wikidata":null,"wikipedia":null}},{"type":"Feature","geometry":{"type":"LineString","coordinates":[[-7.62137,39.54867],[-7.62335,39.54898],[-7.62363,39.54816],[-7.62433,39.54921],[-7.62668,39.55002]]},"properties":{"osm_type":"way","osm_id":99807318,"country":"PT","name":"Canal de adução do Aproveitamento Hidroelétrico da Velada","operator":null,"wikidata":null,"wikipedia":null}},{"type":"Feature","geometry":{"type":"LineString","coordinates":[[-8.38252,37.23251],[-8.38217,37.23187],[-8.38253,37.23143],[-8.38174,37.23141],[-8.38169,37.23022],[-8.38009,37.22892],[-8.37928,37.22678],[-8.38212,37.22467],[-8.38221,37.22393],[-8.38354,37.22417],[-8.38269,37.22315],[-8.38393,37.22212],[-8.38393,37.22154],[-8.38564,37.22096],[-8.38664,37.22125],[-8.38665,37.22055],[-8.38776,37.22042],[-8.3895,37.21917],[-8.3885,37.21858],[-8.38936,37.21791],[-8.38864,37.2166],[-8.38911,37.21606],[-8.39376,37.2142],[-8.39426,37.21433],[-8.39412,37.21503],[-8.39486,37.21528],[-8.39634,37.21537],[-8.39719,37.21495],[-8.39771,37.21526],[-8.39859,37.21455],[-8.39953,37.21534],[-8.39957,37.21413],[-8.40012,37.214],[-8.40113,37.21481]]},"properties":{"osm_type":"way","osm_id":103132441,"country":"PT","name":null,"operator":null,"wikidata":null,"wikipedia":null}},{"type":"Feature","geometry":{"type":"LineString","coordinates":[[-7.21235,39.86399],[-7.21395,39.86394],[-7.2178,39.86095],[-7.21705,39.85939],[-7.21709,39.85642],[-7.21837,39.85525],[-7.22087,39.85449],[-7.22571,39.85523],[-7.22749,39.85614],[-7.22817,39.85865]]},"properties":{"osm_type":"way","osm_id":104173729,"country":"PT","name":null,"operator":null,"wikidata":null,"wikipedia":null}},{"type":"Feature","geometry":{"type":"LineString","coordinates":[[-7.20173,39.88321],[-7.20208,39.88252],[-7.20374,39.88278],[-7.2061,39.88082],[-7.20665,39.87874],[-7.20744,39.87792],[-7.20901,39.87825],[-7.21064,39.87767],[-7.21012,39.87672],[-7.20863,39.87616],[-7.20931,39.87461],[-7.2105,39.87457],[-7.21101,39.87518],[-7.2123,39.87511],[-7.21505,39.87373],[-7.21395,39.87266],[-7.21402,39.8714],[-7.21141,39.87026],[-7.20667,39.87089],[-7.20542,39.87034],[-7.20346,39.87138],[-7.20211,39.87128],[-7.20045,39.87198],[-7.19977,39.87167],[-7.20009,39.8706],[-7.20346,39.86782],[-7.20242,39.86623],[-7.20462,39.86459],[-7.20384,39.86235],[-7.20488,39.86177],[-7.20697,39.86251],[-7.20976,39.86263],[-7.21235,39.86399]]},"properties":{"osm_type":"way","osm_id":104176676,"country":"PT","name":null,"operator":null,"wikidata":null,"wikipedia":null}},{"type":"Feature","geometry":{"type":"LineString","coordinates":[[-7.19805,39.87069],[-7.19725,39.87138],[-7.19389,39.87168],[-7.19211,39.87314],[-7.18997,39.87278],[-7.18798,39.87311]]},"properties":{"osm_type":"way","osm_id":104185020,"country":"PT","name":null,"operator":null,"wikidata":null,"wikipedia":null}},{"type":"Feature","geometry":{"type":"LineString","coordinates":[[-7.18436,39.87265],[-7.17979,39.86981],[-7.17953,39.86832],[-7.17804,39.86614],[-7.17668,39.86554],[-7.17072,39.86673],[-7.16857,39.86764],[-7.16701,39.86946],[-7.16409,39.86835],[-7.15886,39.86872],[-7.15478,39.87047],[-7.14973,39.86745],[-7.14964,39.8664]]},"properties":{"osm_type":"way","osm_id":104188743,"country":"PT","name":null,"operator":null,"wikidata":null,"wikipedia":null}},{"type":"Feature","geometry":{"type":"LineString","coordinates":[[-8.57184,37.16827],[-8.57011,37.16545]]},"properties":{"osm_type":"way","osm_id":105826495,"country":"PT","name":null,"operator":null,"wikidata":null,"wikipedia":null}},{"type":"Feature","geometry":{"type":"LineString","coordinates":[[-8.60879,37.15231],[-8.6089,37.15222]]},"properties":{"osm_type":"way","osm_id":105827437,"country":"PT","name":null,"operator":null,"wikidata":null,"wikipedia":null}},{"type":"Feature","geometry":{"type":"LineString","coordinates":[[-8.61234,37.152],[-8.61228,37.15209]]},"properties":{"osm_type":"way","osm_id":105827439,"country":"PT","name":null,"operator":null,"wikidata":null,"wikipedia":null}},{"type":"Feature","geometry":{"type":"LineString","coordinates":[[-8.61228,37.15209],[-8.61133,37.15316],[-8.60985,37.15344]]},"properties":{"osm_type":"way","osm_id":105827440,"country":"PT","name":null,"operator":null,"wikidata":null,"wikipedia":null}},{"type":"Feature","geometry":{"type":"LineString","coordinates":[[-8.6089,37.15222],[-8.60966,37.15155],[-8.60941,37.15059],[-8.60832,37.14934],[-8.60735,37.14945]]},"properties":{"osm_type":"way","osm_id":105827445,"country":"PT","name":null,"operator":null,"wikidata":null,"wikipedia":null}},{"type":"Feature","geometry":{"type":"LineString","coordinates":[[-8.35179,37.80272],[-8.35162,37.80289]]},"properties":{"osm_type":"way","osm_id":115872782,"country":"PT","name":"Canal do Alto Sado","operator":null,"wikidata":null,"wikipedia":null}},{"type":"Feature","geometry":{"type":"LineString","coordinates":[[-8.33406,37.78323],[-8.33688,37.78394],[-8.33806,37.78338],[-8.33917,37.7837],[-8.34096,37.78335],[-8.34203,37.78259],[-8.34495,37.78486],[-8.34554,37.78599],[-8.34477,37.78635],[-8.34352,37.78607],[-8.34339,37.78702]]},"properties":{"osm_type":"way","osm_id":115872828,"country":"PT","name":"Canal do Alto Sado","operator":null,"wikidata":null,"wikipedia":null}},{"type":"Feature","geometry":{"type":"LineString","coordinates":[[-8.32736,37.77223],[-8.32921,37.77457]]},"properties":{"osm_type":"way","osm_id":115876587,"country":"PT","name":"Canal do Alto Sado","operator":null,"wikidata":null,"wikipedia":null}},{"type":"Feature","geometry":{"type":"LineString","coordinates":[[-8.45809,37.49765],[-8.45852,37.49688],[-8.46131,37.49655],[-8.46291,37.49511],[-8.463,37.49451],[-8.46372,37.49467],[-8.46352,37.49273],[-8.46474,37.49204],[-8.46648,37.49251],[-8.46787,37.49123]]},"properties":{"osm_type":"way","osm_id":116498735,"country":"PT","name":null,"operator":null,"wikidata":null,"wikipedia":null}},{"type":"Feature","geometry":{"type":"LineString","coordinates":[[-8.43932,37.51019],[-8.43929,37.50952],[-8.44112,37.50869],[-8.44141,37.508],[-8.44083,37.50753]]},"properties":{"osm_type":"way","osm_id":116501927,"country":"PT","name":null,"operator":null,"wikidata":null,"wikipedia":null}},{"type":"Feature","geometry":{"type":"LineString","coordinates":[[-7.34934,40.52576],[-7.34854,40.52673],[-7.34647,40.52592],[-7.3454,40.52615],[-7.3451,40.52464],[-7.34358,40.5242],[-7.34213,40.52493],[-7.34188,40.52613],[-7.34119,40.52615]]},"properties":{"osm_type":"way","osm_id":125802529,"country":"PT","name":"Levada do Pateiro","operator":null,"wikidata":null,"wikipedia":null}},{"type":"Feature","geometry":{"type":"LineString","coordinates":[[-8.61853,37.84054],[-8.61337,37.83876],[-8.61099,37.83668],[-8.60887,37.83628],[-8.60747,37.83532],[-8.60463,37.83561],[-8.60042,37.8342],[-8.59791,37.83536],[-8.59643,37.83417],[-8.59551,37.82986],[-8.59385,37.82813]]},"properties":{"osm_type":"way","osm_id":134434611,"country":"PT","name":null,"operator":null,"wikidata":null,"wikipedia":null}},{"type":"Feature","geometry":{"type":"LineString","coordinates":[[-7.38235,39.35003],[-7.38241,39.35019]]},"properties":{"osm_type":"way","osm_id":141796445,"country":"PT","name":"Descarregador de cheias","operator":null,"wikidata":null,"wikipedia":null}},{"type":"Feature","geometry":{"type":"LineString","coordinates":[[-7.38241,39.35019],[-7.3825,39.35037]]},"properties":{"osm_type":"way","osm_id":141796446,"country":"PT","name":"Descarregador de cheias","operator":null,"wikidata":null,"wikipedia":null}},{"type":"Feature","geometry":{"type":"LineString","coordinates":[[-7.3825,39.35037],[-7.38318,39.3516]]},"properties":{"osm_type":"way","osm_id":141796448,"country":"PT","name":"Descarregador de cheias","operator":null,"wikidata":null,"wikipedia":null}},{"type":"Feature","geometry":{"type":"LineString","coordinates":[[-7.94974,41.77034],[-7.95085,41.76995],[-7.95252,41.76723]]},"properties":{"osm_type":"way","osm_id":142294603,"country":"PT","name":"Descarga de fundo","operator":null,"wikidata":null,"wikipedia":null}},{"type":"Feature","geometry":{"type":"LineString","coordinates":[[-8.48308,38.36151],[-8.4833,38.36227],[-8.4854,38.3632],[-8.48464,38.36434],[-8.47723,38.36599],[-8.47549,38.36557],[-8.47245,38.3672],[-8.46993,38.36696],[-8.46924,38.36743],[-8.47042,38.36876],[-8.46955,38.36944],[-8.46947,38.37043],[-8.46829,38.37028],[-8.46838,38.37207],[-8.46743,38.37226],[-8.46738,38.37295],[-8.46549,38.37345],[-8.46418,38.373],[-8.46028,38.37336],[-8.4589,38.37445],[-8.45698,38.37465],[-8.45624,38.37795],[-8.45459,38.37694],[-8.45386,38.37757],[-8.45427,38.37889],[-8.45523,38.37951],[-8.45581,38.38183],[-8.45553,38.38267],[-8.45447,38.38277],[-8.45276,38.38398],[-8.45359,38.38684],[-8.45298,38.38783],[-8.45195,38.38798],[-8.44961,38.38732],[-8.44829,38.38774],[-8.44741,38.38725],[-8.44575,38.38753],[-8.44487,38.38729],[-8.44525,38.38599],[-8.44458,38.38597],[-8.44309,38.3865],[-8.44295,38.38866],[-8.44156,38.38938],[-8.43947,38.38951],[-8.43964,38.39045],[-8.43907,38.39099],[-8.43699,38.39168],[-8.43554,38.39137],[-8.43501,38.39235],[-8.43123,38.39399],[-8.43069,38.39481],[-8.42687,38.39541],[-8.42683,38.39613],[-8.42564,38.39689],[-8.42672,38.39743],[-8.42664,38.39834],[-8.41923,38.40288],[-8.41805,38.4052],[-8.41475,38.4065],[-8.41418,38.40723],[-8.41453,38.41015],[-8.41327,38.41148],[-8.41297,38.41281],[-8.41246,38.41335],[-8.41046,38.41365],[-8.40783,38.41588]]},"properties":{"osm_type":"way","osm_id":144640702,"country":"PT","name":"Canal de Santa Catarina","operator":null,"wikidata":null,"wikipedia":null}},{"type":"Feature","geometry":{"type":"LineString","coordinates":[[-7.34115,40.52693],[-7.34102,40.52727]]},"properties":{"osm_type":"way","osm_id":146196630,"country":"PT","name":null,"operator":null,"wikidata":null,"wikipedia":null}},{"type":"Feature","geometry":{"type":"LineString","coordinates":[[-7.64422,40.38275],[-7.64641,40.38199]]},"properties":{"osm_type":"way","osm_id":146403982,"country":"PT","name":null,"operator":null,"wikidata":null,"wikipedia":null}},{"type":"Feature","geometry":{"type":"LineString","coordinates":[[-7.64201,40.37698],[-7.64476,40.37959]]},"properties":{"osm_type":"way","osm_id":146403992,"country":"PT","name":"Conduta da Central do Sabugueiro","operator":null,"wikidata":null,"wikipedia":null}},{"type":"Feature","geometry":{"type":"LineString","coordinates":[[-7.68665,40.39834],[-7.68685,40.39838]]},"properties":{"osm_type":"way","osm_id":146415626,"country":"PT","name":null,"operator":null,"wikidata":null,"wikipedia":null}},{"type":"Feature","geometry":{"type":"LineString","coordinates":[[-7.66215,40.39671],[-7.66296,40.39721],[-7.66517,40.3963],[-7.66695,40.39679],[-7.67084,40.39643],[-7.67201,40.39676],[-7.67256,40.39745],[-7.67503,40.3974],[-7.67659,40.39864],[-7.67681,40.39944],[-7.68088,40.39846]]},"properties":{"osm_type":"way","osm_id":146415630,"country":"PT","name":null,"operator":null,"wikidata":null,"wikipedia":null}},{"type":"Feature","geometry":{"type":"LineString","coordinates":[[-7.68088,40.39846],[-7.68201,40.39812],[-7.68256,40.39732]]},"properties":{"osm_type":"way","osm_id":146415636,"country":"PT","name":null,"operator":null,"wikidata":null,"wikipedia":null}},{"type":"Feature","geometry":{"type":"LineString","coordinates":[[-7.65682,40.40103],[-7.65734,40.40043],[-7.65999,40.39935],[-7.66002,40.39772],[-7.66133,40.39715]]},"properties":{"osm_type":"way","osm_id":146415637,"country":"PT","name":null,"operator":null,"wikidata":null,"wikipedia":null}},{"type":"Feature","geometry":{"type":"LineString","coordinates":[[-7.62676,40.38652],[-7.63006,40.38695],[-7.63225,40.38456],[-7.63369,40.38753],[-7.63485,40.38769],[-7.64041,40.38537],[-7.64145,40.38419],[-7.64422,40.38275]]},"properties":{"osm_type":"way","osm_id":146416172,"country":"PT","name":null,"operator":null,"wikidata":null,"wikipedia":null}},{"type":"Feature","geometry":{"type":"LineString","coordinates":[[-7.60039,40.3911],[-7.61826,40.3849]]},"properties":{"osm_type":"way","osm_id":146416173,"country":"PT","name":"Conduta adutora Erva da Fome - Lagoacho","operator":null,"wikidata":null,"wikipedia":null}},{"type":"Feature","geometry":{"type":"LineString","coordinates":[[-7.64311,40.37217],[-7.64525,40.37448],[-7.64844,40.3762],[-7.64874,40.37675],[-7.64788,40.37738]]},"properties":{"osm_type":"way","osm_id":146417588,"country":"PT","name":null,"operator":null,"wikidata":null,"wikipedia":null}},{"type":"Feature","geometry":{"type":"LineString","coordinates":[[-7.64788,40.37738],[-7.64769,40.3775]]},"properties":{"osm_type":"way","osm_id":146417626,"country":"PT","name":null,"operator":null,"wikidata":null,"wikipedia":null}},{"type":"Feature","geometry":{"type":"LineString","coordinates":[[-7.64769,40.3775],[-7.64578,40.37944],[-7.64595,40.3802]]},"properties":{"osm_type":"way","osm_id":146417630,"country":"PT","name":null,"operator":null,"wikidata":null,"wikipedia":null}},{"type":"Feature","geometry":{"type":"LineString","coordinates":[[-8.59385,37.82813],[-8.59285,37.82763]]},"properties":{"osm_type":"way","osm_id":148052294,"country":"PT","name":null,"operator":null,"wikidata":null,"wikipedia":null}},{"type":"Feature","geometry":{"type":"LineString","coordinates":[[-8.59285,37.82763],[-8.58732,37.82534],[-8.58506,37.82192],[-8.58298,37.82086],[-8.58204,37.81984],[-8.57794,37.81846],[-8.57605,37.81698],[-8.5714,37.8167],[-8.5716,37.81497],[-8.56953,37.81496],[-8.56674,37.81566],[-8.56469,37.81553]]},"properties":{"osm_type":"way","osm_id":148052295,"country":"PT","name":null,"operator":null,"wikidata":null,"wikipedia":null}},{"type":"Feature","geometry":{"type":"LineString","coordinates":[[-6.80284,41.78763],[-6.804,41.78759],[-6.80643,41.78868]]},"properties":{"osm_type":"way","osm_id":149529849,"country":"PT","name":null,"operator":null,"wikidata":null,"wikipedia":null}},{"type":"Feature","geometry":{"type":"LineString","coordinates":[[-7.61641,38.09692],[-7.61527,38.09612],[-7.61084,38.09504],[-7.60425,38.09224],[-7.60016,38.09209],[-7.59397,38.09066],[-7.58923,38.09379],[-7.58388,38.09272],[-7.58145,38.08934],[-7.57905,38.08817],[-7.57732,38.08361],[-7.57785,38.08054],[-7.57676,38.07932],[-7.58044,38.07493],[-7.58028,38.07404],[-7.57817,38.07297],[-7.57776,38.07233],[-7.57921,38.06819],[-7.58068,38.06744],[-7.58095,38.06586]]},"properties":{"osm_type":"way","osm_id":150399009,"country":"PT","name":"Adutor de Pedrógão","operator":null,"wikidata":null,"wikipedia":null}},{"type":"Feature","geometry":{"type":"LineString","coordinates":[[-7.91119,38.5747],[-7.91094,38.57447]]},"properties":{"osm_type":"way","osm_id":150705163,"country":"PT","name":"Aqueduto da Água de Prata","operator":null,"wikidata":"Q8187810","wikipedia":"pt:Aqueduto da Água de Prata"}},{"type":"Feature","geometry":{"type":"LineString","coordinates":[[-8.20851,41.76353],[-8.19754,41.73676],[-8.18315,41.70767],[-8.18123,41.70603]]},"properties":{"osm_type":"way","osm_id":151069423,"country":"PT","name":null,"operator":null,"wikidata":null,"wikipedia":null}},{"type":"Feature","geometry":{"type":"LineString","coordinates":[[-8.32363,39.54207],[-8.32429,39.54228]]},"properties":{"osm_type":"way","osm_id":154987206,"country":"PT","name":null,"operator":null,"wikidata":null,"wikipedia":null}},{"type":"Feature","geometry":{"type":"LineString","coordinates":[[-8.88339,39.21407],[-8.88596,39.21383],[-8.88864,39.2145],[-8.8926,39.21315],[-8.89749,39.21334],[-8.89905,39.21285],[-8.90207,39.21014],[-8.90288,39.20991],[-8.90381,39.20708],[-8.90457,39.20643],[-8.90633,39.2058],[-8.91395,39.20542],[-8.91585,39.2045],[-8.9195,39.20075],[-8.92224,39.19911],[-8.92345,39.19784],[-8.92618,39.19662],[-8.92745,39.19555],[-8.9328,39.18908],[-8.93756,39.17451],[-8.93736,39.16857],[-8.93629,39.16103],[-8.93809,39.15857],[-8.93814,39.15746],[-8.9389,39.15648],[-8.9477,39.15249],[-8.94982,39.15035],[-8.95497,39.14929],[-8.95561,39.14838],[-8.95468,39.1472],[-8.95654,39.14419],[-8.95876,39.14357],[-8.96491,39.13959],[-8.96532,39.1389],[-8.96496,39.13229],[-8.9662,39.12854],[-8.96562,39.12679],[-8.96792,39.123],[-8.96772,39.11985],[-8.968,39.1194],[-8.97016,39.1189],[-8.97227,39.117],[-8.97288,39.11511],[-8.9722,39.11212],[-8.97671,39.1022],[-8.97887,39.09909],[-8.98143,39.0979],[-8.98755,39.09781],[-8.98933,39.09883],[-8.99193,39.0993],[-8.99358,39.09704],[-8.99287,39.08753],[-8.99328,39.08674],[-8.99107,39.08181],[-8.991,39.07944],[-8.99439,39.07418],[-8.99529,39.07154],[-8.99916,39.06658],[-8.9994,39.0615],[-8.99867,39.0549],[-9.00046,39.04609],[-9.00031,39.04388],[-8.99599,39.03877],[-8.99474,39.03492],[-8.99748,39.03],[-8.9973,39.0279],[-8.99799,39.02507],[-8.99536,39.02153],[-8.99408,39.0212],[-8.9917,39.0186],[-8.98997,39.01598],[-8.98602,39.01426],[-8.97977,39.01288],[-8.97525,39.00988],[-8.97535,39.00816],[-8.97416,39.00544],[-8.97365,39.00137],[-8.97305,39.00022],[-8.97398,38.99823],[-8.97615,38.99655],[-8.97574,38.9929]]},"properties":{"osm_type":"way","osm_id":154991931,"country":"PT","name":null,"operator":null,"wikidata":null,"wikipedia":null}},{"type":"Feature","geometry":{"type":"LineString","coordinates":[[-8.35251,39.53998],[-8.36018,39.5356],[-8.37059,39.53144],[-8.37655,39.52987]]},"properties":{"osm_type":"way","osm_id":154994851,"country":"PT","name":null,"operator":null,"wikidata":null,"wikipedia":null}},{"type":"Feature","geometry":{"type":"LineString","coordinates":[[-8.3507,39.54053],[-8.35251,39.53998]]},"properties":{"osm_type":"way","osm_id":154994852,"country":"PT","name":null,"operator":null,"wikidata":null,"wikipedia":null}},{"type":"Feature","geometry":{"type":"LineString","coordinates":[[-8.33762,39.54394],[-8.33829,39.54389]]},"properties":{"osm_type":"way","osm_id":154994854,"country":"PT","name":null,"operator":null,"wikidata":null,"wikipedia":null}},{"type":"Feature","geometry":{"type":"LineString","coordinates":[[-8.33829,39.54389],[-8.34332,39.54315],[-8.3507,39.54053]]},"properties":{"osm_type":"way","osm_id":154994856,"country":"PT","name":"Adutor do Castelo do Bode","operator":null,"wikidata":null,"wikipedia":null}},{"type":"Feature","geometry":{"type":"LineString","coordinates":[[-8.32427,39.54146],[-8.32444,39.54177]]},"properties":{"osm_type":"way","osm_id":154994886,"country":"PT","name":null,"operator":null,"wikidata":null,"wikipedia":null}},{"type":"Feature","geometry":{"type":"LineString","coordinates":[[-8.32444,39.54177],[-8.32467,39.54237]]},"properties":{"osm_type":"way","osm_id":154994887,"country":"PT","name":null,"operator":null,"wikidata":null,"wikipedia":null}},{"type":"Feature","geometry":{"type":"LineString","coordinates":[[-8.36346,40.70554],[-8.3637,40.70508]]},"properties":{"osm_type":"way","osm_id":155604806,"country":"PT","name":"Hidroeléctrica da Grela","operator":null,"wikidata":null,"wikipedia":null}},{"type":"Feature","geometry":{"type":"LineString","coordinates":[[-7.98112,41.66304],[-7.9805,41.66359]]},"properties":{"osm_type":"way","osm_id":156189861,"country":"PT","name":null,"operator":null,"wikidata":null,"wikipedia":null}},{"type":"Feature","geometry":{"type":"LineString","coordinates":[[-7.97949,41.65867],[-7.98125,41.66218],[-7.98112,41.66304]]},"properties":{"osm_type":"way","osm_id":156189863,"country":"PT","name":null,"operator":null,"wikidata":null,"wikipedia":null}},{"type":"Feature","geometry":{"type":"LineString","coordinates":[[-7.98049,41.66368],[-7.98058,41.6648]]},"properties":{"osm_type":"way","osm_id":156189991,"country":"PT","name":null,"operator":null,"wikidata":null,"wikipedia":null}},{"type":"Feature","geometry":{"type":"LineString","coordinates":[[-8.20902,38.96836],[-8.21528,38.96788],[-8.21765,38.96872],[-8.22354,38.97286],[-8.22484,38.97483],[-8.22515,38.97651]]},"properties":{"osm_type":"way","osm_id":157072914,"country":"PT","name":null,"operator":null,"wikidata":null,"wikipedia":null}},{"type":"Feature","geometry":{"type":"LineString","coordinates":[[-8.20851,39.0445],[-8.21055,39.043],[-8.21373,39.03888],[-8.21594,39.03925],[-8.21695,39.03794],[-8.22036,39.03652],[-8.22841,39.02782],[-8.23083,39.02723],[-8.23292,39.02746],[-8.23752,39.02702],[-8.24102,39.02594],[-8.24317,39.02674],[-8.24914,39.024],[-8.25282,39.02431],[-8.2567,39.02374],[-8.25958,39.02256],[-8.26233,39.02279]]},"properties":{"osm_type":"way","osm_id":157072915,"country":"PT","name":null,"operator":null,"wikidata":null,"wikipedia":null}},{"type":"Feature","geometry":{"type":"LineString","coordinates":[[-8.18915,39.04627],[-8.19248,39.0456],[-8.1942,39.04614],[-8.19986,39.04653],[-8.20765,39.04513]]},"properties":{"osm_type":"way","osm_id":157072916,"country":"PT","name":null,"operator":null,"wikidata":null,"wikipedia":null}},{"type":"Feature","geometry":{"type":"LineString","coordinates":[[-8.18135,38.9649],[-8.18281,38.96534]]},"properties":{"osm_type":"way","osm_id":157073860,"country":"PT","name":null,"operator":null,"wikidata":null,"wikipedia":null}},{"type":"Feature","geometry":{"type":"LineString","coordinates":[[-8.20914,38.96994],[-8.21078,38.97017],[-8.21253,38.97129],[-8.21358,38.97118],[-8.21631,38.97263],[-8.21727,38.9751],[-8.22165,38.982],[-8.22173,38.98321],[-8.22098,38.98431],[-8.22137,38.98663],[-8.22167,38.98772],[-8.22339,38.98908],[-8.22355,38.98991]]},"properties":{"osm_type":"way","osm_id":157076255,"country":"PT","name":null,"operator":null,"wikidata":null,"wikipedia":null}},{"type":"Feature","geometry":{"type":"LineString","coordinates":[[-7.14388,39.00036],[-7.14371,39.00002]]},"properties":{"osm_type":"way","osm_id":157086801,"country":"PT","name":null,"operator":null,"wikidata":null,"wikipedia":null}},{"type":"Feature","geometry":{"type":"LineString","coordinates":[[-7.14418,39.00032],[-7.14244,38.99996],[-7.14116,39.00053],[-7.13973,38.9997],[-7.13813,39.00008],[-7.1373,38.99982],[-7.13623,38.99554],[-7.13377,38.99491],[-7.1319,38.99591],[-7.13058,38.99517],[-7.12992,38.99327],[-7.12602,38.99157],[-7.12451,38.99132],[-7.1237,38.99189],[-7.12271,38.99142],[-7.12187,38.99356],[-7.1211,38.9936],[-7.12087,38.99165],[-7.11919,38.9918],[-7.11956,38.99047],[-7.11898,38.98832],[-7.11572,38.98666],[-7.11169,38.98662],[-7.10709,38.98502]]},"properties":{"osm_type":"way","osm_id":157086805,"country":"PT","name":"Canal Condutor Geral","operator":null,"wikidata":null,"wikipedia":null}},{"type":"Feature","geometry":{"type":"LineString","coordinates":[[-8.81408,38.97787],[-8.81489,38.97894],[-8.81901,38.97842],[-8.81978,38.97878],[-8.82038,38.97993],[-8.82009,38.98128],[-8.82193,38.98362],[-8.82828,38.98359],[-8.83589,38.97942],[-8.83763,38.98114],[-8.83847,38.98138],[-8.8438,38.97737],[-8.84439,38.97424],[-8.84392,38.97297],[-8.84481,38.97204],[-8.84561,38.96855],[-8.84533,38.96516],[-8.84606,38.96372],[-8.84505,38.96288],[-8.83992,38.9628],[-8.83913,38.96152]]},"properties":{"osm_type":"way","osm_id":157093193,"country":"PT","name":"Canal do Sorraia","operator":null,"wikidata":null,"wikipedia":null}},{"type":"Feature","geometry":{"type":"LineString","coordinates":[[-7.10663,38.86399],[-7.1062,38.86262],[-7.10479,38.86184],[-7.10345,38.85686],[-7.10488,38.85383],[-7.10576,38.85302],[-7.10542,38.85234],[-7.10428,38.85196],[-7.10431,38.85116],[-7.10689,38.8487],[-7.10805,38.84866]]},"properties":{"osm_type":"way","osm_id":157098116,"country":"PT","name":null,"operator":null,"wikidata":null,"wikipedia":null}},{"type":"Feature","geometry":{"type":"LineString","coordinates":[[-7.10061,38.86955],[-7.1069,38.86501],[-7.10663,38.86399]]},"properties":{"osm_type":"way","osm_id":157098118,"country":"PT","name":"Canal de Elvas (Túnel Sifão)","operator":null,"wikidata":null,"wikipedia":null}},{"type":"Feature","geometry":{"type":"LineString","coordinates":[[-7.20762,38.88172],[-7.20601,38.88059],[-7.20143,38.87965],[-7.19725,38.88061],[-7.18799,38.87875],[-7.18316,38.8788],[-7.18083,38.87943],[-7.17695,38.87818],[-7.17588,38.87735],[-7.17466,38.87805],[-7.17221,38.87799],[-7.16889,38.87907]]},"properties":{"osm_type":"way","osm_id":157188610,"country":"PT","name":"Aqueduto da Amoreira","operator":null,"wikidata":"Q8187798","wikipedia":"pt:Aqueduto da Amoreira"}},{"type":"Feature","geometry":{"type":"LineString","coordinates":[[-8.75966,37.70269],[-8.76049,37.7042],[-8.76365,37.70477],[-8.76514,37.7066],[-8.76655,37.70721],[-8.7668,37.70829],[-8.768,37.70875]]},"properties":{"osm_type":"way","osm_id":157296530,"country":"PT","name":null,"operator":null,"wikidata":null,"wikipedia":null}},{"type":"Feature","geometry":{"type":"LineString","coordinates":[[-8.75706,37.69791],[-8.75966,37.70269]]},"properties":{"osm_type":"way","osm_id":157296533,"country":"PT","name":null,"operator":null,"wikidata":null,"wikipedia":null}},{"type":"Feature","geometry":{"type":"LineString","coordinates":[[-8.75504,37.68976],[-8.75809,37.69337],[-8.75811,37.69482],[-8.75706,37.69791]]},"properties":{"osm_type":"way","osm_id":157296538,"country":"PT","name":null,"operator":null,"wikidata":null,"wikipedia":null}},{"type":"Feature","geometry":{"type":"LineString","coordinates":[[-8.74857,37.68218],[-8.75504,37.68976]]},"properties":{"osm_type":"way","osm_id":157296541,"country":"PT","name":null,"operator":null,"wikidata":null,"wikipedia":null}},{"type":"Feature","geometry":{"type":"LineString","coordinates":[[-7.60385,38.32867],[-7.60479,38.32934]]},"properties":{"osm_type":"way","osm_id":157572983,"country":"PT","name":null,"operator":null,"wikidata":null,"wikipedia":null}},{"type":"Feature","geometry":{"type":"LineString","coordinates":[[-7.63327,38.34679],[-7.63506,38.34816]]},"properties":{"osm_type":"way","osm_id":157583735,"country":"PT","name":null,"operator":null,"wikidata":null,"wikipedia":null}},{"type":"Feature","geometry":{"type":"LineString","coordinates":[[-7.63506,38.34816],[-7.63582,38.34838],[-7.64182,38.34743],[-7.64358,38.34839]]},"properties":{"osm_type":"way","osm_id":157583736,"country":"PT","name":"Canal - tunel","operator":null,"wikidata":null,"wikipedia":null}},{"type":"Feature","geometry":{"type":"LineString","coordinates":[[-7.6953,38.3731],[-7.69837,38.37151]]},"properties":{"osm_type":"way","osm_id":157583737,"country":"PT","name":null,"operator":null,"wikidata":null,"wikipedia":null}},{"type":"Feature","geometry":{"type":"LineString","coordinates":[[-7.69837,38.37151],[-7.70203,38.37116]]},"properties":{"osm_type":"way","osm_id":157583742,"country":"PT","name":null,"operator":null,"wikidata":null,"wikipedia":null}},{"type":"Feature","geometry":{"type":"LineString","coordinates":[[-7.57931,38.3307],[-7.58085,38.33031],[-7.58344,38.33056],[-7.58455,38.33012]]},"properties":{"osm_type":"way","osm_id":157583745,"country":"PT","name":null,"operator":null,"wikidata":null,"wikipedia":null}},{"type":"Feature","geometry":{"type":"LineString","coordinates":[[-7.64358,38.34839],[-7.6481,38.35078],[-7.64863,38.35421],[-7.65029,38.35562],[-7.65087,38.3576],[-7.65408,38.36076],[-7.65482,38.36095],[-7.65704,38.36018],[-7.65953,38.36166],[-7.66129,38.36462],[-7.66347,38.36611],[-7.66589,38.36712],[-7.66722,38.36683]]},"properties":{"osm_type":"way","osm_id":157583749,"country":"PT","name":null,"operator":null,"wikidata":null,"wikipedia":null}},{"type":"Feature","geometry":{"type":"LineString","coordinates":[[-7.6824,38.36669],[-7.68754,38.3688],[-7.68812,38.37056],[-7.68962,38.37226],[-7.69189,38.37258],[-7.69302,38.37378],[-7.69422,38.37371],[-7.6953,38.3731]]},"properties":{"osm_type":"way","osm_id":157583751,"country":"PT","name":"Canal Alamos  - Loureiro","operator":null,"wikidata":null,"wikipedia":null}},{"type":"Feature","geometry":{"type":"LineString","coordinates":[[-7.66722,38.36683],[-7.67455,38.36594],[-7.6824,38.36669]]},"properties":{"osm_type":"way","osm_id":157583753,"country":"PT","name":null,"operator":null,"wikidata":null,"wikipedia":null}},{"type":"Feature","geometry":{"type":"LineString","coordinates":[[-7.58455,38.33012],[-7.587,38.32953],[-7.5902,38.3298]]},"properties":{"osm_type":"way","osm_id":157583754,"country":"PT","name":"Canal - Tunel","operator":null,"wikidata":null,"wikipedia":null}},{"type":"Feature","geometry":{"type":"LineString","coordinates":[[-7.57931,38.3307],[-7.57757,38.33184],[-7.57774,38.33306],[-7.57697,38.33416],[-7.57558,38.33448],[-7.57427,38.33573],[-7.5739,38.33563],[-7.57347,38.33645]]},"properties":{"osm_type":"way","osm_id":157583759,"country":"PT","name":null,"operator":null,"wikidata":null,"wikipedia":null}},{"type":"Feature","geometry":{"type":"LineString","coordinates":[[-7.71669,38.36732],[-7.71808,38.36757]]},"properties":{"osm_type":"way","osm_id":157589744,"country":"PT","name":null,"operator":null,"wikidata":null,"wikipedia":null}},{"type":"Feature","geometry":{"type":"LineString","coordinates":[[-7.70975,38.36957],[-7.71135,38.36953],[-7.71334,38.36867]]},"properties":{"osm_type":"way","osm_id":157589753,"country":"PT","name":null,"operator":null,"wikidata":null,"wikipedia":null}},{"type":"Feature","geometry":{"type":"LineString","coordinates":[[-7.71334,38.36867],[-7.71669,38.36732]]},"properties":{"osm_type":"way","osm_id":157589756,"country":"PT","name":"Canal Alamos  - Loureiro","operator":null,"wikidata":null,"wikipedia":null}},{"type":"Feature","geometry":{"type":"LineString","coordinates":[[-7.72543,38.36635],[-7.72785,38.3674]]},"properties":{"osm_type":"way","osm_id":157589757,"country":"PT","name":null,"operator":null,"wikidata":null,"wikipedia":null}},{"type":"Feature","geometry":{"type":"LineString","coordinates":[[-7.72366,38.36548],[-7.72543,38.36635]]},"properties":{"osm_type":"way","osm_id":157589758,"country":"PT","name":null,"operator":null,"wikidata":null,"wikipedia":null}},{"type":"Feature","geometry":{"type":"LineString","coordinates":[[-7.70203,38.37116],[-7.70555,38.36987]]},"properties":{"osm_type":"way","osm_id":157589763,"country":"PT","name":null,"operator":null,"wikidata":null,"wikipedia":null}},{"type":"Feature","geometry":{"type":"LineString","coordinates":[[-7.71808,38.36757],[-7.71896,38.36763],[-7.72366,38.36548]]},"properties":{"osm_type":"way","osm_id":157589767,"country":"PT","name":"Canal Alamos  - Loureiro","operator":null,"wikidata":null,"wikipedia":null}},{"type":"Feature","geometry":{"type":"LineString","coordinates":[[-7.70555,38.36987],[-7.70975,38.36957]]},"properties":{"osm_type":"way","osm_id":157589769,"country":"PT","name":"Canal Alamos  - Loureiro","operator":null,"wikidata":null,"wikipedia":null}},{"type":"Feature","geometry":{"type":"LineString","coordinates":[[-7.94024,38.25092],[-7.94031,38.25017]]},"properties":{"osm_type":"way","osm_id":157958823,"country":"PT","name":null,"operator":null,"wikidata":null,"wikipedia":null}},{"type":"Feature","geometry":{"type":"LineString","coordinates":[[-7.92708,38.13531],[-7.92645,38.13459],[-7.92716,38.13268],[-7.92985,38.13096],[-7.93432,38.12372],[-7.93929,38.12179],[-7.94226,38.11723],[-7.94692,38.11436],[-7.94881,38.11222],[-7.95051,38.11173],[-7.95082,38.10935],[-7.94885,38.10782],[-7.9498,38.10618],[-7.95785,38.1048],[-7.95985,38.1036],[-7.96175,38.10163],[-7.9607,38.09945],[-7.95831,38.09861],[-7.95735,38.09695],[-7.95794,38.09641],[-7.96139,38.09639],[-7.96259,38.09496],[-7.96359,38.0924]]},"properties":{"osm_type":"way","osm_id":157958824,"country":"PT","name":"Adutor Alvito - Pisão","operator":null,"wikidata":null,"wikipedia":null}},{"type":"Feature","geometry":{"type":"LineString","coordinates":[[-7.97197,38.08137],[-7.97378,38.08063],[-7.97587,38.08216]]},"properties":{"osm_type":"way","osm_id":157958828,"country":"PT","name":"Adutor Alvito - Pisão","operator":null,"wikidata":null,"wikipedia":null}},{"type":"Feature","geometry":{"type":"LineString","coordinates":[[-7.9755,38.08184],[-7.97749,38.08025]]},"properties":{"osm_type":"way","osm_id":157958829,"country":"PT","name":null,"operator":null,"wikidata":null,"wikipedia":null}},{"type":"Feature","geometry":{"type":"LineString","coordinates":[[-7.91197,38.27259],[-7.91179,38.26955]]},"properties":{"osm_type":"way","osm_id":157958830,"country":"PT","name":null,"operator":null,"wikidata":null,"wikipedia":null}},{"type":"Feature","geometry":{"type":"LineString","coordinates":[[-7.94062,38.00992],[-7.93988,38.00858]]},"properties":{"osm_type":"way","osm_id":157958831,"country":"PT","name":null,"operator":null,"wikidata":null,"wikipedia":null}},{"type":"Feature","geometry":{"type":"LineString","coordinates":[[-7.91179,38.26955],[-7.91165,38.26866],[-7.91028,38.26747],[-7.90979,38.26632],[-7.91194,38.26416],[-7.91333,38.26451],[-7.91498,38.2658],[-7.91644,38.26601],[-7.91906,38.26498],[-7.92113,38.26622],[-7.92331,38.2665]]},"properties":{"osm_type":"way","osm_id":157958832,"country":"PT","name":null,"operator":null,"wikidata":null,"wikipedia":null}},{"type":"Feature","geometry":{"type":"LineString","coordinates":[[-7.92756,38.13554],[-7.92708,38.13531]]},"properties":{"osm_type":"way","osm_id":157958833,"country":"PT","name":null,"operator":null,"wikidata":null,"wikipedia":null}},{"type":"Feature","geometry":{"type":"LineString","coordinates":[[-7.90464,38.17426],[-7.90775,38.17251],[-7.91073,38.17306],[-7.91285,38.17261],[-7.91331,38.17212],[-7.91289,38.17062],[-7.91391,38.16499],[-7.91315,38.16292],[-7.91086,38.16171],[-7.91063,38.16093]]},"properties":{"osm_type":"way","osm_id":157958836,"country":"PT","name":"Adutor Alvito - Pisão","operator":null,"wikidata":null,"wikipedia":null}},{"type":"Feature","geometry":{"type":"LineString","coordinates":[[-7.91115,38.27648],[-7.91108,38.2762]]},"properties":{"osm_type":"way","osm_id":157958839,"country":"PT","name":null,"operator":null,"wikidata":null,"wikipedia":null}},{"type":"Feature","geometry":{"type":"LineString","coordinates":[[-7.92331,38.2665],[-7.9247,38.26645]]},"properties":{"osm_type":"way","osm_id":157958842,"country":"PT","name":null,"operator":null,"wikidata":null,"wikipedia":null}},{"type":"Feature","geometry":{"type":"LineString","coordinates":[[-7.9667,38.08796],[-7.96697,38.08667],[-7.9654,38.0851],[-7.96585,38.08383],[-7.96485,38.08323],[-7.96503,38.0828]]},"properties":{"osm_type":"way","osm_id":157958843,"country":"PT","name":"Adutor Alvito - Pisão","operator":null,"wikidata":null,"wikipedia":null}},{"type":"Feature","geometry":{"type":"LineString","coordinates":[[-7.91108,38.2762],[-7.9121,38.27482],[-7.91012,38.27402],[-7.91184,38.27318],[-7.91197,38.27259]]},"properties":{"osm_type":"way","osm_id":157958845,"country":"PT","name":null,"operator":null,"wikidata":null,"wikipedia":null}},{"type":"Feature","geometry":{"type":"LineString","coordinates":[[-7.96161,38.23418],[-7.9599,38.2331],[-7.95636,38.23331],[-7.95418,38.23262],[-7.95159,38.23007],[-7.94775,38.22929],[-7.94604,38.22826],[-7.94303,38.22834],[-7.93885,38.22688],[-7.9332,38.22277],[-7.92976,38.22223],[-7.92901,38.22134],[-7.92858,38.21612]]},"properties":{"osm_type":"way","osm_id":157958847,"country":"PT","name":"Adutor Alvito - Pisão","operator":null,"wikidata":null,"wikipedia":null}},{"type":"Feature","geometry":{"type":"LineString","coordinates":[[-7.92858,38.21612],[-7.92155,38.20902]]},"properties":{"osm_type":"way","osm_id":157958852,"country":"PT","name":null,"operator":null,"wikidata":null,"wikipedia":null}},{"type":"Feature","geometry":{"type":"LineString","coordinates":[[-7.97152,38.08172],[-7.97197,38.08137]]},"properties":{"osm_type":"way","osm_id":157958855,"country":"PT","name":null,"operator":null,"wikidata":null,"wikipedia":null}},{"type":"Feature","geometry":{"type":"LineString","coordinates":[[-7.90858,38.17259],[-7.90895,38.17191]]},"properties":{"osm_type":"way","osm_id":157958860,"country":"PT","name":null,"operator":null,"wikidata":null,"wikipedia":null}},{"type":"Feature","geometry":{"type":"LineString","coordinates":[[-7.9247,38.26645],[-7.92588,38.26645],[-7.92654,38.26554],[-7.9264,38.26437],[-7.92493,38.2625],[-7.92523,38.26178],[-7.92898,38.2606],[-7.93156,38.25857],[-7.93266,38.2583],[-7.93372,38.25609],[-7.93745,38.25554],[-7.93901,38.25471],[-7.94216,38.2547],[-7.9419,38.25241],[-7.94024,38.25092]]},"properties":{"osm_type":"way","osm_id":157958862,"country":"PT","name":null,"operator":null,"wikidata":null,"wikipedia":null}},{"type":"Feature","geometry":{"type":"LineString","coordinates":[[-7.94031,38.25017],[-7.9417,38.2496],[-7.94865,38.25106],[-7.94957,38.25093],[-7.95071,38.24943],[-7.95079,38.2476],[-7.95551,38.24641],[-7.958,38.24206],[-7.96028,38.2426],[-7.9615,38.24063],[-7.96307,38.24048],[-7.96345,38.23964],[-7.96275,38.23678]]},"properties":{"osm_type":"way","osm_id":157958864,"country":"PT","name":null,"operator":null,"wikidata":null,"wikipedia":null}},{"type":"Feature","geometry":{"type":"LineString","coordinates":[[-7.91053,38.16052],[-7.91065,38.15914],[-7.91335,38.157],[-7.92157,38.1572],[-7.92686,38.15604],[-7.92732,38.15559],[-7.92738,38.148],[-7.92908,38.14526],[-7.92855,38.14332],[-7.92861,38.13958],[-7.92781,38.1377],[-7.92819,38.13614],[-7.92756,38.13554]]},"properties":{"osm_type":"way","osm_id":157958865,"country":"PT","name":"Adutor Alvito - Pisão","operator":null,"wikidata":null,"wikipedia":null}},{"type":"Feature","geometry":{"type":"LineString","coordinates":[[-7.96537,38.08248],[-7.96583,38.08229],[-7.96676,38.08282],[-7.97003,38.08267],[-7.97152,38.08172]]},"properties":{"osm_type":"way","osm_id":157958866,"country":"PT","name":"Adutor Alvito - Pisão","operator":null,"wikidata":null,"wikipedia":null}},{"type":"Feature","geometry":{"type":"LineString","coordinates":[[-7.96503,38.0828],[-7.96537,38.08248]]},"properties":{"osm_type":"way","osm_id":157958868,"country":"PT","name":null,"operator":null,"wikidata":null,"wikipedia":null}},{"type":"Feature","geometry":{"type":"LineString","coordinates":[[-7.92654,38.13434],[-7.9257,38.13415]]},"properties":{"osm_type":"way","osm_id":157958870,"country":"PT","name":null,"operator":null,"wikidata":null,"wikipedia":null}},{"type":"Feature","geometry":{"type":"LineString","coordinates":[[-7.96359,38.0924],[-7.9667,38.08796]]},"properties":{"osm_type":"way","osm_id":157958874,"country":"PT","name":"Adutor Alvito - Pisão","operator":null,"wikidata":null,"wikipedia":null}},{"type":"Feature","geometry":{"type":"LineString","coordinates":[[-7.91063,38.16093],[-7.91053,38.16052]]},"properties":{"osm_type":"way","osm_id":157958879,"country":"PT","name":null,"operator":null,"wikidata":null,"wikipedia":null}},{"type":"Feature","geometry":{"type":"LineString","coordinates":[[-8.59195,37.16732],[-8.59221,37.16745]]},"properties":{"osm_type":"way","osm_id":158460714,"country":"PT","name":null,"operator":null,"wikidata":null,"wikipedia":null}},{"type":"Feature","geometry":{"type":"LineString","coordinates":[[-8.59221,37.16745],[-8.59247,37.16807],[-8.59084,37.17038]]},"properties":{"osm_type":"way","osm_id":158460718,"country":"PT","name":null,"operator":null,"wikidata":null,"wikipedia":null}},{"type":"Feature","geometry":{"type":"LineString","coordinates":[[-8.06875,40.58826],[-8.06995,40.58699]]},"properties":{"osm_type":"way","osm_id":158972559,"country":"PT","name":"Descarga de fundo","operator":null,"wikidata":null,"wikipedia":null}},{"type":"Feature","geometry":{"type":"LineString","coordinates":[[-8.07054,40.58796],[-8.07055,40.58708]]},"properties":{"osm_type":"way","osm_id":158972562,"country":"PT","name":"Descarregador de cheias","operator":null,"wikidata":null,"wikipedia":null}},{"type":"Feature","geometry":{"type":"LineString","coordinates":[[-7.56613,38.09328],[-7.57288,38.09146],[-7.57717,38.08834],[-7.57905,38.08817]]},"properties":{"osm_type":"way","osm_id":158977532,"country":"PT","name":"Adutor de Pedrógão","operator":null,"wikidata":null,"wikipedia":null}},{"type":"Feature","geometry":{"type":"LineString","coordinates":[[-7.61991,38.09862],[-7.61971,38.09878]]},"properties":{"osm_type":"way","osm_id":159044622,"country":"PT","name":null,"operator":null,"wikidata":null,"wikipedia":null}},{"type":"Feature","geometry":{"type":"LineString","coordinates":[[-7.62835,38.10986],[-7.62922,38.10907],[-7.62916,38.10815],[-7.62751,38.10767],[-7.62662,38.10641],[-7.6214,38.10391],[-7.62027,38.10147],[-7.61854,38.09947]]},"properties":{"osm_type":"way","osm_id":159044623,"country":"PT","name":"Adutor de Pedrógão","operator":null,"wikidata":null,"wikipedia":null}},{"type":"Feature","geometry":{"type":"LineString","coordinates":[[-7.58773,38.05874],[-7.58783,38.05625],[-7.58576,38.05304],[-7.58489,38.04953],[-7.5834,38.04661],[-7.57874,38.04045],[-7.57388,38.03566],[-7.57065,38.0338],[-7.569,38.03228],[-7.56703,38.02893],[-7.56638,38.02649]]},"properties":{"osm_type":"way","osm_id":159046177,"country":"PT","name":null,"operator":null,"wikidata":null,"wikipedia":null}},{"type":"Feature","geometry":{"type":"LineString","coordinates":[[-7.7354,38.37551],[-7.73485,38.3768],[-7.73842,38.37855],[-7.7426,38.37879],[-7.7458,38.3803],[-7.74827,38.38068],[-7.74953,38.38039],[-7.75134,38.37888],[-7.75391,38.38014],[-7.7567,38.37911],[-7.76003,38.37906],[-7.76203,38.378]]},"properties":{"osm_type":"way","osm_id":159049533,"country":"PT","name":"Canal Loureiro - Monte Novo","operator":null,"wikidata":null,"wikipedia":null}},{"type":"Feature","geometry":{"type":"LineString","coordinates":[[-7.76519,38.37769],[-7.76203,38.378]]},"properties":{"osm_type":"way","osm_id":159050926,"country":"PT","name":null,"operator":null,"wikidata":null,"wikipedia":null}},{"type":"Feature","geometry":{"type":"LineString","coordinates":[[-7.73376,38.3749],[-7.73535,38.37562]]},"properties":{"osm_type":"way","osm_id":159050928,"country":"PT","name":null,"operator":null,"wikidata":null,"wikipedia":null}},{"type":"Feature","geometry":{"type":"LineString","coordinates":[[-7.76848,38.38149],[-7.76728,38.38074],[-7.76659,38.3782],[-7.76519,38.37769]]},"properties":{"osm_type":"way","osm_id":159050932,"country":"PT","name":null,"operator":null,"wikidata":null,"wikipedia":null}},{"type":"Feature","geometry":{"type":"LineString","coordinates":[[-7.76182,38.37919],[-7.76141,38.37838]]},"properties":{"osm_type":"way","osm_id":159050939,"country":"PT","name":null,"operator":null,"wikidata":null,"wikipedia":null}},{"type":"Feature","geometry":{"type":"LineString","coordinates":[[-7.78553,38.39066],[-7.78823,38.39303],[-7.79008,38.39345]]},"properties":{"osm_type":"way","osm_id":159051471,"country":"PT","name":null,"operator":null,"wikidata":null,"wikipedia":null}},{"type":"Feature","geometry":{"type":"LineString","coordinates":[[-7.79227,38.39498],[-7.79289,38.396],[-7.79187,38.39789],[-7.79275,38.40028],[-7.80353,38.40279],[-7.80463,38.40422],[-7.80702,38.40479],[-7.81007,38.40749],[-7.81062,38.41068],[-7.80894,38.41273],[-7.80492,38.413],[-7.80191,38.41563],[-7.80222,38.4177],[-7.80474,38.41935],[-7.80471,38.41993],[-7.79701,38.42135],[-7.79326,38.42517],[-7.78887,38.42609],[-7.78593,38.4288],[-7.78287,38.42956],[-7.7818,38.43207],[-7.78288,38.43382],[-7.78311,38.43529]]},"properties":{"osm_type":"way","osm_id":159051473,"country":"PT","name":"Canal Loureiro - Monte Novo","operator":null,"wikidata":null,"wikipedia":null}},{"type":"Feature","geometry":{"type":"LineString","coordinates":[[-7.7848,38.38634],[-7.78553,38.39066]]},"properties":{"osm_type":"way","osm_id":159051475,"country":"PT","name":null,"operator":null,"wikidata":null,"wikipedia":null}},{"type":"Feature","geometry":{"type":"LineString","coordinates":[[-7.79008,38.39345],[-7.79227,38.39498]]},"properties":{"osm_type":"way","osm_id":159051476,"country":"PT","name":null,"operator":null,"wikidata":null,"wikipedia":null}},{"type":"Feature","geometry":{"type":"LineString","coordinates":[[-7.7783,38.38599],[-7.7848,38.38634]]},"properties":{"osm_type":"way","osm_id":159051596,"country":"PT","name":null,"operator":null,"wikidata":null,"wikipedia":null}},{"type":"Feature","geometry":{"type":"LineString","coordinates":[[-7.77308,38.38498],[-7.7783,38.38599]]},"properties":{"osm_type":"way","osm_id":159051597,"country":"PT","name":null,"operator":null,"wikidata":null,"wikipedia":null}},{"type":"Feature","geometry":{"type":"LineString","coordinates":[[-7.76848,38.38149],[-7.77064,38.3845]]},"properties":{"osm_type":"way","osm_id":159052174,"country":"PT","name":null,"operator":null,"wikidata":null,"wikipedia":null}},{"type":"Feature","geometry":{"type":"LineString","coordinates":[[-7.77064,38.3845],[-7.77308,38.38498]]},"properties":{"osm_type":"way","osm_id":159052175,"country":"PT","name":null,"operator":null,"wikidata":null,"wikipedia":null}},{"type":"Feature","geometry":{"type":"LineString","coordinates":[[-7.73577,38.48648],[-7.73918,38.47833]]},"properties":{"osm_type":"way","osm_id":159052930,"country":"PT","name":null,"operator":null,"wikidata":null,"wikipedia":null}},{"type":"Feature","geometry":{"type":"LineString","coordinates":[[-7.73625,38.46439],[-7.73524,38.4643]]},"properties":{"osm_type":"way","osm_id":159052932,"country":"PT","name":null,"operator":null,"wikidata":null,"wikipedia":null}},{"type":"Feature","geometry":{"type":"LineString","coordinates":[[-7.74202,38.45545],[-7.74353,38.45136],[-7.75399,38.44998]]},"properties":{"osm_type":"way","osm_id":159052934,"country":"PT","name":null,"operator":null,"wikidata":null,"wikipedia":null}},{"type":"Feature","geometry":{"type":"LineString","coordinates":[[-7.72852,38.48836],[-7.72999,38.48997],[-7.73371,38.48914],[-7.73495,38.48835],[-7.73577,38.48648]]},"properties":{"osm_type":"way","osm_id":159052935,"country":"PT","name":null,"operator":null,"wikidata":null,"wikipedia":null}},{"type":"Feature","geometry":{"type":"LineString","coordinates":[[-7.73871,38.47902],[-7.73378,38.47832]]},"properties":{"osm_type":"way","osm_id":159052936,"country":"PT","name":null,"operator":null,"wikidata":null,"wikipedia":null}},{"type":"Feature","geometry":{"type":"LineString","coordinates":[[-7.73627,38.46423],[-7.73527,38.46412]]},"properties":{"osm_type":"way","osm_id":159052937,"country":"PT","name":null,"operator":null,"wikidata":null,"wikipedia":null}},{"type":"Feature","geometry":{"type":"LineString","coordinates":[[-7.73918,38.47833],[-7.73615,38.47123]]},"properties":{"osm_type":"way","osm_id":159052938,"country":"PT","name":null,"operator":null,"wikidata":null,"wikipedia":null}},{"type":"Feature","geometry":{"type":"LineString","coordinates":[[-7.75399,38.44998],[-7.77315,38.44247]]},"properties":{"osm_type":"way","osm_id":159055257,"country":"PT","name":null,"operator":null,"wikidata":null,"wikipedia":null}},{"type":"Feature","geometry":{"type":"LineString","coordinates":[[-7.73521,38.46446],[-7.73612,38.46107],[-7.74075,38.45779],[-7.74202,38.45545]]},"properties":{"osm_type":"way","osm_id":159055258,"country":"PT","name":null,"operator":null,"wikidata":null,"wikipedia":null}},{"type":"Feature","geometry":{"type":"LineString","coordinates":[[-7.74184,38.36341],[-7.74749,38.36478],[-7.83532,38.31085]]},"properties":{"osm_type":"way","osm_id":159066379,"country":"PT","name":"Canal Loureiro - Alvito","operator":null,"wikidata":null,"wikipedia":null}},{"type":"Feature","geometry":{"type":"LineString","coordinates":[[-8.40775,38.28936],[-8.40993,38.29079],[-8.41238,38.29062],[-8.41704,38.28912],[-8.4179,38.28833],[-8.42033,38.28745],[-8.42456,38.28668],[-8.42757,38.28669],[-8.42852,38.28617],[-8.43332,38.28761],[-8.4353,38.28893],[-8.43688,38.29153],[-8.43676,38.29556],[-8.43529,38.29734],[-8.43539,38.29884],[-8.43487,38.29946],[-8.43519,38.30143],[-8.4362,38.30279]]},"properties":{"osm_type":"way","osm_id":159141958,"country":"PT","name":null,"operator":null,"wikidata":null,"wikipedia":null}},{"type":"Feature","geometry":{"type":"LineString","coordinates":[[-8.20765,39.04513],[-8.20851,39.0445]]},"properties":{"osm_type":"way","osm_id":159191294,"country":"PT","name":null,"operator":null,"wikidata":null,"wikipedia":null}},{"type":"Feature","geometry":{"type":"LineString","coordinates":[[-8.46498,37.28893],[-8.46479,37.28854],[-8.38327,37.25987]]},"properties":{"osm_type":"way","osm_id":159716465,"country":"PT","name":"Túnel Odelouca - Funcho","operator":null,"wikidata":null,"wikipedia":null}},{"type":"Feature","geometry":{"type":"LineString","coordinates":[[-7.84031,40.10351],[-7.83918,40.10299],[-7.83294,40.09164],[-7.83125,40.09093],[-7.829,40.09078],[-7.82575,40.08875],[-7.82438,40.08728],[-7.8237,40.08465],[-7.81881,40.07982]]},"properties":{"osm_type":"way","osm_id":159769734,"country":"PT","name":"Conduta de adução do Aproveitamento Hidroeléctrico de Santa Luzia","operator":null,"wikidata":null,"wikipedia":null}},{"type":"Feature","geometry":{"type":"LineString","coordinates":[[-8.18154,41.39744],[-8.18321,41.39801],[-8.18591,41.39638],[-8.18841,41.396]]},"properties":{"osm_type":"way","osm_id":160714907,"country":"PT","name":"Mini-hídrica Jugueiros","operator":"Hidroelétrica de Felgueiras","wikidata":null,"wikipedia":null}},{"type":"Feature","geometry":{"type":"LineString","coordinates":[[-8.44083,37.50753],[-8.44167,37.50602]]},"properties":{"osm_type":"way","osm_id":162144917,"country":"PT","name":null,"operator":null,"wikidata":null,"wikipedia":null}},{"type":"Feature","geometry":{"type":"LineString","coordinates":[[-8.22355,38.98991],[-8.22356,38.98994]]},"properties":{"osm_type":"way","osm_id":162549639,"country":"PT","name":null,"operator":null,"wikidata":null,"wikipedia":null}},{"type":"Feature","geometry":{"type":"LineString","coordinates":[[-8.18281,38.96534],[-8.18333,38.9655]]},"properties":{"osm_type":"way","osm_id":162549640,"country":"PT","name":null,"operator":null,"wikidata":null,"wikipedia":null}},{"type":"Feature","geometry":{"type":"LineString","coordinates":[[-8.22515,38.97651],[-8.22634,38.978],[-8.22604,38.98026],[-8.22687,38.98272],[-8.23091,38.98708],[-8.2351,38.99051],[-8.2404,38.99183],[-8.24769,38.99092],[-8.24853,38.98948],[-8.25403,38.98736],[-8.25866,38.98627],[-8.2629,38.98645],[-8.26753,38.98587],[-8.27173,38.98709],[-8.27833,38.9898],[-8.2816,38.99272],[-8.2899,38.99255],[-8.29164,38.99178],[-8.29523,38.99279],[-8.29915,38.99226],[-8.30131,38.99276],[-8.30643,38.9956],[-8.31128,38.9959],[-8.31801,38.99748]]},"properties":{"osm_type":"way","osm_id":162549645,"country":"PT","name":"Canal do Sorraia","operator":null,"wikidata":null,"wikipedia":null}},{"type":"Feature","geometry":{"type":"LineString","coordinates":[[-8.22356,38.98994],[-8.22347,38.99137],[-8.22439,38.99376]]},"properties":{"osm_type":"way","osm_id":162549647,"country":"PT","name":null,"operator":null,"wikidata":null,"wikipedia":null}},{"type":"Feature","geometry":{"type":"LineString","coordinates":[[-8.1889,38.96861],[-8.18541,38.96587],[-8.18333,38.9655]]},"properties":{"osm_type":"way","osm_id":162607843,"country":"PT","name":null,"operator":null,"wikidata":null,"wikipedia":null}},{"type":"Feature","geometry":{"type":"LineString","coordinates":[[-8.11476,38.18403],[-8.11502,38.18275],[-8.11457,38.18216],[-8.11666,38.17934],[-8.11517,38.17671],[-8.11579,38.17641],[-8.11777,38.17819],[-8.11903,38.17765],[-8.11938,38.17568],[-8.11722,38.1731],[-8.11872,38.17133],[-8.12231,38.1717],[-8.12336,38.17113],[-8.12554,38.17132],[-8.12768,38.17022],[-8.12707,38.16628],[-8.12939,38.16468],[-8.1304,38.16242],[-8.12928,38.16121],[-8.12914,38.15884],[-8.13078,38.15814],[-8.13275,38.1563],[-8.13295,38.15463],[-8.13459,38.15401],[-8.1351,38.1532],[-8.13501,38.15209],[-8.13218,38.15013],[-8.13166,38.1484],[-8.12787,38.14596],[-8.12825,38.14353],[-8.13742,38.1397],[-8.13732,38.13843],[-8.14024,38.13641],[-8.14207,38.13405],[-8.14146,38.13224],[-8.14187,38.13132],[-8.14285,38.13145],[-8.14361,38.13093],[-8.14654,38.1317],[-8.14731,38.13246],[-8.15247,38.13443],[-8.1607,38.13095],[-8.16725,38.13343],[-8.16969,38.1329],[-8.17022,38.13089],[-8.17119,38.13038],[-8.17298,38.12795],[-8.17557,38.12767],[-8.17909,38.12648],[-8.18052,38.12527],[-8.18204,38.12592],[-8.18422,38.1255],[-8.18443,38.12336],[-8.18614,38.12271],[-8.18551,38.12159],[-8.18583,38.12116],[-8.18788,38.12101],[-8.18906,38.11982],[-8.19185,38.12106],[-8.19375,38.12033],[-8.19489,38.12037],[-8.19581,38.11961],[-8.20003,38.12101],[-8.2022,38.12355],[-8.20626,38.12331],[-8.21083,38.12461],[-8.21892,38.1247],[-8.22099,38.12822],[-8.22577,38.13022],[-8.22708,38.13211],[-8.22807,38.13191],[-8.22915,38.13087],[-8.23125,38.1308],[-8.23268,38.13002],[-8.23418,38.12999],[-8.23573,38.12739],[-8.23795,38.12728],[-8.24053,38.12571],[-8.24264,38.12627],[-8.24292,38.12746],[-8.253,38.13123],[-8.2538,38.1324],[-8.25571,38.13266],[-8.25579,38.13383],[-8.25643,38.13432],[-8.25857,38.13362],[-8.26145,38.13369],[-8.26299,38.13508],[-8.262,38.13636],[-8.26351,38.13727],[-8.2644,38.13713],[-8.26878,38.13975],[-8.26849,38.14141],[-8.27053,38.143],[-8.27109,38.14505]]},"properties":{"osm_type":"way","osm_id":163601455,"country":"PT","name":"Canal de Odivelas","operator":null,"wikidata":null,"wikipedia":null}},{"type":"Feature","geometry":{"type":"LineString","coordinates":[[-8.11812,38.18212],[-8.11959,38.18461]]},"properties":{"osm_type":"way","osm_id":163605189,"country":"PT","name":null,"operator":null,"wikidata":null,"wikipedia":null}},{"type":"Feature","geometry":{"type":"LineString","coordinates":[[-8.11569,38.18062],[-8.11812,38.18212]]},"properties":{"osm_type":"way","osm_id":163605211,"country":"PT","name":null,"operator":null,"wikidata":null,"wikipedia":null}},{"type":"Feature","geometry":{"type":"LineString","coordinates":[[-8.01862,39.46147],[-8.01858,39.46132]]},"properties":{"osm_type":"way","osm_id":163927760,"country":"PT","name":null,"operator":null,"wikidata":null,"wikipedia":null}},{"type":"Feature","geometry":{"type":"LineString","coordinates":[[-8.01466,39.46469],[-8.01862,39.46147]]},"properties":{"osm_type":"way","osm_id":163927762,"country":"PT","name":null,"operator":null,"wikidata":null,"wikipedia":null}},{"type":"Feature","geometry":{"type":"LineString","coordinates":[[-8.0146,39.46474],[-8.01466,39.46469]]},"properties":{"osm_type":"way","osm_id":163927764,"country":"PT","name":null,"operator":null,"wikidata":null,"wikipedia":null}},{"type":"Feature","geometry":{"type":"LineString","coordinates":[[-8.00965,39.47133],[-8.01092,39.46774],[-8.01179,39.46672]]},"properties":{"osm_type":"way","osm_id":163927765,"country":"PT","name":null,"operator":null,"wikidata":null,"wikipedia":null}},{"type":"Feature","geometry":{"type":"LineString","coordinates":[[-8.01858,39.46132],[-8.01987,39.46025],[-8.03183,39.45651]]},"properties":{"osm_type":"way","osm_id":163927768,"country":"PT","name":null,"operator":null,"wikidata":null,"wikipedia":null}},{"type":"Feature","geometry":{"type":"LineString","coordinates":[[-17.14465,32.7482],[-17.1496,32.7463]]},"properties":{"osm_type":"way","osm_id":164950839,"country":"PT","name":null,"operator":null,"wikidata":null,"wikipedia":null}},{"type":"Feature","geometry":{"type":"LineString","coordinates":[[-17.13614,32.75417],[-17.1424,32.75053]]},"properties":{"osm_type":"way","osm_id":164950844,"country":"PT","name":null,"operator":null,"wikidata":null,"wikipedia":null}},{"type":"Feature","geometry":{"type":"LineString","coordinates":[[-7.4573,40.22083],[-7.45467,40.22193],[-7.45277,40.22214],[-7.45206,40.2235],[-7.45222,40.22482],[-7.45057,40.22668],[-7.44602,40.22764],[-7.44411,40.22925],[-7.44277,40.22942],[-7.44152,40.2307],[-7.43712,40.23027],[-7.43526,40.23082],[-7.4333,40.23005],[-7.4318,40.23021],[-7.42942,40.22963],[-7.42725,40.23034],[-7.42782,40.2321],[-7.4267,40.23352],[-7.42563,40.23382],[-7.42435,40.23586],[-7.42221,40.23538],[-7.42117,40.23635],[-7.41884,40.23554],[-7.41799,40.23657],[-7.41616,40.23625],[-7.41172,40.23722],[-7.40964,40.23578],[-7.40691,40.2351],[-7.40477,40.23528],[-7.40385,40.23461],[-7.402,40.23481],[-7.40076,40.2357],[-7.39389,40.23589]]},"properties":{"osm_type":"way","osm_id":165830742,"country":"PT","name":"Canal condutor geral","operator":null,"wikidata":null,"wikipedia":null}},{"type":"Feature","geometry":{"type":"LineString","coordinates":[[-7.35249,40.25271],[-7.35096,40.2526]]},"properties":{"osm_type":"way","osm_id":165830743,"country":"PT","name":null,"operator":null,"wikidata":null,"wikipedia":null}},{"type":"Feature","geometry":{"type":"LineString","coordinates":[[-7.35096,40.2526],[-7.3474,40.2498],[-7.34443,40.24958]]},"properties":{"osm_type":"way","osm_id":165830744,"country":"PT","name":null,"operator":null,"wikidata":null,"wikipedia":null}},{"type":"Feature","geometry":{"type":"LineString","coordinates":[[-8.26817,41.85679],[-8.27131,41.85924]]},"properties":{"osm_type":"way","osm_id":166498875,"country":"PT","name":null,"operator":null,"wikidata":null,"wikipedia":null}},{"type":"Feature","geometry":{"type":"LineString","coordinates":[[-8.26821,41.85678],[-8.27142,41.85922]]},"properties":{"osm_type":"way","osm_id":166501179,"country":"PT","name":null,"operator":null,"wikidata":null,"wikipedia":null}},{"type":"Feature","geometry":{"type":"LineString","coordinates":[[-8.20262,41.87465],[-8.20625,41.8731]]},"properties":{"osm_type":"way","osm_id":166501180,"country":"PT","name":"Descarregador de Cheias","operator":null,"wikidata":null,"wikipedia":null}},{"type":"Feature","geometry":{"type":"LineString","coordinates":[[-8.26825,41.85665],[-8.27151,41.8592]]},"properties":{"osm_type":"way","osm_id":166501181,"country":"PT","name":null,"operator":null,"wikidata":null,"wikipedia":null}},{"type":"Feature","geometry":{"type":"LineString","coordinates":[[-8.26171,41.85666],[-8.26445,41.85437],[-8.26692,41.8561]]},"properties":{"osm_type":"way","osm_id":166501182,"country":"PT","name":null,"operator":null,"wikidata":null,"wikipedia":null}},{"type":"Feature","geometry":{"type":"LineString","coordinates":[[-8.20358,41.87147],[-8.2051,41.87094],[-8.20828,41.87177],[-8.20976,41.87122],[-8.21542,41.86676],[-8.22174,41.86621],[-8.22381,41.86512],[-8.23164,41.86422],[-8.23889,41.86194]]},"properties":{"osm_type":"way","osm_id":166501185,"country":"PT","name":null,"operator":null,"wikidata":null,"wikipedia":null}},{"type":"Feature","geometry":{"type":"LineString","coordinates":[[-8.26831,41.85663],[-8.27159,41.85918]]},"properties":{"osm_type":"way","osm_id":166501187,"country":"PT","name":null,"operator":null,"wikidata":null,"wikipedia":null}},{"type":"Feature","geometry":{"type":"LineString","coordinates":[[-8.2708,41.85565],[-8.26836,41.85646]]},"properties":{"osm_type":"way","osm_id":166501188,"country":"PT","name":null,"operator":null,"wikidata":null,"wikipedia":null}},{"type":"Feature","geometry":{"type":"LineString","coordinates":[[-8.23889,41.86194],[-8.23965,41.86166]]},"properties":{"osm_type":"way","osm_id":166501191,"country":"PT","name":null,"operator":null,"wikidata":null,"wikipedia":null}},{"type":"Feature","geometry":{"type":"LineString","coordinates":[[-8.20353,41.87305],[-8.20459,41.8733],[-8.20596,41.87293]]},"properties":{"osm_type":"way","osm_id":166501194,"country":"PT","name":"Descarregador de Cheias","operator":null,"wikidata":null,"wikipedia":null}},{"type":"Feature","geometry":{"type":"LineString","coordinates":[[-8.20355,41.87165],[-8.20358,41.87147]]},"properties":{"osm_type":"way","osm_id":166501198,"country":"PT","name":null,"operator":null,"wikidata":null,"wikipedia":null}},{"type":"Feature","geometry":{"type":"LineString","coordinates":[[-8.23965,41.86166],[-8.24177,41.86275],[-8.24413,41.86204],[-8.24645,41.85971],[-8.25209,41.85911],[-8.25431,41.85955],[-8.25592,41.85937],[-8.25955,41.85841],[-8.26171,41.85666]]},"properties":{"osm_type":"way","osm_id":166502118,"country":"PT","name":null,"operator":null,"wikidata":null,"wikipedia":null}},{"type":"Feature","geometry":{"type":"LineString","coordinates":[[-7.32033,40.266],[-7.31967,40.26748]]},"properties":{"osm_type":"way","osm_id":167250754,"country":"PT","name":null,"operator":null,"wikidata":null,"wikipedia":null}},{"type":"Feature","geometry":{"type":"LineString","coordinates":[[-7.31967,40.26748],[-7.31963,40.26889],[-7.31836,40.27053],[-7.31493,40.27174],[-7.31458,40.27314],[-7.31359,40.27403],[-7.31384,40.27544],[-7.31282,40.27749],[-7.3139,40.27896],[-7.31349,40.28019],[-7.30952,40.28166],[-7.30484,40.28074],[-7.30378,40.28442],[-7.3014,40.28545],[-7.2985,40.28366],[-7.29755,40.28427],[-7.29572,40.28448],[-7.29515,40.2862],[-7.29432,40.28695],[-7.2928,40.28726],[-7.2908,40.28666],[-7.2877,40.28714],[-7.28788,40.28978],[-7.28945,40.29031],[-7.29005,40.29217],[-7.29081,40.29282],[-7.29238,40.29317],[-7.29286,40.29396],[-7.29249,40.29592],[-7.29075,40.29747],[-7.28835,40.29839],[-7.28755,40.29712],[-7.28641,40.29683],[-7.28275,40.29714],[-7.28148,40.29767],[-7.27913,40.29656],[-7.27663,40.29706],[-7.2732,40.29697],[-7.27155,40.2965],[-7.26907,40.29748],[-7.26671,40.29704],[-7.26418,40.29722],[-7.26252,40.29687],[-7.26081,40.29533],[-7.25853,40.29672],[-7.2566,40.29583],[-7.25523,40.29702],[-7.25204,40.29792],[-7.24895,40.29785],[-7.24699,40.29727],[-7.24634,40.29656],[-7.24446,40.29636],[-7.24316,40.29716],[-7.24182,40.29704],[-7.23993,40.29492],[-7.24032,40.29425],[-7.24307,40.29254],[-7.24201,40.29033],[-7.24331,40.28863],[-7.24277,40.28597]]},"properties":{"osm_type":"way","osm_id":167250766,"country":"PT","name":"Canal Condutor Geral - 2º Troço","operator":null,"wikidata":null,"wikipedia":null}},{"type":"Feature","geometry":{"type":"LineString","coordinates":[[-7.24783,40.25627],[-7.2538,40.25561],[-7.26789,40.25762]]},"properties":{"osm_type":"way","osm_id":167250774,"country":"PT","name":null,"operator":null,"wikidata":null,"wikipedia":null}},{"type":"Feature","geometry":{"type":"LineString","coordinates":[[-7.26789,40.25762],[-7.26938,40.25698],[-7.27004,40.25615],[-7.2697,40.25534],[-7.27009,40.25399],[-7.27115,40.2538],[-7.2717,40.25296],[-7.27483,40.25224],[-7.28024,40.25458],[-7.28077,40.25429],[-7.28093,40.25323],[-7.28289,40.2538],[-7.2836,40.25584],[-7.28492,40.25721]]},"properties":{"osm_type":"way","osm_id":167250777,"country":"PT","name":null,"operator":null,"wikidata":null,"wikipedia":null}},{"type":"Feature","geometry":{"type":"LineString","coordinates":[[-7.37874,40.24478],[-7.37492,40.24447],[-7.37313,40.24582],[-7.36773,40.24582],[-7.36744,40.24847],[-7.36651,40.25057],[-7.36572,40.25108],[-7.36207,40.25116],[-7.36078,40.25204],[-7.35907,40.25203],[-7.35635,40.25315],[-7.35249,40.25271]]},"properties":{"osm_type":"way","osm_id":169271080,"country":"PT","name":"Canal Condutor Geral 3º Troço","operator":null,"wikidata":null,"wikipedia":null}},{"type":"Feature","geometry":{"type":"LineString","coordinates":[[-8.37375,37.23986],[-8.37461,37.23909]]},"properties":{"osm_type":"way","osm_id":172320697,"country":"PT","name":"Descarregador de cheias","operator":null,"wikidata":null,"wikipedia":null}},{"type":"Feature","geometry":{"type":"LineString","coordinates":[[-7.79016,40.0788],[-7.79603,40.07734]]},"properties":{"osm_type":"way","osm_id":173151695,"country":"PT","name":null,"operator":null,"wikidata":null,"wikipedia":null}},{"type":"Feature","geometry":{"type":"LineString","coordinates":[[-8.10911,37.9328],[-8.11055,37.93207],[-8.11273,37.93233],[-8.11406,37.93149],[-8.11678,37.93213],[-8.1172,37.93401],[-8.11931,37.93427],[-8.12074,37.93544],[-8.12076,37.93604],[-8.12147,37.93588],[-8.12255,37.93685],[-8.12859,37.93964],[-8.12847,37.94044],[-8.12999,37.94007],[-8.13078,37.94058],[-8.13214,37.94215],[-8.1331,37.94247],[-8.13354,37.9433],[-8.13669,37.94565],[-8.13698,37.94662],[-8.13652,37.94791],[-8.13727,37.94832],[-8.13815,37.94784],[-8.14076,37.94798],[-8.14507,37.94953],[-8.14733,37.95132],[-8.14836,37.95286]]},"properties":{"osm_type":"way","osm_id":175994575,"country":"PT","name":null,"operator":null,"wikidata":null,"wikipedia":null}},{"type":"Feature","geometry":{"type":"LineString","coordinates":[[-8.0825,37.93022],[-8.0851,37.92996],[-8.08923,37.92863],[-8.0929,37.92908],[-8.0948,37.9301]]},"properties":{"osm_type":"way","osm_id":176070931,"country":"PT","name":null,"operator":null,"wikidata":null,"wikipedia":null}},{"type":"Feature","geometry":{"type":"LineString","coordinates":[[-8.10888,37.93259],[-8.10911,37.9328]]},"properties":{"osm_type":"way","osm_id":176070935,"country":"PT","name":null,"operator":null,"wikidata":null,"wikipedia":null}},{"type":"Feature","geometry":{"type":"LineString","coordinates":[[-8.24822,40.2997],[-8.24814,40.29913]]},"properties":{"osm_type":"way","osm_id":180835556,"country":"PT","name":null,"operator":null,"wikidata":null,"wikipedia":null}},{"type":"Feature","geometry":{"type":"LineString","coordinates":[[-8.24814,40.29913],[-8.24811,40.29748]]},"properties":{"osm_type":"way","osm_id":180835564,"country":"PT","name":null,"operator":null,"wikidata":null,"wikipedia":null}},{"type":"Feature","geometry":{"type":"LineString","coordinates":[[-7.60954,39.52193],[-7.61038,39.52341]]},"properties":{"osm_type":"way","osm_id":182566821,"country":"PT","name":null,"operator":null,"wikidata":null,"wikipedia":null}},{"type":"Feature","geometry":{"type":"LineString","coordinates":[[-7.55324,39.4773],[-7.5541,39.47857]]},"properties":{"osm_type":"way","osm_id":182566861,"country":"PT","name":null,"operator":null,"wikidata":null,"wikipedia":null}},{"type":"Feature","geometry":{"type":"LineString","coordinates":[[-7.60837,39.52061],[-7.60843,39.52056]]},"properties":{"osm_type":"way","osm_id":182566879,"country":"PT","name":null,"operator":null,"wikidata":null,"wikipedia":null}},{"type":"Feature","geometry":{"type":"LineString","coordinates":[[-7.60967,39.5205],[-7.60968,39.52055]]},"properties":{"osm_type":"way","osm_id":182566892,"country":"PT","name":null,"operator":null,"wikidata":null,"wikipedia":null}},{"type":"Feature","geometry":{"type":"LineString","coordinates":[[-7.61038,39.52341],[-7.61028,39.52642]]},"properties":{"osm_type":"way","osm_id":182567013,"country":"PT","name":null,"operator":null,"wikidata":null,"wikipedia":null}},{"type":"Feature","geometry":{"type":"LineString","coordinates":[[-7.55413,39.47862],[-7.55409,39.47986],[-7.55478,39.48035]]},"properties":{"osm_type":"way","osm_id":182567104,"country":"PT","name":null,"operator":null,"wikidata":null,"wikipedia":null}},{"type":"Feature","geometry":{"type":"LineString","coordinates":[[-7.60968,39.52055],[-7.6096,39.52187]]},"properties":{"osm_type":"way","osm_id":182567108,"country":"PT","name":null,"operator":null,"wikidata":null,"wikipedia":null}},{"type":"Feature","geometry":{"type":"LineString","coordinates":[[-8.3537,41.81268],[-8.35381,41.81267]]},"properties":{"osm_type":"way","osm_id":183713974,"country":"PT","name":"Descarregador de cheias","operator":null,"wikidata":null,"wikipedia":null}},{"type":"Feature","geometry":{"type":"LineString","coordinates":[[-7.92597,38.15623],[-7.9258,38.15581]]},"properties":{"osm_type":"way","osm_id":183834937,"country":"PT","name":null,"operator":null,"wikidata":null,"wikipedia":null}},{"type":"Feature","geometry":{"type":"LineString","coordinates":[[-8.52062,37.82321],[-8.52051,37.82319]]},"properties":{"osm_type":"way","osm_id":183868389,"country":"PT","name":null,"operator":null,"wikidata":null,"wikipedia":null}},{"type":"Feature","geometry":{"type":"LineString","coordinates":[[-8.44446,37.861],[-8.44357,37.86238],[-8.44307,37.86699],[-8.44223,37.86963]]},"properties":{"osm_type":"way","osm_id":183868390,"country":"PT","name":null,"operator":null,"wikidata":null,"wikipedia":null}},{"type":"Feature","geometry":{"type":"LineString","coordinates":[[-8.43641,37.87937],[-8.43577,37.88076],[-8.43782,37.88127],[-8.43901,37.88215],[-8.44133,37.88548],[-8.43768,37.88867]]},"properties":{"osm_type":"way","osm_id":183868392,"country":"PT","name":null,"operator":null,"wikidata":null,"wikipedia":null}},{"type":"Feature","geometry":{"type":"LineString","coordinates":[[-8.45124,37.85539],[-8.44932,37.85754],[-8.44636,37.85823],[-8.44446,37.861]]},"properties":{"osm_type":"way","osm_id":183868393,"country":"PT","name":null,"operator":null,"wikidata":null,"wikipedia":null}},{"type":"Feature","geometry":{"type":"LineString","coordinates":[[-8.44223,37.86963],[-8.44083,37.87322],[-8.43641,37.87937]]},"properties":{"osm_type":"way","osm_id":183868394,"country":"PT","name":null,"operator":null,"wikidata":null,"wikipedia":null}},{"type":"Feature","geometry":{"type":"LineString","coordinates":[[-8.52716,37.82486],[-8.52637,37.82401],[-8.52438,37.82408],[-8.52062,37.82321]]},"properties":{"osm_type":"way","osm_id":183868395,"country":"PT","name":null,"operator":null,"wikidata":null,"wikipedia":null}},{"type":"Feature","geometry":{"type":"LineString","coordinates":[[-8.52051,37.82319],[-8.51885,37.82262],[-8.5186,37.82169],[-8.51528,37.82114],[-8.51319,37.82191],[-8.51215,37.82339],[-8.50661,37.82459],[-8.50564,37.82515],[-8.50507,37.82623]]},"properties":{"osm_type":"way","osm_id":183868400,"country":"PT","name":null,"operator":null,"wikidata":null,"wikipedia":null}},{"type":"Feature","geometry":{"type":"LineString","coordinates":[[-8.43768,37.88867],[-8.43703,37.88922]]},"properties":{"osm_type":"way","osm_id":183869892,"country":"PT","name":null,"operator":null,"wikidata":null,"wikipedia":null}},{"type":"Feature","geometry":{"type":"LineString","coordinates":[[-8.41903,37.8927],[-8.41885,37.89491],[-8.42372,37.90643]]},"properties":{"osm_type":"way","osm_id":183869895,"country":"PT","name":null,"operator":null,"wikidata":null,"wikipedia":null}},{"type":"Feature","geometry":{"type":"LineString","coordinates":[[-8.43703,37.88922],[-8.43566,37.88831],[-8.42552,37.88789]]},"properties":{"osm_type":"way","osm_id":183869896,"country":"PT","name":null,"operator":null,"wikidata":null,"wikipedia":null}},{"type":"Feature","geometry":{"type":"LineString","coordinates":[[-7.85371,41.738],[-7.85395,41.73774]]},"properties":{"osm_type":"way","osm_id":183928006,"country":"PT","name":"Descarga de fundo","operator":null,"wikidata":null,"wikipedia":null}},{"type":"Feature","geometry":{"type":"LineString","coordinates":[[-7.85564,41.73835],[-7.85561,41.73801]]},"properties":{"osm_type":"way","osm_id":183928007,"country":"PT","name":"Descarregador de cheias","operator":null,"wikidata":null,"wikipedia":null}},{"type":"Feature","geometry":{"type":"LineString","coordinates":[[-7.85557,41.73835],[-7.85554,41.73802]]},"properties":{"osm_type":"way","osm_id":183928021,"country":"PT","name":"Descarregador de cheias","operator":null,"wikidata":null,"wikipedia":null}},{"type":"Feature","geometry":{"type":"LineString","coordinates":[[-7.85356,41.7379],[-7.85383,41.73767]]},"properties":{"osm_type":"way","osm_id":183928029,"country":"PT","name":"Descarga de fundo","operator":null,"wikidata":null,"wikipedia":null}},{"type":"Feature","geometry":{"type":"LineString","coordinates":[[-8.17447,38.09315],[-8.17572,38.09379],[-8.17663,38.09541],[-8.17942,38.09529],[-8.18092,38.09657],[-8.18171,38.09917],[-8.18342,38.10107],[-8.18337,38.10157],[-8.18176,38.10314],[-8.17421,38.10653],[-8.17057,38.10742],[-8.16952,38.1091],[-8.16794,38.10911],[-8.16678,38.11206],[-8.16479,38.11367],[-8.15894,38.11515],[-8.15775,38.11474],[-8.15742,38.11391],[-8.1548,38.11436],[-8.15359,38.11386],[-8.15304,38.1153]]},"properties":{"osm_type":"way","osm_id":183970663,"country":"PT","name":null,"operator":null,"wikidata":null,"wikipedia":null}},{"type":"Feature","geometry":{"type":"LineString","coordinates":[[-8.19335,38.05916],[-8.19363,38.0609],[-8.19523,38.06232],[-8.19503,38.06358],[-8.20053,38.06481]]},"properties":{"osm_type":"way","osm_id":183970665,"country":"PT","name":null,"operator":null,"wikidata":null,"wikipedia":null}},{"type":"Feature","geometry":{"type":"LineString","coordinates":[[-8.182,38.08416],[-8.17905,38.08483],[-8.17739,38.08605]]},"properties":{"osm_type":"way","osm_id":183970666,"country":"PT","name":null,"operator":null,"wikidata":null,"wikipedia":null}},{"type":"Feature","geometry":{"type":"LineString","coordinates":[[-8.17303,38.09319],[-8.17447,38.09315]]},"properties":{"osm_type":"way","osm_id":183970667,"country":"PT","name":null,"operator":null,"wikidata":null,"wikipedia":null}},{"type":"Feature","geometry":{"type":"LineString","coordinates":[[-8.20053,38.06481],[-8.20043,38.06673],[-8.19547,38.07665],[-8.19359,38.0786],[-8.19203,38.07908],[-8.1923,38.08089],[-8.19123,38.08131],[-8.19101,38.08223],[-8.18841,38.08231],[-8.1869,38.08405],[-8.18446,38.08346]]},"properties":{"osm_type":"way","osm_id":183970668,"country":"PT","name":null,"operator":null,"wikidata":null,"wikipedia":null}},{"type":"Feature","geometry":{"type":"LineString","coordinates":[[-8.17281,38.09319],[-8.17303,38.09319]]},"properties":{"osm_type":"way","osm_id":183970671,"country":"PT","name":null,"operator":null,"wikidata":null,"wikipedia":null}},{"type":"Feature","geometry":{"type":"LineString","coordinates":[[-8.17269,38.09296],[-8.17281,38.09319]]},"properties":{"osm_type":"way","osm_id":183970675,"country":"PT","name":null,"operator":null,"wikidata":null,"wikipedia":null}},{"type":"Feature","geometry":{"type":"LineString","coordinates":[[-8.17531,38.08857],[-8.17441,38.09009]]},"properties":{"osm_type":"way","osm_id":183970677,"country":"PT","name":null,"operator":null,"wikidata":null,"wikipedia":null}},{"type":"Feature","geometry":{"type":"LineString","coordinates":[[-8.18446,38.08346],[-8.182,38.08416]]},"properties":{"osm_type":"way","osm_id":183970678,"country":"PT","name":null,"operator":null,"wikidata":null,"wikipedia":null}},{"type":"Feature","geometry":{"type":"LineString","coordinates":[[-8.17739,38.08605],[-8.17531,38.08857]]},"properties":{"osm_type":"way","osm_id":183970680,"country":"PT","name":null,"operator":null,"wikidata":null,"wikipedia":null}},{"type":"Feature","geometry":{"type":"LineString","coordinates":[[-8.17447,38.09305],[-8.17447,38.09315]]},"properties":{"osm_type":"way","osm_id":183970682,"country":"PT","name":null,"operator":null,"wikidata":null,"wikipedia":null}},{"type":"Feature","geometry":{"type":"LineString","coordinates":[[-7.12955,41.48054],[-7.1301,41.48191]]},"properties":{"osm_type":"way","osm_id":184402736,"country":"PT","name":"Descarregador de cheias","operator":null,"wikidata":null,"wikipedia":null}},{"type":"Feature","geometry":{"type":"LineString","coordinates":[[-8.13732,41.58561],[-8.13737,41.5856]]},"properties":{"osm_type":"way","osm_id":184819558,"country":"PT","name":"Descarregador de cheias","operator":null,"wikidata":null,"wikipedia":null}},{"type":"Feature","geometry":{"type":"LineString","coordinates":[[-8.13737,41.58573],[-8.13744,41.58572]]},"properties":{"osm_type":"way","osm_id":184819560,"country":"PT","name":"Descarregador de cheias","operator":null,"wikidata":null,"wikipedia":null}},{"type":"Feature","geometry":{"type":"LineString","coordinates":[[-8.13737,41.5856],[-8.13772,41.58555]]},"properties":{"osm_type":"way","osm_id":184819563,"country":"PT","name":"Descarregador de cheias","operator":null,"wikidata":null,"wikipedia":null}},{"type":"Feature","geometry":{"type":"LineString","coordinates":[[-8.13742,41.58585],[-8.13833,41.58572]]},"properties":{"osm_type":"way","osm_id":184819567,"country":"PT","name":"Canal de adução do Aproveitamento Hidroelétrico de Guilhofrei","operator":null,"wikidata":null,"wikipedia":null}},{"type":"Feature","geometry":{"type":"LineString","coordinates":[[-8.1386,41.58568],[-8.14054,41.58335],[-8.14414,41.58033],[-8.14676,41.57984],[-8.14783,41.57919],[-8.1508,41.57932]]},"properties":{"osm_type":"way","osm_id":184819568,"country":"PT","name":"Canal de adução da Central Hidroelétrica do Ermal","operator":null,"wikidata":null,"wikipedia":null}},{"type":"Feature","geometry":{"type":"LineString","coordinates":[[-8.15778,41.57593],[-8.15791,41.57417],[-8.16082,41.57409],[-8.16245,41.57496],[-8.16281,41.57668],[-8.16752,41.57756]]},"properties":{"osm_type":"way","osm_id":184819569,"country":"PT","name":null,"operator":null,"wikidata":null,"wikipedia":null}},{"type":"Feature","geometry":{"type":"LineString","coordinates":[[-8.16373,41.50346],[-8.16364,41.50329]]},"properties":{"osm_type":"way","osm_id":184819597,"country":"PT","name":"Descarregador de cheias","operator":null,"wikidata":null,"wikipedia":null}},{"type":"Feature","geometry":{"type":"LineString","coordinates":[[-8.33592,37.87964],[-8.33426,37.8806],[-8.33425,37.88196],[-8.33374,37.8828],[-8.333,37.88296],[-8.33206,37.88458],[-8.3321,37.88739]]},"properties":{"osm_type":"way","osm_id":184849551,"country":"PT","name":"Canal do Alto Sado","operator":null,"wikidata":null,"wikipedia":null}},{"type":"Feature","geometry":{"type":"LineString","coordinates":[[-8.3359,37.90989],[-8.33559,37.91176],[-8.33388,37.91328],[-8.33431,37.91483],[-8.33519,37.91483],[-8.33793,37.91358],[-8.34054,37.91432],[-8.34186,37.91917],[-8.34719,37.92584],[-8.34604,37.92777],[-8.34493,37.92839],[-8.34479,37.93001]]},"properties":{"osm_type":"way","osm_id":184849555,"country":"PT","name":"Canal do Alto Sado","operator":null,"wikidata":null,"wikipedia":null}},{"type":"Feature","geometry":{"type":"LineString","coordinates":[[-8.33764,37.89906],[-8.3359,37.90989]]},"properties":{"osm_type":"way","osm_id":184849558,"country":"PT","name":"Canal do Alto Sado","operator":null,"wikidata":null,"wikipedia":null}},{"type":"Feature","geometry":{"type":"LineString","coordinates":[[-8.33211,37.8885],[-8.33216,37.8894],[-8.33346,37.89027],[-8.33391,37.89138],[-8.33255,37.89281],[-8.33301,37.89317],[-8.33471,37.89317],[-8.33562,37.89416],[-8.33571,37.89507],[-8.33674,37.8954],[-8.3378,37.8981],[-8.33764,37.89906]]},"properties":{"osm_type":"way","osm_id":184849559,"country":"PT","name":"Canal do Alto Sado","operator":null,"wikidata":null,"wikipedia":null}},{"type":"Feature","geometry":{"type":"LineString","coordinates":[[-8.3321,37.88739],[-8.33211,37.8885]]},"properties":{"osm_type":"way","osm_id":184849572,"country":"PT","name":"Canal do Alto Sado","operator":null,"wikidata":null,"wikipedia":null}},{"type":"Feature","geometry":{"type":"LineString","coordinates":[[-8.47206,37.28637],[-8.47161,37.2849]]},"properties":{"osm_type":"way","osm_id":186185061,"country":"PT","name":"Descarregador de Cheias","operator":null,"wikidata":null,"wikipedia":null}},{"type":"Feature","geometry":{"type":"LineString","coordinates":[[-8.38258,37.26226],[-8.38255,37.26213]]},"properties":{"osm_type":"way","osm_id":186358038,"country":"PT","name":"Descarga de fundo","operator":null,"wikidata":null,"wikipedia":null}},{"type":"Feature","geometry":{"type":"LineString","coordinates":[[-7.70911,37.12917],[-7.70928,37.12892]]},"properties":{"osm_type":"way","osm_id":186376089,"country":"PT","name":null,"operator":null,"wikidata":null,"wikipedia":null}},{"type":"Feature","geometry":{"type":"LineString","coordinates":[[-7.70819,37.12996],[-7.70845,37.12977]]},"properties":{"osm_type":"way","osm_id":186376090,"country":"PT","name":null,"operator":null,"wikidata":null,"wikipedia":null}},{"type":"Feature","geometry":{"type":"LineString","coordinates":[[-7.70845,37.12977],[-7.70911,37.12917]]},"properties":{"osm_type":"way","osm_id":186376091,"country":"PT","name":null,"operator":null,"wikidata":null,"wikipedia":null}},{"type":"Feature","geometry":{"type":"LineString","coordinates":[[-17.14709,32.74618],[-17.14961,32.74627]]},"properties":{"osm_type":"way","osm_id":186884873,"country":"PT","name":"Levada da Rocha Vermelha","operator":null,"wikidata":null,"wikipedia":null}},{"type":"Feature","geometry":{"type":"LineString","coordinates":[[-7.12807,41.48075],[-7.12899,41.48195]]},"properties":{"osm_type":"way","osm_id":187060720,"country":"PT","name":"Descarga de fundo","operator":null,"wikidata":null,"wikipedia":null}},{"type":"Feature","geometry":{"type":"LineString","coordinates":[[-7.46885,37.34646],[-7.46884,37.34652]]},"properties":{"osm_type":"way","osm_id":187080487,"country":"PT","name":null,"operator":null,"wikidata":null,"wikipedia":null}},{"type":"Feature","geometry":{"type":"LineString","coordinates":[[-6.65993,41.39443],[-6.65984,41.39444]]},"properties":{"osm_type":"way","osm_id":187238091,"country":"PT","name":"Descarregador de cheias","operator":null,"wikidata":null,"wikipedia":null}},{"type":"Feature","geometry":{"type":"LineString","coordinates":[[-6.95731,41.36923],[-6.95539,41.36809]]},"properties":{"osm_type":"way","osm_id":187939191,"country":"PT","name":"Descarga de fundo","operator":null,"wikidata":null,"wikipedia":null}},{"type":"Feature","geometry":{"type":"LineString","coordinates":[[-7.32666,40.53256],[-7.32701,40.53269]]},"properties":{"osm_type":"way","osm_id":189226392,"country":"PT","name":null,"operator":null,"wikidata":null,"wikipedia":null}},{"type":"Feature","geometry":{"type":"LineString","coordinates":[[-7.15332,41.41287],[-7.15384,41.41386],[-7.15327,41.41485],[-7.15368,41.41542],[-7.15295,41.41582],[-7.1528,41.41685],[-7.15144,41.41684],[-7.15113,41.41896],[-7.14751,41.41849],[-7.14558,41.42045],[-7.14416,41.42103],[-7.14255,41.4192],[-7.14064,41.4183],[-7.13905,41.41813],[-7.13638,41.42017],[-7.1354,41.42185]]},"properties":{"osm_type":"way","osm_id":189257559,"country":"PT","name":null,"operator":null,"wikidata":null,"wikipedia":null}},{"type":"Feature","geometry":{"type":"LineString","coordinates":[[-7.15259,41.41091],[-7.15224,41.41166],[-7.1533,41.41278]]},"properties":{"osm_type":"way","osm_id":189257560,"country":"PT","name":null,"operator":null,"wikidata":null,"wikipedia":null}},{"type":"Feature","geometry":{"type":"LineString","coordinates":[[-7.15516,41.40154],[-7.15504,41.40269],[-7.15343,41.40352],[-7.15374,41.40428],[-7.15242,41.40449],[-7.15253,41.40545],[-7.15133,41.4057],[-7.15076,41.40682],[-7.1508,41.40785],[-7.15159,41.40725],[-7.15313,41.40737],[-7.15252,41.40818],[-7.15288,41.40887],[-7.15155,41.4093]]},"properties":{"osm_type":"way","osm_id":189257561,"country":"PT","name":null,"operator":null,"wikidata":null,"wikipedia":null}},{"type":"Feature","geometry":{"type":"LineString","coordinates":[[-7.15561,41.3971],[-7.15555,41.39729]]},"properties":{"osm_type":"way","osm_id":189257563,"country":"PT","name":null,"operator":null,"wikidata":null,"wikipedia":null}},{"type":"Feature","geometry":{"type":"LineString","coordinates":[[-7.15553,41.39733],[-7.15417,41.39878],[-7.15481,41.4],[-7.15331,41.40036],[-7.15352,41.40106],[-7.15248,41.40175],[-7.15358,41.402],[-7.15511,41.40151]]},"properties":{"osm_type":"way","osm_id":189257565,"country":"PT","name":null,"operator":null,"wikidata":null,"wikipedia":null}},{"type":"Feature","geometry":{"type":"LineString","coordinates":[[-7.15142,41.40934],[-7.14947,41.41033],[-7.15062,41.41023],[-7.15258,41.41084]]},"properties":{"osm_type":"way","osm_id":189257567,"country":"PT","name":null,"operator":null,"wikidata":null,"wikipedia":null}},{"type":"Feature","geometry":{"type":"LineString","coordinates":[[-8.20214,38.05932],[-8.20135,38.05842],[-8.1984,38.05732],[-8.19777,38.0561],[-8.2005,38.05567],[-8.2029,38.05415],[-8.20382,38.054],[-8.20541,38.05542],[-8.21461,38.05525],[-8.21872,38.05646],[-8.21916,38.05686],[-8.21907,38.05869],[-8.22069,38.05967],[-8.2228,38.05863],[-8.22655,38.05906]]},"properties":{"osm_type":"way","osm_id":189850374,"country":"PT","name":null,"operator":null,"wikidata":null,"wikipedia":null}},{"type":"Feature","geometry":{"type":"LineString","coordinates":[[-8.00625,38.07069],[-8.00779,38.07017],[-8.01092,38.07024],[-8.01456,38.06496],[-8.01996,38.06576],[-8.02872,38.06913],[-8.04023,38.0677],[-8.04694,38.06943]]},"properties":{"osm_type":"way","osm_id":190246808,"country":"PT","name":null,"operator":null,"wikidata":null,"wikipedia":null}},{"type":"Feature","geometry":{"type":"LineString","coordinates":[[-8.07453,38.06172],[-8.07461,38.06371]]},"properties":{"osm_type":"way","osm_id":190246810,"country":"PT","name":null,"operator":null,"wikidata":null,"wikipedia":null}},{"type":"Feature","geometry":{"type":"LineString","coordinates":[[-8.05286,38.06782],[-8.05813,38.06762],[-8.05859,38.06513],[-8.06145,38.06274],[-8.06401,38.06229],[-8.06598,38.06283],[-8.06823,38.06413],[-8.07019,38.0641],[-8.07069,38.06357],[-8.07022,38.06251],[-8.072,38.06134],[-8.07562,38.06153],[-8.07658,38.05607],[-8.07888,38.05331],[-8.07952,38.05009],[-8.08095,38.0486],[-8.08121,38.04453],[-8.08187,38.04417],[-8.08616,38.0442]]},"properties":{"osm_type":"way","osm_id":190246811,"country":"PT","name":null,"operator":null,"wikidata":null,"wikipedia":null}},{"type":"Feature","geometry":{"type":"LineString","coordinates":[[-8.04993,38.07018],[-8.05312,38.07029]]},"properties":{"osm_type":"way","osm_id":190246817,"country":"PT","name":null,"operator":null,"wikidata":null,"wikipedia":null}},{"type":"Feature","geometry":{"type":"LineString","coordinates":[[-8.04665,38.06942],[-8.04682,38.0699],[-8.04951,38.07009]]},"properties":{"osm_type":"way","osm_id":190246819,"country":"PT","name":null,"operator":null,"wikidata":null,"wikipedia":null}},{"type":"Feature","geometry":{"type":"LineString","coordinates":[[-7.97587,38.08216],[-7.98051,38.08479],[-7.98315,38.0849],[-7.98528,38.08426],[-7.98879,38.08157],[-7.99127,38.07833],[-7.99689,38.07483],[-8.00238,38.07205],[-8.00625,38.07069]]},"properties":{"osm_type":"way","osm_id":190247394,"country":"PT","name":null,"operator":null,"wikidata":null,"wikipedia":null}},{"type":"Feature","geometry":{"type":"LineString","coordinates":[[-8.04694,38.06943],[-8.05196,38.06957],[-8.05224,38.06797],[-8.05286,38.06782]]},"properties":{"osm_type":"way","osm_id":190270368,"country":"PT","name":null,"operator":null,"wikidata":null,"wikipedia":null}},{"type":"Feature","geometry":{"type":"LineString","coordinates":[[-8.08585,38.04434],[-8.08585,38.04462]]},"properties":{"osm_type":"way","osm_id":190270370,"country":"PT","name":null,"operator":null,"wikidata":null,"wikipedia":null}},{"type":"Feature","geometry":{"type":"Polygon","coordinates":[[[-8.06814,37.95757],[-8.06504,37.95601],[-8.06374,37.95473],[-8.06529,37.95605],[-8.06814,37.95757]]]},"properties":{"osm_type":"way","osm_id":190293560,"country":"PT","name":null,"operator":null,"wikidata":null,"wikipedia":null}},{"type":"Feature","geometry":{"type":"LineString","coordinates":[[-8.07188,37.99683],[-8.07175,37.99515],[-8.06922,37.99227],[-8.06857,37.98921],[-8.06933,37.98641],[-8.06953,37.97787],[-8.07087,37.97185],[-8.06907,37.96279],[-8.06802,37.96009],[-8.06878,37.958],[-8.06814,37.95757]]},"properties":{"osm_type":"way","osm_id":190293581,"country":"PT","name":null,"operator":null,"wikidata":null,"wikipedia":null}},{"type":"Feature","geometry":{"type":"LineString","coordinates":[[-7.60005,40.2895],[-7.60083,40.28883],[-7.60077,40.28733],[-7.60007,40.28653],[-7.60174,40.28231],[-7.6016,40.28137],[-7.60251,40.28095],[-7.60246,40.27986],[-7.60348,40.27932],[-7.60546,40.2765],[-7.60569,40.27398]]},"properties":{"osm_type":"way","osm_id":191467251,"country":"PT","name":null,"operator":null,"wikidata":null,"wikipedia":null}},{"type":"Feature","geometry":{"type":"LineString","coordinates":[[-8.45346,40.7633],[-8.45313,40.76178],[-8.45672,40.7601],[-8.45948,40.7545],[-8.45964,40.75322],[-8.45751,40.75055],[-8.45796,40.74889],[-8.45676,40.74728]]},"properties":{"osm_type":"way","osm_id":192165239,"country":"PT","name":"Canal da Mini-Hidrica do Palhal","operator":null,"wikidata":null,"wikipedia":null}},{"type":"Feature","geometry":{"type":"LineString","coordinates":[[-8.45676,40.74728],[-8.45986,40.74446]]},"properties":{"osm_type":"way","osm_id":192165240,"country":"PT","name":"Tunel do Canal da Mini-Hidrica do Palhal","operator":null,"wikidata":null,"wikipedia":null}},{"type":"Feature","geometry":{"type":"LineString","coordinates":[[-8.46032,40.74286],[-8.46004,40.74294]]},"properties":{"osm_type":"way","osm_id":192165485,"country":"PT","name":null,"operator":null,"wikidata":null,"wikipedia":null}},{"type":"Feature","geometry":{"type":"LineString","coordinates":[[-8.45987,40.74381],[-8.46032,40.74286]]},"properties":{"osm_type":"way","osm_id":192165487,"country":"PT","name":null,"operator":null,"wikidata":null,"wikipedia":null}},{"type":"Feature","geometry":{"type":"LineString","coordinates":[[-8.45986,40.74446],[-8.45987,40.74381]]},"properties":{"osm_type":"way","osm_id":192165488,"country":"PT","name":null,"operator":null,"wikidata":null,"wikipedia":null}},{"type":"Feature","geometry":{"type":"LineString","coordinates":[[-8.47641,37.28771],[-8.47942,37.28482]]},"properties":{"osm_type":"way","osm_id":195615135,"country":"PT","name":"Descarga de Fundo","operator":null,"wikidata":null,"wikipedia":null}},{"type":"Feature","geometry":{"type":"LineString","coordinates":[[-8.40689,41.11721],[-8.40865,41.11771],[-8.40951,41.11717]]},"properties":{"osm_type":"way","osm_id":196224787,"country":"PT","name":null,"operator":null,"wikidata":null,"wikipedia":null}},{"type":"Feature","geometry":{"type":"LineString","coordinates":[[-8.40931,41.1172],[-8.40989,41.11708]]},"properties":{"osm_type":"way","osm_id":196224789,"country":"PT","name":null,"operator":null,"wikidata":null,"wikipedia":null}},{"type":"Feature","geometry":{"type":"LineString","coordinates":[[-8.60878,37.46948],[-8.61157,37.46921],[-8.61368,37.4702]]},"properties":{"osm_type":"way","osm_id":196941107,"country":"PT","name":null,"operator":null,"wikidata":null,"wikipedia":null}},{"type":"Feature","geometry":{"type":"LineString","coordinates":[[-8.57487,37.46488],[-8.57758,37.46389]]},"properties":{"osm_type":"way","osm_id":196941108,"country":"PT","name":null,"operator":null,"wikidata":null,"wikipedia":null}},{"type":"Feature","geometry":{"type":"LineString","coordinates":[[-8.60743,37.46971],[-8.60878,37.46948]]},"properties":{"osm_type":"way","osm_id":196941109,"country":"PT","name":null,"operator":null,"wikidata":null,"wikipedia":null}},{"type":"Feature","geometry":{"type":"LineString","coordinates":[[-8.60341,37.46883],[-8.60635,37.47063],[-8.60729,37.47068],[-8.6072,37.46979],[-8.60803,37.46988]]},"properties":{"osm_type":"way","osm_id":196941600,"country":"PT","name":null,"operator":null,"wikidata":null,"wikipedia":null}},{"type":"Feature","geometry":{"type":"LineString","coordinates":[[-8.59928,37.46822],[-8.60341,37.46883]]},"properties":{"osm_type":"way","osm_id":196941601,"country":"PT","name":null,"operator":null,"wikidata":null,"wikipedia":null}},{"type":"Feature","geometry":{"type":"LineString","coordinates":[[-8.59006,37.46494],[-8.59234,37.46574]]},"properties":{"osm_type":"way","osm_id":196941715,"country":"PT","name":null,"operator":null,"wikidata":null,"wikipedia":null}},{"type":"Feature","geometry":{"type":"LineString","coordinates":[[-8.58743,37.46473],[-8.59006,37.46494]]},"properties":{"osm_type":"way","osm_id":196941717,"country":"PT","name":null,"operator":null,"wikidata":null,"wikipedia":null}},{"type":"Feature","geometry":{"type":"LineString","coordinates":[[-8.58277,37.46485],[-8.58459,37.46451]]},"properties":{"osm_type":"way","osm_id":196941718,"country":"PT","name":null,"operator":null,"wikidata":null,"wikipedia":null}},{"type":"Feature","geometry":{"type":"LineString","coordinates":[[-8.59415,37.46618],[-8.59588,37.4668],[-8.59678,37.46771],[-8.59928,37.46822]]},"properties":{"osm_type":"way","osm_id":196941719,"country":"PT","name":null,"operator":null,"wikidata":null,"wikipedia":null}},{"type":"Feature","geometry":{"type":"LineString","coordinates":[[-8.59234,37.46574],[-8.59415,37.46618]]},"properties":{"osm_type":"way","osm_id":196941720,"country":"PT","name":null,"operator":null,"wikidata":null,"wikipedia":null}},{"type":"Feature","geometry":{"type":"LineString","coordinates":[[-8.58459,37.46451],[-8.58552,37.46425],[-8.58743,37.46473]]},"properties":{"osm_type":"way","osm_id":196941721,"country":"PT","name":null,"operator":null,"wikidata":null,"wikipedia":null}},{"type":"Feature","geometry":{"type":"LineString","coordinates":[[-8.57758,37.46389],[-8.5793,37.46306]]},"properties":{"osm_type":"way","osm_id":196941800,"country":"PT","name":null,"operator":null,"wikidata":null,"wikipedia":null}},{"type":"Feature","geometry":{"type":"LineString","coordinates":[[-8.5793,37.46306],[-8.58212,37.4649],[-8.58277,37.46485]]},"properties":{"osm_type":"way","osm_id":196941801,"country":"PT","name":null,"operator":null,"wikidata":null,"wikipedia":null}},{"type":"Feature","geometry":{"type":"LineString","coordinates":[[-8.56339,37.46712],[-8.57487,37.46488]]},"properties":{"osm_type":"way","osm_id":196942489,"country":"PT","name":null,"operator":null,"wikidata":null,"wikipedia":null}},{"type":"Feature","geometry":{"type":"LineString","coordinates":[[-8.44167,37.50602],[-8.44295,37.50533],[-8.44368,37.50618],[-8.44436,37.50528],[-8.44522,37.50532],[-8.44575,37.50421],[-8.44617,37.50462],[-8.44731,37.50416]]},"properties":{"osm_type":"way","osm_id":196942805,"country":"PT","name":null,"operator":null,"wikidata":null,"wikipedia":null}},{"type":"Feature","geometry":{"type":"LineString","coordinates":[[-8.44731,37.50416],[-8.44984,37.50319]]},"properties":{"osm_type":"way","osm_id":196942806,"country":"PT","name":null,"operator":null,"wikidata":null,"wikipedia":null}},{"type":"Feature","geometry":{"type":"LineString","coordinates":[[-8.44984,37.50319],[-8.45185,37.50361],[-8.45239,37.50203],[-8.45208,37.49972],[-8.45336,37.49965],[-8.45776,37.50098],[-8.45828,37.49843]]},"properties":{"osm_type":"way","osm_id":196942808,"country":"PT","name":null,"operator":null,"wikidata":null,"wikipedia":null}},{"type":"Feature","geometry":{"type":"LineString","coordinates":[[-8.45828,37.49843],[-8.45809,37.49765]]},"properties":{"osm_type":"way","osm_id":196942809,"country":"PT","name":null,"operator":null,"wikidata":null,"wikipedia":null}},{"type":"Feature","geometry":{"type":"LineString","coordinates":[[-8.43762,37.51265],[-8.43783,37.51219]]},"properties":{"osm_type":"way","osm_id":196943093,"country":"PT","name":null,"operator":null,"wikidata":null,"wikipedia":null}},{"type":"Feature","geometry":{"type":"LineString","coordinates":[[-7.5138,37.55207],[-7.51179,37.55103]]},"properties":{"osm_type":"way","osm_id":201508657,"country":"PT","name":"Canal del Granado","operator":null,"wikidata":null,"wikipedia":null}},{"type":"Feature","geometry":{"type":"LineString","coordinates":[[-7.70817,39.57949],[-7.70942,39.58023],[-7.70905,39.58165],[-7.70971,39.5819],[-7.70958,39.58233],[-7.70879,39.58243],[-7.70917,39.58316],[-7.70833,39.58405],[-7.70934,39.5859],[-7.70867,39.58672],[-7.70977,39.58812],[-7.70927,39.589],[-7.71056,39.58992]]},"properties":{"osm_type":"way","osm_id":205572923,"country":"PT","name":"Canal de adução do Aproveitamento Hidroelétrico da Velada","operator":null,"wikidata":null,"wikipedia":null}},{"type":"Feature","geometry":{"type":"LineString","coordinates":[[-7.7075,39.57965],[-7.70817,39.57949]]},"properties":{"osm_type":"way","osm_id":205572925,"country":"PT","name":"Canal de adução do Aproveitamento Hidroelétrico da Velada","operator":null,"wikidata":null,"wikipedia":null}},{"type":"Feature","geometry":{"type":"LineString","coordinates":[[-7.70693,39.57983],[-7.7075,39.57965]]},"properties":{"osm_type":"way","osm_id":205572928,"country":"PT","name":"Canal de adução do Aproveitamento Hidroelétrico da Velada","operator":null,"wikidata":null,"wikipedia":null}},{"type":"Feature","geometry":{"type":"LineString","coordinates":[[-7.69217,39.58319],[-7.69291,39.5835],[-7.69425,39.58314]]},"properties":{"osm_type":"way","osm_id":205577720,"country":"PT","name":"Canal de adução do Aproveitamento Hidroelétrico da Velada","operator":null,"wikidata":null,"wikipedia":null}},{"type":"Feature","geometry":{"type":"LineString","coordinates":[[-7.69425,39.58314],[-7.69678,39.58362]]},"properties":{"osm_type":"way","osm_id":205577721,"country":"PT","name":"Canal de adução do Aproveitamento Hidroelétrico da Velada","operator":null,"wikidata":null,"wikipedia":null}},{"type":"Feature","geometry":{"type":"LineString","coordinates":[[-7.69714,39.58367],[-7.70693,39.57983]]},"properties":{"osm_type":"way","osm_id":205577722,"country":"PT","name":"Canal de adução do Aproveitamento Hidroelétrico da Velada","operator":null,"wikidata":null,"wikipedia":null}},{"type":"Feature","geometry":{"type":"LineString","coordinates":[[-7.69025,39.58104],[-7.69217,39.58319]]},"properties":{"osm_type":"way","osm_id":205577723,"country":"PT","name":"Canal de adução do Aproveitamento Hidroelétrico da Velada","operator":null,"wikidata":null,"wikipedia":null}},{"type":"Feature","geometry":{"type":"LineString","coordinates":[[-7.69678,39.58362],[-7.69714,39.58367]]},"properties":{"osm_type":"way","osm_id":205577724,"country":"PT","name":"Canal de adução do Aproveitamento Hidroelétrico da Velada","operator":null,"wikidata":null,"wikipedia":null}},{"type":"Feature","geometry":{"type":"LineString","coordinates":[[-7.63185,39.55396],[-7.63743,39.55502]]},"properties":{"osm_type":"way","osm_id":205579053,"country":"PT","name":"Canal de adução do Aproveitamento Hidroelétrico da Velada","operator":null,"wikidata":null,"wikipedia":null}},{"type":"Feature","geometry":{"type":"LineString","coordinates":[[-7.63155,39.55385],[-7.63185,39.55396]]},"properties":{"osm_type":"way","osm_id":205579055,"country":"PT","name":"Canal de adução do Aproveitamento Hidroelétrico da Velada","operator":null,"wikidata":null,"wikipedia":null}},{"type":"Feature","geometry":{"type":"LineString","coordinates":[[-7.62933,39.55129],[-7.63155,39.55385]]},"properties":{"osm_type":"way","osm_id":205579069,"country":"PT","name":"Canal de adução do Aproveitamento Hidroelétrico da Velada","operator":null,"wikidata":null,"wikipedia":null}},{"type":"Feature","geometry":{"type":"LineString","coordinates":[[-7.63743,39.55502],[-7.63851,39.55327],[-7.63812,39.55515],[-7.64036,39.55593]]},"properties":{"osm_type":"way","osm_id":205579072,"country":"PT","name":"Canal de adução do Aproveitamento Hidroelétrico da Velada","operator":null,"wikidata":null,"wikipedia":null}},{"type":"Feature","geometry":{"type":"LineString","coordinates":[[-7.68465,39.581],[-7.68731,39.58163]]},"properties":{"osm_type":"way","osm_id":205579076,"country":"PT","name":"Canal de adução do Aproveitamento Hidroelétrico da Velada","operator":null,"wikidata":null,"wikipedia":null}},{"type":"Feature","geometry":{"type":"LineString","coordinates":[[-7.68731,39.58163],[-7.68894,39.58196],[-7.68968,39.58106]]},"properties":{"osm_type":"way","osm_id":205580600,"country":"PT","name":"Canal de adução do Aproveitamento Hidroelétrico da Velada","operator":null,"wikidata":null,"wikipedia":null}},{"type":"Feature","geometry":{"type":"LineString","coordinates":[[-7.58095,38.06586],[-7.58076,38.06562]]},"properties":{"osm_type":"way","osm_id":210951033,"country":"PT","name":null,"operator":null,"wikidata":null,"wikipedia":null}},{"type":"Feature","geometry":{"type":"LineString","coordinates":[[-7.7797,41.13358],[-7.77982,41.13668]]},"properties":{"osm_type":"way","osm_id":212030636,"country":"PT","name":null,"operator":"EDP","wikidata":null,"wikipedia":null}},{"type":"Feature","geometry":{"type":"LineString","coordinates":[[-7.77853,41.13869],[-7.7755,41.13986]]},"properties":{"osm_type":"way","osm_id":212030641,"country":"PT","name":null,"operator":"EDP","wikidata":null,"wikipedia":null}},{"type":"Feature","geometry":{"type":"LineString","coordinates":[[-7.92912,38.22046],[-7.92953,38.2205]]},"properties":{"osm_type":"way","osm_id":215589817,"country":"PT","name":null,"operator":null,"wikidata":null,"wikipedia":null}},{"type":"Feature","geometry":{"type":"LineString","coordinates":[[-7.92527,38.26299],[-7.92577,38.26275]]},"properties":{"osm_type":"way","osm_id":215589821,"country":"PT","name":null,"operator":null,"wikidata":null,"wikipedia":null}},{"type":"Feature","geometry":{"type":"LineString","coordinates":[[-7.59203,37.44238],[-7.59277,37.44275],[-7.59333,37.44501]]},"properties":{"osm_type":"way","osm_id":219469522,"country":"PT","name":null,"operator":null,"wikidata":null,"wikipedia":null}},{"type":"Feature","geometry":{"type":"LineString","coordinates":[[-6.28758,41.49174],[-6.28633,41.49245]]},"properties":{"osm_type":"way","osm_id":228762715,"country":"PT","name":"Aqueduto de Vilarinho","operator":null,"wikidata":null,"wikipedia":null}},{"type":"Feature","geometry":{"type":"LineString","coordinates":[[-8.01746,38.53034],[-8.01569,38.53024],[-8.01154,38.52837],[-8.00784,38.52817]]},"properties":{"osm_type":"way","osm_id":230208456,"country":"PT","name":"Aqueduto de Valverde","operator":null,"wikidata":null,"wikipedia":null}},{"type":"Feature","geometry":{"type":"LineString","coordinates":[[-7.09512,40.79944],[-7.09194,40.80287],[-7.09127,40.805],[-7.08882,40.80462],[-7.08714,40.80381],[-7.0853,40.80417],[-7.08406,40.80385],[-7.08244,40.80431],[-7.07963,40.80285]]},"properties":{"osm_type":"way","osm_id":231687795,"country":"PT","name":"Canal 2A","operator":null,"wikidata":null,"wikipedia":null}},{"type":"Feature","geometry":{"type":"LineString","coordinates":[[-7.08254,40.80657],[-7.08271,40.80574],[-7.08104,40.80486],[-7.07963,40.80285]]},"properties":{"osm_type":"way","osm_id":231687798,"country":"PT","name":"Canal 1A","operator":null,"wikidata":null,"wikipedia":null}},{"type":"Feature","geometry":{"type":"LineString","coordinates":[[-7.64774,40.36581],[-7.64687,40.36596],[-7.64512,40.36762],[-7.6429,40.36828],[-7.63931,40.36789]]},"properties":{"osm_type":"way","osm_id":234799300,"country":"PT","name":null,"operator":null,"wikidata":null,"wikipedia":null}},{"type":"Feature","geometry":{"type":"LineString","coordinates":[[-7.63661,40.36894],[-7.63675,40.36954],[-7.63596,40.36984],[-7.6358,40.37219],[-7.63874,40.37361],[-7.64191,40.37438],[-7.64328,40.37558],[-7.64241,40.37638]]},"properties":{"osm_type":"way","osm_id":234799302,"country":"PT","name":null,"operator":null,"wikidata":null,"wikipedia":null}},{"type":"Feature","geometry":{"type":"LineString","coordinates":[[-7.64556,40.38036],[-7.66223,40.39651]]},"properties":{"osm_type":"way","osm_id":234799306,"country":"PT","name":"Conduta em carga do Aproveitamento Hidroelétrico de Sabugueiro I","operator":null,"wikidata":null,"wikipedia":null}},{"type":"Feature","geometry":{"type":"LineString","coordinates":[[-7.6481,40.36507],[-7.64793,40.36545]]},"properties":{"osm_type":"way","osm_id":234799307,"country":"PT","name":null,"operator":null,"wikidata":null,"wikipedia":null}},{"type":"Feature","geometry":{"type":"LineString","coordinates":[[-7.64476,40.37959],[-7.64556,40.38036]]},"properties":{"osm_type":"way","osm_id":234799308,"country":"PT","name":"Conduta da Central do Sabugueiro","operator":null,"wikidata":null,"wikipedia":null}},{"type":"Feature","geometry":{"type":"LineString","coordinates":[[-6.8036,41.04681],[-6.80548,41.04511]]},"properties":{"osm_type":"way","osm_id":243927736,"country":"PT","name":null,"operator":null,"wikidata":null,"wikipedia":null}},{"type":"Feature","geometry":{"type":"LineString","coordinates":[[-7.84253,40.10459],[-7.84031,40.10351]]},"properties":{"osm_type":"way","osm_id":244112931,"country":"PT","name":"Conduta de adução do Aproveitamento Hidroeléctrico de Santa Luzia","operator":null,"wikidata":null,"wikipedia":null}},{"type":"Feature","geometry":{"type":"LineString","coordinates":[[-7.01105,41.22924],[-7.01094,41.22817],[-7.01328,41.22674]]},"properties":{"osm_type":"way","osm_id":244597477,"country":"PT","name":"Galeria de Derivação provisória","operator":null,"wikidata":null,"wikipedia":null}},{"type":"Feature","geometry":{"type":"LineString","coordinates":[[-7.01391,41.2296],[-7.01448,41.22969],[-7.01562,41.22875],[-7.0146,41.22792]]},"properties":{"osm_type":"way","osm_id":244599138,"country":"PT","name":"Galerias de Alta Pressão","operator":null,"wikidata":null,"wikipedia":null}},{"type":"Feature","geometry":{"type":"LineString","coordinates":[[-7.01395,41.22939],[-7.01516,41.22886],[-7.0144,41.2282]]},"properties":{"osm_type":"way","osm_id":244599139,"country":"PT","name":"Galerias de Alta Pressão","operator":null,"wikidata":null,"wikipedia":null}},{"type":"Feature","geometry":{"type":"LineString","coordinates":[[-7.68641,40.39849],[-7.6868,40.39841]]},"properties":{"osm_type":"way","osm_id":252112763,"country":"PT","name":null,"operator":null,"wikidata":null,"wikipedia":null}},{"type":"Feature","geometry":{"type":"LineString","coordinates":[[-7.70335,40.38873],[-7.70497,40.3851]]},"properties":{"osm_type":"way","osm_id":252112933,"country":"PT","name":null,"operator":null,"wikidata":null,"wikipedia":null}},{"type":"Feature","geometry":{"type":"LineString","coordinates":[[-7.71371,40.38391],[-7.71508,40.38365],[-7.71599,40.38289]]},"properties":{"osm_type":"way","osm_id":252113728,"country":"PT","name":null,"operator":null,"wikidata":null,"wikipedia":null}},{"type":"Feature","geometry":{"type":"LineString","coordinates":[[-7.71032,40.38293],[-7.71192,40.3837],[-7.71371,40.38391]]},"properties":{"osm_type":"way","osm_id":252113729,"country":"PT","name":null,"operator":null,"wikidata":null,"wikipedia":null}},{"type":"Feature","geometry":{"type":"LineString","coordinates":[[-7.70634,40.3847],[-7.70841,40.38425],[-7.70942,40.38254],[-7.71032,40.38293]]},"properties":{"osm_type":"way","osm_id":252114920,"country":"PT","name":null,"operator":null,"wikidata":null,"wikipedia":null}},{"type":"Feature","geometry":{"type":"LineString","coordinates":[[-7.71654,40.38265],[-7.71735,40.38259]]},"properties":{"osm_type":"way","osm_id":252114921,"country":"PT","name":null,"operator":null,"wikidata":null,"wikipedia":null}},{"type":"Feature","geometry":{"type":"LineString","coordinates":[[-7.71735,40.38259],[-7.72427,40.3821],[-7.72601,40.38122]]},"properties":{"osm_type":"way","osm_id":252114923,"country":"PT","name":null,"operator":null,"wikidata":null,"wikipedia":null}},{"type":"Feature","geometry":{"type":"LineString","coordinates":[[-7.71599,40.38289],[-7.71654,40.38265]]},"properties":{"osm_type":"way","osm_id":252114924,"country":"PT","name":null,"operator":null,"wikidata":null,"wikipedia":null}},{"type":"Feature","geometry":{"type":"LineString","coordinates":[[-8.40638,38.28819],[-8.40775,38.28936]]},"properties":{"osm_type":"way","osm_id":253092584,"country":"PT","name":null,"operator":null,"wikidata":null,"wikipedia":null}},{"type":"Feature","geometry":{"type":"LineString","coordinates":[[-8.39444,38.27711],[-8.39688,38.27691],[-8.39863,38.27725],[-8.39962,38.278],[-8.40071,38.28016],[-8.40102,38.28293],[-8.40191,38.28479],[-8.40638,38.28819]]},"properties":{"osm_type":"way","osm_id":253092585,"country":"PT","name":null,"operator":null,"wikidata":null,"wikipedia":null}},{"type":"Feature","geometry":{"type":"LineString","coordinates":[[-8.29951,38.24705],[-8.30011,38.24726]]},"properties":{"osm_type":"way","osm_id":253096556,"country":"PT","name":null,"operator":null,"wikidata":null,"wikipedia":null}},{"type":"Feature","geometry":{"type":"LineString","coordinates":[[-8.85242,38.68832],[-8.84966,38.68548],[-8.84578,38.68546],[-8.84508,38.68608],[-8.84611,38.68732]]},"properties":{"osm_type":"way","osm_id":253603780,"country":"PT","name":null,"operator":null,"wikidata":null,"wikipedia":null}},{"type":"Feature","geometry":{"type":"LineString","coordinates":[[-8.85115,38.68915],[-8.85249,38.6886],[-8.85183,38.68722],[-8.85142,38.68688],[-8.85008,38.68757]]},"properties":{"osm_type":"way","osm_id":253603783,"country":"PT","name":null,"operator":null,"wikidata":null,"wikipedia":null}},{"type":"Feature","geometry":{"type":"LineString","coordinates":[[-8.22706,40.67527],[-8.2281,40.67502],[-8.22983,40.6754],[-8.23477,40.67354],[-8.2375,40.67337],[-8.24059,40.67122],[-8.24223,40.67105],[-8.24238,40.67024]]},"properties":{"osm_type":"way","osm_id":257986915,"country":"PT","name":null,"operator":null,"wikidata":null,"wikipedia":null}},{"type":"Feature","geometry":{"type":"LineString","coordinates":[[-8.24234,40.67042],[-8.2424,40.67042]]},"properties":{"osm_type":"way","osm_id":257986923,"country":"PT","name":null,"operator":null,"wikidata":null,"wikipedia":null}},{"type":"Feature","geometry":{"type":"LineString","coordinates":[[-7.59429,40.31091],[-7.59406,40.31074]]},"properties":{"osm_type":"way","osm_id":262850820,"country":"PT","name":null,"operator":null,"wikidata":null,"wikipedia":null}},{"type":"Feature","geometry":{"type":"LineString","coordinates":[[-7.59406,40.31074],[-7.58995,40.30852]]},"properties":{"osm_type":"way","osm_id":262857917,"country":"PT","name":null,"operator":null,"wikidata":null,"wikipedia":null}},{"type":"Feature","geometry":{"type":"LineString","coordinates":[[-9.24469,38.79192],[-9.24411,38.79041],[-9.24378,38.78525],[-9.24666,38.78143],[-9.24774,38.78089],[-9.25119,38.77592]]},"properties":{"osm_type":"way","osm_id":267324212,"country":"PT","name":"Aqueduto das Águas Livres","operator":null,"wikidata":"Q623228","wikipedia":"pt:Aqueduto das Águas Livres"}},{"type":"Feature","geometry":{"type":"LineString","coordinates":[[-8.41698,38.41905],[-8.41924,38.41838],[-8.42026,38.4174],[-8.42039,38.41618],[-8.42282,38.41506],[-8.42409,38.41388],[-8.42465,38.41312],[-8.42417,38.41233],[-8.42588,38.41127],[-8.42917,38.40741],[-8.43327,38.404],[-8.43458,38.40327],[-8.4352,38.4034],[-8.43658,38.40236],[-8.44381,38.40014]]},"properties":{"osm_type":"way","osm_id":270765937,"country":"PT","name":null,"operator":null,"wikidata":null,"wikipedia":null}},{"type":"Feature","geometry":{"type":"LineString","coordinates":[[-6.78392,41.93804],[-6.77514,41.93763]]},"properties":{"osm_type":"way","osm_id":284262191,"country":"PT","name":null,"operator":null,"wikidata":null,"wikipedia":null}},{"type":"Feature","geometry":{"type":"LineString","coordinates":[[-6.77836,41.95574],[-6.77877,41.95525]]},"properties":{"osm_type":"way","osm_id":284262192,"country":"PT","name":null,"operator":null,"wikidata":null,"wikipedia":null}},{"type":"Feature","geometry":{"type":"LineString","coordinates":[[-6.77716,41.95608],[-6.77836,41.95574]]},"properties":{"osm_type":"way","osm_id":284262194,"country":"PT","name":null,"operator":null,"wikidata":null,"wikipedia":null}},{"type":"Feature","geometry":{"type":"LineString","coordinates":[[-6.77877,41.95525],[-6.7775,41.95346],[-6.77738,41.95227],[-6.7784,41.95021],[-6.77949,41.94933],[-6.77937,41.94854],[-6.78514,41.94865],[-6.78768,41.94741],[-6.78514,41.94363],[-6.78392,41.93825]]},"properties":{"osm_type":"way","osm_id":284262195,"country":"PT","name":null,"operator":null,"wikidata":null,"wikipedia":null}},{"type":"Feature","geometry":{"type":"LineString","coordinates":[[-8.75604,38.9782],[-8.76572,38.9808],[-8.76886,38.98257],[-8.7711,38.98328],[-8.77673,38.98421],[-8.78306,38.9895],[-8.78514,38.99193]]},"properties":{"osm_type":"way","osm_id":290197555,"country":"PT","name":null,"operator":null,"wikidata":null,"wikipedia":null}},{"type":"Feature","geometry":{"type":"LineString","coordinates":[[-8.79987,39.02809],[-8.80818,39.02093],[-8.81276,39.01611],[-8.81365,39.01415],[-8.81288,39.00683],[-8.80776,39.00473],[-8.80678,39.00357],[-8.80263,39.00298]]},"properties":{"osm_type":"way","osm_id":290197556,"country":"PT","name":null,"operator":null,"wikidata":null,"wikipedia":null}},{"type":"Feature","geometry":{"type":"LineString","coordinates":[[-8.79107,38.98168],[-8.79166,38.98409],[-8.79328,38.98633],[-8.79613,38.98889]]},"properties":{"osm_type":"way","osm_id":290201478,"country":"PT","name":"Vala Nova","operator":null,"wikidata":null,"wikipedia":null}},{"type":"Feature","geometry":{"type":"LineString","coordinates":[[-7.92403,38.70092],[-7.92223,38.70425],[-7.92083,38.70565],[-7.92203,38.70659],[-7.92205,38.70731],[-7.92329,38.70772],[-7.92219,38.70868],[-7.92146,38.71091],[-7.92178,38.71162],[-7.92317,38.71188],[-7.92319,38.71278],[-7.92235,38.71309],[-7.919,38.71296],[-7.91715,38.71506],[-7.91581,38.71532],[-7.91588,38.71823],[-7.91315,38.71924],[-7.91527,38.72104],[-7.91492,38.72211],[-7.91592,38.72337],[-7.91744,38.72341],[-7.91839,38.72412],[-7.91808,38.72513],[-7.91935,38.72661],[-7.91945,38.72765],[-7.92077,38.72867],[-7.92078,38.72933],[-7.91981,38.73021],[-7.91958,38.73124],[-7.91898,38.73143],[-7.9172,38.73078],[-7.91676,38.72934],[-7.91569,38.72843],[-7.91203,38.72932],[-7.91151,38.7285]]},"properties":{"osm_type":"way","osm_id":290212607,"country":"PT","name":null,"operator":null,"wikidata":null,"wikipedia":null}},{"type":"Feature","geometry":{"type":"LineString","coordinates":[[-7.85902,38.50218],[-7.85813,38.50167],[-7.8574,38.50015],[-7.85417,38.50001],[-7.85577,38.49902],[-7.85432,38.4983],[-7.85602,38.49704],[-7.85488,38.49538],[-7.85339,38.49503],[-7.85242,38.4953],[-7.85015,38.49377],[-7.8487,38.49412],[-7.84862,38.4927],[-7.84797,38.49211],[-7.84668,38.49181],[-7.84531,38.49313],[-7.84491,38.49257],[-7.84489,38.4891],[-7.84594,38.48827],[-7.84582,38.48742],[-7.84642,38.4872],[-7.84652,38.48657],[-7.84752,38.48632],[-7.84914,38.48668],[-7.84926,38.48583],[-7.84878,38.48387],[-7.8457,38.48415],[-7.84476,38.48473],[-7.8438,38.48451],[-7.84333,38.48365],[-7.84243,38.48333],[-7.84238,38.48253],[-7.84383,38.48136],[-7.84267,38.47763],[-7.84125,38.47731],[-7.84123,38.47698],[-7.84263,38.47503],[-7.84277,38.47337],[-7.84831,38.47236]]},"properties":{"osm_type":"way","osm_id":291326608,"country":"PT","name":null,"operator":null,"wikidata":null,"wikipedia":null}},{"type":"Feature","geometry":{"type":"LineString","coordinates":[[-7.86073,38.503],[-7.86154,38.50148],[-7.86258,38.50118],[-7.86414,38.50148],[-7.8643,38.50083],[-7.86352,38.5002],[-7.86478,38.49875],[-7.86418,38.49814],[-7.8602,38.4977],[-7.86004,38.49513],[-7.85886,38.4952],[-7.8584,38.49448],[-7.8585,38.49381],[-7.85925,38.49341],[-7.8586,38.49146],[-7.86177,38.49103],[-7.85392,38.48923]]},"properties":{"osm_type":"way","osm_id":291326610,"country":"PT","name":null,"operator":null,"wikidata":null,"wikipedia":null}},{"type":"Feature","geometry":{"type":"LineString","coordinates":[[-8.40245,38.41484],[-8.40304,38.41532],[-8.40745,38.41565],[-8.40907,38.41666],[-8.4162,38.41849]]},"properties":{"osm_type":"way","osm_id":291685117,"country":"PT","name":null,"operator":null,"wikidata":null,"wikipedia":null}},{"type":"Feature","geometry":{"type":"LineString","coordinates":[[-8.39108,38.41736],[-8.39207,38.41702],[-8.39347,38.41773]]},"properties":{"osm_type":"way","osm_id":291685121,"country":"PT","name":null,"operator":null,"wikidata":"Q10360721","wikipedia":"pt:Ribeira das Alcáçovas"}},{"type":"Feature","geometry":{"type":"LineString","coordinates":[[-8.4162,38.41849],[-8.41698,38.41905]]},"properties":{"osm_type":"way","osm_id":291685130,"country":"PT","name":null,"operator":null,"wikidata":null,"wikipedia":null}},{"type":"Feature","geometry":{"type":"LineString","coordinates":[[-8.75013,37.90581],[-8.74944,37.9084],[-8.74571,37.91419],[-8.74543,37.91625]]},"properties":{"osm_type":"way","osm_id":292108516,"country":"PT","name":null,"operator":null,"wikidata":null,"wikipedia":null}},{"type":"Feature","geometry":{"type":"LineString","coordinates":[[-8.76747,37.70904],[-8.76703,37.70919],[-8.76741,37.70998],[-8.76641,37.71167],[-8.76551,37.71208],[-8.76618,37.713],[-8.76556,37.71371],[-8.76427,37.71368],[-8.76393,37.71404],[-8.76457,37.71495],[-8.76382,37.71544],[-8.7647,37.71669],[-8.76479,37.71803]]},"properties":{"osm_type":"way","osm_id":292167663,"country":"PT","name":null,"operator":null,"wikidata":null,"wikipedia":null}},{"type":"Feature","geometry":{"type":"LineString","coordinates":[[-7.51542,37.55501],[-7.5135,37.55206]]},"properties":{"osm_type":"way","osm_id":292494592,"country":"PT","name":null,"operator":null,"wikidata":null,"wikipedia":null}},{"type":"Feature","geometry":{"type":"LineString","coordinates":[[-7.50669,38.94826],[-7.50793,38.94898]]},"properties":{"osm_type":"way","osm_id":292748928,"country":"PT","name":"Ribeira de Ana Loura","operator":null,"wikidata":null,"wikipedia":null}},{"type":"Feature","geometry":{"type":"LineString","coordinates":[[-7.54859,38.97285],[-7.5501,38.97276],[-7.55079,38.97372],[-7.55306,38.97345],[-7.55352,38.97258],[-7.55507,38.97281]]},"properties":{"osm_type":"way","osm_id":294525403,"country":"PT","name":null,"operator":null,"wikidata":null,"wikipedia":null}},{"type":"Feature","geometry":{"type":"LineString","coordinates":[[-7.54782,38.97211],[-7.54859,38.97285]]},"properties":{"osm_type":"way","osm_id":294525408,"country":"PT","name":null,"operator":null,"wikidata":null,"wikipedia":null}},{"type":"Feature","geometry":{"type":"LineString","coordinates":[[-7.92503,38.58137],[-7.92165,38.58187]]},"properties":{"osm_type":"way","osm_id":295704940,"country":"PT","name":"Aqueduto da Água de Prata","operator":null,"wikidata":"Q8187810","wikipedia":"pt:Aqueduto da Água de Prata"}},{"type":"Feature","geometry":{"type":"LineString","coordinates":[[-8.66295,40.65469],[-8.66232,40.654],[-8.65894,40.65418],[-8.65742,40.65385],[-8.65397,40.65198],[-8.65297,40.65027],[-8.65314,40.64897],[-8.65131,40.64861],[-8.6497,40.64895]]},"properties":{"osm_type":"way","osm_id":297350365,"country":"PT","name":null,"operator":null,"wikidata":null,"wikipedia":null}},{"type":"Feature","geometry":{"type":"LineString","coordinates":[[-8.66428,40.65123],[-8.66149,40.65185]]},"properties":{"osm_type":"way","osm_id":297353982,"country":"PT","name":null,"operator":null,"wikidata":null,"wikipedia":null}},{"type":"Feature","geometry":{"type":"LineString","coordinates":[[-8.65954,40.64561],[-8.65754,40.64714]]},"properties":{"osm_type":"way","osm_id":297355250,"country":"PT","name":null,"operator":null,"wikidata":null,"wikipedia":null}},{"type":"Feature","geometry":{"type":"LineString","coordinates":[[-8.65434,40.65093],[-8.65365,40.65117]]},"properties":{"osm_type":"way","osm_id":297364443,"country":"PT","name":null,"operator":null,"wikidata":null,"wikipedia":null}},{"type":"Feature","geometry":{"type":"LineString","coordinates":[[-8.66558,40.63939],[-8.66704,40.63948],[-8.66789,40.63998],[-8.66798,40.64064]]},"properties":{"osm_type":"way","osm_id":297651962,"country":"PT","name":null,"operator":null,"wikidata":null,"wikipedia":null}},{"type":"Feature","geometry":{"type":"LineString","coordinates":[[-8.67431,40.63528],[-8.67479,40.63554]]},"properties":{"osm_type":"way","osm_id":297660609,"country":"PT","name":null,"operator":null,"wikidata":null,"wikipedia":null}},{"type":"Feature","geometry":{"type":"LineString","coordinates":[[-8.67522,40.63561],[-8.67491,40.63537]]},"properties":{"osm_type":"way","osm_id":297660616,"country":"PT","name":null,"operator":null,"wikidata":null,"wikipedia":null}},{"type":"Feature","geometry":{"type":"LineString","coordinates":[[-8.65434,40.64635],[-8.65458,40.64696],[-8.65394,40.64738],[-8.65455,40.64865],[-8.65319,40.64905]]},"properties":{"osm_type":"way","osm_id":297663349,"country":"PT","name":null,"operator":null,"wikidata":null,"wikipedia":null}},{"type":"Feature","geometry":{"type":"LineString","coordinates":[[-8.6677,40.64583],[-8.66945,40.64688]]},"properties":{"osm_type":"way","osm_id":297668158,"country":"PT","name":null,"operator":null,"wikidata":null,"wikipedia":null}},{"type":"Feature","geometry":{"type":"LineString","coordinates":[[-8.66764,40.64598],[-8.66702,40.64757],[-8.66584,40.64823],[-8.66493,40.64814]]},"properties":{"osm_type":"way","osm_id":297668160,"country":"PT","name":null,"operator":null,"wikidata":null,"wikipedia":null}},{"type":"Feature","geometry":{"type":"LineString","coordinates":[[-8.66759,40.65016],[-8.66619,40.65002]]},"properties":{"osm_type":"way","osm_id":297668161,"country":"PT","name":null,"operator":null,"wikidata":null,"wikipedia":null}},{"type":"Feature","geometry":{"type":"LineString","coordinates":[[-8.66852,40.64648],[-8.66761,40.64863]]},"properties":{"osm_type":"way","osm_id":297668167,"country":"PT","name":null,"operator":null,"wikidata":null,"wikipedia":null}},{"type":"Feature","geometry":{"type":"LineString","coordinates":[[-8.66612,40.65003],[-8.66551,40.6501],[-8.66485,40.6483]]},"properties":{"osm_type":"way","osm_id":297668168,"country":"PT","name":null,"operator":null,"wikidata":null,"wikipedia":null}},{"type":"Feature","geometry":{"type":"LineString","coordinates":[[-8.66957,40.64697],[-8.66869,40.6481],[-8.669,40.64946],[-8.66774,40.65016]]},"properties":{"osm_type":"way","osm_id":297668172,"country":"PT","name":null,"operator":null,"wikidata":null,"wikipedia":null}},{"type":"Feature","geometry":{"type":"LineString","coordinates":[[-8.66967,40.64712],[-8.66642,40.64458]]},"properties":{"osm_type":"way","osm_id":297668174,"country":"PT","name":null,"operator":null,"wikidata":null,"wikipedia":null}},{"type":"Feature","geometry":{"type":"LineString","coordinates":[[-8.66485,40.6483],[-8.66761,40.64863],[-8.66772,40.65001]]},"properties":{"osm_type":"way","osm_id":297668176,"country":"PT","name":null,"operator":null,"wikidata":null,"wikipedia":null}},{"type":"Feature","geometry":{"type":"LineString","coordinates":[[-8.6493,40.66016],[-8.64838,40.65969],[-8.64521,40.6605]]},"properties":{"osm_type":"way","osm_id":297668512,"country":"PT","name":null,"operator":null,"wikidata":null,"wikipedia":null}},{"type":"Feature","geometry":{"type":"LineString","coordinates":[[-8.67557,40.64823],[-8.67158,40.64567]]},"properties":{"osm_type":"way","osm_id":297668513,"country":"PT","name":null,"operator":null,"wikidata":null,"wikipedia":null}},{"type":"Feature","geometry":{"type":"LineString","coordinates":[[-8.65958,40.65814],[-8.65766,40.65688],[-8.65609,40.65668],[-8.65568,40.65577]]},"properties":{"osm_type":"way","osm_id":297682909,"country":"PT","name":null,"operator":null,"wikidata":null,"wikipedia":null}},{"type":"Feature","geometry":{"type":"LineString","coordinates":[[-8.66562,40.65845],[-8.66566,40.65939],[-8.66487,40.66021]]},"properties":{"osm_type":"way","osm_id":297784873,"country":"PT","name":null,"operator":null,"wikidata":null,"wikipedia":null}},{"type":"Feature","geometry":{"type":"LineString","coordinates":[[-8.68259,40.6564],[-8.68249,40.65619]]},"properties":{"osm_type":"way","osm_id":298435265,"country":"PT","name":null,"operator":null,"wikidata":null,"wikipedia":null}},{"type":"Feature","geometry":{"type":"LineString","coordinates":[[-8.68188,40.65732],[-8.68199,40.6563]]},"properties":{"osm_type":"way","osm_id":298435273,"country":"PT","name":null,"operator":null,"wikidata":null,"wikipedia":null}},{"type":"Feature","geometry":{"type":"LineString","coordinates":[[-8.68179,40.65744],[-8.68124,40.65655]]},"properties":{"osm_type":"way","osm_id":298435277,"country":"PT","name":null,"operator":null,"wikidata":null,"wikipedia":null}},{"type":"Feature","geometry":{"type":"LineString","coordinates":[[-8.6862,40.65636],[-8.68794,40.65507]]},"properties":{"osm_type":"way","osm_id":298436826,"country":"PT","name":null,"operator":null,"wikidata":null,"wikipedia":null}},{"type":"Feature","geometry":{"type":"LineString","coordinates":[[-8.68655,40.66063],[-8.68519,40.65704]]},"properties":{"osm_type":"way","osm_id":298439947,"country":"PT","name":null,"operator":null,"wikidata":null,"wikipedia":null}},{"type":"Feature","geometry":{"type":"LineString","coordinates":[[-8.66543,40.64716],[-8.66514,40.64562]]},"properties":{"osm_type":"way","osm_id":298449202,"country":"PT","name":null,"operator":null,"wikidata":null,"wikipedia":null}},{"type":"Feature","geometry":{"type":"LineString","coordinates":[[-8.66627,40.64785],[-8.6658,40.64665]]},"properties":{"osm_type":"way","osm_id":298449208,"country":"PT","name":null,"operator":null,"wikidata":null,"wikipedia":null}},{"type":"Feature","geometry":{"type":"LineString","coordinates":[[-8.66562,40.64687],[-8.66587,40.64679]]},"properties":{"osm_type":"way","osm_id":298449210,"country":"PT","name":null,"operator":null,"wikidata":null,"wikipedia":null}},{"type":"Feature","geometry":{"type":"LineString","coordinates":[[-8.67133,40.6691],[-8.67092,40.66827],[-8.66922,40.66892]]},"properties":{"osm_type":"way","osm_id":298499136,"country":"PT","name":null,"operator":null,"wikidata":null,"wikipedia":null}},{"type":"Feature","geometry":{"type":"LineString","coordinates":[[-8.67125,40.66976],[-8.67066,40.66871],[-8.67095,40.66818]]},"properties":{"osm_type":"way","osm_id":298499161,"country":"PT","name":null,"operator":null,"wikidata":null,"wikipedia":null}},{"type":"Feature","geometry":{"type":"LineString","coordinates":[[-8.57601,40.74938],[-8.58116,40.74767],[-8.58303,40.74788],[-8.5852,40.74896],[-8.58699,40.74872],[-8.58749,40.74828]]},"properties":{"osm_type":"way","osm_id":298502820,"country":"PT","name":"Esteiro de Estarreja","operator":null,"wikidata":null,"wikipedia":null}},{"type":"Feature","geometry":{"type":"LineString","coordinates":[[-8.64532,40.65816],[-8.64545,40.65877]]},"properties":{"osm_type":"way","osm_id":298517579,"country":"PT","name":null,"operator":null,"wikidata":null,"wikipedia":null}},{"type":"Feature","geometry":{"type":"LineString","coordinates":[[-8.64099,40.65932],[-8.64229,40.65876],[-8.64459,40.65891]]},"properties":{"osm_type":"way","osm_id":298517596,"country":"PT","name":null,"operator":null,"wikidata":null,"wikipedia":null}},{"type":"Feature","geometry":{"type":"LineString","coordinates":[[-8.64582,40.65862],[-8.64474,40.65888]]},"properties":{"osm_type":"way","osm_id":298517603,"country":"PT","name":null,"operator":null,"wikidata":null,"wikipedia":null}},{"type":"Feature","geometry":{"type":"LineString","coordinates":[[-8.65791,40.65071],[-8.65706,40.65351]]},"properties":{"osm_type":"way","osm_id":298521149,"country":"PT","name":null,"operator":null,"wikidata":null,"wikipedia":null}},{"type":"Feature","geometry":{"type":"LineString","coordinates":[[-8.6529,40.65425],[-8.65293,40.65253],[-8.65397,40.65198]]},"properties":{"osm_type":"way","osm_id":298528907,"country":"PT","name":null,"operator":null,"wikidata":null,"wikipedia":null}},{"type":"Feature","geometry":{"type":"LineString","coordinates":[[-8.6502,40.64793],[-8.65032,40.64807]]},"properties":{"osm_type":"way","osm_id":298545556,"country":"PT","name":"Esteiro de Sá","operator":null,"wikidata":null,"wikipedia":null}},{"type":"Feature","geometry":{"type":"LineString","coordinates":[[-8.67131,40.65787],[-8.66969,40.65773]]},"properties":{"osm_type":"way","osm_id":298948356,"country":"PT","name":null,"operator":null,"wikidata":null,"wikipedia":null}},{"type":"Feature","geometry":{"type":"LineString","coordinates":[[-8.67139,40.65787],[-8.67315,40.65811],[-8.67298,40.65722]]},"properties":{"osm_type":"way","osm_id":298948358,"country":"PT","name":null,"operator":null,"wikidata":null,"wikipedia":null}},{"type":"Feature","geometry":{"type":"LineString","coordinates":[[-7.83241,40.09343],[-7.83375,40.09271]]},"properties":{"osm_type":"way","osm_id":301855215,"country":"PT","name":null,"operator":null,"wikidata":null,"wikipedia":null}},{"type":"Feature","geometry":{"type":"LineString","coordinates":[[-8.40749,39.6198],[-8.40862,39.6194],[-8.40948,39.61748],[-8.40834,39.61105],[-8.4087,39.60924],[-8.40997,39.60824],[-8.41195,39.60811]]},"properties":{"osm_type":"way","osm_id":301860115,"country":"PT","name":"Vala da Fábrica de Fiação","operator":null,"wikidata":null,"wikipedia":null}},{"type":"Feature","geometry":{"type":"LineString","coordinates":[[-8.29077,41.99355],[-8.2914,41.99447],[-8.29084,41.9956],[-8.29413,41.99338],[-8.29603,41.99392],[-8.29713,41.99548],[-8.29916,41.99568],[-8.30015,41.99738],[-8.30144,41.99676],[-8.30417,41.99713],[-8.30672,41.99641],[-8.3092,41.99734],[-8.31143,41.99722],[-8.31385,41.99807],[-8.31641,41.9981],[-8.31802,41.99741],[-8.32055,41.99842],[-8.3238,41.99813],[-8.32541,41.99912],[-8.32741,41.99916],[-8.32772,41.99959],[-8.32977,41.99823],[-8.3313,41.99825],[-8.33227,41.99725],[-8.33436,41.99801],[-8.34134,41.99545],[-8.34349,41.99536],[-8.35552,41.99029],[-8.35753,41.9905]]},"properties":{"osm_type":"way","osm_id":303365292,"country":"PT","name":"Rego do Monte","operator":null,"wikidata":null,"wikipedia":null}},{"type":"Feature","geometry":{"type":"LineString","coordinates":[[-8.8,38.97881],[-8.80068,38.97906],[-8.80263,38.97844]]},"properties":{"osm_type":"way","osm_id":309081221,"country":"PT","name":"Canal do Sorraia","operator":null,"wikidata":null,"wikipedia":null}},{"type":"Feature","geometry":{"type":"LineString","coordinates":[[-8.79407,38.97145],[-8.79502,38.97265],[-8.79475,38.97347],[-8.79553,38.97702],[-8.79612,38.97762],[-8.79953,38.97859]]},"properties":{"osm_type":"way","osm_id":309081225,"country":"PT","name":"Canal do Sorraia","operator":null,"wikidata":null,"wikipedia":null}},{"type":"Feature","geometry":{"type":"LineString","coordinates":[[-8.81336,38.97716],[-8.81408,38.97787]]},"properties":{"osm_type":"way","osm_id":309081227,"country":"PT","name":"Canal do Sorraia","operator":null,"wikidata":null,"wikipedia":null}},{"type":"Feature","geometry":{"type":"LineString","coordinates":[[-8.81119,38.97601],[-8.81192,38.97696],[-8.81336,38.97716]]},"properties":{"osm_type":"way","osm_id":309081232,"country":"PT","name":"Canal do Sorraia","operator":null,"wikidata":null,"wikipedia":null}},{"type":"Feature","geometry":{"type":"LineString","coordinates":[[-8.79953,38.97859],[-8.8,38.97881]]},"properties":{"osm_type":"way","osm_id":309081235,"country":"PT","name":"Canal do Sorraia","operator":null,"wikidata":null,"wikipedia":null}},{"type":"Feature","geometry":{"type":"LineString","coordinates":[[-8.78416,38.9696],[-8.79407,38.97145]]},"properties":{"osm_type":"way","osm_id":309081240,"country":"PT","name":"Canal do Sorraia","operator":null,"wikidata":null,"wikipedia":null}},{"type":"Feature","geometry":{"type":"LineString","coordinates":[[-8.06839,41.10289],[-8.06923,41.10369],[-8.07407,41.10366],[-8.07511,41.10448],[-8.07657,41.10423]]},"properties":{"osm_type":"way","osm_id":309363743,"country":"PT","name":null,"operator":null,"wikidata":null,"wikipedia":null}},{"type":"Feature","geometry":{"type":"LineString","coordinates":[[-7.0144,41.2282],[-7.01378,41.22773]]},"properties":{"osm_type":"way","osm_id":317349079,"country":"PT","name":null,"operator":null,"wikidata":null,"wikipedia":null}},{"type":"Feature","geometry":{"type":"LineString","coordinates":[[-7.0146,41.22792],[-7.01397,41.22742]]},"properties":{"osm_type":"way","osm_id":317349080,"country":"PT","name":null,"operator":null,"wikidata":null,"wikipedia":null}},{"type":"Feature","geometry":{"type":"LineString","coordinates":[[-7.09358,41.20354],[-7.09465,41.20358],[-7.09462,41.20301]]},"properties":{"osm_type":"way","osm_id":318106674,"country":"PT","name":null,"operator":null,"wikidata":null,"wikipedia":null}},{"type":"Feature","geometry":{"type":"LineString","coordinates":[[-7.09462,41.20301],[-7.09458,41.2024]]},"properties":{"osm_type":"way","osm_id":318106675,"country":"PT","name":null,"operator":null,"wikidata":null,"wikipedia":null}},{"type":"Feature","geometry":{"type":"LineString","coordinates":[[-7.0934,41.20372],[-7.09428,41.20384],[-7.09424,41.20323]]},"properties":{"osm_type":"way","osm_id":318106676,"country":"PT","name":null,"operator":null,"wikidata":null,"wikipedia":null}},{"type":"Feature","geometry":{"type":"LineString","coordinates":[[-7.09424,41.20323],[-7.0942,41.20262]]},"properties":{"osm_type":"way","osm_id":318107056,"country":"PT","name":null,"operator":null,"wikidata":null,"wikipedia":null}},{"type":"Feature","geometry":{"type":"LineString","coordinates":[[-7.33477,40.8954],[-7.3361,40.89706]]},"properties":{"osm_type":"way","osm_id":324335082,"country":"PT","name":null,"operator":null,"wikidata":null,"wikipedia":null}},{"type":"Feature","geometry":{"type":"LineString","coordinates":[[-8.52802,37.18415],[-8.5289,37.18409]]},"properties":{"osm_type":"way","osm_id":324745822,"country":"PT","name":"Descarregador de cheias","operator":null,"wikidata":null,"wikipedia":null}},{"type":"Feature","geometry":{"type":"LineString","coordinates":[[-8.56084,37.19779],[-8.56094,37.19769]]},"properties":{"osm_type":"way","osm_id":325226717,"country":"PT","name":null,"operator":null,"wikidata":null,"wikipedia":null}},{"type":"Feature","geometry":{"type":"LineString","coordinates":[[-8.54007,37.18452],[-8.5395,37.18463]]},"properties":{"osm_type":"way","osm_id":325226735,"country":"PT","name":null,"operator":null,"wikidata":null,"wikipedia":null}},{"type":"Feature","geometry":{"type":"LineString","coordinates":[[-8.54619,37.18485],[-8.54545,37.18457]]},"properties":{"osm_type":"way","osm_id":325226740,"country":"PT","name":null,"operator":null,"wikidata":null,"wikipedia":null}},{"type":"Feature","geometry":{"type":"LineString","coordinates":[[-8.57455,37.19046],[-8.575,37.18981]]},"properties":{"osm_type":"way","osm_id":325226769,"country":"PT","name":null,"operator":null,"wikidata":null,"wikipedia":null}},{"type":"Feature","geometry":{"type":"LineString","coordinates":[[-8.57849,37.17846],[-8.57754,37.17962],[-8.57902,37.18165],[-8.57829,37.18416]]},"properties":{"osm_type":"way","osm_id":325544443,"country":"PT","name":null,"operator":null,"wikidata":null,"wikipedia":null}},{"type":"Feature","geometry":{"type":"LineString","coordinates":[[-8.65305,37.14685],[-8.65225,37.14645]]},"properties":{"osm_type":"way","osm_id":326065726,"country":"PT","name":null,"operator":null,"wikidata":null,"wikipedia":null}},{"type":"Feature","geometry":{"type":"LineString","coordinates":[[-8.65732,37.14616],[-8.65585,37.14621]]},"properties":{"osm_type":"way","osm_id":326065742,"country":"PT","name":null,"operator":null,"wikidata":null,"wikipedia":null}},{"type":"Feature","geometry":{"type":"LineString","coordinates":[[-8.69976,37.19638],[-8.69851,37.19067]]},"properties":{"osm_type":"way","osm_id":326216186,"country":"PT","name":null,"operator":null,"wikidata":null,"wikipedia":null}},{"type":"Feature","geometry":{"type":"LineString","coordinates":[[-8.69501,37.18614],[-8.69367,37.18595]]},"properties":{"osm_type":"way","osm_id":326216316,"country":"PT","name":null,"operator":null,"wikidata":null,"wikipedia":null}},{"type":"Feature","geometry":{"type":"LineString","coordinates":[[-8.66286,37.18237],[-8.66299,37.18231]]},"properties":{"osm_type":"way","osm_id":326463787,"country":"PT","name":null,"operator":null,"wikidata":null,"wikipedia":null}},{"type":"Feature","geometry":{"type":"LineString","coordinates":[[-8.65521,37.17255],[-8.65515,37.17262]]},"properties":{"osm_type":"way","osm_id":326463809,"country":"PT","name":null,"operator":null,"wikidata":null,"wikipedia":null}},{"type":"Feature","geometry":{"type":"LineString","coordinates":[[-8.84738,37.08588],[-8.8473,37.08559]]},"properties":{"osm_type":"way","osm_id":329684075,"country":"PT","name":null,"operator":null,"wikidata":null,"wikipedia":null}},{"type":"Feature","geometry":{"type":"LineString","coordinates":[[-8.10773,38.95505],[-8.10792,38.95438]]},"properties":{"osm_type":"way","osm_id":331882480,"country":"PT","name":null,"operator":null,"wikidata":null,"wikipedia":null}},{"type":"Feature","geometry":{"type":"LineString","coordinates":[[-8.13883,38.96004],[-8.14336,38.95848],[-8.14578,38.95491],[-8.14912,38.95189],[-8.1509,38.95113],[-8.15379,38.95086],[-8.15495,38.94962],[-8.15616,38.94931]]},"properties":{"osm_type":"way","osm_id":332066928,"country":"PT","name":null,"operator":null,"wikidata":null,"wikipedia":null}},{"type":"Feature","geometry":{"type":"LineString","coordinates":[[-7.21322,39.91269],[-7.2132,39.9114],[-7.21104,39.90681],[-7.21193,39.90594],[-7.21344,39.90676],[-7.21542,39.90687],[-7.21615,39.90775],[-7.21681,39.90773],[-7.22056,39.90647],[-7.22183,39.90349],[-7.22358,39.90391],[-7.22457,39.9035],[-7.22477,39.90285],[-7.22319,39.90095],[-7.21907,39.90109],[-7.21401,39.89997],[-7.21213,39.90071],[-7.21094,39.89936],[-7.20999,39.89932],[-7.20851,39.90008],[-7.2036,39.90102],[-7.20192,39.89988],[-7.19845,39.89902],[-7.19879,39.89841],[-7.20314,39.89655],[-7.20475,39.89514],[-7.2067,39.89225],[-7.20833,39.89285],[-7.20974,39.89209],[-7.20912,39.88982],[-7.2078,39.88817],[-7.2059,39.88839],[-7.20546,39.88642],[-7.20375,39.88568],[-7.20207,39.88581],[-7.20154,39.88546],[-7.2024,39.88443],[-7.20155,39.88362],[-7.20173,39.88321]]},"properties":{"osm_type":"way","osm_id":335690915,"country":"PT","name":null,"operator":null,"wikidata":null,"wikipedia":null}},{"type":"Feature","geometry":{"type":"LineString","coordinates":[[-7.38442,40.21444],[-7.38719,40.20852],[-7.38565,40.20573],[-7.3869,40.20425],[-7.39119,40.20252],[-7.39793,40.20281],[-7.40936,40.2008],[-7.41315,40.19961],[-7.41631,40.19788],[-7.41838,40.19816],[-7.41911,40.19915]]},"properties":{"osm_type":"way","osm_id":337605877,"country":"PT","name":null,"operator":null,"wikidata":null,"wikipedia":null}},{"type":"Feature","geometry":{"type":"LineString","coordinates":[[-7.39202,40.23739],[-7.39051,40.23889],[-7.39117,40.24146],[-7.38991,40.24178],[-7.38839,40.24303],[-7.38736,40.24317],[-7.38681,40.24405],[-7.3841,40.24506]]},"properties":{"osm_type":"way","osm_id":337605880,"country":"PT","name":"Canal condutor geral","operator":null,"wikidata":null,"wikipedia":null}},{"type":"Feature","geometry":{"type":"LineString","coordinates":[[-7.39389,40.23589],[-7.39352,40.23622]]},"properties":{"osm_type":"way","osm_id":337605886,"country":"PT","name":"Canal condutor geral","operator":null,"wikidata":null,"wikipedia":null}},{"type":"Feature","geometry":{"type":"LineString","coordinates":[[-7.39352,40.23622],[-7.39319,40.23696]]},"properties":{"osm_type":"way","osm_id":337605891,"country":"PT","name":"Canal condutor geral","operator":null,"wikidata":null,"wikipedia":null}},{"type":"Feature","geometry":{"type":"LineString","coordinates":[[-7.39319,40.23696],[-7.39202,40.23739]]},"properties":{"osm_type":"way","osm_id":337605897,"country":"PT","name":"Canal condutor geral","operator":null,"wikidata":null,"wikipedia":null}},{"type":"Feature","geometry":{"type":"LineString","coordinates":[[-8.20053,38.06481],[-8.20079,38.06386]]},"properties":{"osm_type":"way","osm_id":338902461,"country":"PT","name":null,"operator":null,"wikidata":null,"wikipedia":null}},{"type":"Feature","geometry":{"type":"LineString","coordinates":[[-8.20079,38.06386],[-8.20214,38.05932]]},"properties":{"osm_type":"way","osm_id":338902463,"country":"PT","name":null,"operator":null,"wikidata":null,"wikipedia":null}},{"type":"Feature","geometry":{"type":"LineString","coordinates":[[-8.17441,38.09009],[-8.17447,38.09305]]},"properties":{"osm_type":"way","osm_id":338902464,"country":"PT","name":null,"operator":null,"wikidata":null,"wikipedia":null}},{"type":"Feature","geometry":{"type":"LineString","coordinates":[[-8.29949,38.2478],[-8.30028,38.24629]]},"properties":{"osm_type":"way","osm_id":340421974,"country":"PT","name":"Descarregador de cheias","operator":null,"wikidata":null,"wikipedia":null}},{"type":"Feature","geometry":{"type":"LineString","coordinates":[[-8.29852,38.24953],[-8.29949,38.2478]]},"properties":{"osm_type":"way","osm_id":340423466,"country":"PT","name":"Descarregador de cheias","operator":null,"wikidata":null,"wikipedia":null}},{"type":"Feature","geometry":{"type":"LineString","coordinates":[[-7.60101,37.95904],[-7.60346,37.9634],[-7.60353,37.96691],[-7.60423,37.96792],[-7.60474,37.97073],[-7.60354,37.97695],[-7.60673,37.9858],[-7.60785,37.9907],[-7.60706,37.99384],[-7.60583,37.99338]]},"properties":{"osm_type":"way","osm_id":349675536,"country":"PT","name":"Adutora de Serpa","operator":null,"wikidata":null,"wikipedia":null}},{"type":"Feature","geometry":{"type":"LineString","coordinates":[[-7.56397,38.00997],[-7.56662,38.00708],[-7.56846,38.00241],[-7.57035,38.00081],[-7.57148,37.99687],[-7.5751,37.99595]]},"properties":{"osm_type":"way","osm_id":349675547,"country":"PT","name":null,"operator":null,"wikidata":null,"wikipedia":null}},{"type":"Feature","geometry":{"type":"LineString","coordinates":[[-7.46442,37.9952],[-7.46996,37.99598],[-7.47218,37.99478],[-7.47667,37.99609],[-7.48523,37.99652],[-7.48838,37.99568],[-7.49192,37.99396],[-7.49538,37.99376],[-7.49805,37.99412]]},"properties":{"osm_type":"way","osm_id":349676961,"country":"PT","name":null,"operator":null,"wikidata":null,"wikipedia":null}},{"type":"Feature","geometry":{"type":"LineString","coordinates":[[-7.61854,38.09947],[-7.6188,38.0993]]},"properties":{"osm_type":"way","osm_id":349678270,"country":"PT","name":"Adutor de Pedrógão","operator":null,"wikidata":null,"wikipedia":null}},{"type":"Feature","geometry":{"type":"LineString","coordinates":[[-7.59247,37.92728],[-7.58689,37.93314],[-7.58739,37.94517],[-7.58862,37.94746],[-7.5885,37.94938],[-7.58907,37.95095],[-7.59693,37.95556],[-7.59737,37.95709],[-7.59799,37.95808],[-7.59844,37.95798]]},"properties":{"osm_type":"way","osm_id":349678783,"country":"PT","name":null,"operator":null,"wikidata":null,"wikipedia":null}},{"type":"Feature","geometry":{"type":"LineString","coordinates":[[-7.91279,38.57593],[-7.91119,38.5747]]},"properties":{"osm_type":"way","osm_id":352101521,"country":"PT","name":"Aqueduto da Água de Prata","operator":null,"wikidata":"Q8187810","wikipedia":"pt:Aqueduto da Água de Prata"}},{"type":"Feature","geometry":{"type":"LineString","coordinates":[[-7.92165,38.58187],[-7.91934,38.57914],[-7.91582,38.57823],[-7.91279,38.57593]]},"properties":{"osm_type":"way","osm_id":352101524,"country":"PT","name":"Aqueduto da Água de Prata","operator":null,"wikidata":"Q8187810","wikipedia":"pt:Aqueduto da Água de Prata"}},{"type":"Feature","geometry":{"type":"LineString","coordinates":[[-8.64812,40.66244],[-8.64716,40.66403]]},"properties":{"osm_type":"way","osm_id":353944913,"country":"PT","name":null,"operator":null,"wikidata":null,"wikipedia":null}},{"type":"Feature","geometry":{"type":"LineString","coordinates":[[-7.45835,37.24138],[-7.45701,37.24011],[-7.45735,37.23486],[-7.45797,37.23408],[-7.45745,37.23358],[-7.45787,37.22465],[-7.45925,37.21987],[-7.47047,37.21477],[-7.4717,37.21355],[-7.4718,37.21116],[-7.47274,37.20847],[-7.47451,37.20566],[-7.47915,37.202],[-7.48694,37.19827],[-7.48715,37.1932],[-7.48799,37.19119],[-7.48661,37.18706]]},"properties":{"osm_type":"way","osm_id":354604419,"country":"PT","name":null,"operator":"Águas do Algarve","wikidata":null,"wikipedia":null}},{"type":"Feature","geometry":{"type":"LineString","coordinates":[[-7.58998,40.30207],[-7.58899,40.29975],[-7.589,40.2952],[-7.58961,40.29202],[-7.58884,40.29053],[-7.59075,40.28958],[-7.59157,40.28663]]},"properties":{"osm_type":"way","osm_id":356125160,"country":"PT","name":null,"operator":null,"wikidata":null,"wikipedia":null}},{"type":"Feature","geometry":{"type":"LineString","coordinates":[[-7.32118,40.26011],[-7.32132,40.26004]]},"properties":{"osm_type":"way","osm_id":357831002,"country":"PT","name":null,"operator":null,"wikidata":null,"wikipedia":null}},{"type":"Feature","geometry":{"type":"LineString","coordinates":[[-7.34443,40.24958],[-7.34343,40.24982]]},"properties":{"osm_type":"way","osm_id":357831009,"country":"PT","name":null,"operator":null,"wikidata":null,"wikipedia":null}},{"type":"Feature","geometry":{"type":"LineString","coordinates":[[-7.32132,40.26004],[-7.32164,40.25999]]},"properties":{"osm_type":"way","osm_id":357831011,"country":"PT","name":null,"operator":null,"wikidata":null,"wikipedia":null}},{"type":"Feature","geometry":{"type":"LineString","coordinates":[[-7.33818,40.25135],[-7.33768,40.25185]]},"properties":{"osm_type":"way","osm_id":357831012,"country":"PT","name":null,"operator":null,"wikidata":null,"wikipedia":null}},{"type":"Feature","geometry":{"type":"LineString","coordinates":[[-7.34343,40.24982],[-7.33961,40.25034],[-7.33818,40.25135]]},"properties":{"osm_type":"way","osm_id":357831018,"country":"PT","name":null,"operator":null,"wikidata":null,"wikipedia":null}},{"type":"Feature","geometry":{"type":"LineString","coordinates":[[-7.33768,40.25185],[-7.33454,40.25469],[-7.33165,40.2557],[-7.33083,40.25702],[-7.32788,40.25722],[-7.32697,40.25651],[-7.32338,40.25821],[-7.32107,40.25855],[-7.32044,40.25932],[-7.32118,40.26011]]},"properties":{"osm_type":"way","osm_id":357831024,"country":"PT","name":"Canal Condutor Geral 3º Troço","operator":null,"wikidata":null,"wikipedia":null}},{"type":"Feature","geometry":{"type":"LineString","coordinates":[[-7.32118,40.26011],[-7.32168,40.261],[-7.32036,40.26261],[-7.32033,40.266]]},"properties":{"osm_type":"way","osm_id":358278147,"country":"PT","name":"Canal Condutor Geral 2º Troço","operator":null,"wikidata":null,"wikipedia":null}},{"type":"Feature","geometry":{"type":"LineString","coordinates":[[-7.96771,41.7765],[-7.96455,41.77619]]},"properties":{"osm_type":"way","osm_id":358670048,"country":"PT","name":null,"operator":null,"wikidata":null,"wikipedia":null}},{"type":"Feature","geometry":{"type":"LineString","coordinates":[[-7.99441,41.78025],[-7.96813,41.77654]]},"properties":{"osm_type":"way","osm_id":358670050,"country":"PT","name":null,"operator":null,"wikidata":null,"wikipedia":null}},{"type":"Feature","geometry":{"type":"LineString","coordinates":[[-7.9534,41.76941],[-7.95392,41.76668]]},"properties":{"osm_type":"way","osm_id":358670150,"country":"PT","name":"Descarregador de Cheias 2 da Barragem de Paradela","operator":null,"wikidata":"Q14582","wikipedia":"pt:Rio Cávado"}},{"type":"Feature","geometry":{"type":"LineString","coordinates":[[-7.95291,41.77034],[-7.9534,41.76941]]},"properties":{"osm_type":"way","osm_id":358670152,"country":"PT","name":"Descarregador de Cheias 2 da Barragem de Paradela","operator":"EDP","wikidata":"Q14582","wikipedia":"pt:Rio Cávado"}},{"type":"Feature","geometry":{"type":"LineString","coordinates":[[-7.95284,41.77029],[-7.9534,41.76941]]},"properties":{"osm_type":"way","osm_id":358670153,"country":"PT","name":"Descarregador de Cheias 2 da Barragem de Paradela","operator":"EDP","wikidata":"Q14582","wikipedia":"pt:Rio Cávado"}},{"type":"Feature","geometry":{"type":"LineString","coordinates":[[-7.99451,41.78026],[-7.99441,41.78025]]},"properties":{"osm_type":"way","osm_id":358670206,"country":"PT","name":null,"operator":null,"wikidata":null,"wikipedia":null}},{"type":"Feature","geometry":{"type":"LineString","coordinates":[[-7.99479,41.7803],[-7.99451,41.78026]]},"properties":{"osm_type":"way","osm_id":358670212,"country":"PT","name":null,"operator":null,"wikidata":null,"wikipedia":null}},{"type":"Feature","geometry":{"type":"LineString","coordinates":[[-8.64231,40.66227],[-8.6417,40.66152]]},"properties":{"osm_type":"way","osm_id":360079496,"country":"PT","name":null,"operator":null,"wikidata":null,"wikipedia":null}},{"type":"Feature","geometry":{"type":"LineString","coordinates":[[-8.64111,40.66306],[-8.64021,40.66332]]},"properties":{"osm_type":"way","osm_id":360079498,"country":"PT","name":null,"operator":null,"wikidata":null,"wikipedia":null}},{"type":"Feature","geometry":{"type":"LineString","coordinates":[[-8.32467,39.54237],[-8.32941,39.54266],[-8.33762,39.54394]]},"properties":{"osm_type":"way","osm_id":360333165,"country":"PT","name":"Adutor do Castelo do Bode","operator":null,"wikidata":null,"wikipedia":null}},{"type":"Feature","geometry":{"type":"LineString","coordinates":[[-8.3382,39.54397],[-8.33764,39.544]]},"properties":{"osm_type":"way","osm_id":360333180,"country":"PT","name":null,"operator":null,"wikidata":null,"wikipedia":null}},{"type":"Feature","geometry":{"type":"LineString","coordinates":[[-8.32429,39.54228],[-8.33764,39.544]]},"properties":{"osm_type":"way","osm_id":360333188,"country":"PT","name":"Adutor de Castelo do Bode","operator":null,"wikidata":null,"wikipedia":null}},{"type":"Feature","geometry":{"type":"LineString","coordinates":[[-8.31702,39.54446],[-8.32351,39.54151]]},"properties":{"osm_type":"way","osm_id":360361189,"country":"PT","name":"Túnel de Ligação à Estação Elevatória","operator":null,"wikidata":null,"wikipedia":null}},{"type":"Feature","geometry":{"type":"LineString","coordinates":[[-8.37659,39.52993],[-8.37201,39.53109],[-8.36014,39.53571],[-8.35527,39.53815],[-8.3525,39.54006],[-8.34341,39.54316],[-8.3382,39.54397]]},"properties":{"osm_type":"way","osm_id":360361568,"country":"PT","name":"Adutor de Castelo do Bode","operator":null,"wikidata":null,"wikipedia":null}},{"type":"Feature","geometry":{"type":"LineString","coordinates":[[-8.83542,38.68653],[-8.83866,38.68647],[-8.83945,38.68834]]},"properties":{"osm_type":"way","osm_id":360425821,"country":"PT","name":"Descarregador de cheias","operator":null,"wikidata":null,"wikipedia":null}},{"type":"Feature","geometry":{"type":"LineString","coordinates":[[-7.65682,39.68701],[-7.65707,39.68703]]},"properties":{"osm_type":"way","osm_id":361963255,"country":"PT","name":"Descarregador de cheias","operator":null,"wikidata":null,"wikipedia":null}},{"type":"Feature","geometry":{"type":"LineString","coordinates":[[-8.54074,41.54836],[-8.54225,41.54637],[-8.53992,41.54617],[-8.53979,41.54662],[-8.54141,41.54724]]},"properties":{"osm_type":"way","osm_id":361989832,"country":"PT","name":null,"operator":null,"wikidata":null,"wikipedia":null}},{"type":"Feature","geometry":{"type":"LineString","coordinates":[[-8.2875,37.72768],[-8.28406,37.72931]]},"properties":{"osm_type":"way","osm_id":366045031,"country":"PT","name":null,"operator":null,"wikidata":null,"wikipedia":null}},{"type":"Feature","geometry":{"type":"LineString","coordinates":[[-8.28853,37.72734],[-8.28792,37.72889]]},"properties":{"osm_type":"way","osm_id":366045033,"country":"PT","name":"Canal Condutor Geral","operator":null,"wikidata":null,"wikipedia":null}},{"type":"Feature","geometry":{"type":"LineString","coordinates":[[-8.28775,37.72672],[-8.2874,37.73063]]},"properties":{"osm_type":"way","osm_id":366045034,"country":"PT","name":"Canal de descarga de cheias","operator":null,"wikidata":null,"wikipedia":null}},{"type":"Feature","geometry":{"type":"LineString","coordinates":[[-8.28889,37.72644],[-8.28853,37.72734]]},"properties":{"osm_type":"way","osm_id":366045035,"country":"PT","name":null,"operator":null,"wikidata":null,"wikipedia":null}},{"type":"Feature","geometry":{"type":"LineString","coordinates":[[-7.63181,38.1119],[-7.63334,38.11046]]},"properties":{"osm_type":"way","osm_id":366050681,"country":"PT","name":null,"operator":null,"wikidata":null,"wikipedia":null}},{"type":"Feature","geometry":{"type":"LineString","coordinates":[[-8.28681,37.73277],[-8.28691,37.73325]]},"properties":{"osm_type":"way","osm_id":366277455,"country":"PT","name":"Canal do Alto Sado","operator":null,"wikidata":null,"wikipedia":null}},{"type":"Feature","geometry":{"type":"LineString","coordinates":[[-8.28904,37.7259],[-8.28889,37.72644]]},"properties":{"osm_type":"way","osm_id":366277456,"country":"PT","name":null,"operator":null,"wikidata":null,"wikipedia":null}},{"type":"Feature","geometry":{"type":"LineString","coordinates":[[-8.28734,37.7303],[-8.28628,37.73058],[-8.28681,37.73277]]},"properties":{"osm_type":"way","osm_id":366277457,"country":"PT","name":"Canal do Alto Sado","operator":null,"wikidata":null,"wikipedia":null}},{"type":"Feature","geometry":{"type":"LineString","coordinates":[[-8.28691,37.73325],[-8.28743,37.73378],[-8.28743,37.73526],[-8.28816,37.73456],[-8.28986,37.73556],[-8.29131,37.73472],[-8.29164,37.73588],[-8.29417,37.73545],[-8.29455,37.73582],[-8.29379,37.73632],[-8.29399,37.73663],[-8.29737,37.73595],[-8.29741,37.73723]]},"properties":{"osm_type":"way","osm_id":366277458,"country":"PT","name":"Canal do Alto Sado","operator":null,"wikidata":null,"wikipedia":null}},{"type":"Feature","geometry":{"type":"LineString","coordinates":[[-8.28783,37.73036],[-8.28734,37.7303]]},"properties":{"osm_type":"way","osm_id":366277459,"country":"PT","name":"Canal do Alto Sado","operator":null,"wikidata":null,"wikipedia":null}},{"type":"Feature","geometry":{"type":"LineString","coordinates":[[-7.48117,39.96931],[-7.48113,39.9685]]},"properties":{"osm_type":"way","osm_id":367873814,"country":"PT","name":"Descarga de fundo","operator":null,"wikidata":null,"wikipedia":null}},{"type":"Feature","geometry":{"type":"LineString","coordinates":[[-7.90893,38.27872],[-7.91074,38.2766]]},"properties":{"osm_type":"way","osm_id":368628868,"country":"PT","name":null,"operator":null,"wikidata":null,"wikipedia":null}},{"type":"Feature","geometry":{"type":"LineString","coordinates":[[-7.91051,38.27687],[-7.91115,38.27648]]},"properties":{"osm_type":"way","osm_id":368628869,"country":"PT","name":null,"operator":null,"wikidata":null,"wikipedia":null}},{"type":"Feature","geometry":{"type":"LineString","coordinates":[[-7.509,37.55485],[-7.51058,37.5554],[-7.51309,37.55194]]},"properties":{"osm_type":"way","osm_id":368647020,"country":"PT","name":null,"operator":null,"wikidata":null,"wikipedia":null}},{"type":"Feature","geometry":{"type":"LineString","coordinates":[[-8.09069,37.50152],[-8.08996,37.50141],[-8.08977,37.50251]]},"properties":{"osm_type":"way","osm_id":368767520,"country":"PT","name":null,"operator":null,"wikidata":null,"wikipedia":null}},{"type":"Feature","geometry":{"type":"LineString","coordinates":[[-8.46853,37.1831],[-8.46905,37.18162],[-8.47168,37.17937],[-8.4725,37.17764],[-8.47556,37.17699],[-8.47734,37.17715],[-8.48164,37.17816],[-8.48193,37.17887],[-8.48482,37.17687],[-8.48494,37.17943],[-8.48368,37.18589],[-8.48479,37.1862],[-8.4853,37.18575],[-8.48551,37.18624],[-8.48648,37.18619],[-8.48623,37.18481],[-8.48711,37.18475],[-8.48826,37.18645],[-8.48824,37.18757]]},"properties":{"osm_type":"way","osm_id":373504328,"country":"PT","name":null,"operator":null,"wikidata":null,"wikipedia":null}},{"type":"Feature","geometry":{"type":"LineString","coordinates":[[-8.46698,37.18711],[-8.46977,37.18597]]},"properties":{"osm_type":"way","osm_id":373509001,"country":"PT","name":null,"operator":null,"wikidata":null,"wikipedia":null}},{"type":"Feature","geometry":{"type":"LineString","coordinates":[[-8.44771,37.19252],[-8.45031,37.19024],[-8.45269,37.18977],[-8.45359,37.18926],[-8.45381,37.18848],[-8.45456,37.18852],[-8.45636,37.18723],[-8.45765,37.18689],[-8.45855,37.18713],[-8.45914,37.18789],[-8.46281,37.18814],[-8.46258,37.1903],[-8.46391,37.19091]]},"properties":{"osm_type":"way","osm_id":373621349,"country":"PT","name":null,"operator":null,"wikidata":null,"wikipedia":null}},{"type":"Feature","geometry":{"type":"LineString","coordinates":[[-8.46469,37.19101],[-8.46602,37.1884]]},"properties":{"osm_type":"way","osm_id":373621356,"country":"PT","name":null,"operator":null,"wikidata":null,"wikipedia":null}},{"type":"Feature","geometry":{"type":"LineString","coordinates":[[-8.46606,37.18828],[-8.46698,37.18711]]},"properties":{"osm_type":"way","osm_id":373621358,"country":"PT","name":null,"operator":null,"wikidata":null,"wikipedia":null}},{"type":"Feature","geometry":{"type":"LineString","coordinates":[[-8.46391,37.19091],[-8.46469,37.19101]]},"properties":{"osm_type":"way","osm_id":373621373,"country":"PT","name":null,"operator":null,"wikidata":null,"wikipedia":null}},{"type":"Feature","geometry":{"type":"LineString","coordinates":[[-8.46602,37.1884],[-8.46606,37.18828]]},"properties":{"osm_type":"way","osm_id":373621377,"country":"PT","name":null,"operator":null,"wikidata":null,"wikipedia":null}},{"type":"Feature","geometry":{"type":"LineString","coordinates":[[-8.12287,38.95541],[-8.12082,38.95517],[-8.11912,38.95327],[-8.11653,38.95319],[-8.11586,38.95247],[-8.11251,38.95107],[-8.11,38.95186]]},"properties":{"osm_type":"way","osm_id":374315975,"country":"PT","name":null,"operator":null,"wikidata":null,"wikipedia":null}},{"type":"Feature","geometry":{"type":"LineString","coordinates":[[-7.2431,39.83507],[-7.24258,39.83336],[-7.24345,39.83056],[-7.24946,39.82811],[-7.25039,39.8272],[-7.2518,39.82733],[-7.25456,39.82497],[-7.2553,39.82506],[-7.25697,39.82673],[-7.25816,39.82685],[-7.26005,39.82547],[-7.26041,39.82408],[-7.26159,39.82411],[-7.26049,39.82275],[-7.26222,39.8215],[-7.2629,39.82143],[-7.26317,39.8224],[-7.2644,39.82288],[-7.26727,39.82195],[-7.26933,39.82317],[-7.27176,39.82268],[-7.27266,39.82305],[-7.27366,39.82241],[-7.27456,39.82091],[-7.278,39.8209]]},"properties":{"osm_type":"way","osm_id":375500394,"country":"PT","name":null,"operator":null,"wikidata":null,"wikipedia":null}},{"type":"Feature","geometry":{"type":"LineString","coordinates":[[-7.18997,39.87278],[-7.1874,39.86746],[-7.18763,39.86595],[-7.18925,39.86345],[-7.19171,39.86367],[-7.19249,39.86271],[-7.19179,39.86001],[-7.19444,39.85663],[-7.19421,39.85396],[-7.19483,39.85206],[-7.19897,39.85051],[-7.20136,39.84878],[-7.201,39.84709],[-7.19896,39.84507],[-7.19842,39.84093],[-7.20018,39.83764],[-7.1938,39.83338],[-7.19555,39.83232],[-7.19905,39.82823]]},"properties":{"osm_type":"way","osm_id":375501079,"country":"PT","name":null,"operator":null,"wikidata":null,"wikipedia":null}},{"type":"Feature","geometry":{"type":"LineString","coordinates":[[-7.94274,40.89798],[-7.94177,40.89641]]},"properties":{"osm_type":"way","osm_id":380518759,"country":"PT","name":null,"operator":null,"wikidata":null,"wikipedia":null}},{"type":"Feature","geometry":{"type":"LineString","coordinates":[[-7.94177,40.89641],[-7.93936,40.89665]]},"properties":{"osm_type":"way","osm_id":380518764,"country":"PT","name":null,"operator":null,"wikidata":null,"wikipedia":null}},{"type":"Feature","geometry":{"type":"LineString","coordinates":[[-7.94405,40.89888],[-7.94336,40.89814]]},"properties":{"osm_type":"way","osm_id":380518767,"country":"PT","name":null,"operator":null,"wikidata":null,"wikipedia":null}},{"type":"Feature","geometry":{"type":"LineString","coordinates":[[-7.9446,40.89962],[-7.94405,40.89888]]},"properties":{"osm_type":"way","osm_id":380518932,"country":"PT","name":null,"operator":null,"wikidata":null,"wikipedia":null}},{"type":"Feature","geometry":{"type":"LineString","coordinates":[[-7.94336,40.89814],[-7.94274,40.89798]]},"properties":{"osm_type":"way","osm_id":380518958,"country":"PT","name":null,"operator":null,"wikidata":null,"wikipedia":null}},{"type":"Feature","geometry":{"type":"LineString","coordinates":[[-7.97617,39.01684],[-7.97741,39.01597]]},"properties":{"osm_type":"way","osm_id":380992412,"country":"PT","name":"Tunel descarregador de cheias","operator":null,"wikidata":null,"wikipedia":null}},{"type":"Feature","geometry":{"type":"LineString","coordinates":[[-7.99129,38.97458],[-7.99383,38.97728],[-7.99463,38.97901],[-7.99441,38.98039],[-7.99548,38.98193],[-7.99656,38.98592],[-7.99639,38.99179],[-7.99719,38.99282],[-7.99629,38.99402],[-7.99635,38.99547],[-7.99749,38.99706],[-7.99808,39.00071],[-7.99795,39.00282],[-7.9972,39.0038],[-7.99565,39.00425],[-7.9922,39.00766],[-7.99008,39.00817]]},"properties":{"osm_type":"way","osm_id":381139541,"country":"PT","name":null,"operator":null,"wikidata":null,"wikipedia":null}},{"type":"Feature","geometry":{"type":"LineString","coordinates":[[-9.24246,38.80644],[-9.24241,38.80685],[-9.24383,38.80757],[-9.24711,38.81313]]},"properties":{"osm_type":"way","osm_id":383110978,"country":"PT","name":"Aqueduto das Águas Livres","operator":null,"wikidata":"Q623228","wikipedia":"pt:Aqueduto das Águas Livres"}},{"type":"Feature","geometry":{"type":"LineString","coordinates":[[-9.23834,38.81746],[-9.23769,38.81524]]},"properties":{"osm_type":"way","osm_id":383110979,"country":"PT","name":"Aqueduto das Águas Livres","operator":null,"wikidata":"Q623228","wikipedia":"pt:Aqueduto das Águas Livres"}},{"type":"Feature","geometry":{"type":"LineString","coordinates":[[-9.2346,38.81531],[-9.23478,38.81788]]},"properties":{"osm_type":"way","osm_id":383110981,"country":"PT","name":"Aqueduto das Águas Livres","operator":null,"wikidata":"Q623228","wikipedia":"pt:Aqueduto das Águas Livres"}},{"type":"Feature","geometry":{"type":"LineString","coordinates":[[-9.23769,38.81524],[-9.23911,38.81232],[-9.23877,38.81023],[-9.24087,38.80862],[-9.24143,38.80872],[-9.24211,38.8115],[-9.24334,38.81251],[-9.2451,38.81287],[-9.24585,38.81499]]},"properties":{"osm_type":"way","osm_id":383110983,"country":"PT","name":"Aqueduto das Águas Livres","operator":null,"wikidata":"Q623228","wikipedia":"pt:Aqueduto das Águas Livres"}},{"type":"Feature","geometry":{"type":"LineString","coordinates":[[-9.24087,38.80862],[-9.24145,38.80726],[-9.24242,38.80656],[-9.24304,38.80462],[-9.24063,38.80194],[-9.24148,38.79728],[-9.24342,38.79605]]},"properties":{"osm_type":"way","osm_id":383110984,"country":"PT","name":"Aqueduto das Águas Livres","operator":null,"wikidata":"Q623228","wikipedia":"pt:Aqueduto das Águas Livres"}},{"type":"Feature","geometry":{"type":"LineString","coordinates":[[-9.24342,38.79605],[-9.24441,38.79467],[-9.24446,38.79148]]},"properties":{"osm_type":"way","osm_id":383110986,"country":"PT","name":"Aqueduto das Águas Livres","operator":null,"wikidata":"Q623228","wikipedia":"pt:Aqueduto das Águas Livres"}},{"type":"Feature","geometry":{"type":"LineString","coordinates":[[-9.24924,38.77042],[-9.24984,38.7678],[-9.2494,38.76678],[-9.25015,38.76485],[-9.24928,38.76255],[-9.2487,38.76235],[-9.24652,38.76306]]},"properties":{"osm_type":"way","osm_id":383116538,"country":"PT","name":"Aqueduto das Águas Livres","operator":"Aqueduto das Águas Livres","wikidata":"Q623228","wikipedia":"pt:Aqueduto das Águas Livres"}},{"type":"Feature","geometry":{"type":"LineString","coordinates":[[-9.24774,38.78089],[-9.25112,38.78201],[-9.25439,38.78565],[-9.25723,38.78726],[-9.26197,38.78704],[-9.26362,38.78928],[-9.26365,38.79172],[-9.26464,38.79383],[-9.26497,38.79632],[-9.2668,38.79717]]},"properties":{"osm_type":"way","osm_id":383120568,"country":"PT","name":"Aqueduto das Águas Livres","operator":null,"wikidata":"Q623228","wikipedia":"pt:Aqueduto das Águas Livres"}},{"type":"Feature","geometry":{"type":"LineString","coordinates":[[-7.6825,40.39748],[-7.68266,40.39751]]},"properties":{"osm_type":"way","osm_id":384084791,"country":"PT","name":null,"operator":null,"wikidata":null,"wikipedia":null}},{"type":"Feature","geometry":{"type":"LineString","coordinates":[[-7.68272,40.39737],[-7.68665,40.39834]]},"properties":{"osm_type":"way","osm_id":384084792,"country":"PT","name":null,"operator":null,"wikidata":null,"wikipedia":null}},{"type":"Feature","geometry":{"type":"LineString","coordinates":[[-7.68256,40.39732],[-7.68272,40.39737]]},"properties":{"osm_type":"way","osm_id":384084793,"country":"PT","name":null,"operator":null,"wikidata":null,"wikipedia":null}},{"type":"Feature","geometry":{"type":"LineString","coordinates":[[-7.68266,40.39751],[-7.68641,40.39849]]},"properties":{"osm_type":"way","osm_id":384084794,"country":"PT","name":null,"operator":null,"wikidata":null,"wikipedia":null}},{"type":"Feature","geometry":{"type":"LineString","coordinates":[[-7.64595,40.3802],[-7.64706,40.38101]]},"properties":{"osm_type":"way","osm_id":384084816,"country":"PT","name":null,"operator":null,"wikidata":null,"wikipedia":null}},{"type":"Feature","geometry":{"type":"LineString","coordinates":[[-7.72828,40.37967],[-7.72865,40.37965]]},"properties":{"osm_type":"way","osm_id":384084819,"country":"PT","name":null,"operator":null,"wikidata":null,"wikipedia":null}},{"type":"Feature","geometry":{"type":"LineString","coordinates":[[-7.68238,40.39739],[-7.6825,40.39748]]},"properties":{"osm_type":"way","osm_id":384084820,"country":"PT","name":null,"operator":null,"wikidata":null,"wikipedia":null}},{"type":"Feature","geometry":{"type":"LineString","coordinates":[[-7.69437,40.39537],[-7.69437,40.39454]]},"properties":{"osm_type":"way","osm_id":384084823,"country":"PT","name":null,"operator":null,"wikidata":null,"wikipedia":null}},{"type":"Feature","geometry":{"type":"LineString","coordinates":[[-9.23379,38.81527],[-9.22985,38.81613],[-9.22967,38.81684],[-9.23112,38.81873]]},"properties":{"osm_type":"way","osm_id":384581531,"country":"PT","name":"Aqueduto das Águas Livres","operator":null,"wikidata":"Q623228","wikipedia":"pt:Aqueduto das Águas Livres"}},{"type":"Feature","geometry":{"type":"LineString","coordinates":[[-9.23769,38.81524],[-9.23609,38.81452],[-9.2346,38.81531],[-9.23379,38.81527]]},"properties":{"osm_type":"way","osm_id":384581532,"country":"PT","name":"Aqueduto das Águas Livres","operator":null,"wikidata":"Q623228","wikipedia":"pt:Aqueduto das Águas Livres"}},{"type":"Feature","geometry":{"type":"LineString","coordinates":[[-9.25185,38.77425],[-9.25192,38.77253],[-9.24972,38.77066]]},"properties":{"osm_type":"way","osm_id":384583263,"country":"PT","name":"Aqueduto das Águas Livres","operator":null,"wikidata":"Q623228","wikipedia":"pt:Aqueduto das Águas Livres"}},{"type":"Feature","geometry":{"type":"LineString","coordinates":[[-9.24972,38.77066],[-9.24924,38.77042]]},"properties":{"osm_type":"way","osm_id":384583264,"country":"PT","name":"Aqueduto das Águas Livres","operator":null,"wikidata":"Q623228","wikipedia":"pt:Aqueduto das Águas Livres"}},{"type":"Feature","geometry":{"type":"LineString","coordinates":[[-9.25119,38.77592],[-9.25185,38.77425]]},"properties":{"osm_type":"way","osm_id":384583983,"country":"PT","name":"Aqueduto das Águas Livres","operator":null,"wikidata":"Q623228","wikipedia":"pt:Aqueduto das Águas Livres"}},{"type":"Feature","geometry":{"type":"LineString","coordinates":[[-8.10792,38.95438],[-8.10777,38.95357]]},"properties":{"osm_type":"way","osm_id":384892031,"country":"PT","name":null,"operator":null,"wikidata":null,"wikipedia":null}},{"type":"Feature","geometry":{"type":"LineString","coordinates":[[-8.107,38.95893],[-8.10671,38.95748],[-8.10768,38.95515]]},"properties":{"osm_type":"way","osm_id":384897533,"country":"PT","name":null,"operator":null,"wikidata":null,"wikipedia":null}},{"type":"Feature","geometry":{"type":"LineString","coordinates":[[-8.10777,38.95357],[-8.10832,38.95333]]},"properties":{"osm_type":"way","osm_id":384897535,"country":"PT","name":null,"operator":null,"wikidata":null,"wikipedia":null}},{"type":"Feature","geometry":{"type":"LineString","coordinates":[[-17.15027,32.74499],[-17.15239,32.74252]]},"properties":{"osm_type":"way","osm_id":385616895,"country":"PT","name":"Levada Nova dos Canhas","operator":null,"wikidata":null,"wikipedia":null}},{"type":"Feature","geometry":{"type":"LineString","coordinates":[[-8.21355,41.77185],[-8.2056,41.76984]]},"properties":{"osm_type":"way","osm_id":421680007,"country":"PT","name":null,"operator":null,"wikidata":null,"wikipedia":null}},{"type":"Feature","geometry":{"type":"LineString","coordinates":[[-8.65419,40.64609],[-8.65434,40.64635]]},"properties":{"osm_type":"way","osm_id":426327459,"country":"PT","name":"Esteiro de Sá","operator":null,"wikidata":null,"wikipedia":null}},{"type":"Feature","geometry":{"type":"LineString","coordinates":[[-8.65395,40.64572],[-8.65419,40.64609]]},"properties":{"osm_type":"way","osm_id":426327460,"country":"PT","name":"Esteiro de Sá","operator":null,"wikidata":null,"wikipedia":null}},{"type":"Feature","geometry":{"type":"LineString","coordinates":[[-8.4323,39.60666],[-8.43088,39.6067]]},"properties":{"osm_type":"way","osm_id":428045780,"country":"PT","name":"Aqueduto do Convento de Cristo","operator":null,"wikidata":null,"wikipedia":null}},{"type":"Feature","geometry":{"type":"LineString","coordinates":[[-8.43638,39.60719],[-8.43515,39.60676],[-8.43363,39.6074],[-8.4323,39.60666]]},"properties":{"osm_type":"way","osm_id":428045781,"country":"PT","name":"Aqueduto do Convento de Cristo","operator":null,"wikidata":null,"wikipedia":null}},{"type":"Feature","geometry":{"type":"LineString","coordinates":[[-8.43088,39.6067],[-8.42968,39.60647],[-8.42719,39.60328]]},"properties":{"osm_type":"way","osm_id":428045783,"country":"PT","name":"Aqueduto do Convento de Cristo","operator":null,"wikidata":null,"wikipedia":null}},{"type":"Feature","geometry":{"type":"LineString","coordinates":[[-8.42698,39.60324],[-8.42313,39.60343]]},"properties":{"osm_type":"way","osm_id":428045784,"country":"PT","name":"Aqueduto do Convento de Cristo","operator":null,"wikidata":null,"wikipedia":null}},{"type":"Feature","geometry":{"type":"LineString","coordinates":[[-8.42136,39.60322],[-8.42031,39.6032]]},"properties":{"osm_type":"way","osm_id":428045785,"country":"PT","name":"Aqueduto do Convento de Cristo","operator":null,"wikidata":null,"wikipedia":null}},{"type":"Feature","geometry":{"type":"LineString","coordinates":[[-7.62074,40.38565],[-7.62024,40.38676]]},"properties":{"osm_type":"way","osm_id":431212153,"country":"PT","name":"Descarga de fundo","operator":null,"wikidata":null,"wikipedia":null}},{"type":"Feature","geometry":{"type":"LineString","coordinates":[[-7.82351,38.16547],[-7.82542,38.16271],[-7.8262,38.16231]]},"properties":{"osm_type":"way","osm_id":442508682,"country":"PT","name":null,"operator":null,"wikidata":null,"wikipedia":null}},{"type":"Feature","geometry":{"type":"LineString","coordinates":[[-7.90218,38.18339],[-7.90241,38.18335]]},"properties":{"osm_type":"way","osm_id":442510096,"country":"PT","name":null,"operator":null,"wikidata":null,"wikipedia":null}},{"type":"Feature","geometry":{"type":"LineString","coordinates":[[-7.90141,38.18163],[-7.90127,38.18166]]},"properties":{"osm_type":"way","osm_id":442510102,"country":"PT","name":null,"operator":null,"wikidata":null,"wikipedia":null}},{"type":"Feature","geometry":{"type":"LineString","coordinates":[[-7.87691,38.17054],[-7.87611,38.1697],[-7.87376,38.16878],[-7.85502,38.16751],[-7.84429,38.16097],[-7.84218,38.16028],[-7.8404,38.1601],[-7.82842,38.16217],[-7.82774,38.16195]]},"properties":{"osm_type":"way","osm_id":442510107,"country":"PT","name":"Adutor Cuba - Vidigueira Adução Reservatório 4","operator":null,"wikidata":null,"wikipedia":null}},{"type":"Feature","geometry":{"type":"LineString","coordinates":[[-7.87715,38.17075],[-7.88305,38.17746],[-7.89344,38.18091]]},"properties":{"osm_type":"way","osm_id":442510108,"country":"PT","name":"Adutor Cuba - Vidigueira ","operator":null,"wikidata":null,"wikipedia":null}},{"type":"Feature","geometry":{"type":"LineString","coordinates":[[-16.91061,32.74015],[-16.90965,32.74053],[-16.90729,32.74286]]},"properties":{"osm_type":"way","osm_id":449769749,"country":"PT","name":null,"operator":null,"wikidata":null,"wikipedia":null}},{"type":"Feature","geometry":{"type":"LineString","coordinates":[[-7.17428,41.29062],[-7.17382,41.2905]]},"properties":{"osm_type":"way","osm_id":451213589,"country":"PT","name":"Descarregador de cheias","operator":null,"wikidata":null,"wikipedia":null}},{"type":"Feature","geometry":{"type":"LineString","coordinates":[[-7.17382,41.2905],[-7.17057,41.29201]]},"properties":{"osm_type":"way","osm_id":451213594,"country":"PT","name":"Descarregador de cheias","operator":null,"wikidata":null,"wikipedia":null}},{"type":"Feature","geometry":{"type":"LineString","coordinates":[[-7.05055,41.39127],[-7.05045,41.39008]]},"properties":{"osm_type":"way","osm_id":454372472,"country":"PT","name":"Descarregador de cheias","operator":null,"wikidata":null,"wikipedia":null}},{"type":"Feature","geometry":{"type":"LineString","coordinates":[[-8.69833,37.20197],[-8.69834,37.20189]]},"properties":{"osm_type":"way","osm_id":461183586,"country":"PT","name":"Descarga de fundo","operator":null,"wikidata":null,"wikipedia":null}},{"type":"Feature","geometry":{"type":"LineString","coordinates":[[-8.69839,37.20205],[-8.69833,37.20197]]},"properties":{"osm_type":"way","osm_id":461183588,"country":"PT","name":"Descarga de fundo","operator":null,"wikidata":null,"wikipedia":null}},{"type":"Feature","geometry":{"type":"LineString","coordinates":[[-8.44012,37.51313],[-8.44185,37.51097]]},"properties":{"osm_type":"way","osm_id":481277228,"country":"PT","name":"Descarregador","operator":null,"wikidata":null,"wikipedia":null}},{"type":"Feature","geometry":{"type":"LineString","coordinates":[[-7.48811,38.09835],[-7.49039,38.09858],[-7.49656,38.0975],[-7.49886,38.09631],[-7.49991,38.09454],[-7.50117,38.08954],[-7.50272,38.08773],[-7.50421,38.08417],[-7.50419,38.07489],[-7.50358,38.07382],[-7.49998,38.0709],[-7.49509,38.06223],[-7.48942,38.06058],[-7.48538,38.05794],[-7.47479,38.05523]]},"properties":{"osm_type":"way","osm_id":491219147,"country":"PT","name":"Adutor Caliço Pias","operator":null,"wikidata":null,"wikipedia":null}},{"type":"Feature","geometry":{"type":"LineString","coordinates":[[-7.39408,38.07346],[-7.39522,38.07409],[-7.3979,38.07402],[-7.40903,38.07697],[-7.41254,38.07716],[-7.43073,38.07481],[-7.4383,38.08741],[-7.44155,38.08908],[-7.44172,38.08991]]},"properties":{"osm_type":"way","osm_id":491478689,"country":"PT","name":"Adutor de Furta Galinhas","operator":null,"wikidata":null,"wikipedia":null}},{"type":"Feature","geometry":{"type":"LineString","coordinates":[[-7.48777,38.10021],[-7.49527,38.10173],[-7.4981,38.10166],[-7.50414,38.10049],[-7.50999,38.10038],[-7.55048,38.10328],[-7.55449,38.10256],[-7.5617,38.09962],[-7.56244,38.09915],[-7.56317,38.098],[-7.56278,38.09774],[-7.56384,38.09641],[-7.5628,38.09595]]},"properties":{"osm_type":"way","osm_id":491478696,"country":"PT","name":"Conduta Elevatória Amoreira - Caliços","operator":null,"wikidata":null,"wikipedia":null}},{"type":"Feature","geometry":{"type":"LineString","coordinates":[[-8.69216,40.6554],[-8.69169,40.6584]]},"properties":{"osm_type":"way","osm_id":494786758,"country":"PT","name":null,"operator":null,"wikidata":null,"wikipedia":null}},{"type":"Feature","geometry":{"type":"LineString","coordinates":[[-8.20383,39.04671],[-8.2045,39.04655]]},"properties":{"osm_type":"way","osm_id":496783088,"country":"PT","name":null,"operator":null,"wikidata":null,"wikipedia":null}},{"type":"Feature","geometry":{"type":"LineString","coordinates":[[-8.18017,39.05139],[-8.1832,39.0501],[-8.18603,39.05005],[-8.18875,39.04927]]},"properties":{"osm_type":"way","osm_id":496783094,"country":"PT","name":null,"operator":null,"wikidata":null,"wikipedia":null}},{"type":"Feature","geometry":{"type":"LineString","coordinates":[[-8.1902,39.04931],[-8.19197,39.04861]]},"properties":{"osm_type":"way","osm_id":496783095,"country":"PT","name":null,"operator":null,"wikidata":null,"wikipedia":null}},{"type":"Feature","geometry":{"type":"LineString","coordinates":[[-8.2045,39.04655],[-8.20501,39.04652]]},"properties":{"osm_type":"way","osm_id":496783096,"country":"PT","name":null,"operator":null,"wikidata":null,"wikipedia":null}},{"type":"Feature","geometry":{"type":"LineString","coordinates":[[-8.20913,39.0464],[-8.21038,39.04615]]},"properties":{"osm_type":"way","osm_id":496783097,"country":"PT","name":null,"operator":null,"wikidata":null,"wikipedia":null}},{"type":"Feature","geometry":{"type":"LineString","coordinates":[[-8.17907,39.05192],[-8.18017,39.05139]]},"properties":{"osm_type":"way","osm_id":496783100,"country":"PT","name":null,"operator":null,"wikidata":null,"wikipedia":null}},{"type":"Feature","geometry":{"type":"LineString","coordinates":[[-8.20501,39.04652],[-8.20517,39.04652]]},"properties":{"osm_type":"way","osm_id":496783101,"country":"PT","name":null,"operator":null,"wikidata":null,"wikipedia":null}},{"type":"Feature","geometry":{"type":"LineString","coordinates":[[-8.17864,39.05229],[-8.17907,39.05192]]},"properties":{"osm_type":"way","osm_id":496783102,"country":"PT","name":null,"operator":null,"wikidata":null,"wikipedia":null}},{"type":"Feature","geometry":{"type":"LineString","coordinates":[[-8.19285,39.04841],[-8.19334,39.04795],[-8.19714,39.04794],[-8.20116,39.04685],[-8.20183,39.04707],[-8.20234,39.04661],[-8.20383,39.04671]]},"properties":{"osm_type":"way","osm_id":496783103,"country":"PT","name":null,"operator":null,"wikidata":null,"wikipedia":null}},{"type":"Feature","geometry":{"type":"LineString","coordinates":[[-8.18875,39.04927],[-8.1902,39.04931]]},"properties":{"osm_type":"way","osm_id":496783106,"country":"PT","name":null,"operator":null,"wikidata":null,"wikipedia":null}},{"type":"Feature","geometry":{"type":"LineString","coordinates":[[-8.17783,39.0532],[-8.17864,39.05229]]},"properties":{"osm_type":"way","osm_id":496783108,"country":"PT","name":null,"operator":null,"wikidata":null,"wikipedia":null}},{"type":"Feature","geometry":{"type":"LineString","coordinates":[[-8.20517,39.04652],[-8.20684,39.04676],[-8.20878,39.04609],[-8.20913,39.0464]]},"properties":{"osm_type":"way","osm_id":496783112,"country":"PT","name":null,"operator":null,"wikidata":null,"wikipedia":null}},{"type":"Feature","geometry":{"type":"LineString","coordinates":[[-7.81165,39.56608],[-7.81361,39.56497]]},"properties":{"osm_type":"way","osm_id":502723037,"country":"PT","name":"Descarregador de cheias","operator":null,"wikidata":null,"wikipedia":null}},{"type":"Feature","geometry":{"type":"LineString","coordinates":[[-8.61368,37.4702],[-8.62797,37.47846]]},"properties":{"osm_type":"way","osm_id":503289809,"country":"PT","name":null,"operator":null,"wikidata":null,"wikipedia":null}},{"type":"Feature","geometry":{"type":"LineString","coordinates":[[-8.31104,37.74616],[-8.31292,37.74678],[-8.3134,37.74795],[-8.31491,37.74787],[-8.31473,37.74898],[-8.31587,37.74924],[-8.31638,37.74987],[-8.31613,37.7513],[-8.31521,37.75167],[-8.31516,37.75294],[-8.31409,37.75329],[-8.31547,37.7551],[-8.31484,37.75566],[-8.31499,37.75612]]},"properties":{"osm_type":"way","osm_id":503385687,"country":"PT","name":"Canal do Alto Sado","operator":null,"wikidata":null,"wikipedia":null}},{"type":"Feature","geometry":{"type":"LineString","coordinates":[[-8.30343,37.74029],[-8.30364,37.74052]]},"properties":{"osm_type":"way","osm_id":503385696,"country":"PT","name":"Canal do Alto Sado","operator":null,"wikidata":null,"wikipedia":null}},{"type":"Feature","geometry":{"type":"LineString","coordinates":[[-7.37674,41.16057],[-7.37643,41.16143]]},"properties":{"osm_type":"way","osm_id":503719888,"country":"PT","name":"Eclusa da Valeira","operator":null,"wikidata":null,"wikipedia":null}},{"type":"Feature","geometry":{"type":"LineString","coordinates":[[-7.63403,38.1102],[-7.63861,38.11008],[-7.65188,38.11481],[-7.66377,38.11665],[-7.66445,38.11643]]},"properties":{"osm_type":"way","osm_id":503888912,"country":"PT","name":null,"operator":null,"wikidata":null,"wikipedia":null}},{"type":"Feature","geometry":{"type":"LineString","coordinates":[[-7.68686,38.12005],[-7.68524,38.12041],[-7.68164,38.1195],[-7.67787,38.12009],[-7.6753,38.11928],[-7.67194,38.11934],[-7.66938,38.11868],[-7.66759,38.11748]]},"properties":{"osm_type":"way","osm_id":503888915,"country":"PT","name":"Canal Pedrógão Margem Direita","operator":null,"wikidata":null,"wikipedia":null}},{"type":"Feature","geometry":{"type":"LineString","coordinates":[[-7.75027,38.09264],[-7.74774,38.09406],[-7.73079,38.1005],[-7.72079,38.10922],[-7.71857,38.11006],[-7.70876,38.11119],[-7.70302,38.11383],[-7.69418,38.11646],[-7.68686,38.12005]]},"properties":{"osm_type":"way","osm_id":503889376,"country":"PT","name":"Adutor Pedrógão Margem Direita","operator":"EDIA","wikidata":null,"wikipedia":null}},{"type":"Feature","geometry":{"type":"LineString","coordinates":[[-7.7437,38.06132],[-7.73697,38.0628],[-7.73601,38.06345],[-7.73135,38.06754],[-7.7293,38.07269],[-7.72303,38.07668],[-7.71801,38.07286],[-7.70678,38.06718],[-7.69657,38.06457],[-7.69624,38.06353],[-7.69766,38.06297],[-7.69821,38.06064],[-7.69888,38.06011],[-7.6977,38.05979],[-7.69672,38.05885],[-7.69632,38.05543],[-7.69188,38.05341]]},"properties":{"osm_type":"way","osm_id":503891202,"country":"PT","name":null,"operator":null,"wikidata":null,"wikipedia":null}},{"type":"Feature","geometry":{"type":"LineString","coordinates":[[-7.76402,38.07794],[-7.76435,38.0793],[-7.76239,38.08393]]},"properties":{"osm_type":"way","osm_id":504000316,"country":"PT","name":null,"operator":null,"wikidata":null,"wikipedia":null}},{"type":"Feature","geometry":{"type":"LineString","coordinates":[[-8.42572,38.04446],[-8.42559,38.04446]]},"properties":{"osm_type":"way","osm_id":505036480,"country":"PT","name":"Descarga de fundo","operator":null,"wikidata":null,"wikipedia":null}},{"type":"Feature","geometry":{"type":"LineString","coordinates":[[-7.3917,38.6124],[-7.39162,38.61232]]},"properties":{"osm_type":"way","osm_id":507826360,"country":"PT","name":null,"operator":null,"wikidata":null,"wikipedia":null}},{"type":"Feature","geometry":{"type":"LineString","coordinates":[[-7.39162,38.61232],[-7.38989,38.61063]]},"properties":{"osm_type":"way","osm_id":507826379,"country":"PT","name":null,"operator":null,"wikidata":null,"wikipedia":null}},{"type":"Feature","geometry":{"type":"LineString","coordinates":[[-7.39768,38.61953],[-7.39626,38.61694],[-7.3917,38.6124]]},"properties":{"osm_type":"way","osm_id":507826381,"country":"PT","name":null,"operator":null,"wikidata":null,"wikipedia":null}},{"type":"Feature","geometry":{"type":"LineString","coordinates":[[-7.02525,41.32959],[-7.02721,41.32911]]},"properties":{"osm_type":"way","osm_id":508019340,"country":"PT","name":"Descarregador de cheias","operator":null,"wikidata":null,"wikipedia":null}},{"type":"Feature","geometry":{"type":"LineString","coordinates":[[-8.768,37.70875],[-8.76747,37.70904]]},"properties":{"osm_type":"way","osm_id":508987695,"country":"PT","name":null,"operator":null,"wikidata":null,"wikipedia":null}},{"type":"Feature","geometry":{"type":"LineString","coordinates":[[-7.91074,38.2766],[-7.91108,38.2762]]},"properties":{"osm_type":"way","osm_id":510434160,"country":"PT","name":null,"operator":null,"wikidata":null,"wikipedia":null}},{"type":"Feature","geometry":{"type":"LineString","coordinates":[[-8.4421,37.89418],[-8.44722,37.89768],[-8.44766,37.89854],[-8.44729,37.89936],[-8.44869,37.89836],[-8.44944,37.89838],[-8.45145,37.8993],[-8.45308,37.89923],[-8.4563,37.90012],[-8.45783,37.90113]]},"properties":{"osm_type":"way","osm_id":515956743,"country":"PT","name":null,"operator":null,"wikidata":null,"wikipedia":null}},{"type":"Feature","geometry":{"type":"LineString","coordinates":[[-8.45967,37.88218],[-8.46049,37.88205]]},"properties":{"osm_type":"way","osm_id":515956744,"country":"PT","name":null,"operator":null,"wikidata":null,"wikipedia":null}},{"type":"Feature","geometry":{"type":"LineString","coordinates":[[-8.45783,37.90113],[-8.45862,37.9013]]},"properties":{"osm_type":"way","osm_id":515956745,"country":"PT","name":null,"operator":null,"wikidata":null,"wikipedia":null}},{"type":"Feature","geometry":{"type":"LineString","coordinates":[[-8.46049,37.88205],[-8.46264,37.88165]]},"properties":{"osm_type":"way","osm_id":515956746,"country":"PT","name":null,"operator":null,"wikidata":null,"wikipedia":null}},{"type":"Feature","geometry":{"type":"LineString","coordinates":[[-8.45667,37.88283],[-8.45967,37.88218]]},"properties":{"osm_type":"way","osm_id":515956747,"country":"PT","name":null,"operator":null,"wikidata":null,"wikipedia":null}},{"type":"Feature","geometry":{"type":"LineString","coordinates":[[-8.44674,37.86835],[-8.44781,37.86886],[-8.44704,37.8698],[-8.44706,37.87174],[-8.44794,37.87306],[-8.4477,37.87399],[-8.44837,37.87538],[-8.44946,37.87643],[-8.44942,37.87779],[-8.44536,37.88198],[-8.44551,37.88323],[-8.44927,37.88588],[-8.45268,37.88499],[-8.45453,37.88319],[-8.45526,37.88357],[-8.45589,37.88333]]},"properties":{"osm_type":"way","osm_id":515956748,"country":"PT","name":null,"operator":null,"wikidata":null,"wikipedia":null}},{"type":"Feature","geometry":{"type":"LineString","coordinates":[[-8.44653,37.86823],[-8.44871,37.86146],[-8.44804,37.86034]]},"properties":{"osm_type":"way","osm_id":515956750,"country":"PT","name":null,"operator":null,"wikidata":null,"wikipedia":null}},{"type":"Feature","geometry":{"type":"LineString","coordinates":[[-8.47342,37.88185],[-8.47218,37.88232],[-8.46933,37.8817],[-8.46849,37.88212],[-8.4663,37.88202]]},"properties":{"osm_type":"way","osm_id":515956751,"country":"PT","name":null,"operator":null,"wikidata":null,"wikipedia":null}},{"type":"Feature","geometry":{"type":"LineString","coordinates":[[-8.46264,37.88165],[-8.4636,37.88171]]},"properties":{"osm_type":"way","osm_id":515956752,"country":"PT","name":null,"operator":null,"wikidata":null,"wikipedia":null}},{"type":"Feature","geometry":{"type":"LineString","coordinates":[[-8.48913,37.91447],[-8.48465,37.91608],[-8.4827,37.91549],[-8.48035,37.91382],[-8.47766,37.91317],[-8.47716,37.91211],[-8.47752,37.91023],[-8.477,37.90972],[-8.47479,37.90926],[-8.46846,37.90673],[-8.46595,37.90427],[-8.46196,37.90332],[-8.45862,37.9013]]},"properties":{"osm_type":"way","osm_id":515956753,"country":"PT","name":null,"operator":null,"wikidata":null,"wikipedia":null}},{"type":"Feature","geometry":{"type":"LineString","coordinates":[[-8.46494,37.88208],[-8.4663,37.88202]]},"properties":{"osm_type":"way","osm_id":515956755,"country":"PT","name":null,"operator":null,"wikidata":null,"wikipedia":null}},{"type":"Feature","geometry":{"type":"LineString","coordinates":[[-8.4636,37.88171],[-8.46449,37.88155],[-8.46494,37.88208]]},"properties":{"osm_type":"way","osm_id":515956756,"country":"PT","name":null,"operator":null,"wikidata":null,"wikipedia":null}},{"type":"Feature","geometry":{"type":"LineString","coordinates":[[-8.45589,37.88333],[-8.45667,37.88283]]},"properties":{"osm_type":"way","osm_id":515956757,"country":"PT","name":null,"operator":null,"wikidata":null,"wikipedia":null}},{"type":"Feature","geometry":{"type":"LineString","coordinates":[[-8.43703,37.88922],[-8.43826,37.89009],[-8.43931,37.89245],[-8.44247,37.89357]]},"properties":{"osm_type":"way","osm_id":515959447,"country":"PT","name":null,"operator":null,"wikidata":null,"wikipedia":null}},{"type":"Feature","geometry":{"type":"LineString","coordinates":[[-8.44247,37.89357],[-8.4421,37.89418]]},"properties":{"osm_type":"way","osm_id":515959457,"country":"PT","name":null,"operator":null,"wikidata":null,"wikipedia":null}},{"type":"Feature","geometry":{"type":"LineString","coordinates":[[-8.33215,37.88927],[-8.3317,37.88926]]},"properties":{"osm_type":"way","osm_id":516206084,"country":"PT","name":"Adutor Roxo - Sado - Troço 2","operator":null,"wikidata":null,"wikipedia":null}},{"type":"Feature","geometry":{"type":"LineString","coordinates":[[-8.0787,37.99278],[-8.07915,37.98818],[-8.07172,37.98403],[-8.07417,37.98068]]},"properties":{"osm_type":"way","osm_id":517047072,"country":"PT","name":null,"operator":null,"wikidata":null,"wikipedia":null}},{"type":"Feature","geometry":{"type":"LineString","coordinates":[[-8.0751,37.98594],[-8.07274,37.9893]]},"properties":{"osm_type":"way","osm_id":517047078,"country":"PT","name":null,"operator":null,"wikidata":null,"wikipedia":null}},{"type":"Feature","geometry":{"type":"LineString","coordinates":[[-6.80576,41.04508],[-6.80697,41.04538]]},"properties":{"osm_type":"way","osm_id":520896596,"country":"PT","name":null,"operator":null,"wikidata":null,"wikipedia":null}},{"type":"Feature","geometry":{"type":"LineString","coordinates":[[-6.97872,41.40052],[-6.97758,41.39897]]},"properties":{"osm_type":"way","osm_id":525440584,"country":"PT","name":null,"operator":null,"wikidata":null,"wikipedia":null}},{"type":"Feature","geometry":{"type":"LineString","coordinates":[[-16.81364,32.75169],[-16.81348,32.75292],[-16.81468,32.75364],[-16.81639,32.75339],[-16.81679,32.75413]]},"properties":{"osm_type":"way","osm_id":525695797,"country":"PT","name":"Levada da Portela","operator":null,"wikidata":null,"wikipedia":null}},{"type":"Feature","geometry":{"type":"LineString","coordinates":[[-7.50544,37.27317],[-7.50627,37.27021],[-7.50434,37.26423],[-7.50605,37.25933],[-7.50598,37.25767],[-7.50463,37.25562],[-7.50198,37.2539],[-7.50069,37.25202],[-7.50085,37.24804],[-7.49993,37.24583],[-7.4989,37.24025],[-7.49896,37.23529],[-7.50119,37.2322],[-7.50158,37.23015],[-7.50145,37.22818],[-7.49925,37.22456],[-7.49935,37.22246],[-7.50086,37.2203],[-7.50544,37.21712],[-7.50781,37.2132],[-7.51088,37.21063],[-7.51319,37.20686],[-7.51886,37.20307],[-7.52175,37.20016],[-7.52639,37.19863],[-7.52641,37.19806]]},"properties":{"osm_type":"way","osm_id":526434965,"country":"PT","name":"Adutor Beliche - Reservatório de Santo Estêvão","operator":"Águas do Algarve","wikidata":null,"wikipedia":null}},{"type":"Feature","geometry":{"type":"LineString","coordinates":[[-8.32389,37.90203],[-8.32647,37.90148],[-8.32703,37.90205]]},"properties":{"osm_type":"way","osm_id":526598749,"country":"PT","name":"Descarregador de cheias","operator":null,"wikidata":null,"wikipedia":null}},{"type":"Feature","geometry":{"type":"LineString","coordinates":[[-8.80263,38.97844],[-8.80425,38.97659],[-8.80925,38.97568],[-8.81119,38.97601]]},"properties":{"osm_type":"way","osm_id":527805376,"country":"PT","name":"Canal do Sorraia","operator":null,"wikidata":null,"wikipedia":null}},{"type":"Feature","geometry":{"type":"LineString","coordinates":[[-8.30343,38.75968],[-8.30516,38.76168]]},"properties":{"osm_type":"way","osm_id":527805441,"country":"PT","name":"Descarregador de cheias","operator":null,"wikidata":null,"wikipedia":null}},{"type":"Feature","geometry":{"type":"LineString","coordinates":[[-8.10768,38.95515],[-8.10773,38.95505]]},"properties":{"osm_type":"way","osm_id":528123440,"country":"PT","name":null,"operator":null,"wikidata":null,"wikipedia":null}},{"type":"Feature","geometry":{"type":"LineString","coordinates":[[-7.73524,38.05243],[-7.73484,38.05635],[-7.73593,38.0611],[-7.73697,38.0628]]},"properties":{"osm_type":"way","osm_id":528557197,"country":"PT","name":null,"operator":null,"wikidata":null,"wikipedia":null}},{"type":"Feature","geometry":{"type":"LineString","coordinates":[[-7.7437,38.06132],[-7.74758,38.0623],[-7.7579,38.06046]]},"properties":{"osm_type":"way","osm_id":528557200,"country":"PT","name":null,"operator":null,"wikidata":null,"wikipedia":null}},{"type":"Feature","geometry":{"type":"LineString","coordinates":[[-8.34685,37.81957],[-8.34723,37.82172],[-8.34668,37.82255],[-8.34901,37.82363],[-8.34846,37.82563],[-8.34651,37.8274],[-8.34709,37.82937],[-8.3481,37.82989],[-8.35028,37.8327],[-8.34986,37.83329],[-8.34577,37.83305],[-8.34546,37.83455],[-8.35015,37.83529],[-8.35378,37.83501]]},"properties":{"osm_type":"way","osm_id":530850721,"country":"PT","name":"Canal do Alto Sado","operator":null,"wikidata":null,"wikipedia":null}},{"type":"Feature","geometry":{"type":"LineString","coordinates":[[-8.31016,37.74574],[-8.31104,37.74616]]},"properties":{"osm_type":"way","osm_id":530850725,"country":"PT","name":"Canal do Alto Sado","operator":null,"wikidata":null,"wikipedia":null}},{"type":"Feature","geometry":{"type":"LineString","coordinates":[[-8.30364,37.74052],[-8.3043,37.74094],[-8.30434,37.742],[-8.3051,37.74199],[-8.30549,37.74251],[-8.30578,37.74141],[-8.30765,37.74257],[-8.30792,37.74319],[-8.30748,37.74356],[-8.30804,37.74381],[-8.30796,37.74441],[-8.30866,37.74444],[-8.31016,37.74574]]},"properties":{"osm_type":"way","osm_id":530850727,"country":"PT","name":"Canal do Alto Sado","operator":null,"wikidata":null,"wikipedia":null}},{"type":"Feature","geometry":{"type":"LineString","coordinates":[[-8.29741,37.73723],[-8.29863,37.73779]]},"properties":{"osm_type":"way","osm_id":530850730,"country":"PT","name":"Canal do Alto Sado","operator":null,"wikidata":null,"wikipedia":null}},{"type":"Feature","geometry":{"type":"LineString","coordinates":[[-8.29863,37.73779],[-8.29914,37.73819],[-8.30089,37.73771],[-8.30176,37.73816],[-8.30254,37.73894],[-8.30158,37.73961],[-8.30192,37.74093],[-8.30299,37.74009],[-8.30343,37.74029]]},"properties":{"osm_type":"way","osm_id":530850732,"country":"PT","name":"Canal do Alto Sado","operator":null,"wikidata":null,"wikipedia":null}},{"type":"Feature","geometry":{"type":"LineString","coordinates":[[-8.34728,37.81772],[-8.34685,37.81957]]},"properties":{"osm_type":"way","osm_id":530850734,"country":"PT","name":"Canal do Alto Sado","operator":null,"wikidata":null,"wikipedia":null}},{"type":"Feature","geometry":{"type":"LineString","coordinates":[[-8.35162,37.80289],[-8.34979,37.80541],[-8.35015,37.80653],[-8.3461,37.8146],[-8.34728,37.81772]]},"properties":{"osm_type":"way","osm_id":530850736,"country":"PT","name":"Canal do Alto Sado","operator":null,"wikidata":null,"wikipedia":null}},{"type":"Feature","geometry":{"type":"LineString","coordinates":[[-8.34339,37.78702],[-8.34374,37.78806]]},"properties":{"osm_type":"way","osm_id":530850738,"country":"PT","name":"Canal do Alto Sado","operator":null,"wikidata":null,"wikipedia":null}},{"type":"Feature","geometry":{"type":"LineString","coordinates":[[-8.34374,37.78806],[-8.34587,37.78943],[-8.34514,37.79231],[-8.34375,37.79491],[-8.34618,37.79608],[-8.34671,37.79778],[-8.35179,37.80272]]},"properties":{"osm_type":"way","osm_id":530850739,"country":"PT","name":"Canal do Alto Sado","operator":null,"wikidata":null,"wikipedia":null}},{"type":"Feature","geometry":{"type":"LineString","coordinates":[[-8.33271,37.78191],[-8.3339,37.78307]]},"properties":{"osm_type":"way","osm_id":530850741,"country":"PT","name":"Canal do Alto Sado","operator":null,"wikidata":null,"wikipedia":null}},{"type":"Feature","geometry":{"type":"LineString","coordinates":[[-8.3339,37.78307],[-8.33406,37.78323]]},"properties":{"osm_type":"way","osm_id":530850743,"country":"PT","name":"Canal do Alto Sado","operator":null,"wikidata":null,"wikipedia":null}},{"type":"Feature","geometry":{"type":"LineString","coordinates":[[-8.33206,37.78126],[-8.33271,37.78191]]},"properties":{"osm_type":"way","osm_id":530850744,"country":"PT","name":"Canal do Alto Sado","operator":null,"wikidata":null,"wikipedia":null}},{"type":"Feature","geometry":{"type":"LineString","coordinates":[[-8.32955,37.77805],[-8.33116,37.77957],[-8.33206,37.78126]]},"properties":{"osm_type":"way","osm_id":530850745,"country":"PT","name":"Canal do Alto Sado","operator":null,"wikidata":null,"wikipedia":null}},{"type":"Feature","geometry":{"type":"LineString","coordinates":[[-8.32921,37.77457],[-8.32955,37.77805]]},"properties":{"osm_type":"way","osm_id":530850747,"country":"PT","name":"Canal do Alto Sado","operator":null,"wikidata":null,"wikipedia":null}},{"type":"Feature","geometry":{"type":"LineString","coordinates":[[-8.32709,37.77158],[-8.32736,37.77223]]},"properties":{"osm_type":"way","osm_id":530850750,"country":"PT","name":"Canal do Alto Sado","operator":null,"wikidata":null,"wikipedia":null}},{"type":"Feature","geometry":{"type":"LineString","coordinates":[[-8.32536,37.76923],[-8.32709,37.77158]]},"properties":{"osm_type":"way","osm_id":530850752,"country":"PT","name":"Canal do Alto Sado","operator":null,"wikidata":null,"wikipedia":null}},{"type":"Feature","geometry":{"type":"LineString","coordinates":[[-8.32536,37.76777],[-8.32536,37.76923]]},"properties":{"osm_type":"way","osm_id":530850754,"country":"PT","name":"Canal do Alto Sado","operator":null,"wikidata":null,"wikipedia":null}},{"type":"Feature","geometry":{"type":"LineString","coordinates":[[-8.31508,37.75733],[-8.31479,37.75836],[-8.31564,37.7582],[-8.31617,37.75908],[-8.3155,37.76038],[-8.31677,37.76065],[-8.31608,37.76185],[-8.31622,37.76324],[-8.32024,37.76525],[-8.32254,37.76549],[-8.32533,37.76731],[-8.32536,37.76777]]},"properties":{"osm_type":"way","osm_id":530850757,"country":"PT","name":"Canal do Alto Sado","operator":null,"wikidata":null,"wikipedia":null}},{"type":"Feature","geometry":{"type":"LineString","coordinates":[[-7.49044,41.30809],[-7.49184,41.30735]]},"properties":{"osm_type":"way","osm_id":532360566,"country":"PT","name":"Descarregador de cheias","operator":null,"wikidata":null,"wikipedia":null}},{"type":"Feature","geometry":{"type":"LineString","coordinates":[[-7.05113,41.3366],[-7.05202,41.33604]]},"properties":{"osm_type":"way","osm_id":532587392,"country":"PT","name":"Descarregador de cheias","operator":null,"wikidata":null,"wikipedia":null}},{"type":"Feature","geometry":{"type":"LineString","coordinates":[[-6.77196,41.96145],[-6.77201,41.96139]]},"properties":{"osm_type":"way","osm_id":532939859,"country":"PT","name":null,"operator":null,"wikidata":null,"wikipedia":null}},{"type":"Feature","geometry":{"type":"LineString","coordinates":[[-6.77562,41.959],[-6.77559,41.95897]]},"properties":{"osm_type":"way","osm_id":532939861,"country":"PT","name":null,"operator":null,"wikidata":null,"wikipedia":null}},{"type":"Feature","geometry":{"type":"LineString","coordinates":[[-6.77201,41.96139],[-6.77241,41.96084],[-6.77433,41.96031],[-6.77559,41.95902]]},"properties":{"osm_type":"way","osm_id":532939863,"country":"PT","name":null,"operator":null,"wikidata":null,"wikipedia":null}},{"type":"Feature","geometry":{"type":"LineString","coordinates":[[-6.77704,41.95607],[-6.77716,41.95608]]},"properties":{"osm_type":"way","osm_id":532939864,"country":"PT","name":null,"operator":null,"wikidata":null,"wikipedia":null}},{"type":"Feature","geometry":{"type":"LineString","coordinates":[[-6.77171,41.96133],[-6.77175,41.96128]]},"properties":{"osm_type":"way","osm_id":532939870,"country":"PT","name":"Descarregador de cheias","operator":null,"wikidata":null,"wikipedia":null}},{"type":"Feature","geometry":{"type":"LineString","coordinates":[[-6.80406,41.95323],[-6.80417,41.95176]]},"properties":{"osm_type":"way","osm_id":532939877,"country":"PT","name":"Descarga de fundo","operator":null,"wikidata":null,"wikipedia":null}},{"type":"Feature","geometry":{"type":"LineString","coordinates":[[-6.83933,41.13236],[-6.83951,41.13265]]},"properties":{"osm_type":"way","osm_id":533059452,"country":"PT","name":"Descarregador de cheias","operator":null,"wikidata":null,"wikipedia":null}},{"type":"Feature","geometry":{"type":"LineString","coordinates":[[-8.27335,41.85495],[-8.27364,41.85503]]},"properties":{"osm_type":"way","osm_id":533699242,"country":"PT","name":null,"operator":null,"wikidata":null,"wikipedia":null}},{"type":"Feature","geometry":{"type":"LineString","coordinates":[[-8.27364,41.85503],[-8.27383,41.85508]]},"properties":{"osm_type":"way","osm_id":533699243,"country":"PT","name":null,"operator":null,"wikidata":null,"wikipedia":null}},{"type":"Feature","geometry":{"type":"LineString","coordinates":[[-8.27284,41.85482],[-8.27335,41.85495]]},"properties":{"osm_type":"way","osm_id":533699244,"country":"PT","name":null,"operator":null,"wikidata":null,"wikipedia":null}},{"type":"Feature","geometry":{"type":"LineString","coordinates":[[-8.27383,41.85508],[-8.27776,41.85534],[-8.2782,41.85679],[-8.27999,41.85848]]},"properties":{"osm_type":"way","osm_id":533699247,"country":"PT","name":null,"operator":null,"wikidata":null,"wikipedia":null}},{"type":"Feature","geometry":{"type":"LineString","coordinates":[[-7.11621,38.88721],[-7.11688,38.88631],[-7.1176,38.88624],[-7.11852,38.88696],[-7.11935,38.88675],[-7.11948,38.88591],[-7.12282,38.88511],[-7.12507,38.88607]]},"properties":{"osm_type":"way","osm_id":536141736,"country":"PT","name":null,"operator":null,"wikidata":null,"wikipedia":null}},{"type":"Feature","geometry":{"type":"LineString","coordinates":[[-7.10997,38.88487],[-7.11132,38.88445]]},"properties":{"osm_type":"way","osm_id":536141737,"country":"PT","name":null,"operator":null,"wikidata":null,"wikipedia":null}},{"type":"Feature","geometry":{"type":"LineString","coordinates":[[-7.11569,38.88783],[-7.1161,38.88722]]},"properties":{"osm_type":"way","osm_id":536141739,"country":"PT","name":null,"operator":null,"wikidata":null,"wikipedia":null}},{"type":"Feature","geometry":{"type":"LineString","coordinates":[[-7.11069,38.88382],[-7.11001,38.88219],[-7.11012,38.87996],[-7.10889,38.87908],[-7.10698,38.87868],[-7.10768,38.87742],[-7.10726,38.8762]]},"properties":{"osm_type":"way","osm_id":536141743,"country":"PT","name":null,"operator":null,"wikidata":null,"wikipedia":null}},{"type":"Feature","geometry":{"type":"LineString","coordinates":[[-7.10726,38.8762],[-7.10474,38.87464]]},"properties":{"osm_type":"way","osm_id":536141747,"country":"PT","name":null,"operator":null,"wikidata":null,"wikipedia":null}},{"type":"Feature","geometry":{"type":"LineString","coordinates":[[-7.11454,38.88787],[-7.11569,38.88783]]},"properties":{"osm_type":"way","osm_id":536141751,"country":"PT","name":null,"operator":null,"wikidata":null,"wikipedia":null}},{"type":"Feature","geometry":{"type":"LineString","coordinates":[[-7.10474,38.87464],[-7.10464,38.87395],[-7.10293,38.87316]]},"properties":{"osm_type":"way","osm_id":536141759,"country":"PT","name":null,"operator":null,"wikidata":null,"wikipedia":null}},{"type":"Feature","geometry":{"type":"LineString","coordinates":[[-7.11132,38.88445],[-7.11311,38.88525],[-7.11309,38.88657],[-7.11454,38.88787]]},"properties":{"osm_type":"way","osm_id":536141763,"country":"PT","name":null,"operator":null,"wikidata":null,"wikipedia":null}},{"type":"Feature","geometry":{"type":"LineString","coordinates":[[-17.14224,32.756],[-17.14232,32.7559]]},"properties":{"osm_type":"way","osm_id":537269750,"country":"PT","name":null,"operator":null,"wikidata":null,"wikipedia":null}},{"type":"Feature","geometry":{"type":"LineString","coordinates":[[-17.13626,32.76124],[-17.14224,32.756]]},"properties":{"osm_type":"way","osm_id":537269752,"country":"PT","name":"Túnel do Monte das Levadinhas","operator":null,"wikidata":null,"wikipedia":null}},{"type":"Feature","geometry":{"type":"LineString","coordinates":[[-17.13618,32.76122],[-17.13624,32.76124]]},"properties":{"osm_type":"way","osm_id":537279086,"country":"PT","name":null,"operator":null,"wikidata":null,"wikipedia":null}},{"type":"Feature","geometry":{"type":"LineString","coordinates":[[-17.13624,32.76124],[-17.13626,32.76124]]},"properties":{"osm_type":"way","osm_id":537279087,"country":"PT","name":null,"operator":null,"wikidata":null,"wikipedia":null}},{"type":"Feature","geometry":{"type":"LineString","coordinates":[[-7.7899,38.39341],[-7.79102,38.39467]]},"properties":{"osm_type":"way","osm_id":537386393,"country":"PT","name":null,"operator":null,"wikidata":null,"wikipedia":null}},{"type":"Feature","geometry":{"type":"LineString","coordinates":[[-7.73511,38.15043],[-7.73265,38.14999],[-7.7319,38.14944],[-7.7291,38.14525],[-7.72359,38.14085],[-7.72189,38.13748],[-7.71904,38.13371],[-7.71891,38.13141],[-7.71805,38.13001],[-7.71639,38.12853],[-7.71148,38.12799],[-7.70908,38.12557],[-7.70807,38.12321],[-7.70327,38.12036],[-7.70117,38.11834],[-7.69941,38.11471]]},"properties":{"osm_type":"way","osm_id":540184966,"country":"PT","name":"Adutor Selmes","operator":"EDIA","wikidata":null,"wikipedia":null}},{"type":"Feature","geometry":{"type":"LineString","coordinates":[[-7.75676,38.0609],[-7.75897,38.06998],[-7.76402,38.07794]]},"properties":{"osm_type":"way","osm_id":540216323,"country":"PT","name":null,"operator":null,"wikidata":null,"wikipedia":null}},{"type":"Feature","geometry":{"type":"LineString","coordinates":[[-7.76129,38.05599],[-7.76363,38.05286],[-7.76665,38.05048]]},"properties":{"osm_type":"way","osm_id":540216324,"country":"PT","name":null,"operator":null,"wikidata":null,"wikipedia":null}},{"type":"Feature","geometry":{"type":"LineString","coordinates":[[-7.74961,38.09262],[-7.75432,38.09302],[-7.772,38.09601]]},"properties":{"osm_type":"way","osm_id":540216330,"country":"PT","name":null,"operator":null,"wikidata":null,"wikipedia":null}},{"type":"Feature","geometry":{"type":"LineString","coordinates":[[-7.77337,38.09595],[-7.77376,38.09623],[-7.7745,38.09509],[-7.77497,38.09341],[-7.7743,38.08836]]},"properties":{"osm_type":"way","osm_id":540220166,"country":"PT","name":null,"operator":null,"wikidata":null,"wikipedia":null}},{"type":"Feature","geometry":{"type":"LineString","coordinates":[[-7.72189,38.13748],[-7.73039,38.13547],[-7.73763,38.13528],[-7.74206,38.13624],[-7.74478,38.13766],[-7.74955,38.1387],[-7.75412,38.14156],[-7.75549,38.14361],[-7.75764,38.14939],[-7.75693,38.15397],[-7.76187,38.1563],[-7.76357,38.15764],[-7.76503,38.15769]]},"properties":{"osm_type":"way","osm_id":540273324,"country":"PT","name":null,"operator":null,"wikidata":null,"wikipedia":null}},{"type":"Feature","geometry":{"type":"LineString","coordinates":[[-8.30011,38.24726],[-8.30293,38.24847],[-8.30581,38.24908],[-8.31537,38.24552],[-8.32012,38.2454],[-8.32788,38.24708],[-8.33157,38.25022],[-8.33913,38.25281],[-8.35069,38.25368],[-8.35732,38.25319],[-8.36018,38.25343],[-8.36252,38.25458],[-8.36633,38.25526],[-8.37145,38.25695],[-8.37388,38.25826],[-8.37489,38.25942],[-8.37683,38.26377],[-8.37625,38.26477],[-8.37689,38.26674],[-8.3765,38.26907]]},"properties":{"osm_type":"way","osm_id":540860117,"country":"PT","name":null,"operator":null,"wikidata":null,"wikipedia":null}},{"type":"Feature","geometry":{"type":"LineString","coordinates":[[-8.42106,38.41078],[-8.41447,38.40681]]},"properties":{"osm_type":"way","osm_id":540860119,"country":"PT","name":null,"operator":null,"wikidata":null,"wikipedia":null}},{"type":"Feature","geometry":{"type":"LineString","coordinates":[[-8.29706,38.24746],[-8.29951,38.24705]]},"properties":{"osm_type":"way","osm_id":540861357,"country":"PT","name":null,"operator":null,"wikidata":null,"wikipedia":null}},{"type":"Feature","geometry":{"type":"LineString","coordinates":[[-8.2971,38.25061],[-8.29852,38.24953]]},"properties":{"osm_type":"way","osm_id":540861358,"country":"PT","name":"Descarregador de cheias","operator":null,"wikidata":null,"wikipedia":null}},{"type":"Feature","geometry":{"type":"LineString","coordinates":[[-7.94169,38.0353],[-7.94451,38.03726],[-7.94166,38.04019]]},"properties":{"osm_type":"way","osm_id":541030072,"country":"PT","name":null,"operator":"EDIA","wikidata":null,"wikipedia":null}},{"type":"Feature","geometry":{"type":"LineString","coordinates":[[-7.94357,38.01242],[-7.94606,38.0242]]},"properties":{"osm_type":"way","osm_id":541067880,"country":"PT","name":null,"operator":null,"wikidata":null,"wikipedia":null}},{"type":"Feature","geometry":{"type":"LineString","coordinates":[[-8.25778,37.92897],[-8.25569,37.92181],[-8.24997,37.91175],[-8.2489,37.90622],[-8.25164,37.90014],[-8.25062,37.89888],[-8.24853,37.89403]]},"properties":{"osm_type":"way","osm_id":541452746,"country":"PT","name":"Conduta Bidireccional","operator":"EDIA","wikidata":null,"wikipedia":null}},{"type":"Feature","geometry":{"type":"LineString","coordinates":[[-8.45082,37.56977],[-8.45149,37.56879]]},"properties":{"osm_type":"way","osm_id":541454896,"country":"PT","name":null,"operator":null,"wikidata":null,"wikipedia":null}},{"type":"Feature","geometry":{"type":"LineString","coordinates":[[-8.44994,37.57163],[-8.45047,37.5704]]},"properties":{"osm_type":"way","osm_id":541454899,"country":"PT","name":null,"operator":null,"wikidata":null,"wikipedia":null}},{"type":"Feature","geometry":{"type":"LineString","coordinates":[[-8.44451,37.58121],[-8.44514,37.58071]]},"properties":{"osm_type":"way","osm_id":541454900,"country":"PT","name":null,"operator":null,"wikidata":null,"wikipedia":null}},{"type":"Feature","geometry":{"type":"LineString","coordinates":[[-8.45291,37.56641],[-8.45451,37.56398]]},"properties":{"osm_type":"way","osm_id":541454901,"country":"PT","name":null,"operator":null,"wikidata":null,"wikipedia":null}},{"type":"Feature","geometry":{"type":"LineString","coordinates":[[-8.45175,37.56837],[-8.45179,37.56785],[-8.45247,37.56761]]},"properties":{"osm_type":"way","osm_id":541454902,"country":"PT","name":null,"operator":null,"wikidata":null,"wikipedia":null}},{"type":"Feature","geometry":{"type":"LineString","coordinates":[[-8.44432,37.58225],[-8.44435,37.58141]]},"properties":{"osm_type":"way","osm_id":541454903,"country":"PT","name":null,"operator":null,"wikidata":null,"wikipedia":null}},{"type":"Feature","geometry":{"type":"LineString","coordinates":[[-8.44525,37.58006],[-8.44582,37.57701]]},"properties":{"osm_type":"way","osm_id":541454904,"country":"PT","name":null,"operator":null,"wikidata":null,"wikipedia":null}},{"type":"Feature","geometry":{"type":"LineString","coordinates":[[-8.44676,37.57598],[-8.44907,37.5729]]},"properties":{"osm_type":"way","osm_id":541454905,"country":"PT","name":null,"operator":null,"wikidata":null,"wikipedia":null}},{"type":"Feature","geometry":{"type":"LineString","coordinates":[[-6.92336,40.38361],[-6.92328,40.38381]]},"properties":{"osm_type":"way","osm_id":542145874,"country":"PT","name":"Descarregador de cheias","operator":null,"wikidata":null,"wikipedia":null}},{"type":"Feature","geometry":{"type":"LineString","coordinates":[[-7.34026,40.87798],[-7.33944,40.87859]]},"properties":{"osm_type":"way","osm_id":542456374,"country":"PT","name":"Descarga de fundo","operator":null,"wikidata":null,"wikipedia":null}},{"type":"Feature","geometry":{"type":"LineString","coordinates":[[-6.98213,41.86528],[-6.97994,41.86217]]},"properties":{"osm_type":"way","osm_id":542456409,"country":"PT","name":null,"operator":null,"wikidata":null,"wikipedia":null}},{"type":"Feature","geometry":{"type":"LineString","coordinates":[[-7.53427,40.98698],[-7.53443,40.98795]]},"properties":{"osm_type":"way","osm_id":542464230,"country":"PT","name":"Descarregador de cheias","operator":null,"wikidata":null,"wikipedia":null}},{"type":"Feature","geometry":{"type":"LineString","coordinates":[[-7.53539,40.98592],[-7.53486,40.98651],[-7.53509,40.98746]]},"properties":{"osm_type":"way","osm_id":542464231,"country":"PT","name":"Descarga de fundo","operator":null,"wikidata":null,"wikipedia":null}},{"type":"Feature","geometry":{"type":"LineString","coordinates":[[-6.89118,40.80411],[-6.89083,40.80518]]},"properties":{"osm_type":"way","osm_id":542464234,"country":"PT","name":"Descarga de fundo","operator":null,"wikidata":null,"wikipedia":null}},{"type":"Feature","geometry":{"type":"LineString","coordinates":[[-7.08195,40.72717],[-7.08123,40.72736]]},"properties":{"osm_type":"way","osm_id":542464252,"country":"PT","name":"Descarga de fundo","operator":null,"wikidata":null,"wikipedia":null}},{"type":"Feature","geometry":{"type":"LineString","coordinates":[[-7.86013,40.77615],[-7.86101,40.7764],[-7.86231,40.77604]]},"properties":{"osm_type":"way","osm_id":542492817,"country":"PT","name":"Descarga de fundo","operator":null,"wikidata":null,"wikipedia":null}},{"type":"Feature","geometry":{"type":"LineString","coordinates":[[-8.22698,40.67531],[-8.22706,40.67527]]},"properties":{"osm_type":"way","osm_id":542492828,"country":"PT","name":null,"operator":null,"wikidata":null,"wikipedia":null}},{"type":"Feature","geometry":{"type":"LineString","coordinates":[[-8.22665,40.67534],[-8.22698,40.67531]]},"properties":{"osm_type":"way","osm_id":542492829,"country":"PT","name":null,"operator":null,"wikidata":null,"wikipedia":null}},{"type":"Feature","geometry":{"type":"LineString","coordinates":[[-8.22687,40.67521],[-8.22695,40.67516]]},"properties":{"osm_type":"way","osm_id":542492840,"country":"PT","name":"Descarregador de cheias","operator":null,"wikidata":null,"wikipedia":null}},{"type":"Feature","geometry":{"type":"LineString","coordinates":[[-7.73026,38.37193],[-7.72912,38.37234]]},"properties":{"osm_type":"way","osm_id":542798181,"country":"PT","name":"Descarga de fundo","operator":null,"wikidata":null,"wikipedia":null}},{"type":"Feature","geometry":{"type":"LineString","coordinates":[[-7.61971,38.09878],[-7.61963,38.09883]]},"properties":{"osm_type":"way","osm_id":542817401,"country":"PT","name":null,"operator":null,"wikidata":null,"wikipedia":null}},{"type":"Feature","geometry":{"type":"LineString","coordinates":[[-7.61963,38.09883],[-7.6188,38.0993]]},"properties":{"osm_type":"way","osm_id":542817402,"country":"PT","name":null,"operator":null,"wikidata":null,"wikipedia":null}},{"type":"Feature","geometry":{"type":"LineString","coordinates":[[-7.85809,40.08981],[-7.85815,40.08978]]},"properties":{"osm_type":"way","osm_id":543319857,"country":"PT","name":"Descarga de fundo","operator":null,"wikidata":null,"wikipedia":null}},{"type":"Feature","geometry":{"type":"LineString","coordinates":[[-7.38401,39.35017],[-7.3836,39.35089]]},"properties":{"osm_type":"way","osm_id":543419022,"country":"PT","name":"Descarga de fundo","operator":null,"wikidata":null,"wikipedia":null}},{"type":"Feature","geometry":{"type":"LineString","coordinates":[[-7.65627,39.68799],[-7.65791,39.68749]]},"properties":{"osm_type":"way","osm_id":543419053,"country":"PT","name":"Descarga de fundo","operator":null,"wikidata":null,"wikipedia":null}},{"type":"Feature","geometry":{"type":"LineString","coordinates":[[-7.58847,40.39974],[-7.58866,40.39977]]},"properties":{"osm_type":"way","osm_id":543419074,"country":"PT","name":null,"operator":null,"wikidata":null,"wikipedia":null}},{"type":"Feature","geometry":{"type":"LineString","coordinates":[[-8.16419,40.24552],[-8.16411,40.24566]]},"properties":{"osm_type":"way","osm_id":543419078,"country":"PT","name":"Descarregador de cheias","operator":null,"wikidata":null,"wikipedia":null}},{"type":"Feature","geometry":{"type":"LineString","coordinates":[[-8.70334,39.0049],[-8.7047,39.00485],[-8.70651,39.00631],[-8.71087,39.00633],[-8.71114,39.00673]]},"properties":{"osm_type":"way","osm_id":543491283,"country":"PT","name":null,"operator":null,"wikidata":null,"wikipedia":null}},{"type":"Feature","geometry":{"type":"LineString","coordinates":[[-8.70052,39.00252],[-8.70076,39.00239]]},"properties":{"osm_type":"way","osm_id":543491286,"country":"PT","name":null,"operator":null,"wikidata":null,"wikipedia":null}},{"type":"Feature","geometry":{"type":"LineString","coordinates":[[-8.70007,39.00269],[-8.70052,39.00252]]},"properties":{"osm_type":"way","osm_id":543491288,"country":"PT","name":null,"operator":null,"wikidata":null,"wikipedia":null}},{"type":"Feature","geometry":{"type":"LineString","coordinates":[[-8.68917,38.99638],[-8.69175,38.99661],[-8.69318,38.99723],[-8.69649,39.00029],[-8.69814,39.00065],[-8.70007,39.00269]]},"properties":{"osm_type":"way","osm_id":543491290,"country":"PT","name":null,"operator":null,"wikidata":null,"wikipedia":null}},{"type":"Feature","geometry":{"type":"LineString","coordinates":[[-8.6893,38.9964],[-8.68948,38.99678],[-8.69302,38.99725]]},"properties":{"osm_type":"way","osm_id":543491292,"country":"PT","name":null,"operator":null,"wikidata":null,"wikipedia":null}},{"type":"Feature","geometry":{"type":"LineString","coordinates":[[-8.68841,38.99598],[-8.68917,38.99638]]},"properties":{"osm_type":"way","osm_id":543491293,"country":"PT","name":"Descarga de fundo","operator":null,"wikidata":null,"wikipedia":null}},{"type":"Feature","geometry":{"type":"LineString","coordinates":[[-8.70572,39.01086],[-8.71286,39.01337],[-8.71227,39.01587],[-8.71362,39.01878],[-8.71508,39.01936],[-8.72017,39.01903]]},"properties":{"osm_type":"way","osm_id":543491295,"country":"PT","name":null,"operator":null,"wikidata":null,"wikipedia":null}},{"type":"Feature","geometry":{"type":"LineString","coordinates":[[-8.30257,38.76139],[-8.30426,38.76192]]},"properties":{"osm_type":"way","osm_id":543491313,"country":"PT","name":"Descarga de fundo","operator":null,"wikidata":null,"wikipedia":null}},{"type":"Feature","geometry":{"type":"LineString","coordinates":[[-7.59576,40.31239],[-7.59526,40.31171]]},"properties":{"osm_type":"way","osm_id":543491335,"country":"PT","name":null,"operator":null,"wikidata":null,"wikipedia":null}},{"type":"Feature","geometry":{"type":"LineString","coordinates":[[-7.59526,40.31171],[-7.59429,40.31091]]},"properties":{"osm_type":"way","osm_id":543491337,"country":"PT","name":null,"operator":null,"wikidata":null,"wikipedia":null}},{"type":"Feature","geometry":{"type":"LineString","coordinates":[[-7.59562,40.31258],[-7.59522,40.31236]]},"properties":{"osm_type":"way","osm_id":543491338,"country":"PT","name":"Descarga de fundo","operator":null,"wikidata":null,"wikipedia":null}},{"type":"Feature","geometry":{"type":"LineString","coordinates":[[-8.78212,38.84583],[-8.78284,38.84666],[-8.78438,38.84623]]},"properties":{"osm_type":"way","osm_id":543718328,"country":"PT","name":"Descarregador de cheias","operator":null,"wikidata":null,"wikipedia":null}},{"type":"Feature","geometry":{"type":"LineString","coordinates":[[-8.78301,38.84524],[-8.78371,38.84565]]},"properties":{"osm_type":"way","osm_id":543718330,"country":"PT","name":"Descarga de fundo","operator":null,"wikidata":null,"wikipedia":null}},{"type":"Feature","geometry":{"type":"LineString","coordinates":[[-8.80597,38.77484],[-8.80608,38.77485]]},"properties":{"osm_type":"way","osm_id":543718360,"country":"PT","name":"Descarregador de cheias","operator":null,"wikidata":null,"wikipedia":null}},{"type":"Feature","geometry":{"type":"LineString","coordinates":[[-8.80643,38.77602],[-8.80676,38.77572]]},"properties":{"osm_type":"way","osm_id":543718362,"country":"PT","name":"Descarga de fundo","operator":null,"wikidata":null,"wikipedia":null}},{"type":"Feature","geometry":{"type":"LineString","coordinates":[[-7.55336,39.47724],[-7.55349,39.47746]]},"properties":{"osm_type":"way","osm_id":543737268,"country":"PT","name":"Descarga de fundo","operator":null,"wikidata":null,"wikipedia":null}},{"type":"Feature","geometry":{"type":"LineString","coordinates":[[-7.01493,40.04552],[-7.01491,40.04547]]},"properties":{"osm_type":"way","osm_id":543737273,"country":"PT","name":"Descarregador de cheias","operator":null,"wikidata":null,"wikipedia":null}},{"type":"Feature","geometry":{"type":"LineString","coordinates":[[-8.09698,38.66032],[-8.09883,38.65991]]},"properties":{"osm_type":"way","osm_id":543737327,"country":"PT","name":"Descarga de fundo","operator":null,"wikidata":null,"wikipedia":null}},{"type":"Feature","geometry":{"type":"LineString","coordinates":[[-7.50789,38.94805],[-7.50842,38.94911]]},"properties":{"osm_type":"way","osm_id":543902549,"country":"PT","name":"Descarregador de cheias","operator":null,"wikidata":null,"wikipedia":null}},{"type":"Feature","geometry":{"type":"LineString","coordinates":[[-7.07532,39.87462],[-7.07592,39.87465],[-7.07614,39.87422]]},"properties":{"osm_type":"way","osm_id":543902579,"country":"PT","name":"Descarga de fundo","operator":null,"wikidata":null,"wikipedia":null}},{"type":"Feature","geometry":{"type":"LineString","coordinates":[[-8.83573,38.69078],[-8.83633,38.69093]]},"properties":{"osm_type":"way","osm_id":543919464,"country":"PT","name":"Descarga de fundo","operator":null,"wikidata":null,"wikipedia":null}},{"type":"Feature","geometry":{"type":"LineString","coordinates":[[-8.29042,37.72758],[-8.29036,37.72923]]},"properties":{"osm_type":"way","osm_id":544005987,"country":"PT","name":"Descarga de fundo","operator":null,"wikidata":null,"wikipedia":null}},{"type":"Feature","geometry":{"type":"LineString","coordinates":[[-8.49775,37.8804],[-8.49627,37.88066]]},"properties":{"osm_type":"way","osm_id":544005988,"country":"PT","name":null,"operator":null,"wikidata":null,"wikipedia":null}},{"type":"Feature","geometry":{"type":"LineString","coordinates":[[-8.49286,37.88214],[-8.49093,37.88237]]},"properties":{"osm_type":"way","osm_id":544005990,"country":"PT","name":null,"operator":null,"wikidata":null,"wikipedia":null}},{"type":"Feature","geometry":{"type":"LineString","coordinates":[[-8.49627,37.88066],[-8.49286,37.88214]]},"properties":{"osm_type":"way","osm_id":544005991,"country":"PT","name":null,"operator":null,"wikidata":null,"wikipedia":null}},{"type":"Feature","geometry":{"type":"LineString","coordinates":[[-8.49093,37.88237],[-8.48822,37.88324],[-8.48562,37.8825]]},"properties":{"osm_type":"way","osm_id":544005992,"country":"PT","name":null,"operator":null,"wikidata":null,"wikipedia":null}},{"type":"Feature","geometry":{"type":"LineString","coordinates":[[-8.11453,38.18442],[-8.11476,38.18403]]},"properties":{"osm_type":"way","osm_id":544006000,"country":"PT","name":"Canal de Odivelas","operator":null,"wikidata":null,"wikipedia":null}},{"type":"Feature","geometry":{"type":"LineString","coordinates":[[-8.11475,38.18582],[-8.11453,38.18442]]},"properties":{"osm_type":"way","osm_id":544006006,"country":"PT","name":"Canal de Odivelas","operator":null,"wikidata":null,"wikipedia":null}},{"type":"Feature","geometry":{"type":"LineString","coordinates":[[-8.08244,37.93021],[-8.0825,37.93022]]},"properties":{"osm_type":"way","osm_id":544006053,"country":"PT","name":null,"operator":null,"wikidata":null,"wikipedia":null}},{"type":"Feature","geometry":{"type":"LineString","coordinates":[[-8.0814,37.93015],[-8.08244,37.93021]]},"properties":{"osm_type":"way","osm_id":544006054,"country":"PT","name":null,"operator":null,"wikidata":null,"wikipedia":null}},{"type":"Feature","geometry":{"type":"LineString","coordinates":[[-7.49255,37.47002],[-7.49399,37.47024]]},"properties":{"osm_type":"way","osm_id":544239029,"country":"PT","name":"Descarga de fundo","operator":null,"wikidata":null,"wikipedia":null}},{"type":"Feature","geometry":{"type":"LineString","coordinates":[[-8.70096,37.20248],[-8.69982,37.19681]]},"properties":{"osm_type":"way","osm_id":544239040,"country":"PT","name":null,"operator":null,"wikidata":null,"wikipedia":null}},{"type":"Feature","geometry":{"type":"LineString","coordinates":[[-8.69982,37.19681],[-8.69976,37.19638]]},"properties":{"osm_type":"way","osm_id":544239041,"country":"PT","name":"Ponte Canal da Figueira","operator":null,"wikidata":null,"wikipedia":null}},{"type":"Feature","geometry":{"type":"LineString","coordinates":[[-8.70096,37.20248],[-8.70101,37.20287]]},"properties":{"osm_type":"way","osm_id":544239042,"country":"PT","name":null,"operator":null,"wikidata":null,"wikipedia":null}},{"type":"Feature","geometry":{"type":"LineString","coordinates":[[-7.61579,37.19732],[-7.6166,37.19659]]},"properties":{"osm_type":"way","osm_id":544239044,"country":"PT","name":"Descarga de fundo","operator":null,"wikidata":null,"wikipedia":null}},{"type":"Feature","geometry":{"type":"LineString","coordinates":[[-8.37484,37.23995],[-8.37951,37.23666]]},"properties":{"osm_type":"way","osm_id":544239047,"country":"PT","name":null,"operator":null,"wikidata":null,"wikipedia":null}},{"type":"Feature","geometry":{"type":"LineString","coordinates":[[-8.44425,37.58352],[-8.44425,37.58225]]},"properties":{"osm_type":"way","osm_id":544239056,"country":"PT","name":"Descarga de fundo","operator":null,"wikidata":null,"wikipedia":null}},{"type":"Feature","geometry":{"type":"LineString","coordinates":[[-8.45274,37.56662],[-8.45291,37.56641]]},"properties":{"osm_type":"way","osm_id":544239062,"country":"PT","name":null,"operator":null,"wikidata":null,"wikipedia":null}},{"type":"Feature","geometry":{"type":"LineString","coordinates":[[-8.45149,37.56879],[-8.45175,37.56837]]},"properties":{"osm_type":"way","osm_id":544239063,"country":"PT","name":null,"operator":null,"wikidata":null,"wikipedia":null}},{"type":"Feature","geometry":{"type":"LineString","coordinates":[[-8.44907,37.5729],[-8.44994,37.57163]]},"properties":{"osm_type":"way","osm_id":544239064,"country":"PT","name":null,"operator":null,"wikidata":null,"wikipedia":null}},{"type":"Feature","geometry":{"type":"LineString","coordinates":[[-8.44582,37.57701],[-8.44676,37.57598]]},"properties":{"osm_type":"way","osm_id":544239065,"country":"PT","name":null,"operator":null,"wikidata":null,"wikipedia":null}},{"type":"Feature","geometry":{"type":"LineString","coordinates":[[-8.44514,37.58071],[-8.44525,37.58006]]},"properties":{"osm_type":"way","osm_id":544239066,"country":"PT","name":null,"operator":null,"wikidata":null,"wikipedia":null}},{"type":"Feature","geometry":{"type":"LineString","coordinates":[[-8.44435,37.58141],[-8.44451,37.58121]]},"properties":{"osm_type":"way","osm_id":544239067,"country":"PT","name":null,"operator":null,"wikidata":null,"wikipedia":null}},{"type":"Feature","geometry":{"type":"LineString","coordinates":[[-8.75048,37.90115],[-8.75013,37.90581]]},"properties":{"osm_type":"way","osm_id":544239079,"country":"PT","name":null,"operator":null,"wikidata":null,"wikipedia":null}},{"type":"Feature","geometry":{"type":"LineString","coordinates":[[-8.76369,37.90248],[-8.76571,37.90263]]},"properties":{"osm_type":"way","osm_id":544239082,"country":"PT","name":"Descarga de fundo","operator":null,"wikidata":null,"wikipedia":null}},{"type":"Feature","geometry":{"type":"LineString","coordinates":[[-8.29461,38.24875],[-8.2969,38.24748]]},"properties":{"osm_type":"way","osm_id":544239089,"country":"PT","name":"Adutor canal de rega / mini-hidrica","operator":null,"wikidata":null,"wikipedia":null}},{"type":"Feature","geometry":{"type":"LineString","coordinates":[[-8.29457,38.24873],[-8.29658,38.24747]]},"properties":{"osm_type":"way","osm_id":544239091,"country":"PT","name":"Descarga de fundo","operator":null,"wikidata":null,"wikipedia":null}},{"type":"Feature","geometry":{"type":"LineString","coordinates":[[-8.39151,38.41981],[-8.39466,38.41851]]},"properties":{"osm_type":"way","osm_id":544239131,"country":"PT","name":"Descarregador de cheias","operator":null,"wikidata":null,"wikipedia":null}},{"type":"Feature","geometry":{"type":"LineString","coordinates":[[-8.39088,38.41963],[-8.3937,38.41836]]},"properties":{"osm_type":"way","osm_id":544239133,"country":"PT","name":"Descarga de fundo","operator":null,"wikidata":null,"wikipedia":null}},{"type":"Feature","geometry":{"type":"LineString","coordinates":[[-7.58772,38.05896],[-7.58773,38.05874]]},"properties":{"osm_type":"way","osm_id":544335016,"country":"PT","name":null,"operator":null,"wikidata":null,"wikipedia":null}},{"type":"Feature","geometry":{"type":"LineString","coordinates":[[-7.58795,38.06077],[-7.58772,38.05896]]},"properties":{"osm_type":"way","osm_id":544335017,"country":"PT","name":null,"operator":null,"wikidata":null,"wikipedia":null}},{"type":"Feature","geometry":{"type":"LineString","coordinates":[[-7.72417,37.38157],[-7.72469,37.38225]]},"properties":{"osm_type":"way","osm_id":544335034,"country":"PT","name":"Descarga de fundo","operator":null,"wikidata":null,"wikipedia":null}},{"type":"Feature","geometry":{"type":"LineString","coordinates":[[-7.62841,38.10989],[-7.62862,38.10966]]},"properties":{"osm_type":"way","osm_id":544335055,"country":"PT","name":null,"operator":null,"wikidata":null,"wikipedia":null}},{"type":"Feature","geometry":{"type":"LineString","coordinates":[[-7.46378,37.99303],[-7.46463,37.99375]]},"properties":{"osm_type":"way","osm_id":544335109,"country":"PT","name":"Descarga de fundo","operator":null,"wikidata":null,"wikipedia":null}},{"type":"Feature","geometry":{"type":"LineString","coordinates":[[-7.42291,41.21998],[-7.42356,41.22013],[-7.42678,41.21678],[-7.42697,41.21583]]},"properties":{"osm_type":"way","osm_id":546393248,"country":"PT","name":"Galeria em carga","operator":null,"wikidata":null,"wikipedia":null}},{"type":"Feature","geometry":{"type":"LineString","coordinates":[[-7.42299,41.21978],[-7.42349,41.21988],[-7.42642,41.21677],[-7.42654,41.21584]]},"properties":{"osm_type":"way","osm_id":546393261,"country":"PT","name":"Galeria em carga","operator":null,"wikidata":null,"wikipedia":null}},{"type":"Feature","geometry":{"type":"LineString","coordinates":[[-7.61722,37.19754],[-7.6172,37.1965]]},"properties":{"osm_type":"way","osm_id":548840497,"country":"PT","name":"Descarregador de cheias","operator":null,"wikidata":null,"wikipedia":null}},{"type":"Feature","geometry":{"type":"LineString","coordinates":[[-7.63534,37.1601],[-7.63527,37.15995]]},"properties":{"osm_type":"way","osm_id":550832785,"country":"PT","name":null,"operator":null,"wikidata":null,"wikipedia":null}},{"type":"Feature","geometry":{"type":"LineString","coordinates":[[-7.66499,37.14988],[-7.66567,37.15018]]},"properties":{"osm_type":"way","osm_id":550860799,"country":"PT","name":null,"operator":null,"wikidata":null,"wikipedia":null}},{"type":"Feature","geometry":{"type":"LineString","coordinates":[[-7.70748,37.13088],[-7.70553,37.132],[-7.70463,37.13343],[-7.70511,37.13681],[-7.70645,37.13862],[-7.70642,37.13999],[-7.70613,37.14133],[-7.7035,37.1451],[-7.70412,37.14546]]},"properties":{"osm_type":"way","osm_id":550862854,"country":"PT","name":"Adutor Reservatório de Santo Estêvão - E.T.A. de Tavira","operator":"Águas do Algarve","wikidata":null,"wikipedia":null}},{"type":"Feature","geometry":{"type":"LineString","coordinates":[[-7.91035,38.5734],[-7.91068,38.57321],[-7.90999,38.57209]]},"properties":{"osm_type":"way","osm_id":558413305,"country":"PT","name":"Aqueduto da Água de Prata","operator":null,"wikidata":"Q8187810","wikipedia":"pt:Aqueduto da Água de Prata"}},{"type":"Feature","geometry":{"type":"LineString","coordinates":[[-7.90949,38.5717],[-7.90987,38.57141]]},"properties":{"osm_type":"way","osm_id":558413306,"country":"PT","name":"Aqueduto da Água de Prata","operator":null,"wikidata":"Q8187810","wikipedia":"pt:Aqueduto da Água de Prata"}},{"type":"Feature","geometry":{"type":"LineString","coordinates":[[-7.50084,37.27357],[-7.49991,37.27414]]},"properties":{"osm_type":"way","osm_id":565833958,"country":"PT","name":null,"operator":null,"wikidata":null,"wikipedia":null}},{"type":"Feature","geometry":{"type":"LineString","coordinates":[[-7.50098,37.27353],[-7.50084,37.27357]]},"properties":{"osm_type":"way","osm_id":565833959,"country":"PT","name":null,"operator":null,"wikidata":null,"wikipedia":null}},{"type":"Feature","geometry":{"type":"LineString","coordinates":[[-7.50261,37.2733],[-7.50098,37.27353]]},"properties":{"osm_type":"way","osm_id":565833960,"country":"PT","name":null,"operator":null,"wikidata":null,"wikipedia":null}},{"type":"Feature","geometry":{"type":"LineString","coordinates":[[-7.50291,37.2733],[-7.50261,37.2733]]},"properties":{"osm_type":"way","osm_id":565833961,"country":"PT","name":null,"operator":null,"wikidata":null,"wikipedia":null}},{"type":"Feature","geometry":{"type":"LineString","coordinates":[[-7.50329,37.27325],[-7.50291,37.2733]]},"properties":{"osm_type":"way","osm_id":565833962,"country":"PT","name":null,"operator":null,"wikidata":null,"wikipedia":null}},{"type":"Feature","geometry":{"type":"LineString","coordinates":[[-7.69223,37.13771],[-7.69228,37.13777]]},"properties":{"osm_type":"way","osm_id":566377366,"country":"PT","name":null,"operator":"Águas do Algarve","wikidata":null,"wikipedia":null}},{"type":"Feature","geometry":{"type":"LineString","coordinates":[[-8.62387,37.15392],[-8.62386,37.15384]]},"properties":{"osm_type":"way","osm_id":567450313,"country":"PT","name":null,"operator":null,"wikidata":null,"wikipedia":null}},{"type":"Feature","geometry":{"type":"LineString","coordinates":[[-8.62394,37.15391],[-8.62392,37.15384]]},"properties":{"osm_type":"way","osm_id":567450314,"country":"PT","name":null,"operator":null,"wikidata":null,"wikipedia":null}},{"type":"Feature","geometry":{"type":"LineString","coordinates":[[-8.21827,38.96821],[-8.22251,38.9686],[-8.22385,38.96794],[-8.22373,38.96871],[-8.22563,38.96963],[-8.22973,38.97293],[-8.23058,38.97288],[-8.23541,38.97474]]},"properties":{"osm_type":"way","osm_id":576425109,"country":"PT","name":null,"operator":null,"wikidata":null,"wikipedia":null}},{"type":"Feature","geometry":{"type":"LineString","coordinates":[[-8.23532,38.97501],[-8.23416,38.97618],[-8.23414,38.97784],[-8.2363,38.97984],[-8.23773,38.97973],[-8.24255,38.9824],[-8.24487,38.98283],[-8.25112,38.98237]]},"properties":{"osm_type":"way","osm_id":576425111,"country":"PT","name":null,"operator":null,"wikidata":null,"wikipedia":null}},{"type":"Feature","geometry":{"type":"LineString","coordinates":[[-8.21765,38.96872],[-8.21803,38.96842]]},"properties":{"osm_type":"way","osm_id":576425112,"country":"PT","name":null,"operator":null,"wikidata":null,"wikipedia":null}},{"type":"Feature","geometry":{"type":"LineString","coordinates":[[-7.16254,39.82527],[-7.16242,39.82404]]},"properties":{"osm_type":"way","osm_id":578173264,"country":"PT","name":null,"operator":null,"wikidata":null,"wikipedia":null}},{"type":"Feature","geometry":{"type":"LineString","coordinates":[[-7.16242,39.82404],[-7.16304,39.82296],[-7.1626,39.82238],[-7.16414,39.82089],[-7.16477,39.82082],[-7.16582,39.81915],[-7.16656,39.8194],[-7.1701,39.81894],[-7.17187,39.81832]]},"properties":{"osm_type":"way","osm_id":578173265,"country":"PT","name":null,"operator":null,"wikidata":null,"wikipedia":null}},{"type":"Feature","geometry":{"type":"LineString","coordinates":[[-7.16102,39.83019],[-7.1611,39.8286],[-7.16183,39.82787],[-7.16141,39.8259],[-7.16245,39.82565],[-7.16254,39.82527]]},"properties":{"osm_type":"way","osm_id":578173267,"country":"PT","name":null,"operator":null,"wikidata":null,"wikipedia":null}},{"type":"Feature","geometry":{"type":"LineString","coordinates":[[-7.16065,39.83057],[-7.16102,39.83019]]},"properties":{"osm_type":"way","osm_id":578173268,"country":"PT","name":null,"operator":null,"wikidata":null,"wikipedia":null}},{"type":"Feature","geometry":{"type":"LineString","coordinates":[[-7.15983,39.83429],[-7.15963,39.83159],[-7.16065,39.83057]]},"properties":{"osm_type":"way","osm_id":578173269,"country":"PT","name":null,"operator":null,"wikidata":null,"wikipedia":null}},{"type":"Feature","geometry":{"type":"LineString","coordinates":[[-7.19312,39.85786],[-7.19299,39.85781]]},"properties":{"osm_type":"way","osm_id":578173271,"country":"PT","name":null,"operator":null,"wikidata":null,"wikipedia":null}},{"type":"Feature","geometry":{"type":"LineString","coordinates":[[-7.19857,39.84244],[-7.19861,39.84244]]},"properties":{"osm_type":"way","osm_id":578173275,"country":"PT","name":null,"operator":null,"wikidata":null,"wikipedia":null}},{"type":"Feature","geometry":{"type":"LineString","coordinates":[[-7.19851,39.84244],[-7.19857,39.84244]]},"properties":{"osm_type":"way","osm_id":578173276,"country":"PT","name":null,"operator":null,"wikidata":null,"wikipedia":null}},{"type":"Feature","geometry":{"type":"LineString","coordinates":[[-7.19122,39.84293],[-7.19306,39.84322],[-7.19372,39.84259],[-7.1957,39.84339],[-7.19716,39.84252],[-7.19851,39.84244]]},"properties":{"osm_type":"way","osm_id":578173277,"country":"PT","name":null,"operator":null,"wikidata":null,"wikipedia":null}},{"type":"Feature","geometry":{"type":"LineString","coordinates":[[-7.18983,39.84256],[-7.19122,39.84293]]},"properties":{"osm_type":"way","osm_id":578173278,"country":"PT","name":null,"operator":null,"wikidata":null,"wikipedia":null}},{"type":"Feature","geometry":{"type":"LineString","coordinates":[[-7.18683,39.8395],[-7.18594,39.84081],[-7.18648,39.84234],[-7.18802,39.84239],[-7.18824,39.84366],[-7.18983,39.84256]]},"properties":{"osm_type":"way","osm_id":578173279,"country":"PT","name":null,"operator":null,"wikidata":null,"wikipedia":null}},{"type":"Feature","geometry":{"type":"LineString","coordinates":[[-7.17888,39.83521],[-7.17889,39.83679]]},"properties":{"osm_type":"way","osm_id":578173280,"country":"PT","name":null,"operator":null,"wikidata":null,"wikipedia":null}},{"type":"Feature","geometry":{"type":"LineString","coordinates":[[-7.17914,39.83482],[-7.17888,39.83521]]},"properties":{"osm_type":"way","osm_id":578173281,"country":"PT","name":null,"operator":null,"wikidata":null,"wikipedia":null}},{"type":"Feature","geometry":{"type":"LineString","coordinates":[[-7.17765,39.83921],[-7.17935,39.83939],[-7.18021,39.83872],[-7.17889,39.83679]]},"properties":{"osm_type":"way","osm_id":578173282,"country":"PT","name":null,"operator":null,"wikidata":null,"wikipedia":null}},{"type":"Feature","geometry":{"type":"LineString","coordinates":[[-7.17976,39.82642],[-7.17871,39.8259],[-7.17817,39.82454],[-7.17788,39.82262],[-7.17834,39.82123]]},"properties":{"osm_type":"way","osm_id":578173283,"country":"PT","name":null,"operator":null,"wikidata":null,"wikipedia":null}},{"type":"Feature","geometry":{"type":"LineString","coordinates":[[-7.18127,39.82666],[-7.17976,39.82642]]},"properties":{"osm_type":"way","osm_id":578173284,"country":"PT","name":null,"operator":null,"wikidata":null,"wikipedia":null}},{"type":"Feature","geometry":{"type":"LineString","coordinates":[[-7.18279,39.83008],[-7.18246,39.82733],[-7.18127,39.82666]]},"properties":{"osm_type":"way","osm_id":578173286,"country":"PT","name":null,"operator":null,"wikidata":null,"wikipedia":null}},{"type":"Feature","geometry":{"type":"LineString","coordinates":[[-7.18303,39.83076],[-7.18279,39.83008]]},"properties":{"osm_type":"way","osm_id":578173288,"country":"PT","name":null,"operator":null,"wikidata":null,"wikipedia":null}},{"type":"Feature","geometry":{"type":"LineString","coordinates":[[-7.18538,39.83149],[-7.18447,39.83199],[-7.18387,39.83088],[-7.18303,39.83076]]},"properties":{"osm_type":"way","osm_id":578173291,"country":"PT","name":null,"operator":null,"wikidata":null,"wikipedia":null}},{"type":"Feature","geometry":{"type":"LineString","coordinates":[[-7.18578,39.83163],[-7.18538,39.83149]]},"properties":{"osm_type":"way","osm_id":578173293,"country":"PT","name":null,"operator":null,"wikidata":null,"wikipedia":null}},{"type":"Feature","geometry":{"type":"LineString","coordinates":[[-7.17896,39.83472],[-7.17913,39.83482]]},"properties":{"osm_type":"way","osm_id":578173295,"country":"PT","name":null,"operator":null,"wikidata":null,"wikipedia":null}},{"type":"Feature","geometry":{"type":"LineString","coordinates":[[-7.17366,39.83223],[-7.17559,39.83232],[-7.1764,39.83318],[-7.1764,39.83404],[-7.17818,39.83403],[-7.17896,39.83472]]},"properties":{"osm_type":"way","osm_id":578173298,"country":"PT","name":null,"operator":null,"wikidata":null,"wikipedia":null}},{"type":"Feature","geometry":{"type":"LineString","coordinates":[[-7.17913,39.83482],[-7.1828,39.83621],[-7.18301,39.83542],[-7.18377,39.83571],[-7.18424,39.83537],[-7.1843,39.83376],[-7.18527,39.83387],[-7.1867,39.83239],[-7.18578,39.83163]]},"properties":{"osm_type":"way","osm_id":578173300,"country":"PT","name":null,"operator":null,"wikidata":null,"wikipedia":null}},{"type":"Feature","geometry":{"type":"LineString","coordinates":[[-7.19474,39.82254],[-7.19568,39.82286],[-7.19643,39.82257]]},"properties":{"osm_type":"way","osm_id":578173374,"country":"PT","name":null,"operator":null,"wikidata":null,"wikipedia":null}},{"type":"Feature","geometry":{"type":"LineString","coordinates":[[-7.19985,39.81744],[-7.19859,39.81598]]},"properties":{"osm_type":"way","osm_id":578173375,"country":"PT","name":null,"operator":null,"wikidata":null,"wikipedia":null}},{"type":"Feature","geometry":{"type":"LineString","coordinates":[[-7.19859,39.81598],[-7.19253,39.8163],[-7.19152,39.81746],[-7.18963,39.8176],[-7.18933,39.81798]]},"properties":{"osm_type":"way","osm_id":578173376,"country":"PT","name":null,"operator":null,"wikidata":null,"wikipedia":null}},{"type":"Feature","geometry":{"type":"LineString","coordinates":[[-7.19905,39.82823],[-7.19835,39.8266]]},"properties":{"osm_type":"way","osm_id":578173377,"country":"PT","name":null,"operator":null,"wikidata":null,"wikipedia":null}},{"type":"Feature","geometry":{"type":"LineString","coordinates":[[-7.19835,39.8266],[-7.19659,39.82492],[-7.19739,39.82407],[-7.19636,39.82233],[-7.19806,39.82179],[-7.20066,39.82179],[-7.19985,39.81744]]},"properties":{"osm_type":"way","osm_id":578173378,"country":"PT","name":null,"operator":null,"wikidata":null,"wikipedia":null}},{"type":"Feature","geometry":{"type":"LineString","coordinates":[[-7.19935,39.87144],[-7.19805,39.87069]]},"properties":{"osm_type":"way","osm_id":578173394,"country":"PT","name":null,"operator":null,"wikidata":null,"wikipedia":null}},{"type":"Feature","geometry":{"type":"LineString","coordinates":[[-7.14964,39.8664],[-7.15013,39.86531]]},"properties":{"osm_type":"way","osm_id":578173395,"country":"PT","name":null,"operator":null,"wikidata":null,"wikipedia":null}},{"type":"Feature","geometry":{"type":"LineString","coordinates":[[-7.15013,39.86531],[-7.15229,39.86093],[-7.15454,39.85841],[-7.15304,39.85597],[-7.15466,39.85105],[-7.15337,39.8504],[-7.15376,39.84998],[-7.15469,39.85001],[-7.155,39.8492],[-7.1559,39.84892],[-7.1565,39.84763],[-7.15583,39.84584],[-7.1593,39.84382],[-7.15902,39.84149],[-7.15978,39.84097]]},"properties":{"osm_type":"way","osm_id":578173397,"country":"PT","name":null,"operator":null,"wikidata":null,"wikipedia":null}},{"type":"Feature","geometry":{"type":"LineString","coordinates":[[-7.15393,39.87027],[-7.15144,39.87104],[-7.15035,39.87187],[-7.14904,39.87142]]},"properties":{"osm_type":"way","osm_id":578173405,"country":"PT","name":null,"operator":null,"wikidata":null,"wikipedia":null}},{"type":"Feature","geometry":{"type":"LineString","coordinates":[[-7.39619,38.07156],[-7.39661,38.07332]]},"properties":{"osm_type":"way","osm_id":585727746,"country":"PT","name":"Descarga de Superficie","operator":null,"wikidata":null,"wikipedia":null}},{"type":"Feature","geometry":{"type":"LineString","coordinates":[[-7.98093,38.04237],[-7.9778,38.04183],[-7.97016,38.03927],[-7.96595,38.04455],[-7.96126,38.04593],[-7.95744,38.04454],[-7.92813,38.03654]]},"properties":{"osm_type":"way","osm_id":602776567,"country":"PT","name":null,"operator":"EDIA","wikidata":null,"wikipedia":null}},{"type":"Feature","geometry":{"type":"LineString","coordinates":[[-7.90426,37.98021],[-7.90555,37.98542],[-7.90437,37.98896],[-7.90247,37.99012],[-7.90161,37.99643],[-7.91012,38.00297],[-7.91206,38.00267]]},"properties":{"osm_type":"way","osm_id":604011895,"country":"PT","name":null,"operator":null,"wikidata":null,"wikipedia":null}},{"type":"Feature","geometry":{"type":"LineString","coordinates":[[-7.90698,38.0005],[-7.9091,37.99727],[-7.91301,37.99464]]},"properties":{"osm_type":"way","osm_id":604043937,"country":"PT","name":null,"operator":null,"wikidata":null,"wikipedia":null}},{"type":"Feature","geometry":{"type":"LineString","coordinates":[[-7.90127,38.18166],[-7.89752,38.1822],[-7.89377,38.18102]]},"properties":{"osm_type":"way","osm_id":606502395,"country":"PT","name":"Adutor Cuba - Vidigueira","operator":null,"wikidata":null,"wikipedia":null}},{"type":"Feature","geometry":{"type":"LineString","coordinates":[[-8.51844,41.08862],[-8.51818,41.08765]]},"properties":{"osm_type":"way","osm_id":608392214,"country":"PT","name":null,"operator":null,"wikidata":null,"wikipedia":null}},{"type":"Feature","geometry":{"type":"LineString","coordinates":[[-8.85613,38.69679],[-8.87264,38.70588]]},"properties":{"osm_type":"way","osm_id":609794501,"country":"PT","name":null,"operator":null,"wikidata":null,"wikipedia":null}},{"type":"Feature","geometry":{"type":"LineString","coordinates":[[-8.54744,37.81343],[-8.54099,37.81606],[-8.53697,37.81705],[-8.53636,37.81769],[-8.53625,37.81903],[-8.53491,37.82069],[-8.53393,37.82152],[-8.53122,37.82242]]},"properties":{"osm_type":"way","osm_id":610574681,"country":"PT","name":null,"operator":null,"wikidata":null,"wikipedia":null}},{"type":"Feature","geometry":{"type":"LineString","coordinates":[[-8.66043,40.63739],[-8.66149,40.6373],[-8.66555,40.63467],[-8.66689,40.63512],[-8.67283,40.62835],[-8.67721,40.62956],[-8.67833,40.63043],[-8.68044,40.62994],[-8.68531,40.63072]]},"properties":{"osm_type":"way","osm_id":612767285,"country":"PT","name":"Canal do Paraíso","operator":null,"wikidata":null,"wikipedia":null}},{"type":"Feature","geometry":{"type":"LineString","coordinates":[[-7.88555,37.35267],[-7.88482,37.35198]]},"properties":{"osm_type":"way","osm_id":620683282,"country":"PT","name":"Barranco dos Legumes","operator":null,"wikidata":null,"wikipedia":null}},{"type":"Feature","geometry":{"type":"LineString","coordinates":[[-9.22564,38.77519],[-9.22855,38.7758]]},"properties":{"osm_type":"way","osm_id":629891474,"country":"PT","name":"Adutor de Circunvalação","operator":"Empresa Portuguesa de Águas Livres","wikidata":null,"wikipedia":null}},{"type":"Feature","geometry":{"type":"LineString","coordinates":[[-7.14601,39.00061],[-7.14435,39.00044]]},"properties":{"osm_type":"way","osm_id":638786002,"country":"PT","name":"Canal de Rega - Rio Caia","operator":null,"wikidata":null,"wikipedia":null}},{"type":"Feature","geometry":{"type":"LineString","coordinates":[[-7.14397,39.00036],[-7.14403,39.00046]]},"properties":{"osm_type":"way","osm_id":638786003,"country":"PT","name":null,"operator":null,"wikidata":null,"wikipedia":null}},{"type":"Feature","geometry":{"type":"LineString","coordinates":[[-7.14408,39.00026],[-7.14388,39.00036]]},"properties":{"osm_type":"way","osm_id":638786005,"country":"PT","name":null,"operator":null,"wikidata":null,"wikipedia":null}},{"type":"Feature","geometry":{"type":"LineString","coordinates":[[-17.13581,32.7544],[-17.13614,32.75417]]},"properties":{"osm_type":"way","osm_id":641898511,"country":"PT","name":null,"operator":null,"wikidata":null,"wikipedia":null}},{"type":"Feature","geometry":{"type":"LineString","coordinates":[[-8.61259,37.17718],[-8.61209,37.17816]]},"properties":{"osm_type":"way","osm_id":664292245,"country":"PT","name":null,"operator":null,"wikidata":null,"wikipedia":null}},{"type":"Feature","geometry":{"type":"LineString","coordinates":[[-8.6126,37.17709],[-8.61259,37.17718]]},"properties":{"osm_type":"way","osm_id":664292246,"country":"PT","name":null,"operator":null,"wikidata":null,"wikipedia":null}},{"type":"Feature","geometry":{"type":"LineString","coordinates":[[-8.61284,37.17584],[-8.6126,37.17709]]},"properties":{"osm_type":"way","osm_id":664292247,"country":"PT","name":null,"operator":null,"wikidata":null,"wikipedia":null}},{"type":"Feature","geometry":{"type":"LineString","coordinates":[[-8.61364,37.17487],[-8.61284,37.17584]]},"properties":{"osm_type":"way","osm_id":664292248,"country":"PT","name":null,"operator":null,"wikidata":null,"wikipedia":null}},{"type":"Feature","geometry":{"type":"LineString","coordinates":[[-8.61337,37.17435],[-8.61364,37.17487]]},"properties":{"osm_type":"way","osm_id":664292249,"country":"PT","name":null,"operator":null,"wikidata":null,"wikipedia":null}},{"type":"Feature","geometry":{"type":"LineString","coordinates":[[-8.61334,37.17427],[-8.61337,37.17435]]},"properties":{"osm_type":"way","osm_id":664292250,"country":"PT","name":null,"operator":null,"wikidata":null,"wikipedia":null}},{"type":"Feature","geometry":{"type":"LineString","coordinates":[[-8.61321,37.17384],[-8.61334,37.17427]]},"properties":{"osm_type":"way","osm_id":664292251,"country":"PT","name":null,"operator":null,"wikidata":null,"wikipedia":null}},{"type":"Feature","geometry":{"type":"LineString","coordinates":[[-8.61322,37.17375],[-8.61321,37.17384]]},"properties":{"osm_type":"way","osm_id":664292252,"country":"PT","name":null,"operator":null,"wikidata":null,"wikipedia":null}},{"type":"Feature","geometry":{"type":"LineString","coordinates":[[-8.61329,37.17349],[-8.61322,37.17375]]},"properties":{"osm_type":"way","osm_id":664292253,"country":"PT","name":null,"operator":null,"wikidata":null,"wikipedia":null}},{"type":"Feature","geometry":{"type":"LineString","coordinates":[[-8.6105,37.16561],[-8.61072,37.16591]]},"properties":{"osm_type":"way","osm_id":664292259,"country":"PT","name":null,"operator":null,"wikidata":null,"wikipedia":null}},{"type":"Feature","geometry":{"type":"LineString","coordinates":[[-8.60952,37.16393],[-8.61014,37.16457]]},"properties":{"osm_type":"way","osm_id":664292260,"country":"PT","name":null,"operator":null,"wikidata":null,"wikipedia":null}},{"type":"Feature","geometry":{"type":"LineString","coordinates":[[-8.5924,37.16433],[-8.59231,37.16419]]},"properties":{"osm_type":"way","osm_id":664292261,"country":"PT","name":null,"operator":null,"wikidata":null,"wikipedia":null}},{"type":"Feature","geometry":{"type":"LineString","coordinates":[[-8.5813,37.14494],[-8.58131,37.145]]},"properties":{"osm_type":"way","osm_id":664292264,"country":"PT","name":null,"operator":null,"wikidata":null,"wikipedia":null}},{"type":"Feature","geometry":{"type":"LineString","coordinates":[[-8.57883,37.14548],[-8.58146,37.14493]]},"properties":{"osm_type":"way","osm_id":664292267,"country":"PT","name":null,"operator":null,"wikidata":null,"wikipedia":null}},{"type":"Feature","geometry":{"type":"LineString","coordinates":[[-8.57727,37.14654],[-8.57883,37.14548]]},"properties":{"osm_type":"way","osm_id":664292268,"country":"PT","name":null,"operator":null,"wikidata":null,"wikipedia":null}},{"type":"Feature","geometry":{"type":"LineString","coordinates":[[-8.57579,37.14767],[-8.57635,37.14708]]},"properties":{"osm_type":"way","osm_id":664292269,"country":"PT","name":null,"operator":null,"wikidata":null,"wikipedia":null}},{"type":"Feature","geometry":{"type":"LineString","coordinates":[[-8.57581,37.14888],[-8.57618,37.14855],[-8.57579,37.14767]]},"properties":{"osm_type":"way","osm_id":664292270,"country":"PT","name":null,"operator":null,"wikidata":null,"wikipedia":null}},{"type":"Feature","geometry":{"type":"LineString","coordinates":[[-8.57635,37.14708],[-8.57727,37.14654]]},"properties":{"osm_type":"way","osm_id":664292271,"country":"PT","name":null,"operator":null,"wikidata":null,"wikipedia":null}},{"type":"Feature","geometry":{"type":"LineString","coordinates":[[-8.57568,37.14897],[-8.57581,37.14888]]},"properties":{"osm_type":"way","osm_id":664292272,"country":"PT","name":null,"operator":null,"wikidata":null,"wikipedia":null}},{"type":"Feature","geometry":{"type":"LineString","coordinates":[[-8.57293,37.15142],[-8.57449,37.15052],[-8.57568,37.14897]]},"properties":{"osm_type":"way","osm_id":664292273,"country":"PT","name":null,"operator":null,"wikidata":null,"wikipedia":null}},{"type":"Feature","geometry":{"type":"LineString","coordinates":[[-8.57319,37.15299],[-8.57293,37.15142]]},"properties":{"osm_type":"way","osm_id":664292274,"country":"PT","name":null,"operator":null,"wikidata":null,"wikipedia":null}},{"type":"Feature","geometry":{"type":"LineString","coordinates":[[-7.73963,38.47823],[-7.73926,38.47823]]},"properties":{"osm_type":"way","osm_id":665452475,"country":"PT","name":null,"operator":null,"wikidata":null,"wikipedia":null}},{"type":"Feature","geometry":{"type":"LineString","coordinates":[[-7.6998,38.06071],[-7.69933,38.05996],[-7.69888,38.06011]]},"properties":{"osm_type":"way","osm_id":667242529,"country":"PT","name":null,"operator":null,"wikidata":null,"wikipedia":null}},{"type":"Feature","geometry":{"type":"LineString","coordinates":[[-8.53122,37.82242],[-8.53071,37.82474],[-8.52906,37.82533],[-8.52716,37.82486]]},"properties":{"osm_type":"way","osm_id":668434123,"country":"PT","name":null,"operator":null,"wikidata":null,"wikipedia":null}},{"type":"Feature","geometry":{"type":"LineString","coordinates":[[-8.3317,37.88926],[-8.33162,37.89244],[-8.32663,37.89517],[-8.32537,37.89707],[-8.32172,37.89692],[-8.31964,37.89759],[-8.31667,37.89977],[-8.3097,37.90208],[-8.30488,37.90523],[-8.29377,37.90943],[-8.28853,37.91214],[-8.28828,37.91261],[-8.27823,37.91743],[-8.26632,37.92547],[-8.25864,37.92984]]},"properties":{"osm_type":"way","osm_id":671163871,"country":"PT","name":"Adutor Roxo - Sado - Troço 2","operator":"EDIA","wikidata":null,"wikipedia":null}},{"type":"Feature","geometry":{"type":"LineString","coordinates":[[-8.45047,37.5704],[-8.45082,37.56977]]},"properties":{"osm_type":"way","osm_id":672651894,"country":"PT","name":null,"operator":null,"wikidata":null,"wikipedia":null}},{"type":"Feature","geometry":{"type":"LineString","coordinates":[[-8.44301,37.58315],[-8.44328,37.58256]]},"properties":{"osm_type":"way","osm_id":672651895,"country":"PT","name":"Descarregador de cheias","operator":null,"wikidata":null,"wikipedia":null}},{"type":"Feature","geometry":{"type":"LineString","coordinates":[[-8.57871,37.17828],[-8.57849,37.17846]]},"properties":{"osm_type":"way","osm_id":684623073,"country":"PT","name":null,"operator":null,"wikidata":null,"wikipedia":null}},{"type":"Feature","geometry":{"type":"LineString","coordinates":[[-8.57931,37.17798],[-8.57871,37.17828]]},"properties":{"osm_type":"way","osm_id":684623074,"country":"PT","name":null,"operator":null,"wikidata":null,"wikipedia":null}},{"type":"Feature","geometry":{"type":"LineString","coordinates":[[-8.57926,37.17797],[-8.57892,37.17812]]},"properties":{"osm_type":"way","osm_id":684623075,"country":"PT","name":null,"operator":null,"wikidata":null,"wikipedia":null}},{"type":"Feature","geometry":{"type":"LineString","coordinates":[[-7.48602,37.2547],[-7.48361,37.25354]]},"properties":{"osm_type":"way","osm_id":686585238,"country":"PT","name":"Descarregador de cheias","operator":null,"wikidata":null,"wikipedia":null}},{"type":"Feature","geometry":{"type":"LineString","coordinates":[[-7.48843,37.25376],[-7.48851,37.25305]]},"properties":{"osm_type":"way","osm_id":686585240,"country":"PT","name":"Descarga de fundo","operator":null,"wikidata":null,"wikipedia":null}},{"type":"Feature","geometry":{"type":"LineString","coordinates":[[-8.6421,40.63946],[-8.64379,40.63955]]},"properties":{"osm_type":"way","osm_id":686659374,"country":"PT","name":"Canal do Côjo","operator":null,"wikidata":null,"wikipedia":null}},{"type":"Feature","geometry":{"type":"LineString","coordinates":[[-8.64052,40.63864],[-8.6411,40.63896]]},"properties":{"osm_type":"way","osm_id":686659375,"country":"PT","name":"Canal do Côjo","operator":null,"wikidata":null,"wikipedia":null}},{"type":"Feature","geometry":{"type":"LineString","coordinates":[[-8.64723,37.16316],[-8.64824,37.16434]]},"properties":{"osm_type":"way","osm_id":690199157,"country":"PT","name":null,"operator":null,"wikidata":null,"wikipedia":null}},{"type":"Feature","geometry":{"type":"LineString","coordinates":[[-8.64711,37.1631],[-8.64723,37.16316]]},"properties":{"osm_type":"way","osm_id":690199159,"country":"PT","name":null,"operator":null,"wikidata":null,"wikipedia":null}},{"type":"Feature","geometry":{"type":"LineString","coordinates":[[-8.64621,37.1628],[-8.64711,37.1631]]},"properties":{"osm_type":"way","osm_id":690199631,"country":"PT","name":null,"operator":null,"wikidata":null,"wikipedia":null}},{"type":"Feature","geometry":{"type":"LineString","coordinates":[[-8.64613,37.16282],[-8.64621,37.1628]]},"properties":{"osm_type":"way","osm_id":690199633,"country":"PT","name":null,"operator":null,"wikidata":null,"wikipedia":null}},{"type":"Feature","geometry":{"type":"LineString","coordinates":[[-7.48701,37.323],[-7.48766,37.32304]]},"properties":{"osm_type":"way","osm_id":690666053,"country":"PT","name":null,"operator":null,"wikidata":null,"wikipedia":null}},{"type":"Feature","geometry":{"type":"LineString","coordinates":[[-8.65675,39.10672],[-8.67983,39.1076]]},"properties":{"osm_type":"way","osm_id":691542780,"country":"PT","name":null,"operator":null,"wikidata":null,"wikipedia":null}},{"type":"Feature","geometry":{"type":"LineString","coordinates":[[-8.67652,39.1071],[-8.67221,39.10693]]},"properties":{"osm_type":"way","osm_id":691543260,"country":"PT","name":null,"operator":null,"wikidata":null,"wikipedia":null}},{"type":"Feature","geometry":{"type":"LineString","coordinates":[[-8.67664,39.10711],[-8.6801,39.10725]]},"properties":{"osm_type":"way","osm_id":691543261,"country":"PT","name":null,"operator":null,"wikidata":null,"wikipedia":null}},{"type":"Feature","geometry":{"type":"LineString","coordinates":[[-8.66461,39.1066],[-8.65724,39.10625]]},"properties":{"osm_type":"way","osm_id":691543263,"country":"PT","name":null,"operator":null,"wikidata":null,"wikipedia":null}},{"type":"Feature","geometry":{"type":"LineString","coordinates":[[-8.67211,39.10693],[-8.6649,39.10661]]},"properties":{"osm_type":"way","osm_id":691543267,"country":"PT","name":null,"operator":null,"wikidata":null,"wikipedia":null}},{"type":"Feature","geometry":{"type":"LineString","coordinates":[[-8.67054,39.11032],[-8.67068,39.11034]]},"properties":{"osm_type":"way","osm_id":692043025,"country":"PT","name":null,"operator":null,"wikidata":null,"wikipedia":null}},{"type":"Feature","geometry":{"type":"LineString","coordinates":[[-8.66531,39.10512],[-8.67214,39.10442]]},"properties":{"osm_type":"way","osm_id":692062865,"country":"PT","name":null,"operator":null,"wikidata":null,"wikipedia":null}},{"type":"Feature","geometry":{"type":"LineString","coordinates":[[-8.66352,39.11053],[-8.66394,39.10956]]},"properties":{"osm_type":"way","osm_id":692062871,"country":"PT","name":null,"operator":null,"wikidata":null,"wikipedia":null}},{"type":"Feature","geometry":{"type":"LineString","coordinates":[[-8.65032,40.64807],[-8.65048,40.64829]]},"properties":{"osm_type":"way","osm_id":693920793,"country":"PT","name":"Esteiro de Sá","operator":null,"wikidata":null,"wikipedia":null}},{"type":"Feature","geometry":{"type":"LineString","coordinates":[[-8.65048,40.64829],[-8.65071,40.64869]]},"properties":{"osm_type":"way","osm_id":693920794,"country":"PT","name":"Esteiro de Sá","operator":null,"wikidata":null,"wikipedia":null}},{"type":"Feature","geometry":{"type":"LineString","coordinates":[[-8.38172,37.23292],[-8.38252,37.23251]]},"properties":{"osm_type":"way","osm_id":694069808,"country":"PT","name":null,"operator":null,"wikidata":null,"wikipedia":null}},{"type":"Feature","geometry":{"type":"LineString","coordinates":[[-8.37957,37.23662],[-8.38092,37.23516],[-8.38116,37.23337],[-8.38172,37.23292]]},"properties":{"osm_type":"way","osm_id":694069809,"country":"PT","name":null,"operator":null,"wikidata":null,"wikipedia":null}},{"type":"Feature","geometry":{"type":"LineString","coordinates":[[-8.46861,37.18327],[-8.46853,37.1831]]},"properties":{"osm_type":"way","osm_id":697419197,"country":"PT","name":null,"operator":null,"wikidata":null,"wikipedia":null}},{"type":"Feature","geometry":{"type":"LineString","coordinates":[[-8.46977,37.18597],[-8.46953,37.18447],[-8.46861,37.18327]]},"properties":{"osm_type":"way","osm_id":697419198,"country":"PT","name":null,"operator":null,"wikidata":null,"wikipedia":null}},{"type":"Feature","geometry":{"type":"LineString","coordinates":[[-8.24409,41.76479],[-8.24168,41.76368],[-8.23517,41.76342],[-8.22449,41.77],[-8.21754,41.77294],[-8.21396,41.77231]]},"properties":{"osm_type":"way","osm_id":705235738,"country":"PT","name":"Canal Ribeiro de Brufe - Ribeiro de Gemesura","operator":null,"wikidata":null,"wikipedia":null}},{"type":"Feature","geometry":{"type":"LineString","coordinates":[[-8.10974,38.95197],[-8.10898,38.9528]]},"properties":{"osm_type":"way","osm_id":721951943,"country":"PT","name":null,"operator":null,"wikidata":null,"wikipedia":null}},{"type":"Feature","geometry":{"type":"LineString","coordinates":[[-8.11,38.95186],[-8.10974,38.95197]]},"properties":{"osm_type":"way","osm_id":721951944,"country":"PT","name":null,"operator":null,"wikidata":null,"wikipedia":null}},{"type":"Feature","geometry":{"type":"LineString","coordinates":[[-7.87685,41.7961],[-7.86924,41.75266]]},"properties":{"osm_type":"way","osm_id":734574301,"country":"PT","name":null,"operator":null,"wikidata":null,"wikipedia":null}},{"type":"Feature","geometry":{"type":"Polygon","coordinates":[[[-7.5794,38.33081],[-7.58073,38.3304],[-7.58358,38.33065],[-7.58467,38.33011],[-7.58323,38.33053],[-7.58029,38.33027],[-7.5794,38.33081]]]},"properties":{"osm_type":"way","osm_id":739778723,"country":"PT","name":null,"operator":null,"wikidata":null,"wikipedia":null}},{"type":"Feature","geometry":{"type":"LineString","coordinates":[[-7.66493,40.38352],[-7.66509,40.38354]]},"properties":{"osm_type":"way","osm_id":740923310,"country":"PT","name":null,"operator":null,"wikidata":null,"wikipedia":null}},{"type":"Feature","geometry":{"type":"LineString","coordinates":[[-7.28885,39.11796],[-7.2867,39.11789],[-7.28675,39.11742]]},"properties":{"osm_type":"way","osm_id":745050045,"country":"PT","name":null,"operator":null,"wikidata":null,"wikipedia":null}},{"type":"Feature","geometry":{"type":"LineString","coordinates":[[-7.51797,37.97271],[-7.51651,37.97113]]},"properties":{"osm_type":"way","osm_id":747003526,"country":"PT","name":null,"operator":null,"wikidata":null,"wikipedia":null}},{"type":"Feature","geometry":{"type":"LineString","coordinates":[[-7.50241,37.9689],[-7.50096,37.9681]]},"properties":{"osm_type":"way","osm_id":747003530,"country":"PT","name":null,"operator":null,"wikidata":null,"wikipedia":null}},{"type":"Feature","geometry":{"type":"LineString","coordinates":[[-7.9463,38.74135],[-7.94448,38.74148],[-7.94237,38.74027],[-7.93798,38.74011],[-7.9372,38.73913],[-7.93354,38.7379],[-7.93124,38.73469],[-7.92958,38.73428],[-7.92811,38.73303],[-7.92518,38.73246],[-7.92319,38.72968],[-7.9207,38.72939]]},"properties":{"osm_type":"way","osm_id":747480813,"country":"PT","name":null,"operator":null,"wikidata":null,"wikipedia":null}},{"type":"Feature","geometry":{"type":"LineString","coordinates":[[-7.76336,38.07739],[-7.76284,38.07893],[-7.76368,38.0809]]},"properties":{"osm_type":"way","osm_id":748949938,"country":"PT","name":null,"operator":null,"wikidata":null,"wikipedia":null}},{"type":"Feature","geometry":{"type":"LineString","coordinates":[[-7.76344,38.07736],[-7.76336,38.07739]]},"properties":{"osm_type":"way","osm_id":748949939,"country":"PT","name":null,"operator":null,"wikidata":null,"wikipedia":null}},{"type":"Feature","geometry":{"type":"LineString","coordinates":[[-8.76059,37.89768],[-8.76212,37.89734],[-8.76583,37.89973]]},"properties":{"osm_type":"way","osm_id":750018678,"country":"PT","name":"Descarregador de cheias","operator":null,"wikidata":null,"wikipedia":null}},{"type":"Feature","geometry":{"type":"LineString","coordinates":[[-7.94919,37.55996],[-7.95191,37.55963]]},"properties":{"osm_type":"way","osm_id":754640007,"country":"PT","name":"Descarregador de cheias","operator":null,"wikidata":null,"wikipedia":null}},{"type":"Feature","geometry":{"type":"LineString","coordinates":[[-7.511,37.55044],[-7.50857,37.54945],[-7.50728,37.54974],[-7.50415,37.54853],[-7.50369,37.54777],[-7.50247,37.54811],[-7.50189,37.54711],[-7.49978,37.54656]]},"properties":{"osm_type":"way","osm_id":759142870,"country":"PT","name":"Canal del Granado","operator":null,"wikidata":null,"wikipedia":null}},{"type":"Feature","geometry":{"type":"LineString","coordinates":[[-7.51179,37.55103],[-7.511,37.55044]]},"properties":{"osm_type":"way","osm_id":759142871,"country":"PT","name":"Canal del Granado","operator":null,"wikidata":null,"wikipedia":null}},{"type":"Feature","geometry":{"type":"LineString","coordinates":[[-7.52191,37.55538],[-7.51907,37.55443]]},"properties":{"osm_type":"way","osm_id":759142872,"country":"PT","name":"Canal del Granado","operator":null,"wikidata":null,"wikipedia":null}},{"type":"Feature","geometry":{"type":"LineString","coordinates":[[-7.51814,37.5541],[-7.5138,37.55207]]},"properties":{"osm_type":"way","osm_id":759142874,"country":"PT","name":"Canal del Granado","operator":null,"wikidata":null,"wikipedia":null}},{"type":"Feature","geometry":{"type":"LineString","coordinates":[[-7.51032,37.6551],[-7.51046,37.65461]]},"properties":{"osm_type":"way","osm_id":760178525,"country":"PT","name":null,"operator":null,"wikidata":null,"wikipedia":null}},{"type":"Feature","geometry":{"type":"LineString","coordinates":[[-7.51054,37.65154],[-7.51103,37.65044],[-7.51227,37.64976]]},"properties":{"osm_type":"way","osm_id":760178533,"country":"PT","name":null,"operator":null,"wikidata":null,"wikipedia":null}},{"type":"Feature","geometry":{"type":"LineString","coordinates":[[-7.51374,37.66671],[-7.51357,37.66867],[-7.51123,37.66798],[-7.51053,37.66843],[-7.50936,37.66828],[-7.50849,37.66888]]},"properties":{"osm_type":"way","osm_id":760183754,"country":"PT","name":null,"operator":null,"wikidata":null,"wikipedia":null}},{"type":"Feature","geometry":{"type":"LineString","coordinates":[[-7.51335,37.66652],[-7.51118,37.66589],[-7.51211,37.66549],[-7.51243,37.66451],[-7.51321,37.66416],[-7.51256,37.6639],[-7.51088,37.6645],[-7.50917,37.66419],[-7.5074,37.66259],[-7.5081,37.66088],[-7.50999,37.66145],[-7.512,37.66119]]},"properties":{"osm_type":"way","osm_id":760183755,"country":"PT","name":null,"operator":null,"wikidata":null,"wikipedia":null}},{"type":"Feature","geometry":{"type":"LineString","coordinates":[[-7.51359,37.6666],[-7.51392,37.66667]]},"properties":{"osm_type":"way","osm_id":760183756,"country":"PT","name":null,"operator":null,"wikidata":null,"wikipedia":null}},{"type":"Feature","geometry":{"type":"LineString","coordinates":[[-7.51342,37.66654],[-7.51335,37.66652]]},"properties":{"osm_type":"way","osm_id":760437320,"country":"PT","name":null,"operator":null,"wikidata":null,"wikipedia":null}},{"type":"Feature","geometry":{"type":"LineString","coordinates":[[-7.51359,37.6666],[-7.51349,37.66657]]},"properties":{"osm_type":"way","osm_id":760437321,"country":"PT","name":null,"operator":null,"wikidata":null,"wikipedia":null}},{"type":"Feature","geometry":{"type":"LineString","coordinates":[[-7.51349,37.66657],[-7.51342,37.66654]]},"properties":{"osm_type":"way","osm_id":760437322,"country":"PT","name":null,"operator":null,"wikidata":null,"wikipedia":null}},{"type":"Feature","geometry":{"type":"LineString","coordinates":[[-8.31296,37.91503],[-8.31263,37.91513]]},"properties":{"osm_type":"way","osm_id":761592361,"country":"PT","name":null,"operator":null,"wikidata":null,"wikipedia":null}},{"type":"Feature","geometry":{"type":"LineString","coordinates":[[-8.10849,38.97044],[-8.1116,38.97106]]},"properties":{"osm_type":"way","osm_id":761987823,"country":"PT","name":null,"operator":null,"wikidata":null,"wikipedia":null}},{"type":"Feature","geometry":{"type":"LineString","coordinates":[[-8.11857,38.97581],[-8.11851,38.97591]]},"properties":{"osm_type":"way","osm_id":761987830,"country":"PT","name":null,"operator":null,"wikidata":null,"wikipedia":null}},{"type":"Feature","geometry":{"type":"LineString","coordinates":[[-8.11667,38.97502],[-8.11853,38.97592]]},"properties":{"osm_type":"way","osm_id":761987838,"country":"PT","name":null,"operator":null,"wikidata":null,"wikipedia":null}},{"type":"Feature","geometry":{"type":"LineString","coordinates":[[-8.11164,38.97109],[-8.11489,38.97259],[-8.11621,38.97368],[-8.11665,38.97498]]},"properties":{"osm_type":"way","osm_id":761987846,"country":"PT","name":null,"operator":null,"wikidata":null,"wikipedia":null}},{"type":"Feature","geometry":{"type":"LineString","coordinates":[[-8.10575,38.96576],[-8.10572,38.96404],[-8.10657,38.96222],[-8.10576,38.95986],[-8.107,38.95893]]},"properties":{"osm_type":"way","osm_id":762011085,"country":"PT","name":null,"operator":null,"wikidata":null,"wikipedia":null}},{"type":"Feature","geometry":{"type":"LineString","coordinates":[[-8.00204,39.01599],[-8.00324,39.01594]]},"properties":{"osm_type":"way","osm_id":762667491,"country":"PT","name":null,"operator":null,"wikidata":null,"wikipedia":null}},{"type":"Feature","geometry":{"type":"LineString","coordinates":[[-8.00584,39.01591],[-8.00364,39.01547],[-8.00325,39.01593]]},"properties":{"osm_type":"way","osm_id":762667493,"country":"PT","name":null,"operator":null,"wikidata":null,"wikipedia":null}},{"type":"Feature","geometry":{"type":"LineString","coordinates":[[-8.00615,39.01595],[-8.00776,39.01532],[-8.01025,39.01511]]},"properties":{"osm_type":"way","osm_id":762667494,"country":"PT","name":null,"operator":null,"wikidata":null,"wikipedia":null}},{"type":"Feature","geometry":{"type":"LineString","coordinates":[[-8.00584,39.01591],[-8.00615,39.01595]]},"properties":{"osm_type":"way","osm_id":762667498,"country":"PT","name":null,"operator":null,"wikidata":null,"wikipedia":null}},{"type":"Feature","geometry":{"type":"LineString","coordinates":[[-8.01025,39.01511],[-8.01215,39.01426]]},"properties":{"osm_type":"way","osm_id":762667501,"country":"PT","name":null,"operator":null,"wikidata":null,"wikipedia":null}},{"type":"Feature","geometry":{"type":"LineString","coordinates":[[-7.98908,39.01228],[-7.99884,39.01565],[-8.00012,39.01524],[-8.00204,39.01599]]},"properties":{"osm_type":"way","osm_id":762667504,"country":"PT","name":null,"operator":null,"wikidata":null,"wikipedia":null}},{"type":"Feature","geometry":{"type":"LineString","coordinates":[[-8.1116,38.97106],[-8.11164,38.97109]]},"properties":{"osm_type":"way","osm_id":767328461,"country":"PT","name":null,"operator":null,"wikidata":null,"wikipedia":null}},{"type":"Feature","geometry":{"type":"LineString","coordinates":[[-8.11665,38.97498],[-8.11667,38.97502]]},"properties":{"osm_type":"way","osm_id":767328462,"country":"PT","name":null,"operator":null,"wikidata":null,"wikipedia":null}},{"type":"Feature","geometry":{"type":"LineString","coordinates":[[-7.73031,41.57474],[-7.73018,41.57381],[-7.73151,41.57298]]},"properties":{"osm_type":"way","osm_id":767843095,"country":"PT","name":"Túnel de desvio provisório / Descarregador auxiliar","operator":null,"wikidata":null,"wikipedia":null}},{"type":"Feature","geometry":{"type":"LineString","coordinates":[[-7.85544,40.08964],[-7.85287,40.0882]]},"properties":{"osm_type":"way","osm_id":770933724,"country":"PT","name":null,"operator":null,"wikidata":null,"wikipedia":null}},{"type":"Feature","geometry":{"type":"LineString","coordinates":[[-8.49566,37.20326],[-8.49727,37.20326],[-8.4984,37.20418]]},"properties":{"osm_type":"way","osm_id":772799665,"country":"PT","name":null,"operator":null,"wikidata":null,"wikipedia":null}},{"type":"Feature","geometry":{"type":"LineString","coordinates":[[-8.49288,37.20184],[-8.49566,37.20326]]},"properties":{"osm_type":"way","osm_id":772799666,"country":"PT","name":null,"operator":null,"wikidata":null,"wikipedia":null}},{"type":"Feature","geometry":{"type":"LineString","coordinates":[[-8.49343,37.20034],[-8.49276,37.20082],[-8.49288,37.20184]]},"properties":{"osm_type":"way","osm_id":772799667,"country":"PT","name":null,"operator":null,"wikidata":null,"wikipedia":null}},{"type":"Feature","geometry":{"type":"LineString","coordinates":[[-8.49416,37.19841],[-8.49343,37.20034]]},"properties":{"osm_type":"way","osm_id":772799668,"country":"PT","name":null,"operator":null,"wikidata":null,"wikipedia":null}},{"type":"Feature","geometry":{"type":"LineString","coordinates":[[-8.49497,37.19698],[-8.49468,37.19727]]},"properties":{"osm_type":"way","osm_id":772799669,"country":"PT","name":null,"operator":null,"wikidata":null,"wikipedia":null}},{"type":"Feature","geometry":{"type":"LineString","coordinates":[[-8.49513,37.19666],[-8.49497,37.19698]]},"properties":{"osm_type":"way","osm_id":772799670,"country":"PT","name":null,"operator":null,"wikidata":null,"wikipedia":null}},{"type":"Feature","geometry":{"type":"LineString","coordinates":[[-8.49468,37.19727],[-8.49416,37.19841]]},"properties":{"osm_type":"way","osm_id":772799671,"country":"PT","name":null,"operator":null,"wikidata":null,"wikipedia":null}},{"type":"Feature","geometry":{"type":"LineString","coordinates":[[-8.49509,37.19613],[-8.49513,37.19666]]},"properties":{"osm_type":"way","osm_id":772799672,"country":"PT","name":null,"operator":null,"wikidata":null,"wikipedia":null}},{"type":"Feature","geometry":{"type":"LineString","coordinates":[[-8.49104,37.19187],[-8.49165,37.19244]]},"properties":{"osm_type":"way","osm_id":772799676,"country":"PT","name":null,"operator":null,"wikidata":null,"wikipedia":null}},{"type":"Feature","geometry":{"type":"LineString","coordinates":[[-8.49165,37.19244],[-8.4925,37.19321],[-8.49309,37.19308],[-8.49314,37.19369],[-8.4937,37.19299],[-8.49402,37.19313],[-8.49442,37.1936],[-8.49404,37.19414],[-8.4948,37.19408],[-8.49529,37.19488],[-8.49478,37.19511],[-8.49554,37.19573],[-8.49509,37.19613]]},"properties":{"osm_type":"way","osm_id":772799677,"country":"PT","name":null,"operator":null,"wikidata":null,"wikipedia":null}},{"type":"Feature","geometry":{"type":"LineString","coordinates":[[-8.48953,37.19047],[-8.48983,37.19078]]},"properties":{"osm_type":"way","osm_id":772799678,"country":"PT","name":null,"operator":null,"wikidata":null,"wikipedia":null}},{"type":"Feature","geometry":{"type":"LineString","coordinates":[[-8.48942,37.19036],[-8.48953,37.19047]]},"properties":{"osm_type":"way","osm_id":772799679,"country":"PT","name":null,"operator":null,"wikidata":null,"wikipedia":null}},{"type":"Feature","geometry":{"type":"LineString","coordinates":[[-8.48868,37.18964],[-8.48942,37.19036]]},"properties":{"osm_type":"way","osm_id":772799680,"country":"PT","name":null,"operator":null,"wikidata":null,"wikipedia":null}},{"type":"Feature","geometry":{"type":"LineString","coordinates":[[-8.48864,37.18841],[-8.4882,37.1891],[-8.48868,37.18964]]},"properties":{"osm_type":"way","osm_id":772799681,"country":"PT","name":null,"operator":null,"wikidata":null,"wikipedia":null}},{"type":"Feature","geometry":{"type":"LineString","coordinates":[[-8.48983,37.19078],[-8.49104,37.19187]]},"properties":{"osm_type":"way","osm_id":772799682,"country":"PT","name":null,"operator":null,"wikidata":null,"wikipedia":null}},{"type":"Feature","geometry":{"type":"LineString","coordinates":[[-8.48824,37.18757],[-8.48864,37.18841]]},"properties":{"osm_type":"way","osm_id":772799683,"country":"PT","name":null,"operator":null,"wikidata":null,"wikipedia":null}},{"type":"Feature","geometry":{"type":"Polygon","coordinates":[[[-8.43926,37.51019],[-8.43931,37.50957],[-8.43937,37.51019],[-8.43926,37.51019]]]},"properties":{"osm_type":"way","osm_id":773648748,"country":"PT","name":null,"operator":null,"wikidata":null,"wikipedia":null}},{"type":"Feature","geometry":{"type":"LineString","coordinates":[[-8.0948,37.9301],[-8.09568,37.93037]]},"properties":{"osm_type":"way","osm_id":780302980,"country":"PT","name":null,"operator":null,"wikidata":null,"wikipedia":null}},{"type":"Feature","geometry":{"type":"LineString","coordinates":[[-8.09568,37.93037],[-8.09755,37.93069],[-8.09873,37.9303],[-8.09889,37.92871],[-8.10178,37.92834],[-8.10609,37.93047],[-8.10819,37.93077],[-8.108,37.93176],[-8.10888,37.93259]]},"properties":{"osm_type":"way","osm_id":780303015,"country":"PT","name":null,"operator":null,"wikidata":null,"wikipedia":null}},{"type":"Feature","geometry":{"type":"LineString","coordinates":[[-7.68835,40.37912],[-7.69071,40.38286],[-7.69079,40.38345],[-7.68999,40.38372],[-7.69062,40.38441]]},"properties":{"osm_type":"way","osm_id":783925360,"country":"PT","name":null,"operator":null,"wikidata":null,"wikipedia":null}},{"type":"Feature","geometry":{"type":"LineString","coordinates":[[-7.69553,40.39059],[-7.69305,40.39102],[-7.69069,40.39214]]},"properties":{"osm_type":"way","osm_id":783925361,"country":"PT","name":null,"operator":null,"wikidata":null,"wikipedia":null}},{"type":"Feature","geometry":{"type":"LineString","coordinates":[[-8.11959,38.18461],[-8.12103,38.18578],[-8.12546,38.18478],[-8.12694,38.18601],[-8.12992,38.18527],[-8.13563,38.18772],[-8.13943,38.18807],[-8.14155,38.18952],[-8.14264,38.18959],[-8.14831,38.18989],[-8.14921,38.18846],[-8.15616,38.18706]]},"properties":{"osm_type":"way","osm_id":788046562,"country":"PT","name":"Canal do Sado","operator":null,"wikidata":null,"wikipedia":null}},{"type":"Feature","geometry":{"type":"LineString","coordinates":[[-7.37592,41.15913],[-7.37674,41.16057]]},"properties":{"osm_type":"way","osm_id":793523019,"country":"PT","name":"Rio Douro","operator":null,"wikidata":null,"wikipedia":null}},{"type":"Feature","geometry":{"type":"LineString","coordinates":[[-7.37643,41.16143],[-7.37596,41.16252],[-7.37437,41.16384]]},"properties":{"osm_type":"way","osm_id":793523020,"country":"PT","name":"Rio Douro","operator":null,"wikidata":null,"wikipedia":null}},{"type":"Feature","geometry":{"type":"LineString","coordinates":[[-8.48689,41.07096],[-8.48831,41.0706],[-8.49151,41.07154]]},"properties":{"osm_type":"way","osm_id":793523025,"country":"PT","name":"Rio Douro","operator":null,"wikidata":null,"wikipedia":null}},{"type":"Feature","geometry":{"type":"LineString","coordinates":[[-8.48562,41.07128],[-8.48689,41.07096]]},"properties":{"osm_type":"way","osm_id":793523026,"country":"PT","name":"Rio Douro","operator":null,"wikidata":null,"wikipedia":null}},{"type":"Feature","geometry":{"type":"LineString","coordinates":[[-8.48307,41.07398],[-8.48462,41.07156],[-8.48562,41.07128]]},"properties":{"osm_type":"way","osm_id":793523027,"country":"PT","name":"Rio Douro","operator":null,"wikidata":null,"wikipedia":null}},{"type":"Feature","geometry":{"type":"LineString","coordinates":[[-8.08586,38.04421],[-8.08586,38.04424]]},"properties":{"osm_type":"way","osm_id":795926158,"country":"PT","name":null,"operator":null,"wikidata":null,"wikipedia":null}},{"type":"Feature","geometry":{"type":"LineString","coordinates":[[-8.08586,38.04424],[-8.08585,38.04434]]},"properties":{"osm_type":"way","osm_id":795926159,"country":"PT","name":null,"operator":null,"wikidata":null,"wikipedia":null}},{"type":"Feature","geometry":{"type":"LineString","coordinates":[[-8.31999,40.74285],[-8.32007,40.74283]]},"properties":{"osm_type":"way","osm_id":804670674,"country":"PT","name":"Descarregador de cheias","operator":null,"wikidata":null,"wikipedia":null}},{"type":"Feature","geometry":{"type":"LineString","coordinates":[[-9.06554,38.88182],[-9.06643,38.8798],[-9.06502,38.87791],[-9.06549,38.87722],[-9.07137,38.87507],[-9.0715,38.87467],[-9.073,38.87429],[-9.07813,38.8714],[-9.08916,38.86847],[-9.0941,38.86661],[-9.09649,38.86509],[-9.09805,38.86307],[-9.09967,38.85831],[-9.10712,38.85594],[-9.10867,38.85238],[-9.11062,38.85084],[-9.1117,38.847],[-9.11525,38.8444],[-9.11671,38.84278],[-9.11695,38.84043],[-9.11835,38.83932],[-9.12938,38.83729],[-9.13288,38.8357],[-9.14181,38.8302],[-9.14552,38.8262],[-9.14706,38.82211],[-9.14667,38.82028],[-9.14715,38.81638],[-9.14925,38.81271],[-9.15444,38.80019],[-9.15623,38.79819],[-9.15951,38.79568],[-9.16463,38.79407],[-9.16724,38.79279],[-9.17763,38.784],[-9.18502,38.78246],[-9.19002,38.77943],[-9.19196,38.78],[-9.19514,38.77757],[-9.19734,38.77421],[-9.20501,38.77087],[-9.21053,38.77204],[-9.21257,38.77209],[-9.21384,38.77339],[-9.21596,38.77256],[-9.22564,38.77519]]},"properties":{"osm_type":"way","osm_id":812997681,"country":"PT","name":"Adutor de Circunvalação","operator":"Empresa Portuguesa de Águas Livres","wikidata":null,"wikipedia":null}},{"type":"Feature","geometry":{"type":"LineString","coordinates":[[-8.18555,41.58435],[-8.18573,41.58308]]},"properties":{"osm_type":"way","osm_id":827073326,"country":"PT","name":"Aqueduto dos Caleiros","operator":null,"wikidata":null,"wikipedia":null}},{"type":"Feature","geometry":{"type":"LineString","coordinates":[[-6.9799,41.86212],[-6.97807,41.86142],[-6.97789,41.86022],[-6.97637,41.85919],[-6.97216,41.85866],[-6.96856,41.85957]]},"properties":{"osm_type":"way","osm_id":839336325,"country":"PT","name":null,"operator":null,"wikidata":null,"wikipedia":null}},{"type":"Feature","geometry":{"type":"LineString","coordinates":[[-6.97994,41.86217],[-6.9799,41.86212]]},"properties":{"osm_type":"way","osm_id":839336326,"country":"PT","name":null,"operator":null,"wikidata":null,"wikipedia":null}},{"type":"Feature","geometry":{"type":"LineString","coordinates":[[-7.62819,40.35616],[-7.62813,40.35701]]},"properties":{"osm_type":"way","osm_id":845053980,"country":"PT","name":null,"operator":null,"wikidata":null,"wikipedia":null}},{"type":"Feature","geometry":{"type":"LineString","coordinates":[[-7.62963,40.33499],[-7.62819,40.35616]]},"properties":{"osm_type":"way","osm_id":845053981,"country":"PT","name":null,"operator":null,"wikidata":null,"wikipedia":null}},{"type":"Feature","geometry":{"type":"LineString","coordinates":[[-8.40504,39.64277],[-8.40071,39.64421],[-8.3997,39.64297]]},"properties":{"osm_type":"way","osm_id":849600289,"country":"PT","name":null,"operator":null,"wikidata":null,"wikipedia":null}},{"type":"Feature","geometry":{"type":"LineString","coordinates":[[-8.4881,39.67486],[-8.48744,39.67635],[-8.48522,39.67726],[-8.48159,39.67715]]},"properties":{"osm_type":"way","osm_id":850042350,"country":"PT","name":null,"operator":null,"wikidata":null,"wikipedia":null}},{"type":"Feature","geometry":{"type":"LineString","coordinates":[[-7.08229,40.82115],[-7.08306,40.82405]]},"properties":{"osm_type":"way","osm_id":851252271,"country":"PT","name":null,"operator":null,"wikidata":null,"wikipedia":null}},{"type":"Feature","geometry":{"type":"LineString","coordinates":[[-8.43826,39.60794],[-8.43638,39.60719]]},"properties":{"osm_type":"way","osm_id":853550677,"country":"PT","name":"Aqueduto do Convento de Cristo","operator":null,"wikidata":null,"wikipedia":null}},{"type":"Feature","geometry":{"type":"LineString","coordinates":[[-7.88036,38.16741],[-7.88048,38.16784],[-7.87771,38.16942],[-7.87693,38.17053]]},"properties":{"osm_type":"way","osm_id":858741154,"country":"PT","name":"Adutor Cuba - Vidigueira Adução DE","operator":null,"wikidata":null,"wikipedia":null}},{"type":"Feature","geometry":{"type":"LineString","coordinates":[[-8.07657,41.10423],[-8.07975,41.10245],[-8.08119,41.09966],[-8.08249,41.0989]]},"properties":{"osm_type":"way","osm_id":879308463,"country":"PT","name":null,"operator":null,"wikidata":null,"wikipedia":null}},{"type":"Feature","geometry":{"type":"LineString","coordinates":[[-8.56709,37.33326],[-8.56723,37.33334]]},"properties":{"osm_type":"way","osm_id":887221894,"country":"PT","name":null,"operator":null,"wikidata":null,"wikipedia":null}},{"type":"Feature","geometry":{"type":"LineString","coordinates":[[-8.56737,37.33295],[-8.56709,37.33326]]},"properties":{"osm_type":"way","osm_id":887221895,"country":"PT","name":null,"operator":null,"wikidata":null,"wikipedia":null}},{"type":"Feature","geometry":{"type":"LineString","coordinates":[[-8.02265,41.66912],[-8.02365,41.66903],[-8.02502,41.6697],[-8.02575,41.67166],[-8.02776,41.67328],[-8.02707,41.67593],[-8.0263,41.67641],[-8.02668,41.67846]]},"properties":{"osm_type":"way","osm_id":891728050,"country":"PT","name":null,"operator":null,"wikidata":null,"wikipedia":null}},{"type":"Feature","geometry":{"type":"LineString","coordinates":[[-8.02239,41.66909],[-8.02265,41.66912]]},"properties":{"osm_type":"way","osm_id":891728052,"country":"PT","name":null,"operator":null,"wikidata":null,"wikipedia":null}},{"type":"Feature","geometry":{"type":"LineString","coordinates":[[-8.02001,41.66908],[-8.02239,41.66909]]},"properties":{"osm_type":"way","osm_id":891728053,"country":"PT","name":null,"operator":null,"wikidata":null,"wikipedia":null}},{"type":"Feature","geometry":{"type":"LineString","coordinates":[[-8.21879,39.85339],[-8.21886,39.85341]]},"properties":{"osm_type":"way","osm_id":899061277,"country":"PT","name":"Descarregador de cheias","operator":null,"wikidata":null,"wikipedia":null}},{"type":"Feature","geometry":{"type":"LineString","coordinates":[[-7.97517,39.01684],[-7.97729,39.01568]]},"properties":{"osm_type":"way","osm_id":905145962,"country":"PT","name":"Túnel de descarga de fundo","operator":null,"wikidata":null,"wikipedia":null}},{"type":"Feature","geometry":{"type":"LineString","coordinates":[[-7.7743,38.08836],[-7.77447,38.0865]]},"properties":{"osm_type":"way","osm_id":905443437,"country":"PT","name":null,"operator":null,"wikidata":null,"wikipedia":null}},{"type":"Feature","geometry":{"type":"LineString","coordinates":[[-7.84265,40.7544],[-7.84341,40.75382]]},"properties":{"osm_type":"way","osm_id":908213692,"country":"PT","name":null,"operator":null,"wikidata":null,"wikipedia":null}},{"type":"Feature","geometry":{"type":"LineString","coordinates":[[-7.74832,41.27527],[-7.74913,41.27253]]},"properties":{"osm_type":"way","osm_id":908249764,"country":"PT","name":null,"operator":null,"wikidata":null,"wikipedia":null}},{"type":"Feature","geometry":{"type":"LineString","coordinates":[[-7.67195,41.05791],[-7.67237,41.0588]]},"properties":{"osm_type":"way","osm_id":910777281,"country":"PT","name":"Descarga de fundo","operator":null,"wikidata":null,"wikipedia":null}},{"type":"Feature","geometry":{"type":"LineString","coordinates":[[-6.18688,41.57496],[-6.18785,41.57436],[-6.19044,41.57407]]},"properties":{"osm_type":"way","osm_id":921401383,"country":"PT","name":null,"operator":null,"wikidata":null,"wikipedia":null}},{"type":"Feature","geometry":{"type":"LineString","coordinates":[[-6.80181,41.04726],[-6.80063,41.04096],[-6.8019,41.03582],[-6.80504,41.03415]]},"properties":{"osm_type":"way","osm_id":921401384,"country":"PT","name":null,"operator":null,"wikidata":null,"wikipedia":null}},{"type":"Feature","geometry":{"type":"LineString","coordinates":[[-6.68514,41.2108],[-6.68811,41.20363]]},"properties":{"osm_type":"way","osm_id":921401385,"country":"PT","name":null,"operator":null,"wikidata":null,"wikipedia":null}},{"type":"Feature","geometry":{"type":"LineString","coordinates":[[-7.73597,41.30515],[-7.7362,41.30535]]},"properties":{"osm_type":"way","osm_id":931682929,"country":"PT","name":null,"operator":"Águas do Interior Norte (AdIN)","wikidata":null,"wikipedia":null}},{"type":"Feature","geometry":{"type":"LineString","coordinates":[[-8.40673,39.62003],[-8.40744,39.61981]]},"properties":{"osm_type":"way","osm_id":931872089,"country":"PT","name":null,"operator":null,"wikidata":null,"wikipedia":null}},{"type":"Feature","geometry":{"type":"LineString","coordinates":[[-8.40744,39.61981],[-8.40749,39.6198]]},"properties":{"osm_type":"way","osm_id":931872090,"country":"PT","name":null,"operator":null,"wikidata":null,"wikipedia":null}},{"type":"Feature","geometry":{"type":"LineString","coordinates":[[-7.73382,41.30618],[-7.73399,41.30645]]},"properties":{"osm_type":"way","osm_id":932227550,"country":"PT","name":null,"operator":"Águas do Interior Norte (AdIN)","wikidata":null,"wikipedia":null}},{"type":"Feature","geometry":{"type":"LineString","coordinates":[[-7.7423,41.29652],[-7.74269,41.29638]]},"properties":{"osm_type":"way","osm_id":932227551,"country":"PT","name":null,"operator":"Águas do Interior Norte (AdIN)","wikidata":null,"wikipedia":null}},{"type":"Feature","geometry":{"type":"LineString","coordinates":[[-8.37311,40.83824],[-8.37431,40.83689],[-8.37603,40.83787],[-8.37912,40.83745]]},"properties":{"osm_type":"way","osm_id":938082097,"country":"PT","name":"Levada Nº 1","operator":null,"wikidata":null,"wikipedia":null}},{"type":"Feature","geometry":{"type":"LineString","coordinates":[[-8.36176,40.84826],[-8.36288,40.8477],[-8.36375,40.84831],[-8.36359,40.84915],[-8.36235,40.85019],[-8.36316,40.85138],[-8.36843,40.84964],[-8.37015,40.8477],[-8.37104,40.84758],[-8.3712,40.84831]]},"properties":{"osm_type":"way","osm_id":938082116,"country":"PT","name":"Levada Nº 2","operator":null,"wikidata":null,"wikipedia":null}},{"type":"Feature","geometry":{"type":"LineString","coordinates":[[-8.42203,39.60336],[-8.42136,39.60322]]},"properties":{"osm_type":"way","osm_id":945800278,"country":"PT","name":"Aqueduto do Convento de Cristo","operator":null,"wikidata":null,"wikipedia":null}},{"type":"Feature","geometry":{"type":"LineString","coordinates":[[-8.42313,39.60343],[-8.42246,39.60346]]},"properties":{"osm_type":"way","osm_id":945800279,"country":"PT","name":"Aqueduto do Convento de Cristo","operator":null,"wikidata":null,"wikipedia":null}},{"type":"Feature","geometry":{"type":"LineString","coordinates":[[-8.4149,39.60658],[-8.41361,39.60626]]},"properties":{"osm_type":"way","osm_id":946166080,"country":"PT","name":null,"operator":null,"wikidata":null,"wikipedia":null}},{"type":"Feature","geometry":{"type":"LineString","coordinates":[[-6.98187,41.8665],[-6.98212,41.86572]]},"properties":{"osm_type":"way","osm_id":949755290,"country":"PT","name":"Descarga de fundo","operator":null,"wikidata":null,"wikipedia":null}},{"type":"Feature","geometry":{"type":"LineString","coordinates":[[-8.42031,39.6032],[-8.41938,39.60337]]},"properties":{"osm_type":"way","osm_id":952158742,"country":"PT","name":"Aqueduto do Convento de Cristo","operator":null,"wikidata":null,"wikipedia":null}},{"type":"Feature","geometry":{"type":"LineString","coordinates":[[-8.42717,39.60325],[-8.42715,39.60323]]},"properties":{"osm_type":"way","osm_id":954312365,"country":"PT","name":null,"operator":null,"wikidata":null,"wikipedia":null}},{"type":"Feature","geometry":{"type":"LineString","coordinates":[[-8.42719,39.60328],[-8.42717,39.60325]]},"properties":{"osm_type":"way","osm_id":954312366,"country":"PT","name":"Aqueduto do Convento de Cristo","operator":null,"wikidata":null,"wikipedia":null}},{"type":"Feature","geometry":{"type":"LineString","coordinates":[[-8.42715,39.60323],[-8.42698,39.60324]]},"properties":{"osm_type":"way","osm_id":954312368,"country":"PT","name":"Aqueduto do Convento de Cristo","operator":null,"wikidata":null,"wikipedia":null}},{"type":"Feature","geometry":{"type":"LineString","coordinates":[[-8.42699,39.60301],[-8.42697,39.603]]},"properties":{"osm_type":"way","osm_id":954312370,"country":"PT","name":null,"operator":null,"wikidata":null,"wikipedia":null}},{"type":"Feature","geometry":{"type":"LineString","coordinates":[[-8.4272,39.60316],[-8.42699,39.60301]]},"properties":{"osm_type":"way","osm_id":954312371,"country":"PT","name":null,"operator":null,"wikidata":null,"wikipedia":null}},{"type":"Feature","geometry":{"type":"LineString","coordinates":[[-8.18525,38.95114],[-8.18607,38.952],[-8.18589,38.95241]]},"properties":{"osm_type":"way","osm_id":955322456,"country":"PT","name":null,"operator":null,"wikidata":null,"wikipedia":null}},{"type":"Feature","geometry":{"type":"LineString","coordinates":[[-8.18521,38.95108],[-8.18525,38.95114]]},"properties":{"osm_type":"way","osm_id":955322457,"country":"PT","name":null,"operator":null,"wikidata":null,"wikipedia":null}},{"type":"Feature","geometry":{"type":"LineString","coordinates":[[-8.18292,38.94751],[-8.18421,38.94855],[-8.18521,38.95108]]},"properties":{"osm_type":"way","osm_id":955322466,"country":"PT","name":null,"operator":null,"wikidata":null,"wikipedia":null}},{"type":"Feature","geometry":{"type":"LineString","coordinates":[[-8.13899,38.95581],[-8.13627,38.95628]]},"properties":{"osm_type":"way","osm_id":956203077,"country":"PT","name":null,"operator":null,"wikidata":null,"wikipedia":null}},{"type":"Feature","geometry":{"type":"LineString","coordinates":[[-8.14459,38.95432],[-8.14186,38.95562],[-8.14003,38.95575]]},"properties":{"osm_type":"way","osm_id":956203078,"country":"PT","name":null,"operator":null,"wikidata":null,"wikipedia":null}},{"type":"Feature","geometry":{"type":"LineString","coordinates":[[-8.14003,38.95575],[-8.13906,38.9558]]},"properties":{"osm_type":"way","osm_id":956203081,"country":"PT","name":null,"operator":null,"wikidata":null,"wikipedia":null}},{"type":"Feature","geometry":{"type":"LineString","coordinates":[[-8.13432,38.95662],[-8.13236,38.95704]]},"properties":{"osm_type":"way","osm_id":956203082,"country":"PT","name":null,"operator":null,"wikidata":null,"wikipedia":null}},{"type":"Feature","geometry":{"type":"LineString","coordinates":[[-8.13215,38.95697],[-8.13091,38.95691]]},"properties":{"osm_type":"way","osm_id":956203083,"country":"PT","name":null,"operator":null,"wikidata":null,"wikipedia":null}},{"type":"Feature","geometry":{"type":"LineString","coordinates":[[-8.13236,38.95704],[-8.13215,38.95697]]},"properties":{"osm_type":"way","osm_id":956203084,"country":"PT","name":null,"operator":null,"wikidata":null,"wikipedia":null}},{"type":"Feature","geometry":{"type":"LineString","coordinates":[[-8.13906,38.9558],[-8.13899,38.95581]]},"properties":{"osm_type":"way","osm_id":956203085,"country":"PT","name":null,"operator":null,"wikidata":null,"wikipedia":null}},{"type":"Feature","geometry":{"type":"LineString","coordinates":[[-8.13627,38.95628],[-8.13432,38.95662]]},"properties":{"osm_type":"way","osm_id":956620986,"country":"PT","name":null,"operator":null,"wikidata":null,"wikipedia":null}},{"type":"Feature","geometry":{"type":"LineString","coordinates":[[-8.39505,38.41756],[-8.39882,38.41522],[-8.40245,38.41484]]},"properties":{"osm_type":"way","osm_id":959607853,"country":"PT","name":null,"operator":null,"wikidata":null,"wikipedia":null}},{"type":"Feature","geometry":{"type":"LineString","coordinates":[[-8.42246,39.60346],[-8.42203,39.60336]]},"properties":{"osm_type":"way","osm_id":960066618,"country":"PT","name":"Aqueduto do Convento de Cristo","operator":null,"wikidata":null,"wikipedia":null}},{"type":"Feature","geometry":{"type":"LineString","coordinates":[[-7.86069,38.50308],[-7.86073,38.503]]},"properties":{"osm_type":"way","osm_id":965347566,"country":"PT","name":null,"operator":null,"wikidata":null,"wikipedia":null}},{"type":"Feature","geometry":{"type":"LineString","coordinates":[[-8.41938,39.60337],[-8.41978,39.60344]]},"properties":{"osm_type":"way","osm_id":969652885,"country":"PT","name":null,"operator":null,"wikidata":null,"wikipedia":null}},{"type":"Feature","geometry":{"type":"LineString","coordinates":[[-8.41938,39.60337],[-8.41983,39.60377]]},"properties":{"osm_type":"way","osm_id":969652886,"country":"PT","name":null,"operator":null,"wikidata":null,"wikipedia":null}},{"type":"Feature","geometry":{"type":"LineString","coordinates":[[-8.41955,39.60322],[-8.41954,39.60356]]},"properties":{"osm_type":"way","osm_id":969652889,"country":"PT","name":null,"operator":null,"wikidata":null,"wikipedia":null}},{"type":"Feature","geometry":{"type":"LineString","coordinates":[[-8.31892,39.54216],[-8.31952,39.54214]]},"properties":{"osm_type":"way","osm_id":978453213,"country":"PT","name":"Descarregador de cheias","operator":null,"wikidata":null,"wikipedia":null}},{"type":"Feature","geometry":{"type":"LineString","coordinates":[[-8.31847,39.54208],[-8.31892,39.54216]]},"properties":{"osm_type":"way","osm_id":978453214,"country":"PT","name":"Descarregador de cheias","operator":null,"wikidata":null,"wikipedia":null}},{"type":"Feature","geometry":{"type":"LineString","coordinates":[[-7.78817,38.29937],[-7.78794,38.30008]]},"properties":{"osm_type":"way","osm_id":986499384,"country":"PT","name":null,"operator":null,"wikidata":null,"wikipedia":null}},{"type":"Feature","geometry":{"type":"LineString","coordinates":[[-9.42206,38.76387],[-9.42175,38.76358]]},"properties":{"osm_type":"way","osm_id":992500418,"country":"PT","name":"Descarregador de cheias","operator":null,"wikidata":null,"wikipedia":null}},{"type":"Feature","geometry":{"type":"LineString","coordinates":[[-9.4221,38.76393],[-9.42206,38.76387]]},"properties":{"osm_type":"way","osm_id":992500419,"country":"PT","name":"Descarregador de cheias","operator":null,"wikidata":null,"wikipedia":null}},{"type":"Feature","geometry":{"type":"LineString","coordinates":[[-17.1473,32.74565],[-17.1491,32.74477]]},"properties":{"osm_type":"way","osm_id":993719894,"country":"PT","name":null,"operator":null,"wikidata":null,"wikipedia":null}},{"type":"Feature","geometry":{"type":"LineString","coordinates":[[-17.14899,32.74479],[-17.14947,32.74511]]},"properties":{"osm_type":"way","osm_id":993719895,"country":"PT","name":null,"operator":null,"wikidata":null,"wikipedia":null}},{"type":"Feature","geometry":{"type":"LineString","coordinates":[[-8.42715,39.60323],[-8.42718,39.60322]]},"properties":{"osm_type":"way","osm_id":1000247655,"country":"PT","name":null,"operator":null,"wikidata":null,"wikipedia":null}},{"type":"Feature","geometry":{"type":"LineString","coordinates":[[-7.77514,41.12039],[-7.77516,41.12052]]},"properties":{"osm_type":"way","osm_id":1002007829,"country":"PT","name":"Descarregador de cheias","operator":null,"wikidata":null,"wikipedia":null}},{"type":"Feature","geometry":{"type":"LineString","coordinates":[[-7.5135,37.55206],[-7.51345,37.55193]]},"properties":{"osm_type":"way","osm_id":1005809150,"country":"PT","name":null,"operator":null,"wikidata":null,"wikipedia":null}},{"type":"Feature","geometry":{"type":"LineString","coordinates":[[-7.51309,37.55194],[-7.51317,37.55182]]},"properties":{"osm_type":"way","osm_id":1005809151,"country":"PT","name":null,"operator":null,"wikidata":null,"wikipedia":null}},{"type":"Feature","geometry":{"type":"LineString","coordinates":[[-7.1161,38.88722],[-7.11621,38.88721]]},"properties":{"osm_type":"way","osm_id":1020093338,"country":"PT","name":null,"operator":null,"wikidata":null,"wikipedia":null}},{"type":"Feature","geometry":{"type":"LineString","coordinates":[[-7.71079,38.51223],[-7.71059,38.51197]]},"properties":{"osm_type":"way","osm_id":1025790605,"country":"PT","name":"Descarga de fundo","operator":null,"wikidata":null,"wikipedia":null}},{"type":"Feature","geometry":{"type":"LineString","coordinates":[[-8.06104,38.39426],[-8.06792,38.39488]]},"properties":{"osm_type":"way","osm_id":1030272720,"country":"PT","name":null,"operator":null,"wikidata":null,"wikipedia":null}},{"type":"Feature","geometry":{"type":"LineString","coordinates":[[-7.90378,38.17475],[-7.90464,38.17426]]},"properties":{"osm_type":"way","osm_id":1030276349,"country":"PT","name":"Adutor Alvito - Pisão","operator":null,"wikidata":null,"wikipedia":null}},{"type":"Feature","geometry":{"type":"LineString","coordinates":[[-7.92155,38.20902],[-7.92083,38.20809],[-7.92086,38.20506],[-7.91853,38.20378],[-7.91768,38.20226],[-7.91186,38.20042],[-7.91202,38.19765],[-7.9113,38.19576],[-7.90615,38.19426],[-7.90461,38.19164],[-7.90294,38.18837],[-7.90284,38.1862],[-7.90046,38.17854],[-7.90378,38.17475]]},"properties":{"osm_type":"way","osm_id":1030276350,"country":"PT","name":"Adutor Alvito - Pisão","operator":null,"wikidata":null,"wikipedia":null}},{"type":"Feature","geometry":{"type":"LineString","coordinates":[[-7.72852,38.48836],[-7.72847,38.4876]]},"properties":{"osm_type":"way","osm_id":1030439344,"country":"PT","name":null,"operator":null,"wikidata":null,"wikipedia":null}},{"type":"Feature","geometry":{"type":"LineString","coordinates":[[-7.72848,38.48779],[-7.72657,38.48826],[-7.72477,38.48795],[-7.72174,38.5012],[-7.72249,38.50406],[-7.72116,38.50669],[-7.71425,38.51223]]},"properties":{"osm_type":"way","osm_id":1030439345,"country":"PT","name":null,"operator":null,"wikidata":null,"wikipedia":null}},{"type":"Feature","geometry":{"type":"LineString","coordinates":[[-7.74389,41.29284],[-7.74419,41.293]]},"properties":{"osm_type":"way","osm_id":1031124105,"country":"PT","name":null,"operator":"Águas do Interior Norte (AdIN)","wikidata":null,"wikipedia":null}},{"type":"Feature","geometry":{"type":"LineString","coordinates":[[-7.99008,39.00817],[-7.98908,39.01228]]},"properties":{"osm_type":"way","osm_id":1034921230,"country":"PT","name":null,"operator":null,"wikidata":null,"wikipedia":null}},{"type":"Feature","geometry":{"type":"LineString","coordinates":[[-7.1026,38.87291],[-7.10169,38.87309]]},"properties":{"osm_type":"way","osm_id":1036194965,"country":"PT","name":null,"operator":null,"wikidata":null,"wikipedia":null}},{"type":"Feature","geometry":{"type":"LineString","coordinates":[[-7.10293,38.87316],[-7.1026,38.87291]]},"properties":{"osm_type":"way","osm_id":1036194966,"country":"PT","name":null,"operator":null,"wikidata":null,"wikipedia":null}},{"type":"Feature","geometry":{"type":"LineString","coordinates":[[-7.98472,41.67432],[-8.01123,41.67642],[-8.01769,41.67887],[-8.01968,41.68025]]},"properties":{"osm_type":"way","osm_id":1037899851,"country":"PT","name":"Túnel de carga da Central Hidroelétrica de Venda Nova III/Frades II","operator":null,"wikidata":null,"wikipedia":null}},{"type":"Feature","geometry":{"type":"LineString","coordinates":[[-7.98541,41.67506],[-8.00896,41.6788],[-8.01664,41.68316]]},"properties":{"osm_type":"way","osm_id":1037899854,"country":"PT","name":"Túnel de carga da Central Hidroelétrica de Venda Nova II/Frades I","operator":null,"wikidata":null,"wikipedia":null}},{"type":"Feature","geometry":{"type":"LineString","coordinates":[[-7.57558,38.33448],[-7.57565,38.3346]]},"properties":{"osm_type":"way","osm_id":1039577592,"country":"PT","name":null,"operator":null,"wikidata":null,"wikipedia":null}},{"type":"Feature","geometry":{"type":"LineString","coordinates":[[-7.57566,38.3346],[-7.57567,38.33459]]},"properties":{"osm_type":"way","osm_id":1039577593,"country":"PT","name":null,"operator":null,"wikidata":null,"wikipedia":null}},{"type":"Feature","geometry":{"type":"LineString","coordinates":[[-7.57564,38.33455],[-7.5756,38.33457]]},"properties":{"osm_type":"way","osm_id":1039577594,"country":"PT","name":null,"operator":null,"wikidata":null,"wikipedia":null}},{"type":"Feature","geometry":{"type":"LineString","coordinates":[[-8.70999,41.88054],[-8.71151,41.88035],[-8.72911,41.88349],[-8.75827,41.88588]]},"properties":{"osm_type":"way","osm_id":1050896295,"country":"PT","name":null,"operator":null,"wikidata":null,"wikipedia":null}},{"type":"Feature","geometry":{"type":"LineString","coordinates":[[-7.01848,40.80256],[-7.01624,40.80451],[-7.0166,40.80716],[-7.01819,40.80887],[-7.01962,40.80957],[-7.02261,40.80878],[-7.02452,40.81026],[-7.02609,40.8144],[-7.02717,40.81577]]},"properties":{"osm_type":"way","osm_id":1051175670,"country":"PT","name":null,"operator":null,"wikidata":null,"wikipedia":null}},{"type":"Feature","geometry":{"type":"LineString","coordinates":[[-7.08417,40.80749],[-7.08254,40.80657]]},"properties":{"osm_type":"way","osm_id":1051175675,"country":"PT","name":null,"operator":null,"wikidata":null,"wikipedia":null}},{"type":"Feature","geometry":{"type":"LineString","coordinates":[[-7.08417,40.80749],[-7.08229,40.82115]]},"properties":{"osm_type":"way","osm_id":1051175676,"country":"PT","name":null,"operator":null,"wikidata":null,"wikipedia":null}},{"type":"Feature","geometry":{"type":"LineString","coordinates":[[-7.08306,40.82405],[-7.08321,40.82447]]},"properties":{"osm_type":"way","osm_id":1051175677,"country":"PT","name":null,"operator":null,"wikidata":null,"wikipedia":null}},{"type":"Feature","geometry":{"type":"LineString","coordinates":[[-7.33523,40.54196],[-7.33592,40.54215]]},"properties":{"osm_type":"way","osm_id":1051201704,"country":"PT","name":null,"operator":null,"wikidata":null,"wikipedia":null}},{"type":"Feature","geometry":{"type":"LineString","coordinates":[[-7.77773,41.12335],[-7.7797,41.13358]]},"properties":{"osm_type":"way","osm_id":1051222395,"country":"PT","name":null,"operator":"EDP","wikidata":null,"wikipedia":null}},{"type":"Feature","geometry":{"type":"LineString","coordinates":[[-7.77651,41.12093],[-7.77597,41.12173],[-7.77773,41.12335]]},"properties":{"osm_type":"way","osm_id":1051222396,"country":"PT","name":null,"operator":"EDP","wikidata":null,"wikipedia":null}},{"type":"Feature","geometry":{"type":"LineString","coordinates":[[-7.77982,41.13668],[-7.77853,41.13869]]},"properties":{"osm_type":"way","osm_id":1051222397,"country":"PT","name":null,"operator":"EDP","wikidata":null,"wikipedia":null}},{"type":"Feature","geometry":{"type":"LineString","coordinates":[[-6.95479,41.82501],[-6.98331,41.81861]]},"properties":{"osm_type":"way","osm_id":1051431052,"country":"PT","name":null,"operator":null,"wikidata":null,"wikipedia":null}},{"type":"Feature","geometry":{"type":"LineString","coordinates":[[-7.11783,41.70653],[-7.11772,41.70644]]},"properties":{"osm_type":"way","osm_id":1051431056,"country":"PT","name":null,"operator":null,"wikidata":null,"wikipedia":null}},{"type":"Feature","geometry":{"type":"LineString","coordinates":[[-7.11783,41.70653],[-7.11778,41.7064]]},"properties":{"osm_type":"way","osm_id":1051431057,"country":"PT","name":null,"operator":null,"wikidata":null,"wikipedia":null}},{"type":"Feature","geometry":{"type":"LineString","coordinates":[[-7.11772,41.70644],[-7.11754,41.70626]]},"properties":{"osm_type":"way","osm_id":1051431058,"country":"PT","name":null,"operator":null,"wikidata":null,"wikipedia":null}},{"type":"Feature","geometry":{"type":"LineString","coordinates":[[-7.11778,41.7064],[-7.1177,41.7062]]},"properties":{"osm_type":"way","osm_id":1051431059,"country":"PT","name":null,"operator":null,"wikidata":null,"wikipedia":null}},{"type":"Feature","geometry":{"type":"LineString","coordinates":[[-7.11369,41.7131],[-7.11783,41.70653]]},"properties":{"osm_type":"way","osm_id":1051431062,"country":"PT","name":null,"operator":null,"wikidata":null,"wikipedia":null}},{"type":"Feature","geometry":{"type":"LineString","coordinates":[[-6.94563,41.83747],[-6.94581,41.83625],[-6.94299,41.83454],[-6.94263,41.83346]]},"properties":{"osm_type":"way","osm_id":1051431066,"country":"PT","name":null,"operator":null,"wikidata":null,"wikipedia":null}},{"type":"Feature","geometry":{"type":"LineString","coordinates":[[-6.80248,41.03541],[-6.80482,41.03393]]},"properties":{"osm_type":"way","osm_id":1054777756,"country":"PT","name":null,"operator":null,"wikidata":null,"wikipedia":null}},{"type":"Feature","geometry":{"type":"LineString","coordinates":[[-7.85674,40.09126],[-7.85544,40.08964]]},"properties":{"osm_type":"way","osm_id":1071655872,"country":"PT","name":null,"operator":null,"wikidata":null,"wikipedia":null}},{"type":"Feature","geometry":{"type":"LineString","coordinates":[[-8.36297,40.84725],[-8.36455,40.84847],[-8.3641,40.84932]]},"properties":{"osm_type":"way","osm_id":1077441636,"country":"PT","name":"Levada","operator":null,"wikidata":null,"wikipedia":null}},{"type":"Feature","geometry":{"type":"LineString","coordinates":[[-17.03372,32.77541],[-17.03374,32.77567]]},"properties":{"osm_type":"way","osm_id":1079027750,"country":"PT","name":"Levada do Poio","operator":null,"wikidata":null,"wikipedia":null}},{"type":"Feature","geometry":{"type":"LineString","coordinates":[[-8.38797,40.84946],[-8.38779,40.85018],[-8.38847,40.85089],[-8.38745,40.85178],[-8.38715,40.85514],[-8.38596,40.85559],[-8.386,40.85623],[-8.38486,40.85589],[-8.38422,40.85414]]},"properties":{"osm_type":"way","osm_id":1082869014,"country":"PT","name":"Levada Nº 2","operator":null,"wikidata":null,"wikipedia":null}},{"type":"Feature","geometry":{"type":"LineString","coordinates":[[-8.34434,40.84862],[-8.34506,40.84813],[-8.34631,40.84809],[-8.35299,40.84902]]},"properties":{"osm_type":"way","osm_id":1082892830,"country":"PT","name":"Levada de Santa Cruz","operator":null,"wikidata":null,"wikipedia":null}},{"type":"Feature","geometry":{"type":"LineString","coordinates":[[-8.31328,40.80775],[-8.31197,40.80672],[-8.31094,40.80709],[-8.31056,40.80652],[-8.30818,40.80564],[-8.30706,40.80576],[-8.3043,40.80498],[-8.30303,40.80525],[-8.30259,40.80371],[-8.30147,40.80261]]},"properties":{"osm_type":"way","osm_id":1086449143,"country":"PT","name":null,"operator":null,"wikidata":null,"wikipedia":null}},{"type":"Feature","geometry":{"type":"LineString","coordinates":[[-8.29884,40.80325],[-8.29877,40.80337]]},"properties":{"osm_type":"way","osm_id":1086449146,"country":"PT","name":null,"operator":null,"wikidata":null,"wikipedia":null}},{"type":"Feature","geometry":{"type":"LineString","coordinates":[[-8.29906,40.80292],[-8.29889,40.80313]]},"properties":{"osm_type":"way","osm_id":1086449147,"country":"PT","name":null,"operator":null,"wikidata":null,"wikipedia":null}},{"type":"Feature","geometry":{"type":"LineString","coordinates":[[-8.29889,40.80313],[-8.29884,40.80325]]},"properties":{"osm_type":"way","osm_id":1086449148,"country":"PT","name":null,"operator":null,"wikidata":null,"wikipedia":null}},{"type":"Feature","geometry":{"type":"LineString","coordinates":[[-8.29877,40.80337],[-8.29831,40.80369],[-8.2959,40.80317],[-8.29551,40.8025],[-8.29462,40.80236],[-8.295,40.80128]]},"properties":{"osm_type":"way","osm_id":1086449149,"country":"PT","name":null,"operator":null,"wikidata":null,"wikipedia":null}},{"type":"Feature","geometry":{"type":"LineString","coordinates":[[-8.22199,41.85178],[-8.22176,41.85277]]},"properties":{"osm_type":"way","osm_id":1091017534,"country":"PT","name":null,"operator":null,"wikidata":null,"wikipedia":null}},{"type":"Feature","geometry":{"type":"LineString","coordinates":[[-8.28459,40.77511],[-8.28583,40.77328],[-8.28657,40.77336],[-8.28692,40.77296],[-8.2867,40.77229],[-8.28893,40.77103],[-8.28822,40.77028]]},"properties":{"osm_type":"way","osm_id":1095467325,"country":"PT","name":"Levada de Parada","operator":null,"wikidata":null,"wikipedia":null}},{"type":"Feature","geometry":{"type":"LineString","coordinates":[[-8.29112,40.76452],[-8.29165,40.76315],[-8.29146,40.76171],[-8.29037,40.76096]]},"properties":{"osm_type":"way","osm_id":1095467326,"country":"PT","name":"Levada de Parada","operator":null,"wikidata":null,"wikipedia":null}},{"type":"Feature","geometry":{"type":"LineString","coordinates":[[-9.13678,38.80061],[-9.13652,38.79983],[-9.13528,38.79945],[-9.13147,38.80081],[-9.12504,38.79929],[-9.12086,38.79636],[-9.12158,38.79469]]},"properties":{"osm_type":"way","osm_id":1103899762,"country":"PT","name":null,"operator":null,"wikidata":null,"wikipedia":null}},{"type":"Feature","geometry":{"type":"LineString","coordinates":[[-9.10901,38.79999],[-9.11324,38.79405],[-9.11704,38.79468],[-9.11736,38.79427],[-9.11612,38.78913],[-9.12086,38.78462],[-9.12477,38.78221],[-9.12375,38.77804],[-9.12361,38.7738],[-9.12424,38.77008],[-9.1259,38.76682],[-9.12913,38.76403],[-9.13254,38.76311],[-9.13981,38.76315],[-9.1439,38.76269],[-9.1594,38.75864],[-9.16122,38.75958],[-9.16397,38.76258],[-9.16527,38.76584],[-9.1683,38.76473],[-9.16909,38.76486]]},"properties":{"osm_type":"way","osm_id":1103899770,"country":"PT","name":"Adutor Vila Franca de Xira-Telheiras","operator":null,"wikidata":null,"wikipedia":null}},{"type":"Feature","geometry":{"type":"LineString","coordinates":[[-7.90949,38.5717],[-7.90999,38.57209]]},"properties":{"osm_type":"way","osm_id":1104829913,"country":"PT","name":"Aqueduto da Água de Prata","operator":null,"wikidata":"Q8187810","wikipedia":"pt:Aqueduto da Água de Prata"}},{"type":"Feature","geometry":{"type":"LineString","coordinates":[[-7.90967,38.57105],[-7.90987,38.57141]]},"properties":{"osm_type":"way","osm_id":1104829914,"country":"PT","name":"Aqueduto da Água de Prata","operator":null,"wikidata":"Q8187810","wikipedia":"pt:Aqueduto da Água de Prata"}},{"type":"Feature","geometry":{"type":"LineString","coordinates":[[-7.91035,38.5734],[-7.91094,38.57447]]},"properties":{"osm_type":"way","osm_id":1104829915,"country":"PT","name":"Aqueduto da Água de Prata","operator":null,"wikidata":"Q8187810","wikipedia":"pt:Aqueduto da Água de Prata"}},{"type":"Feature","geometry":{"type":"LineString","coordinates":[[-9.22982,38.77618],[-9.23168,38.77034],[-9.23102,38.76248]]},"properties":{"osm_type":"way","osm_id":1105425083,"country":"PT","name":"Adutor de Circunvalação","operator":"Empresa Portuguesa de Águas Livres","wikidata":null,"wikipedia":null}},{"type":"Feature","geometry":{"type":"LineString","coordinates":[[-7.32701,40.53269],[-7.33257,40.54021]]},"properties":{"osm_type":"way","osm_id":1124670769,"country":"PT","name":null,"operator":null,"wikidata":null,"wikipedia":null}},{"type":"Feature","geometry":{"type":"LineString","coordinates":[[-7.32699,40.53268],[-7.32727,40.53231],[-7.32677,40.53217]]},"properties":{"osm_type":"way","osm_id":1124670770,"country":"PT","name":null,"operator":null,"wikidata":null,"wikipedia":null}},{"type":"Feature","geometry":{"type":"LineString","coordinates":[[-7.32642,40.53249],[-7.32666,40.53256]]},"properties":{"osm_type":"way","osm_id":1124670771,"country":"PT","name":null,"operator":null,"wikidata":null,"wikipedia":null}},{"type":"Feature","geometry":{"type":"LineString","coordinates":[[-7.33257,40.54021],[-7.33523,40.54196]]},"properties":{"osm_type":"way","osm_id":1124670773,"country":"PT","name":null,"operator":null,"wikidata":null,"wikipedia":null}},{"type":"Feature","geometry":{"type":"LineString","coordinates":[[-7.96773,41.77694],[-7.96774,41.77651]]},"properties":{"osm_type":"way","osm_id":1132043417,"country":"PT","name":null,"operator":null,"wikidata":null,"wikipedia":null}},{"type":"Feature","geometry":{"type":"LineString","coordinates":[[-7.96774,41.77651],[-7.96771,41.7765]]},"properties":{"osm_type":"way","osm_id":1132043418,"country":"PT","name":null,"operator":null,"wikidata":null,"wikipedia":null}},{"type":"Feature","geometry":{"type":"LineString","coordinates":[[-7.96777,41.77651],[-7.96774,41.77651]]},"properties":{"osm_type":"way","osm_id":1132043419,"country":"PT","name":null,"operator":null,"wikidata":null,"wikipedia":null}},{"type":"Feature","geometry":{"type":"LineString","coordinates":[[-7.36512,40.51212],[-7.35994,40.50927],[-7.33633,40.5095]]},"properties":{"osm_type":"way","osm_id":1134004790,"country":"PT","name":"Túnel de Acesso da Água à Albufeira do Caldeirão","operator":null,"wikidata":null,"wikipedia":null}},{"type":"Feature","geometry":{"type":"LineString","coordinates":[[-8.24238,40.67024],[-8.2445,40.66837]]},"properties":{"osm_type":"way","osm_id":1138648605,"country":"PT","name":null,"operator":null,"wikidata":null,"wikipedia":null}},{"type":"Feature","geometry":{"type":"LineString","coordinates":[[-8.78518,38.99197],[-8.78769,38.99282],[-8.78937,38.9943],[-8.78979,38.99509],[-8.78857,38.99688],[-8.79276,39.00046]]},"properties":{"osm_type":"way","osm_id":1147979655,"country":"PT","name":null,"operator":null,"wikidata":null,"wikipedia":null}},{"type":"Feature","geometry":{"type":"LineString","coordinates":[[-8.78514,38.99193],[-8.78518,38.99197]]},"properties":{"osm_type":"way","osm_id":1147979656,"country":"PT","name":null,"operator":null,"wikidata":null,"wikipedia":null}},{"type":"Feature","geometry":{"type":"LineString","coordinates":[[-7.73251,41.57404],[-7.73229,41.57314]]},"properties":{"osm_type":"way","osm_id":1149683415,"country":"PT","name":"Descarregador de cheias","operator":null,"wikidata":null,"wikipedia":null}},{"type":"Feature","geometry":{"type":"LineString","coordinates":[[-7.7326,41.57402],[-7.73237,41.57317]]},"properties":{"osm_type":"way","osm_id":1149683416,"country":"PT","name":"Descarregador de cheias","operator":null,"wikidata":null,"wikipedia":null}},{"type":"Feature","geometry":{"type":"LineString","coordinates":[[-7.73071,41.57429],[-7.73133,41.57366]]},"properties":{"osm_type":"way","osm_id":1149683419,"country":"PT","name":null,"operator":null,"wikidata":null,"wikipedia":null}},{"type":"Feature","geometry":{"type":"LineString","coordinates":[[-7.7309,41.57438],[-7.73153,41.57375]]},"properties":{"osm_type":"way","osm_id":1149683420,"country":"PT","name":null,"operator":null,"wikidata":null,"wikipedia":null}},{"type":"Feature","geometry":{"type":"LineString","coordinates":[[-8.62876,38.38252],[-8.62893,38.38304]]},"properties":{"osm_type":"way","osm_id":1151939522,"country":"PT","name":null,"operator":null,"wikidata":null,"wikipedia":null}},{"type":"Feature","geometry":{"type":"LineString","coordinates":[[-8.3625,40.70658],[-8.36252,40.70655]]},"properties":{"osm_type":"way","osm_id":1152682366,"country":"PT","name":"Hidroeléctrica da Grela","operator":null,"wikidata":null,"wikipedia":null}},{"type":"Feature","geometry":{"type":"LineString","coordinates":[[-8.35358,40.71444],[-8.35345,40.71406]]},"properties":{"osm_type":"way","osm_id":1152687707,"country":"PT","name":null,"operator":null,"wikidata":null,"wikipedia":null}},{"type":"Feature","geometry":{"type":"LineString","coordinates":[[-8.45251,37.56757],[-8.45274,37.56662]]},"properties":{"osm_type":"way","osm_id":1156584779,"country":"PT","name":null,"operator":null,"wikidata":null,"wikipedia":null}},{"type":"Feature","geometry":{"type":"LineString","coordinates":[[-8.45247,37.56761],[-8.45251,37.56757]]},"properties":{"osm_type":"way","osm_id":1156584780,"country":"PT","name":null,"operator":null,"wikidata":null,"wikipedia":null}},{"type":"Feature","geometry":{"type":"LineString","coordinates":[[-7.11016,38.88434],[-7.11069,38.88382]]},"properties":{"osm_type":"way","osm_id":1159140367,"country":"PT","name":null,"operator":null,"wikidata":null,"wikipedia":null}},{"type":"Feature","geometry":{"type":"LineString","coordinates":[[-7.62732,40.36011],[-7.62752,40.35986]]},"properties":{"osm_type":"way","osm_id":1173456445,"country":"PT","name":null,"operator":null,"wikidata":null,"wikipedia":null}},{"type":"Feature","geometry":{"type":"LineString","coordinates":[[-7.62746,40.36007],[-7.62775,40.35996]]},"properties":{"osm_type":"way","osm_id":1173456446,"country":"PT","name":null,"operator":null,"wikidata":null,"wikipedia":null}},{"type":"Feature","geometry":{"type":"LineString","coordinates":[[-7.52063,37.55797],[-7.51934,37.55731]]},"properties":{"osm_type":"way","osm_id":1175939568,"country":"PT","name":null,"operator":null,"wikidata":null,"wikipedia":null}},{"type":"Feature","geometry":{"type":"LineString","coordinates":[[-7.51934,37.55731],[-7.51798,37.55661]]},"properties":{"osm_type":"way","osm_id":1175951496,"country":"PT","name":null,"operator":null,"wikidata":null,"wikipedia":null}},{"type":"Feature","geometry":{"type":"LineString","coordinates":[[-7.52084,37.55779],[-7.52118,37.55765]]},"properties":{"osm_type":"way","osm_id":1175951498,"country":"PT","name":null,"operator":null,"wikidata":null,"wikipedia":null}},{"type":"Feature","geometry":{"type":"LineString","coordinates":[[-7.52221,37.55563],[-7.52158,37.55695]]},"properties":{"osm_type":"way","osm_id":1175951499,"country":"PT","name":null,"operator":null,"wikidata":null,"wikipedia":null}},{"type":"Feature","geometry":{"type":"LineString","coordinates":[[-7.51907,37.55443],[-7.51814,37.5541]]},"properties":{"osm_type":"way","osm_id":1175951503,"country":"PT","name":"Canal del Granado","operator":null,"wikidata":null,"wikipedia":null}},{"type":"Feature","geometry":{"type":"LineString","coordinates":[[-8.38456,40.83848],[-8.3846,40.8393],[-8.38507,40.83941],[-8.3861,40.8383]]},"properties":{"osm_type":"way","osm_id":1179826415,"country":"PT","name":"Levada Nº 1","operator":null,"wikidata":null,"wikipedia":null}},{"type":"Feature","geometry":{"type":"LineString","coordinates":[[-8.38447,40.83846],[-8.38456,40.83848]]},"properties":{"osm_type":"way","osm_id":1179826416,"country":"PT","name":"Levada Nº 1","operator":null,"wikidata":null,"wikipedia":null}},{"type":"Feature","geometry":{"type":"LineString","coordinates":[[-8.38239,40.84289],[-8.38184,40.84349],[-8.38236,40.84493],[-8.3844,40.84385],[-8.38458,40.84305],[-8.3855,40.84284],[-8.38554,40.84149]]},"properties":{"osm_type":"way","osm_id":1179850649,"country":"PT","name":"Levada Nº 2","operator":null,"wikidata":null,"wikipedia":null}},{"type":"Feature","geometry":{"type":"LineString","coordinates":[[-8.37922,40.8375],[-8.38134,40.83945],[-8.3828,40.83934],[-8.38447,40.83846]]},"properties":{"osm_type":"way","osm_id":1179850653,"country":"PT","name":"Levada Nº 1","operator":null,"wikidata":null,"wikipedia":null}},{"type":"Feature","geometry":{"type":"LineString","coordinates":[[-8.37912,40.83745],[-8.37922,40.8375]]},"properties":{"osm_type":"way","osm_id":1179850654,"country":"PT","name":"Levada Nº 1","operator":null,"wikidata":null,"wikipedia":null}},{"type":"Feature","geometry":{"type":"LineString","coordinates":[[-8.37684,40.83929],[-8.37782,40.83912],[-8.38176,40.84021]]},"properties":{"osm_type":"way","osm_id":1179850655,"country":"PT","name":"Levada Nº 2","operator":null,"wikidata":null,"wikipedia":null}},{"type":"Feature","geometry":{"type":"LineString","coordinates":[[-8.38176,40.84021],[-8.38192,40.84022]]},"properties":{"osm_type":"way","osm_id":1179850656,"country":"PT","name":"Levada Nº 2","operator":null,"wikidata":null,"wikipedia":null}},{"type":"Feature","geometry":{"type":"LineString","coordinates":[[-8.38192,40.84022],[-8.38243,40.84274]]},"properties":{"osm_type":"way","osm_id":1179850657,"country":"PT","name":"Levada Nº 2","operator":null,"wikidata":null,"wikipedia":null}},{"type":"Feature","geometry":{"type":"LineString","coordinates":[[-8.38243,40.84274],[-8.38239,40.84289]]},"properties":{"osm_type":"way","osm_id":1179850658,"country":"PT","name":"Levada Nº 2","operator":null,"wikidata":null,"wikipedia":null}},{"type":"Feature","geometry":{"type":"LineString","coordinates":[[-8.38559,40.8414],[-8.38678,40.84066],[-8.38789,40.8408],[-8.38822,40.8414]]},"properties":{"osm_type":"way","osm_id":1179850663,"country":"PT","name":"Levada Nº 2","operator":null,"wikidata":null,"wikipedia":null}},{"type":"Feature","geometry":{"type":"LineString","coordinates":[[-8.38554,40.84149],[-8.38559,40.8414]]},"properties":{"osm_type":"way","osm_id":1179850664,"country":"PT","name":"Levada Nº 2","operator":null,"wikidata":null,"wikipedia":null}},{"type":"Feature","geometry":{"type":"LineString","coordinates":[[-7.56064,40.31215],[-7.56032,40.31229]]},"properties":{"osm_type":"way","osm_id":1182664323,"country":"PT","name":"Descarga de fundo","operator":null,"wikidata":null,"wikipedia":null}},{"type":"Feature","geometry":{"type":"LineString","coordinates":[[-6.82043,41.7866],[-6.81855,41.78699]]},"properties":{"osm_type":"way","osm_id":1184856153,"country":"PT","name":"Descarregador de cheias","operator":null,"wikidata":null,"wikipedia":null}},{"type":"Feature","geometry":{"type":"LineString","coordinates":[[-8.16193,40.84669],[-8.16252,40.84769],[-8.16219,40.84894]]},"properties":{"osm_type":"way","osm_id":1185039722,"country":"PT","name":null,"operator":null,"wikidata":null,"wikipedia":null}},{"type":"Feature","geometry":{"type":"LineString","coordinates":[[-8.1565,40.83295],[-8.15715,40.83408],[-8.15891,40.83524],[-8.15699,40.836],[-8.1559,40.83725],[-8.15694,40.83714],[-8.16053,40.84006],[-8.16095,40.84087],[-8.16013,40.84159],[-8.16042,40.84259],[-8.15999,40.84311],[-8.16182,40.84653]]},"properties":{"osm_type":"way","osm_id":1185039724,"country":"PT","name":null,"operator":null,"wikidata":null,"wikipedia":null}},{"type":"Feature","geometry":{"type":"LineString","coordinates":[[-25.48524,37.79367],[-25.48686,37.7939],[-25.48963,37.79516],[-25.49478,37.79594]]},"properties":{"osm_type":"way","osm_id":1185918521,"country":"PT","name":null,"operator":null,"wikidata":null,"wikipedia":null}},{"type":"Feature","geometry":{"type":"LineString","coordinates":[[-7.86736,40.19523],[-7.84489,40.19222]]},"properties":{"osm_type":"way","osm_id":1188471418,"country":"PT","name":null,"operator":null,"wikidata":null,"wikipedia":null}},{"type":"Feature","geometry":{"type":"LineString","coordinates":[[-7.70943,39.59141],[-7.70921,39.59136]]},"properties":{"osm_type":"way","osm_id":1190806925,"country":"PT","name":null,"operator":null,"wikidata":null,"wikipedia":null}},{"type":"Feature","geometry":{"type":"LineString","coordinates":[[-7.51027,37.27842],[-7.50818,37.27749]]},"properties":{"osm_type":"way","osm_id":1200685936,"country":"PT","name":"Túnel de Descarga da Barragem do Beliche","operator":null,"wikidata":null,"wikipedia":null}},{"type":"Feature","geometry":{"type":"LineString","coordinates":[[-7.50244,37.27557],[-7.50234,37.2758]]},"properties":{"osm_type":"way","osm_id":1200686670,"country":"PT","name":null,"operator":null,"wikidata":null,"wikipedia":null}},{"type":"Feature","geometry":{"type":"LineString","coordinates":[[-7.70921,39.59136],[-7.70929,39.59165]]},"properties":{"osm_type":"way","osm_id":1200770140,"country":"PT","name":null,"operator":null,"wikidata":null,"wikipedia":null}},{"type":"Feature","geometry":{"type":"LineString","coordinates":[[-7.67696,37.14301],[-7.67711,37.14292]]},"properties":{"osm_type":"way","osm_id":1201555706,"country":"PT","name":null,"operator":null,"wikidata":null,"wikipedia":null}},{"type":"Feature","geometry":{"type":"LineString","coordinates":[[-7.7075,37.13081],[-7.70753,37.1308]]},"properties":{"osm_type":"way","osm_id":1201556845,"country":"PT","name":null,"operator":"Águas do Algarve","wikidata":null,"wikipedia":null}},{"type":"Feature","geometry":{"type":"LineString","coordinates":[[-7.7075,37.13081],[-7.70745,37.13082]]},"properties":{"osm_type":"way","osm_id":1201556846,"country":"PT","name":null,"operator":"Águas do Algarve","wikidata":null,"wikipedia":null}},{"type":"Feature","geometry":{"type":"LineString","coordinates":[[-7.70756,37.13086],[-7.70748,37.13088]]},"properties":{"osm_type":"way","osm_id":1201556847,"country":"PT","name":null,"operator":"Águas do Algarve","wikidata":null,"wikipedia":null}},{"type":"Feature","geometry":{"type":"LineString","coordinates":[[-7.70745,37.13082],[-7.70748,37.13088]]},"properties":{"osm_type":"way","osm_id":1201556848,"country":"PT","name":null,"operator":"Águas do Algarve","wikidata":null,"wikipedia":null}},{"type":"Feature","geometry":{"type":"LineString","coordinates":[[-7.70748,37.13081],[-7.70751,37.13088]]},"properties":{"osm_type":"way","osm_id":1201556849,"country":"PT","name":null,"operator":"Águas do Algarve","wikidata":null,"wikipedia":null}},{"type":"Feature","geometry":{"type":"LineString","coordinates":[[-7.7075,37.13081],[-7.70753,37.13087]]},"properties":{"osm_type":"way","osm_id":1201556850,"country":"PT","name":null,"operator":"Águas do Algarve","wikidata":null,"wikipedia":null}},{"type":"Feature","geometry":{"type":"LineString","coordinates":[[-7.70753,37.1308],[-7.70756,37.13086]]},"properties":{"osm_type":"way","osm_id":1201556851,"country":"PT","name":null,"operator":"Águas do Algarve","wikidata":null,"wikipedia":null}},{"type":"Feature","geometry":{"type":"LineString","coordinates":[[-7.70744,37.13071],[-7.7075,37.13081]]},"properties":{"osm_type":"way","osm_id":1201556852,"country":"PT","name":null,"operator":"Águas do Algarve","wikidata":null,"wikipedia":null}},{"type":"Feature","geometry":{"type":"LineString","coordinates":[[-7.69228,37.13777],[-7.6925,37.13826]]},"properties":{"osm_type":"way","osm_id":1201694502,"country":"PT","name":null,"operator":"Águas do Algarve","wikidata":null,"wikipedia":null}},{"type":"Feature","geometry":{"type":"LineString","coordinates":[[-8.2806,40.57639],[-8.28088,40.57645]]},"properties":{"osm_type":"way","osm_id":1202722879,"country":"PT","name":null,"operator":null,"wikidata":null,"wikipedia":null}},{"type":"Feature","geometry":{"type":"LineString","coordinates":[[-8.25773,40.57292],[-8.25953,40.57368],[-8.26442,40.57355],[-8.2806,40.57639]]},"properties":{"osm_type":"way","osm_id":1202722880,"country":"PT","name":null,"operator":null,"wikidata":null,"wikipedia":null}},{"type":"Feature","geometry":{"type":"LineString","coordinates":[[-8.24128,40.5588],[-8.25265,40.56768],[-8.25619,40.56955],[-8.25805,40.57183]]},"properties":{"osm_type":"way","osm_id":1202722881,"country":"PT","name":null,"operator":null,"wikidata":null,"wikipedia":null}},{"type":"Feature","geometry":{"type":"LineString","coordinates":[[-7.42261,41.21885],[-7.42269,41.21874]]},"properties":{"osm_type":"way","osm_id":1215428111,"country":"PT","name":"Descarregador de cheias","operator":null,"wikidata":null,"wikipedia":null}},{"type":"Feature","geometry":{"type":"LineString","coordinates":[[-7.75973,41.06912],[-7.7594,41.06947]]},"properties":{"osm_type":"way","osm_id":1221586684,"country":"PT","name":null,"operator":null,"wikidata":null,"wikipedia":null}},{"type":"Feature","geometry":{"type":"LineString","coordinates":[[-7.74604,41.05373],[-7.74629,41.05487],[-7.74501,41.05752],[-7.74832,41.05947],[-7.75163,41.06068],[-7.75461,41.06387],[-7.75584,41.06635],[-7.75879,41.06866],[-7.75949,41.0684],[-7.76011,41.0689],[-7.75973,41.06912]]},"properties":{"osm_type":"way","osm_id":1221586685,"country":"PT","name":null,"operator":null,"wikidata":null,"wikipedia":null}},{"type":"Feature","geometry":{"type":"LineString","coordinates":[[-7.42697,41.21583],[-7.42687,41.21499]]},"properties":{"osm_type":"way","osm_id":1223067075,"country":"PT","name":null,"operator":null,"wikidata":null,"wikipedia":null}},{"type":"Feature","geometry":{"type":"LineString","coordinates":[[-7.42654,41.21584],[-7.42644,41.21519]]},"properties":{"osm_type":"way","osm_id":1223067076,"country":"PT","name":null,"operator":null,"wikidata":null,"wikipedia":null}},{"type":"Feature","geometry":{"type":"LineString","coordinates":[[-6.26531,41.49055],[-6.26756,41.48788]]},"properties":{"osm_type":"way","osm_id":1226928892,"country":"PT","name":"Túnel de desvio temporário","operator":null,"wikidata":null,"wikipedia":null}},{"type":"Feature","geometry":{"type":"LineString","coordinates":[[-6.26732,41.48817],[-6.26733,41.4878]]},"properties":{"osm_type":"way","osm_id":1226928893,"country":"PT","name":null,"operator":null,"wikidata":null,"wikipedia":null}},{"type":"Feature","geometry":{"type":"LineString","coordinates":[[-6.26531,41.4896],[-6.26585,41.48878]]},"properties":{"osm_type":"way","osm_id":1226928894,"country":"PT","name":null,"operator":null,"wikidata":null,"wikipedia":null}},{"type":"Feature","geometry":{"type":"LineString","coordinates":[[-6.26518,41.4895],[-6.26561,41.48877]]},"properties":{"osm_type":"way","osm_id":1226928895,"country":"PT","name":null,"operator":null,"wikidata":null,"wikipedia":null}},{"type":"Feature","geometry":{"type":"LineString","coordinates":[[-6.26505,41.48941],[-6.26537,41.48877]]},"properties":{"osm_type":"way","osm_id":1226928896,"country":"PT","name":null,"operator":null,"wikidata":null,"wikipedia":null}},{"type":"Feature","geometry":{"type":"LineString","coordinates":[[-6.35014,41.37908],[-6.35154,41.38031],[-6.35304,41.38024]]},"properties":{"osm_type":"way","osm_id":1226928897,"country":"PT","name":"Galeria em Carga","operator":null,"wikidata":null,"wikipedia":null}},{"type":"Feature","geometry":{"type":"LineString","coordinates":[[-6.35122,41.37896],[-6.35208,41.37939]]},"properties":{"osm_type":"way","osm_id":1226928898,"country":"PT","name":"Galeria de carga","operator":null,"wikidata":null,"wikipedia":null}},{"type":"Feature","geometry":{"type":"LineString","coordinates":[[-6.35133,41.37888],[-6.35224,41.37928]]},"properties":{"osm_type":"way","osm_id":1226928899,"country":"PT","name":"Galeria de carga","operator":null,"wikidata":null,"wikipedia":null}},{"type":"Feature","geometry":{"type":"LineString","coordinates":[[-6.3511,41.37904],[-6.35192,41.3795]]},"properties":{"osm_type":"way","osm_id":1226928901,"country":"PT","name":"Galeria de carga","operator":null,"wikidata":null,"wikipedia":null}},{"type":"Feature","geometry":{"type":"LineString","coordinates":[[-6.47083,41.3024],[-6.47296,41.3022],[-6.47372,41.3001]]},"properties":{"osm_type":"way","osm_id":1226928905,"country":"PT","name":"Galeria de adução","operator":null,"wikidata":null,"wikipedia":null}},{"type":"Feature","geometry":{"type":"LineString","coordinates":[[-6.47076,41.30187],[-6.47168,41.30156]]},"properties":{"osm_type":"way","osm_id":1226928906,"country":"PT","name":null,"operator":null,"wikidata":null,"wikipedia":null}},{"type":"Feature","geometry":{"type":"LineString","coordinates":[[-6.47078,41.30172],[-6.47154,41.3014]]},"properties":{"osm_type":"way","osm_id":1226928907,"country":"PT","name":null,"operator":null,"wikidata":null,"wikipedia":null}},{"type":"Feature","geometry":{"type":"LineString","coordinates":[[-6.47075,41.30157],[-6.4714,41.30123]]},"properties":{"osm_type":"way","osm_id":1226928908,"country":"PT","name":null,"operator":null,"wikidata":null,"wikipedia":null}},{"type":"Feature","geometry":{"type":"LineString","coordinates":[[-8.31937,40.7421],[-8.32023,40.74173],[-8.3219,40.74181]]},"properties":{"osm_type":"way","osm_id":1227180208,"country":"PT","name":null,"operator":null,"wikidata":null,"wikipedia":null}},{"type":"Feature","geometry":{"type":"LineString","coordinates":[[-7.53612,40.98628],[-7.54493,40.99564],[-7.55556,41.10752],[-7.5534,41.111]]},"properties":{"osm_type":"way","osm_id":1227180210,"country":"PT","name":null,"operator":"Circuito hidráulico subterrâneo da Barragem de Tabuaço","wikidata":null,"wikipedia":null}},{"type":"Feature","geometry":{"type":"LineString","coordinates":[[-7.62074,40.38565],[-7.62676,40.38652]]},"properties":{"osm_type":"way","osm_id":1227180211,"country":"PT","name":null,"operator":null,"wikidata":null,"wikipedia":null}},{"type":"Feature","geometry":{"type":"LineString","coordinates":[[-7.77364,41.27357],[-7.77112,41.27225],[-7.76132,41.27059]]},"properties":{"osm_type":"way","osm_id":1227567393,"country":"PT","name":null,"operator":null,"wikidata":null,"wikipedia":null}},{"type":"Feature","geometry":{"type":"LineString","coordinates":[[-7.74913,41.27253],[-7.74882,41.27219]]},"properties":{"osm_type":"way","osm_id":1227567394,"country":"PT","name":null,"operator":null,"wikidata":null,"wikipedia":null}},{"type":"Feature","geometry":{"type":"LineString","coordinates":[[-7.74947,41.28643],[-7.74664,41.28438],[-7.7469,41.27991],[-7.74647,41.27917],[-7.74832,41.27527]]},"properties":{"osm_type":"way","osm_id":1227567396,"country":"PT","name":null,"operator":null,"wikidata":null,"wikipedia":null}},{"type":"Feature","geometry":{"type":"LineString","coordinates":[[-7.97244,41.2468],[-7.96402,41.24722]]},"properties":{"osm_type":"way","osm_id":1227567399,"country":"PT","name":null,"operator":null,"wikidata":null,"wikipedia":null}},{"type":"Feature","geometry":{"type":"LineString","coordinates":[[-7.97492,41.24663],[-7.97244,41.2468]]},"properties":{"osm_type":"way","osm_id":1227567400,"country":"PT","name":null,"operator":null,"wikidata":null,"wikipedia":null}},{"type":"Feature","geometry":{"type":"LineString","coordinates":[[-8.41372,41.23113],[-8.41307,41.22997],[-8.4148,41.23018]]},"properties":{"osm_type":"way","osm_id":1227567405,"country":"PT","name":null,"operator":null,"wikidata":null,"wikipedia":null}},{"type":"Feature","geometry":{"type":"LineString","coordinates":[[-8.4148,41.23018],[-8.41468,41.22947]]},"properties":{"osm_type":"way","osm_id":1227567406,"country":"PT","name":null,"operator":null,"wikidata":null,"wikipedia":null}},{"type":"Feature","geometry":{"type":"LineString","coordinates":[[-8.43215,41.12739],[-8.43454,41.12409],[-8.43549,41.12339],[-8.43698,41.12316]]},"properties":{"osm_type":"way","osm_id":1227567408,"country":"PT","name":null,"operator":null,"wikidata":null,"wikipedia":null}},{"type":"Feature","geometry":{"type":"LineString","coordinates":[[-8.59024,41.91456],[-8.58769,41.91456]]},"properties":{"osm_type":"way","osm_id":1227604653,"country":"PT","name":null,"operator":null,"wikidata":null,"wikipedia":null}},{"type":"Feature","geometry":{"type":"LineString","coordinates":[[-8.67796,41.88439],[-8.67876,41.8841]]},"properties":{"osm_type":"way","osm_id":1227604658,"country":"PT","name":null,"operator":null,"wikidata":null,"wikipedia":null}},{"type":"Feature","geometry":{"type":"LineString","coordinates":[[-8.34439,41.37307],[-8.34465,41.37211]]},"properties":{"osm_type":"way","osm_id":1227604670,"country":"PT","name":null,"operator":null,"wikidata":null,"wikipedia":null}},{"type":"Feature","geometry":{"type":"LineString","coordinates":[[-8.17956,41.39653],[-8.17844,41.39464]]},"properties":{"osm_type":"way","osm_id":1227616885,"country":"PT","name":null,"operator":null,"wikidata":null,"wikipedia":null}},{"type":"Feature","geometry":{"type":"LineString","coordinates":[[-8.16708,41.39996],[-8.16825,41.39967],[-8.16962,41.39992],[-8.17104,41.39765],[-8.17362,41.39783],[-8.17438,41.39674],[-8.1737,41.39568],[-8.17467,41.39506],[-8.17541,41.39574],[-8.176,41.39552],[-8.17623,41.39371],[-8.1776,41.39355],[-8.17844,41.39464]]},"properties":{"osm_type":"way","osm_id":1227616886,"country":"PT","name":null,"operator":null,"wikidata":null,"wikipedia":null}},{"type":"Feature","geometry":{"type":"LineString","coordinates":[[-8.15135,41.40562],[-8.15214,41.40504]]},"properties":{"osm_type":"way","osm_id":1227616888,"country":"PT","name":null,"operator":null,"wikidata":null,"wikipedia":null}},{"type":"Feature","geometry":{"type":"LineString","coordinates":[[-8.15214,41.40504],[-8.15231,41.40443]]},"properties":{"osm_type":"way","osm_id":1227616889,"country":"PT","name":null,"operator":null,"wikidata":null,"wikipedia":null}},{"type":"Feature","geometry":{"type":"LineString","coordinates":[[-8.20162,41.8716],[-8.20229,41.8701]]},"properties":{"osm_type":"way","osm_id":1227636480,"country":"PT","name":"Poço de Carga","operator":null,"wikidata":null,"wikipedia":null}},{"type":"Feature","geometry":{"type":"LineString","coordinates":[[-8.20128,41.87193],[-8.20114,41.87074],[-8.20187,41.87001]]},"properties":{"osm_type":"way","osm_id":1227636481,"country":"PT","name":"Poço de Carga","operator":null,"wikidata":null,"wikipedia":null}},{"type":"Feature","geometry":{"type":"LineString","coordinates":[[-7.68982,39.58101],[-7.69025,39.58104]]},"properties":{"osm_type":"way","osm_id":1227654350,"country":"PT","name":"Canal de adução do Aproveitamento Hidroelétrico da Velada","operator":null,"wikidata":null,"wikipedia":null}},{"type":"Feature","geometry":{"type":"LineString","coordinates":[[-7.68968,39.58106],[-7.68982,39.58101]]},"properties":{"osm_type":"way","osm_id":1227654351,"country":"PT","name":"Canal de adução do Aproveitamento Hidroelétrico da Velada","operator":null,"wikidata":null,"wikipedia":null}},{"type":"Feature","geometry":{"type":"LineString","coordinates":[[-7.11101,41.71692],[-7.11325,41.71373]]},"properties":{"osm_type":"way","osm_id":1227658679,"country":"PT","name":null,"operator":null,"wikidata":null,"wikipedia":null}},{"type":"Feature","geometry":{"type":"LineString","coordinates":[[-7.11325,41.71373],[-7.11369,41.7131]]},"properties":{"osm_type":"way","osm_id":1227658680,"country":"PT","name":null,"operator":null,"wikidata":null,"wikipedia":null}},{"type":"Feature","geometry":{"type":"LineString","coordinates":[[-7.60583,37.99338],[-7.60408,37.99277],[-7.60487,37.99177],[-7.60413,37.99138]]},"properties":{"osm_type":"way","osm_id":1227660402,"country":"PT","name":null,"operator":null,"wikidata":null,"wikipedia":null}},{"type":"Feature","geometry":{"type":"LineString","coordinates":[[-8.36676,40.84929],[-8.36487,40.85017],[-8.36348,40.85027],[-8.3641,40.84932]]},"properties":{"osm_type":"way","osm_id":1227770835,"country":"PT","name":null,"operator":null,"wikidata":null,"wikipedia":null}},{"type":"Feature","geometry":{"type":"LineString","coordinates":[[-8.00225,40.76039],[-8.00402,40.75908],[-8.00906,40.76008],[-8.01215,40.76267],[-8.02004,40.76245],[-8.02171,40.75933],[-8.02278,40.75831],[-8.02335,40.75645],[-8.02506,40.75643],[-8.02787,40.75679],[-8.0305,40.75938],[-8.03298,40.76023],[-8.03468,40.76171],[-8.0373,40.76076],[-8.04043,40.76062],[-8.04157,40.76004],[-8.04377,40.76036]]},"properties":{"osm_type":"way","osm_id":1227778547,"country":"PT","name":null,"operator":null,"wikidata":null,"wikipedia":null}},{"type":"Feature","geometry":{"type":"LineString","coordinates":[[-8.31784,40.64714],[-8.3177,40.64678]]},"properties":{"osm_type":"way","osm_id":1227781359,"country":"PT","name":null,"operator":null,"wikidata":null,"wikipedia":null}},{"type":"Feature","geometry":{"type":"LineString","coordinates":[[-8.30739,40.6457],[-8.30928,40.6457],[-8.31028,40.64516],[-8.31259,40.64677],[-8.31389,40.64694],[-8.31574,40.64869],[-8.31691,40.64838]]},"properties":{"osm_type":"way","osm_id":1227781360,"country":"PT","name":null,"operator":null,"wikidata":null,"wikipedia":null}},{"type":"Feature","geometry":{"type":"LineString","coordinates":[[-8.28785,40.59944],[-8.29453,40.60231]]},"properties":{"osm_type":"way","osm_id":1227781363,"country":"PT","name":null,"operator":null,"wikidata":null,"wikipedia":null}},{"type":"Feature","geometry":{"type":"LineString","coordinates":[[-8.26061,40.59655],[-8.26145,40.59747],[-8.2633,40.59668],[-8.26674,40.5964],[-8.27006,40.59467],[-8.27699,40.5941],[-8.27832,40.59702],[-8.28011,40.59905],[-8.28147,40.59892],[-8.28247,40.5983],[-8.28319,40.59846],[-8.28407,40.59744],[-8.28533,40.59756]]},"properties":{"osm_type":"way","osm_id":1227781364,"country":"PT","name":null,"operator":null,"wikidata":null,"wikipedia":null}},{"type":"Feature","geometry":{"type":"LineString","coordinates":[[-8.17235,40.56235],[-8.17065,40.5616],[-8.16799,40.56194],[-8.1664,40.56071],[-8.16122,40.5593]]},"properties":{"osm_type":"way","osm_id":1227795217,"country":"PT","name":null,"operator":null,"wikidata":null,"wikipedia":null}},{"type":"Feature","geometry":{"type":"LineString","coordinates":[[-7.81796,40.53004],[-7.81911,40.52864],[-7.82122,40.52804],[-7.82225,40.52703]]},"properties":{"osm_type":"way","osm_id":1227795223,"country":"PT","name":null,"operator":null,"wikidata":null,"wikipedia":null}},{"type":"Feature","geometry":{"type":"LineString","coordinates":[[-7.92574,40.74963],[-7.92723,40.75111],[-7.92698,40.75253],[-7.92615,40.75283],[-7.926,40.75433],[-7.92923,40.7586],[-7.94351,40.75828],[-7.94519,40.75651],[-7.94911,40.75601]]},"properties":{"osm_type":"way","osm_id":1227795228,"country":"PT","name":null,"operator":null,"wikidata":null,"wikipedia":null}},{"type":"Feature","geometry":{"type":"LineString","coordinates":[[-7.96374,40.92006],[-7.96268,40.92058],[-7.956,40.9199],[-7.95536,40.92045],[-7.95101,40.92108],[-7.94858,40.92227],[-7.9436,40.92087],[-7.9433,40.92362],[-7.9422,40.92484],[-7.94047,40.9252],[-7.93847,40.92456],[-7.93583,40.92551],[-7.93379,40.92755],[-7.93244,40.93002],[-7.93225,40.93189]]},"properties":{"osm_type":"way","osm_id":1227795234,"country":"PT","name":null,"operator":null,"wikidata":null,"wikipedia":null}},{"type":"Feature","geometry":{"type":"LineString","coordinates":[[-7.96483,40.91968],[-7.96303,40.92099],[-7.96523,40.92263],[-7.96561,40.92349],[-7.96476,40.92509],[-7.96468,40.92751]]},"properties":{"osm_type":"way","osm_id":1227795236,"country":"PT","name":null,"operator":null,"wikidata":null,"wikipedia":null}},{"type":"Feature","geometry":{"type":"LineString","coordinates":[[-7.96456,40.9275],[-7.96362,40.92861],[-7.96392,40.93056],[-7.96256,40.93183],[-7.96199,40.93472]]},"properties":{"osm_type":"way","osm_id":1227795237,"country":"PT","name":null,"operator":null,"wikidata":null,"wikipedia":null}},{"type":"Feature","geometry":{"type":"LineString","coordinates":[[-7.51105,40.91018],[-7.51108,40.91194]]},"properties":{"osm_type":"way","osm_id":1227819031,"country":"PT","name":null,"operator":null,"wikidata":null,"wikipedia":null}},{"type":"Feature","geometry":{"type":"LineString","coordinates":[[-7.27165,41.09099],[-7.26539,41.09487],[-7.2661,41.09657],[-7.26473,41.09943],[-7.26519,41.10064],[-7.26306,41.10297],[-7.26389,41.1043],[-7.26433,41.10677],[-7.26395,41.10748],[-7.26149,41.10894],[-7.26043,41.1109],[-7.26153,41.1155],[-7.26475,41.12003],[-7.26498,41.12124],[-7.26621,41.12244],[-7.26081,41.12459],[-7.26131,41.12571],[-7.26317,41.12589],[-7.26224,41.12703],[-7.26033,41.13194],[-7.25708,41.1324],[-7.2565,41.13414],[-7.25491,41.13492],[-7.25371,41.13497],[-7.25315,41.13556],[-7.25189,41.13521],[-7.25115,41.13562],[-7.24984,41.13497],[-7.2483,41.13721],[-7.24695,41.13693],[-7.24572,41.13727],[-7.24487,41.13641]]},"properties":{"osm_type":"way","osm_id":1227819036,"country":"PT","name":null,"operator":null,"wikidata":null,"wikipedia":null}},{"type":"Feature","geometry":{"type":"LineString","coordinates":[[-7.66985,41.05855],[-7.67155,41.05937]]},"properties":{"osm_type":"way","osm_id":1227834537,"country":"PT","name":"Descarregador de cheias","operator":null,"wikidata":null,"wikipedia":null}},{"type":"Feature","geometry":{"type":"LineString","coordinates":[[-8.4254,37.88789],[-8.41998,37.89084],[-8.41903,37.8927]]},"properties":{"osm_type":"way","osm_id":1229506175,"country":"PT","name":null,"operator":null,"wikidata":null,"wikipedia":null}},{"type":"Feature","geometry":{"type":"LineString","coordinates":[[-8.42552,37.88789],[-8.4254,37.88789]]},"properties":{"osm_type":"way","osm_id":1229506176,"country":"PT","name":null,"operator":null,"wikidata":null,"wikipedia":null}},{"type":"Feature","geometry":{"type":"LineString","coordinates":[[-8.28704,41.99141],[-8.29049,41.99301],[-8.29078,41.99351]]},"properties":{"osm_type":"way","osm_id":1229777198,"country":"PT","name":"Rego do Monte","operator":null,"wikidata":null,"wikipedia":null}},{"type":"Feature","geometry":{"type":"LineString","coordinates":[[-8.29078,41.99351],[-8.29077,41.99355]]},"properties":{"osm_type":"way","osm_id":1229777199,"country":"PT","name":"Rego do Monte","operator":null,"wikidata":null,"wikipedia":null}},{"type":"Feature","geometry":{"type":"LineString","coordinates":[[-17.1214,32.7526],[-17.1217,32.75212]]},"properties":{"osm_type":"way","osm_id":1232277592,"country":"PT","name":null,"operator":null,"wikidata":null,"wikipedia":null}},{"type":"Feature","geometry":{"type":"LineString","coordinates":[[-7.97806,40.76201],[-7.97801,40.76204]]},"properties":{"osm_type":"way","osm_id":1233931387,"country":"PT","name":null,"operator":null,"wikidata":null,"wikipedia":null}},{"type":"Feature","geometry":{"type":"LineString","coordinates":[[-7.97799,40.76195],[-7.97793,40.76198]]},"properties":{"osm_type":"way","osm_id":1233931388,"country":"PT","name":null,"operator":null,"wikidata":null,"wikipedia":null}},{"type":"Feature","geometry":{"type":"LineString","coordinates":[[-7.95403,40.75898],[-7.95715,40.76096],[-7.9594,40.76017],[-7.96157,40.76033],[-7.96368,40.75958],[-7.96511,40.75962],[-7.96862,40.76212],[-7.97083,40.76108],[-7.97272,40.76139],[-7.97394,40.76009],[-7.97625,40.7593],[-7.97859,40.76144]]},"properties":{"osm_type":"way","osm_id":1233931389,"country":"PT","name":null,"operator":null,"wikidata":null,"wikipedia":null}},{"type":"Feature","geometry":{"type":"LineString","coordinates":[[-7.97866,40.76153],[-7.97861,40.76156]]},"properties":{"osm_type":"way","osm_id":1233931390,"country":"PT","name":null,"operator":null,"wikidata":null,"wikipedia":null}},{"type":"Feature","geometry":{"type":"LineString","coordinates":[[-7.50818,37.27749],[-7.50814,37.27747]]},"properties":{"osm_type":"way","osm_id":1238855720,"country":"PT","name":"Túnel de Descarga da Barragem do Beliche","operator":null,"wikidata":null,"wikipedia":null}},{"type":"Feature","geometry":{"type":"LineString","coordinates":[[-7.61089,40.36391],[-7.62732,40.36011]]},"properties":{"osm_type":"way","osm_id":1241603867,"country":"PT","name":null,"operator":null,"wikidata":null,"wikipedia":null}},{"type":"Feature","geometry":{"type":"LineString","coordinates":[[-7.64793,40.36545],[-7.64774,40.36581]]},"properties":{"osm_type":"way","osm_id":1241607946,"country":"PT","name":null,"operator":null,"wikidata":null,"wikipedia":null}},{"type":"Feature","geometry":{"type":"LineString","coordinates":[[-7.64706,40.38101],[-7.64681,40.38174]]},"properties":{"osm_type":"way","osm_id":1241614980,"country":"PT","name":null,"operator":null,"wikidata":null,"wikipedia":null}},{"type":"Feature","geometry":{"type":"LineString","coordinates":[[-7.64681,40.38174],[-7.64628,40.38204]]},"properties":{"osm_type":"way","osm_id":1241614981,"country":"PT","name":null,"operator":null,"wikidata":null,"wikipedia":null}},{"type":"Feature","geometry":{"type":"LineString","coordinates":[[-7.64656,40.382],[-7.64709,40.382]]},"properties":{"osm_type":"way","osm_id":1241614982,"country":"PT","name":null,"operator":null,"wikidata":null,"wikipedia":null}},{"type":"Feature","geometry":{"type":"LineString","coordinates":[[-7.64641,40.38199],[-7.64656,40.382]]},"properties":{"osm_type":"way","osm_id":1241614983,"country":"PT","name":null,"operator":null,"wikidata":null,"wikipedia":null}},{"type":"Feature","geometry":{"type":"LineString","coordinates":[[-7.64709,40.382],[-7.66242,40.39667]]},"properties":{"osm_type":"way","osm_id":1241615709,"country":"PT","name":"Conduta em carga do Aproveitamento Hidroelétrico de Sabugueiro II","operator":null,"wikidata":null,"wikipedia":null}},{"type":"Feature","geometry":{"type":"LineString","coordinates":[[-7.66133,40.39715],[-7.66215,40.39671]]},"properties":{"osm_type":"way","osm_id":1241616182,"country":"PT","name":null,"operator":null,"wikidata":null,"wikipedia":null}},{"type":"Feature","geometry":{"type":"LineString","coordinates":[[-7.6868,40.39841],[-7.68705,40.39833]]},"properties":{"osm_type":"way","osm_id":1241987485,"country":"PT","name":null,"operator":null,"wikidata":null,"wikipedia":null}},{"type":"Feature","geometry":{"type":"LineString","coordinates":[[-7.68685,40.39838],[-7.68705,40.39833]]},"properties":{"osm_type":"way","osm_id":1241987486,"country":"PT","name":null,"operator":null,"wikidata":null,"wikipedia":null}},{"type":"Feature","geometry":{"type":"LineString","coordinates":[[-7.99741,41.65256],[-7.99525,41.65498],[-7.98964,41.65538]]},"properties":{"osm_type":"way","osm_id":1242016701,"country":"PT","name":null,"operator":null,"wikidata":null,"wikipedia":null}},{"type":"Feature","geometry":{"type":"LineString","coordinates":[[-8.27169,41.85453],[-8.26817,41.85613],[-8.26831,41.85663]]},"properties":{"osm_type":"way","osm_id":1247322306,"country":"PT","name":null,"operator":null,"wikidata":null,"wikipedia":null}},{"type":"Feature","geometry":{"type":"LineString","coordinates":[[-8.26817,41.85613],[-8.26825,41.85665]]},"properties":{"osm_type":"way","osm_id":1247322307,"country":"PT","name":null,"operator":null,"wikidata":null,"wikipedia":null}},{"type":"Feature","geometry":{"type":"LineString","coordinates":[[-8.26811,41.85615],[-8.26821,41.85678]]},"properties":{"osm_type":"way","osm_id":1247322308,"country":"PT","name":null,"operator":null,"wikidata":null,"wikipedia":null}},{"type":"Feature","geometry":{"type":"LineString","coordinates":[[-8.26803,41.85619],[-8.26817,41.85679]]},"properties":{"osm_type":"way","osm_id":1247322309,"country":"PT","name":null,"operator":null,"wikidata":null,"wikipedia":null}},{"type":"Feature","geometry":{"type":"LineString","coordinates":[[-8.20323,41.86893],[-8.20352,41.86859],[-8.20755,41.86835],[-8.21432,41.86453],[-8.22687,41.8625],[-8.24871,41.85935],[-8.26037,41.86059]]},"properties":{"osm_type":"way","osm_id":1247337135,"country":"PT","name":"Galeria de Restituição da Central Hidroelétrica do Alto Lindoso","operator":null,"wikidata":null,"wikipedia":null}},{"type":"Feature","geometry":{"type":"LineString","coordinates":[[-8.21077,41.76451],[-8.21266,41.76513]]},"properties":{"osm_type":"way","osm_id":1249181570,"country":"PT","name":"Descarregador de Cheias","operator":null,"wikidata":null,"wikipedia":null}},{"type":"Feature","geometry":{"type":"LineString","coordinates":[[-8.21065,41.76448],[-8.21077,41.76451]]},"properties":{"osm_type":"way","osm_id":1249181571,"country":"PT","name":"Descarregador de Cheias","operator":null,"wikidata":null,"wikipedia":null}},{"type":"Feature","geometry":{"type":"LineString","coordinates":[[-8.21055,41.76444],[-8.21065,41.76448]]},"properties":{"osm_type":"way","osm_id":1249181572,"country":"PT","name":"Descarregador de Cheias","operator":null,"wikidata":null,"wikipedia":null}},{"type":"Feature","geometry":{"type":"LineString","coordinates":[[-8.09158,41.69304],[-8.0927,41.69242]]},"properties":{"osm_type":"way","osm_id":1249188141,"country":"PT","name":"Descarregador de Cheias","operator":null,"wikidata":null,"wikipedia":null}},{"type":"Feature","geometry":{"type":"LineString","coordinates":[[-8.09155,41.69297],[-8.09207,41.69292]]},"properties":{"osm_type":"way","osm_id":1249188142,"country":"PT","name":"Descarregador de Cheias","operator":null,"wikidata":null,"wikipedia":null}},{"type":"Feature","geometry":{"type":"LineString","coordinates":[[-7.9615,38.06701],[-7.96284,38.06804],[-7.96988,38.06997],[-7.97322,38.0721],[-7.97802,38.07559],[-7.9844,38.08252],[-7.98572,38.08298]]},"properties":{"osm_type":"way","osm_id":1251131148,"country":"PT","name":"Conduta By-Pass à Barragem do Pisão","operator":"EDIA","wikidata":null,"wikipedia":null}},{"type":"Feature","geometry":{"type":"LineString","coordinates":[[-7.8786,40.18655],[-7.86765,40.19518]]},"properties":{"osm_type":"way","osm_id":1251172429,"country":"PT","name":null,"operator":null,"wikidata":null,"wikipedia":null}},{"type":"Feature","geometry":{"type":"LineString","coordinates":[[-7.86765,40.19518],[-7.86736,40.19523]]},"properties":{"osm_type":"way","osm_id":1251172431,"country":"PT","name":null,"operator":null,"wikidata":null,"wikipedia":null}},{"type":"Feature","geometry":{"type":"LineString","coordinates":[[-7.84318,40.18712],[-7.85031,40.17564],[-7.8534,40.17262],[-7.84884,40.15871]]},"properties":{"osm_type":"way","osm_id":1251172434,"country":"PT","name":null,"operator":null,"wikidata":null,"wikipedia":null}},{"type":"Feature","geometry":{"type":"LineString","coordinates":[[-7.59991,40.28659],[-7.59999,40.28656]]},"properties":{"osm_type":"way","osm_id":1251244692,"country":"PT","name":null,"operator":null,"wikidata":null,"wikipedia":null}},{"type":"Feature","geometry":{"type":"LineString","coordinates":[[-7.81261,41.56986],[-7.79528,41.55335],[-7.78835,41.5483],[-7.78649,41.54596],[-7.78665,41.54497]]},"properties":{"osm_type":"way","osm_id":1251963994,"country":"PT","name":null,"operator":null,"wikidata":null,"wikipedia":null}},{"type":"Feature","geometry":{"type":"LineString","coordinates":[[-7.81874,40.07973],[-7.81843,40.07963]]},"properties":{"osm_type":"way","osm_id":1253803938,"country":"PT","name":null,"operator":null,"wikidata":null,"wikipedia":null}},{"type":"Feature","geometry":{"type":"LineString","coordinates":[[-8.49149,41.08479],[-8.49808,41.09406],[-8.4978,41.09548],[-8.50125,41.09944],[-8.50528,41.1019],[-8.50788,41.10638],[-8.51153,41.10821],[-8.51208,41.10788]]},"properties":{"osm_type":"way","osm_id":1257242405,"country":"PT","name":null,"operator":null,"wikidata":null,"wikipedia":null}},{"type":"Feature","geometry":{"type":"LineString","coordinates":[[-8.5908,41.1451],[-8.5897,41.14471],[-8.58942,41.14288],[-8.58799,41.14382],[-8.58703,41.14277],[-8.5859,41.14342],[-8.58064,41.14365],[-8.5781,41.14455],[-8.57553,41.14382],[-8.57633,41.14275],[-8.57397,41.14168],[-8.57255,41.13983],[-8.56892,41.1312],[-8.56675,41.12771],[-8.564,41.12602],[-8.56173,41.12549],[-8.55813,41.12579],[-8.55246,41.12462],[-8.55077,41.12494],[-8.54688,41.12303],[-8.54326,41.11882],[-8.54191,41.11833],[-8.54113,41.11701],[-8.5397,41.11615],[-8.53775,41.11307],[-8.53467,41.1106],[-8.53165,41.10673],[-8.5291,41.10626],[-8.52687,41.10721],[-8.52406,41.10424],[-8.52289,41.10379],[-8.52062,41.10402],[-8.51697,41.10555],[-8.51468,41.10802],[-8.51263,41.10815],[-8.51218,41.1078]]},"properties":{"osm_type":"way","osm_id":1257242409,"country":"PT","name":null,"operator":null,"wikidata":null,"wikipedia":null}},{"type":"Feature","geometry":{"type":"LineString","coordinates":[[-8.16811,41.57689],[-8.16907,41.57586]]},"properties":{"osm_type":"way","osm_id":1263215049,"country":"PT","name":null,"operator":null,"wikidata":null,"wikipedia":null}},{"type":"Feature","geometry":{"type":"LineString","coordinates":[[-8.16752,41.57756],[-8.16759,41.57748]]},"properties":{"osm_type":"way","osm_id":1263215051,"country":"PT","name":null,"operator":null,"wikidata":null,"wikipedia":null}},{"type":"Feature","geometry":{"type":"LineString","coordinates":[[-8.15283,41.57796],[-8.15307,41.57767]]},"properties":{"osm_type":"way","osm_id":1263220641,"country":"PT","name":null,"operator":null,"wikidata":null,"wikipedia":null}},{"type":"Feature","geometry":{"type":"LineString","coordinates":[[-8.15271,41.57796],[-8.15285,41.57779]]},"properties":{"osm_type":"way","osm_id":1263220642,"country":"PT","name":null,"operator":null,"wikidata":null,"wikipedia":null}},{"type":"Feature","geometry":{"type":"LineString","coordinates":[[-8.15246,41.57806],[-8.15269,41.578]]},"properties":{"osm_type":"way","osm_id":1263220644,"country":"PT","name":"Conduta do grupo 2","operator":null,"wikidata":null,"wikipedia":null}},{"type":"Feature","geometry":{"type":"LineString","coordinates":[[-8.15249,41.57808],[-8.15282,41.57803]]},"properties":{"osm_type":"way","osm_id":1263220645,"country":"PT","name":"Conduta do grupo 1","operator":null,"wikidata":null,"wikipedia":null}},{"type":"Feature","geometry":{"type":"LineString","coordinates":[[-7.73917,38.47813],[-7.73873,38.47894]]},"properties":{"osm_type":"way","osm_id":1263424259,"country":"PT","name":null,"operator":null,"wikidata":null,"wikipedia":null}},{"type":"Feature","geometry":{"type":"LineString","coordinates":[[-7.73873,38.47894],[-7.73871,38.47902]]},"properties":{"osm_type":"way","osm_id":1263424260,"country":"PT","name":null,"operator":null,"wikidata":null,"wikipedia":null}},{"type":"Feature","geometry":{"type":"LineString","coordinates":[[-7.98491,41.67496],[-7.98541,41.67506]]},"properties":{"osm_type":"way","osm_id":1267522374,"country":"PT","name":"Intake Venda Nova II","operator":null,"wikidata":null,"wikipedia":null}},{"type":"Feature","geometry":{"type":"LineString","coordinates":[[-7.9482,41.76781],[-7.95149,41.75807],[-7.97536,41.73783],[-7.97509,41.72151],[-7.98591,41.70412]]},"properties":{"osm_type":"way","osm_id":1267580696,"country":"PT","name":"Túnel adutor da Barragem de Paradela/Central Hidroelétrica de Vila Nova","operator":null,"wikidata":null,"wikipedia":null}},{"type":"Feature","geometry":{"type":"LineString","coordinates":[[-7.94965,41.77067],[-7.95166,41.77017]]},"properties":{"osm_type":"way","osm_id":1267581491,"country":"PT","name":null,"operator":null,"wikidata":null,"wikipedia":null}},{"type":"Feature","geometry":{"type":"LineString","coordinates":[[-7.95156,41.76996],[-7.95281,41.76723]]},"properties":{"osm_type":"way","osm_id":1267581492,"country":"PT","name":null,"operator":null,"wikidata":null,"wikipedia":null}},{"type":"Feature","geometry":{"type":"LineString","coordinates":[[-8.66404,40.64474],[-8.66467,40.64425]]},"properties":{"osm_type":"way","osm_id":1274657941,"country":"PT","name":null,"operator":null,"wikidata":null,"wikipedia":null}},{"type":"Feature","geometry":{"type":"LineString","coordinates":[[-8.66403,40.64475],[-8.66404,40.64474]]},"properties":{"osm_type":"way","osm_id":1274657942,"country":"PT","name":null,"operator":null,"wikidata":null,"wikipedia":null}},{"type":"Feature","geometry":{"type":"LineString","coordinates":[[-8.66285,40.64561],[-8.6629,40.64558]]},"properties":{"osm_type":"way","osm_id":1274657943,"country":"PT","name":null,"operator":null,"wikidata":null,"wikipedia":null}},{"type":"Feature","geometry":{"type":"LineString","coordinates":[[-8.66279,40.6456],[-8.66285,40.64561]]},"properties":{"osm_type":"way","osm_id":1274657944,"country":"PT","name":null,"operator":null,"wikidata":null,"wikipedia":null}},{"type":"Feature","geometry":{"type":"LineString","coordinates":[[-8.66266,40.64569],[-8.66279,40.6456]]},"properties":{"osm_type":"way","osm_id":1274657945,"country":"PT","name":null,"operator":null,"wikidata":null,"wikipedia":null}},{"type":"Feature","geometry":{"type":"LineString","coordinates":[[-8.66252,40.64577],[-8.66266,40.64569]]},"properties":{"osm_type":"way","osm_id":1274657946,"country":"PT","name":null,"operator":null,"wikidata":null,"wikipedia":null}},{"type":"Feature","geometry":{"type":"LineString","coordinates":[[-8.6629,40.64558],[-8.66403,40.64475]]},"properties":{"osm_type":"way","osm_id":1274657947,"country":"PT","name":null,"operator":null,"wikidata":null,"wikipedia":null}},{"type":"Feature","geometry":{"type":"LineString","coordinates":[[-8.65894,40.63858],[-8.65917,40.63869]]},"properties":{"osm_type":"way","osm_id":1274657975,"country":"PT","name":"Esteiro do Matadouro","operator":null,"wikidata":null,"wikipedia":null}},{"type":"Feature","geometry":{"type":"LineString","coordinates":[[-8.6587,40.63998],[-8.65862,40.63941]]},"properties":{"osm_type":"way","osm_id":1274657976,"country":"PT","name":"Esteiro do Matadouro","operator":null,"wikidata":null,"wikipedia":null}},{"type":"Feature","geometry":{"type":"LineString","coordinates":[[-8.66043,40.63739],[-8.65849,40.6395]]},"properties":{"osm_type":"way","osm_id":1274657977,"country":"PT","name":"Esteiro do Matadouro","operator":null,"wikidata":null,"wikipedia":null}},{"type":"Feature","geometry":{"type":"LineString","coordinates":[[-8.6572,40.63891],[-8.65833,40.63965]]},"properties":{"osm_type":"way","osm_id":1274657978,"country":"PT","name":"Canal dos Moliceiros","operator":null,"wikidata":null,"wikipedia":null}},{"type":"Feature","geometry":{"type":"LineString","coordinates":[[-8.65849,40.6395],[-8.65698,40.64105]]},"properties":{"osm_type":"way","osm_id":1274657979,"country":"PT","name":"Canal do Paraíso","operator":null,"wikidata":null,"wikipedia":null}},{"type":"Feature","geometry":{"type":"LineString","coordinates":[[-8.6411,40.63896],[-8.6421,40.63946]]},"properties":{"osm_type":"way","osm_id":1274657985,"country":"PT","name":"Canal do Côjo","operator":null,"wikidata":null,"wikipedia":null}},{"type":"Feature","geometry":{"type":"LineString","coordinates":[[-8.63662,40.6366],[-8.64052,40.63864]]},"properties":{"osm_type":"way","osm_id":1274657986,"country":"PT","name":"Canal do Côjo","operator":null,"wikidata":null,"wikipedia":null}},{"type":"Feature","geometry":{"type":"LineString","coordinates":[[-8.64379,40.63955],[-8.64465,40.63908],[-8.65007,40.64161],[-8.65269,40.64129]]},"properties":{"osm_type":"way","osm_id":1274657987,"country":"PT","name":"Canal do Côjo","operator":null,"wikidata":null,"wikipedia":null}},{"type":"Feature","geometry":{"type":"LineString","coordinates":[[-8.64502,40.65091],[-8.65854,40.64282]]},"properties":{"osm_type":"way","osm_id":1274657993,"country":"PT","name":"Canal de São Roque","operator":null,"wikidata":"Q97378391","wikipedia":null}},{"type":"Feature","geometry":{"type":"LineString","coordinates":[[-8.65556,40.64277],[-8.65646,40.64411]]},"properties":{"osm_type":"way","osm_id":1274657994,"country":"PT","name":"Canal dos Botirões","operator":null,"wikidata":"Q97273111","wikipedia":null}},{"type":"Feature","geometry":{"type":"LineString","coordinates":[[-8.65269,40.64129],[-8.65693,40.64103]]},"properties":{"osm_type":"way","osm_id":1274657995,"country":"PT","name":"Canal Central","operator":null,"wikidata":"Q97165874","wikipedia":null}},{"type":"Feature","geometry":{"type":"LineString","coordinates":[[-8.65693,40.64103],[-8.66344,40.64629]]},"properties":{"osm_type":"way","osm_id":1274657996,"country":"PT","name":"Canal das Pirâmides","operator":null,"wikidata":"Q97273105","wikipedia":null}},{"type":"Feature","geometry":{"type":"LineString","coordinates":[[-8.66883,40.64224],[-8.6691,40.6426]]},"properties":{"osm_type":"way","osm_id":1274657998,"country":"PT","name":null,"operator":null,"wikidata":null,"wikipedia":null}},{"type":"Feature","geometry":{"type":"LineString","coordinates":[[-8.66876,40.64216],[-8.66883,40.64224]]},"properties":{"osm_type":"way","osm_id":1274657999,"country":"PT","name":null,"operator":null,"wikidata":null,"wikipedia":null}},{"type":"Feature","geometry":{"type":"LineString","coordinates":[[-8.66875,40.64214],[-8.66876,40.64216]]},"properties":{"osm_type":"way","osm_id":1274658000,"country":"PT","name":null,"operator":null,"wikidata":null,"wikipedia":null}},{"type":"Feature","geometry":{"type":"LineString","coordinates":[[-8.66491,40.64786],[-8.66479,40.64788]]},"properties":{"osm_type":"way","osm_id":1274658002,"country":"PT","name":null,"operator":null,"wikidata":null,"wikipedia":null}},{"type":"Feature","geometry":{"type":"LineString","coordinates":[[-8.66473,40.64789],[-8.66417,40.64799]]},"properties":{"osm_type":"way","osm_id":1274658003,"country":"PT","name":null,"operator":null,"wikidata":null,"wikipedia":null}},{"type":"Feature","geometry":{"type":"LineString","coordinates":[[-8.66479,40.64788],[-8.66473,40.64789]]},"properties":{"osm_type":"way","osm_id":1274658004,"country":"PT","name":null,"operator":null,"wikidata":null,"wikipedia":null}},{"type":"Feature","geometry":{"type":"LineString","coordinates":[[-8.66453,40.64673],[-8.66491,40.64786]]},"properties":{"osm_type":"way","osm_id":1274658005,"country":"PT","name":null,"operator":null,"wikidata":null,"wikipedia":null}},{"type":"Feature","geometry":{"type":"LineString","coordinates":[[-8.66495,40.64798],[-8.66491,40.64786]]},"properties":{"osm_type":"way","osm_id":1274658006,"country":"PT","name":null,"operator":null,"wikidata":null,"wikipedia":null}},{"type":"Feature","geometry":{"type":"LineString","coordinates":[[-8.66486,40.64813],[-8.66426,40.64818]]},"properties":{"osm_type":"way","osm_id":1274658007,"country":"PT","name":null,"operator":null,"wikidata":null,"wikipedia":null}},{"type":"Feature","geometry":{"type":"LineString","coordinates":[[-8.66493,40.64814],[-8.66486,40.64813]]},"properties":{"osm_type":"way","osm_id":1274658008,"country":"PT","name":null,"operator":null,"wikidata":null,"wikipedia":null}},{"type":"Feature","geometry":{"type":"LineString","coordinates":[[-8.66432,40.64831],[-8.66485,40.6483]]},"properties":{"osm_type":"way","osm_id":1274658009,"country":"PT","name":null,"operator":null,"wikidata":null,"wikipedia":null}},{"type":"Feature","geometry":{"type":"LineString","coordinates":[[-8.66619,40.65002],[-8.66612,40.65003]]},"properties":{"osm_type":"way","osm_id":1274658010,"country":"PT","name":null,"operator":null,"wikidata":null,"wikipedia":null}},{"type":"Feature","geometry":{"type":"LineString","coordinates":[[-8.66302,40.64255],[-8.6614,40.64399],[-8.66148,40.64448]]},"properties":{"osm_type":"way","osm_id":1274658168,"country":"PT","name":null,"operator":null,"wikidata":null,"wikipedia":null}},{"type":"Feature","geometry":{"type":"LineString","coordinates":[[-8.66399,40.64468],[-8.66398,40.6447]]},"properties":{"osm_type":"way","osm_id":1274658175,"country":"PT","name":null,"operator":null,"wikidata":null,"wikipedia":null}},{"type":"Feature","geometry":{"type":"LineString","coordinates":[[-8.66307,40.64303],[-8.66315,40.64379],[-8.66437,40.64429],[-8.66399,40.64468]]},"properties":{"osm_type":"way","osm_id":1274658176,"country":"PT","name":null,"operator":null,"wikidata":null,"wikipedia":null}},{"type":"Feature","geometry":{"type":"LineString","coordinates":[[-8.66398,40.6447],[-8.66265,40.6455],[-8.66148,40.64448]]},"properties":{"osm_type":"way","osm_id":1274658177,"country":"PT","name":null,"operator":null,"wikidata":null,"wikipedia":null}},{"type":"Feature","geometry":{"type":"LineString","coordinates":[[-8.66249,40.65149],[-8.66258,40.65161]]},"properties":{"osm_type":"way","osm_id":1274658428,"country":"PT","name":null,"operator":null,"wikidata":null,"wikipedia":null}},{"type":"Feature","geometry":{"type":"LineString","coordinates":[[-8.662,40.65044],[-8.66199,40.65049]]},"properties":{"osm_type":"way","osm_id":1274658429,"country":"PT","name":null,"operator":null,"wikidata":null,"wikipedia":null}},{"type":"Feature","geometry":{"type":"LineString","coordinates":[[-8.66428,40.65123],[-8.66442,40.65122]]},"properties":{"osm_type":"way","osm_id":1274658434,"country":"PT","name":null,"operator":null,"wikidata":null,"wikipedia":null}},{"type":"Feature","geometry":{"type":"LineString","coordinates":[[-8.65586,40.64893],[-8.65588,40.64891]]},"properties":{"osm_type":"way","osm_id":1275004515,"country":"PT","name":null,"operator":null,"wikidata":null,"wikipedia":null}},{"type":"Feature","geometry":{"type":"LineString","coordinates":[[-8.65583,40.64894],[-8.65586,40.64893]]},"properties":{"osm_type":"way","osm_id":1275004516,"country":"PT","name":null,"operator":null,"wikidata":null,"wikipedia":null}},{"type":"Feature","geometry":{"type":"LineString","coordinates":[[-8.65456,40.64682],[-8.65468,40.64679]]},"properties":{"osm_type":"way","osm_id":1275004921,"country":"PT","name":null,"operator":null,"wikidata":null,"wikipedia":null}},{"type":"Feature","geometry":{"type":"LineString","coordinates":[[-8.65442,40.64884],[-8.65583,40.64894]]},"properties":{"osm_type":"way","osm_id":1275004922,"country":"PT","name":null,"operator":null,"wikidata":null,"wikipedia":null}},{"type":"Feature","geometry":{"type":"LineString","coordinates":[[-7.98046,41.66368],[-7.9806,41.66469]]},"properties":{"osm_type":"way","osm_id":1275408365,"country":"PT","name":null,"operator":null,"wikidata":null,"wikipedia":null}},{"type":"Feature","geometry":{"type":"LineString","coordinates":[[-7.29987,40.5971],[-7.2985,40.59922],[-7.29747,40.6025]]},"properties":{"osm_type":"way","osm_id":1278193505,"country":"PT","name":null,"operator":null,"wikidata":null,"wikipedia":null}},{"type":"Feature","geometry":{"type":"LineString","coordinates":[[-8.50211,38.26347],[-8.50484,38.26255],[-8.5057,38.25968],[-8.50752,38.25811],[-8.51295,38.25719],[-8.51401,38.25609],[-8.51416,38.25386]]},"properties":{"osm_type":"way","osm_id":1288913352,"country":"PT","name":null,"operator":null,"wikidata":null,"wikipedia":null}},{"type":"Feature","geometry":{"type":"LineString","coordinates":[[-8.49981,38.26304],[-8.50211,38.26347]]},"properties":{"osm_type":"way","osm_id":1288913353,"country":"PT","name":null,"operator":null,"wikidata":null,"wikipedia":null}},{"type":"Feature","geometry":{"type":"LineString","coordinates":[[-8.4388,41.12654],[-8.43912,41.12653]]},"properties":{"osm_type":"way","osm_id":1292161283,"country":"PT","name":null,"operator":null,"wikidata":null,"wikipedia":null}},{"type":"Feature","geometry":{"type":"LineString","coordinates":[[-8.43916,41.12651],[-8.4392,41.12649]]},"properties":{"osm_type":"way","osm_id":1292161284,"country":"PT","name":null,"operator":null,"wikidata":null,"wikipedia":null}},{"type":"Feature","geometry":{"type":"LineString","coordinates":[[-8.15115,41.57933],[-8.15119,41.57932]]},"properties":{"osm_type":"way","osm_id":1292615043,"country":"PT","name":null,"operator":null,"wikidata":null,"wikipedia":null}},{"type":"Feature","geometry":{"type":"LineString","coordinates":[[-8.15115,41.57933],[-8.15116,41.5793]]},"properties":{"osm_type":"way","osm_id":1292615044,"country":"PT","name":null,"operator":null,"wikidata":null,"wikipedia":null}},{"type":"Feature","geometry":{"type":"LineString","coordinates":[[-8.1508,41.57932],[-8.15115,41.57933]]},"properties":{"osm_type":"way","osm_id":1292615045,"country":"PT","name":null,"operator":null,"wikidata":null,"wikipedia":null}},{"type":"Feature","geometry":{"type":"LineString","coordinates":[[-8.27398,40.87092],[-8.27449,40.8708]]},"properties":{"osm_type":"way","osm_id":1292667855,"country":"PT","name":"Levada da Ribeira da Foz","operator":null,"wikidata":null,"wikipedia":null}},{"type":"Feature","geometry":{"type":"LineString","coordinates":[[-6.65948,41.39478],[-6.65934,41.3948]]},"properties":{"osm_type":"way","osm_id":1293614244,"country":"PT","name":"Descarga de fundo","operator":null,"wikidata":null,"wikipedia":null}},{"type":"Feature","geometry":{"type":"LineString","coordinates":[[-8.13875,38.96004],[-8.13883,38.96004]]},"properties":{"osm_type":"way","osm_id":1293618743,"country":"PT","name":null,"operator":null,"wikidata":null,"wikipedia":null}},{"type":"Feature","geometry":{"type":"LineString","coordinates":[[-8.13842,38.96001],[-8.13875,38.96004]]},"properties":{"osm_type":"way","osm_id":1293618744,"country":"PT","name":null,"operator":null,"wikidata":null,"wikipedia":null}},{"type":"Feature","geometry":{"type":"LineString","coordinates":[[-8.16182,40.84653],[-8.16193,40.84669]]},"properties":{"osm_type":"way","osm_id":1294858936,"country":"PT","name":null,"operator":null,"wikidata":null,"wikipedia":null}},{"type":"Feature","geometry":{"type":"LineString","coordinates":[[-8.29027,40.76097],[-8.29006,40.76087]]},"properties":{"osm_type":"way","osm_id":1295696017,"country":"PT","name":"Levada de Parada","operator":null,"wikidata":null,"wikipedia":null}},{"type":"Feature","geometry":{"type":"LineString","coordinates":[[-8.29037,40.76096],[-8.29027,40.76097]]},"properties":{"osm_type":"way","osm_id":1295696018,"country":"PT","name":"Levada de Parada","operator":null,"wikidata":null,"wikipedia":null}},{"type":"Feature","geometry":{"type":"LineString","coordinates":[[-8.63073,40.6532],[-8.63296,40.65522],[-8.63727,40.65738],[-8.63936,40.6626],[-8.64047,40.66383],[-8.64045,40.66762],[-8.64207,40.66884],[-8.64349,40.67092],[-8.6456,40.67105]]},"properties":{"osm_type":"way","osm_id":1304837404,"country":"PT","name":"Esteiro das Esgueiras","operator":null,"wikidata":null,"wikipedia":null}},{"type":"Feature","geometry":{"type":"LineString","coordinates":[[-8.64337,40.65388],[-8.64456,40.65386]]},"properties":{"osm_type":"way","osm_id":1304854020,"country":"PT","name":null,"operator":null,"wikidata":null,"wikipedia":null}},{"type":"Feature","geometry":{"type":"LineString","coordinates":[[-8.63943,40.65491],[-8.63843,40.65509],[-8.6382,40.65644]]},"properties":{"osm_type":"way","osm_id":1304854021,"country":"PT","name":null,"operator":null,"wikidata":null,"wikipedia":null}},{"type":"Feature","geometry":{"type":"LineString","coordinates":[[-8.63638,40.65703],[-8.63841,40.65639],[-8.64225,40.65689],[-8.64359,40.65658]]},"properties":{"osm_type":"way","osm_id":1304854022,"country":"PT","name":null,"operator":null,"wikidata":null,"wikipedia":null}},{"type":"Feature","geometry":{"type":"LineString","coordinates":[[-8.28822,40.77028],[-8.28834,40.76939],[-8.28914,40.76869],[-8.28861,40.76807],[-8.29112,40.76452]]},"properties":{"osm_type":"way","osm_id":1307462111,"country":"PT","name":"Levada de Parada","operator":null,"wikidata":null,"wikipedia":null}},{"type":"Feature","geometry":{"type":"LineString","coordinates":[[-8.28413,40.77641],[-8.284,40.77565],[-8.28468,40.77548],[-8.28459,40.77511]]},"properties":{"osm_type":"way","osm_id":1307462112,"country":"PT","name":"Levada de Parada","operator":null,"wikidata":null,"wikipedia":null}},{"type":"Feature","geometry":{"type":"LineString","coordinates":[[-8.28599,40.77773],[-8.28532,40.77646],[-8.28413,40.77641]]},"properties":{"osm_type":"way","osm_id":1307462114,"country":"PT","name":"Levada de Parada","operator":null,"wikidata":null,"wikipedia":null}},{"type":"Feature","geometry":{"type":"LineString","coordinates":[[-8.28728,40.78183],[-8.28775,40.78103],[-8.28637,40.77934],[-8.28599,40.77773]]},"properties":{"osm_type":"way","osm_id":1307462115,"country":"PT","name":"Levada de Parada","operator":null,"wikidata":null,"wikipedia":null}},{"type":"Feature","geometry":{"type":"LineString","coordinates":[[-8.27457,40.87077],[-8.27477,40.87061]]},"properties":{"osm_type":"way","osm_id":1307743673,"country":"PT","name":"Levada da Ribeira da Foz","operator":null,"wikidata":null,"wikipedia":null}},{"type":"Feature","geometry":{"type":"LineString","coordinates":[[-8.27359,40.87119],[-8.27398,40.87092]]},"properties":{"osm_type":"way","osm_id":1307743674,"country":"PT","name":"Levada da Ribeira da Foz","operator":null,"wikidata":null,"wikipedia":null}},{"type":"Feature","geometry":{"type":"LineString","coordinates":[[-7.15155,41.4093],[-7.15142,41.40934]]},"properties":{"osm_type":"way","osm_id":1314127695,"country":"PT","name":null,"operator":null,"wikidata":null,"wikipedia":null}},{"type":"Feature","geometry":{"type":"LineString","coordinates":[[-7.15258,41.41084],[-7.15259,41.41091]]},"properties":{"osm_type":"way","osm_id":1314127696,"country":"PT","name":null,"operator":null,"wikidata":null,"wikipedia":null}},{"type":"Feature","geometry":{"type":"LineString","coordinates":[[-8.75888,41.88559],[-8.76113,41.88458]]},"properties":{"osm_type":"way","osm_id":1316661316,"country":"PT","name":null,"operator":null,"wikidata":null,"wikipedia":null}},{"type":"Feature","geometry":{"type":"LineString","coordinates":[[-8.7613,41.88452],[-8.76337,41.88408]]},"properties":{"osm_type":"way","osm_id":1316661317,"country":"PT","name":null,"operator":null,"wikidata":null,"wikipedia":null}},{"type":"Feature","geometry":{"type":"LineString","coordinates":[[-7.97869,40.76163],[-7.97806,40.76201]]},"properties":{"osm_type":"way","osm_id":1317015504,"country":"PT","name":null,"operator":null,"wikidata":null,"wikipedia":null}},{"type":"Feature","geometry":{"type":"LineString","coordinates":[[-7.97861,40.76156],[-7.97799,40.76195]]},"properties":{"osm_type":"way","osm_id":1317015505,"country":"PT","name":null,"operator":null,"wikidata":null,"wikipedia":null}},{"type":"Feature","geometry":{"type":"LineString","coordinates":[[-7.97859,40.76144],[-7.97869,40.76163]]},"properties":{"osm_type":"way","osm_id":1317015506,"country":"PT","name":null,"operator":null,"wikidata":null,"wikipedia":null}},{"type":"Feature","geometry":{"type":"LineString","coordinates":[[-8.69984,37.20347],[-8.70101,37.20287]]},"properties":{"osm_type":"way","osm_id":1317424498,"country":"PT","name":null,"operator":null,"wikidata":null,"wikipedia":null}},{"type":"Feature","geometry":{"type":"LineString","coordinates":[[-8.62072,37.84042],[-8.6186,37.84052]]},"properties":{"osm_type":"way","osm_id":1317424500,"country":"PT","name":null,"operator":null,"wikidata":null,"wikipedia":null}},{"type":"Feature","geometry":{"type":"LineString","coordinates":[[-7.79564,40.63385],[-7.82546,40.62946]]},"properties":{"osm_type":"way","osm_id":1317424508,"country":"PT","name":null,"operator":null,"wikidata":null,"wikipedia":null}},{"type":"Feature","geometry":{"type":"LineString","coordinates":[[-7.79319,40.6338],[-7.79564,40.63385]]},"properties":{"osm_type":"way","osm_id":1317424509,"country":"PT","name":null,"operator":null,"wikidata":null,"wikipedia":null}},{"type":"Feature","geometry":{"type":"LineString","coordinates":[[-8.28744,40.59927],[-8.28785,40.59944]]},"properties":{"osm_type":"way","osm_id":1317424511,"country":"PT","name":null,"operator":null,"wikidata":null,"wikipedia":null}},{"type":"Feature","geometry":{"type":"LineString","coordinates":[[-8.28533,40.59756],[-8.28616,40.59873],[-8.28744,40.59927]]},"properties":{"osm_type":"way","osm_id":1317424512,"country":"PT","name":null,"operator":null,"wikidata":null,"wikipedia":null}},{"type":"Feature","geometry":{"type":"LineString","coordinates":[[-8.28479,40.5987],[-8.28526,40.59753]]},"properties":{"osm_type":"way","osm_id":1317424515,"country":"PT","name":null,"operator":null,"wikidata":null,"wikipedia":null}},{"type":"Feature","geometry":{"type":"LineString","coordinates":[[-8.29453,40.60231],[-8.29466,40.60238]]},"properties":{"osm_type":"way","osm_id":1317424518,"country":"PT","name":null,"operator":null,"wikidata":null,"wikipedia":null}},{"type":"Feature","geometry":{"type":"LineString","coordinates":[[-8.31691,40.64838],[-8.31784,40.64714]]},"properties":{"osm_type":"way","osm_id":1317424521,"country":"PT","name":null,"operator":null,"wikidata":null,"wikipedia":null}},{"type":"Feature","geometry":{"type":"LineString","coordinates":[[-8.24668,40.67044],[-8.24684,40.67044]]},"properties":{"osm_type":"way","osm_id":1317424524,"country":"PT","name":null,"operator":null,"wikidata":null,"wikipedia":null}},{"type":"Feature","geometry":{"type":"LineString","coordinates":[[-8.36321,40.70582],[-8.36327,40.70576]]},"properties":{"osm_type":"way","osm_id":1317424525,"country":"PT","name":"Hidroeléctrica da Grela","operator":null,"wikidata":null,"wikipedia":null}},{"type":"Feature","geometry":{"type":"LineString","coordinates":[[-8.36252,40.70655],[-8.36321,40.70582]]},"properties":{"osm_type":"way","osm_id":1317424526,"country":"PT","name":"Hidroeléctrica da Grela","operator":null,"wikidata":null,"wikipedia":null}},{"type":"Feature","geometry":{"type":"LineString","coordinates":[[-7.15555,41.39729],[-7.15553,41.39733]]},"properties":{"osm_type":"way","osm_id":1321617252,"country":"PT","name":null,"operator":null,"wikidata":null,"wikipedia":null}},{"type":"Feature","geometry":{"type":"LineString","coordinates":[[-8.30112,40.80249],[-8.29906,40.80292]]},"properties":{"osm_type":"way","osm_id":1322357967,"country":"PT","name":null,"operator":null,"wikidata":null,"wikipedia":null}},{"type":"Feature","geometry":{"type":"LineString","coordinates":[[-8.30147,40.80261],[-8.30112,40.80249]]},"properties":{"osm_type":"way","osm_id":1322357968,"country":"PT","name":null,"operator":null,"wikidata":null,"wikipedia":null}},{"type":"Feature","geometry":{"type":"LineString","coordinates":[[-8.27118,41.85547],[-8.2708,41.85565]]},"properties":{"osm_type":"way","osm_id":1322956851,"country":"PT","name":null,"operator":null,"wikidata":null,"wikipedia":null}},{"type":"Feature","geometry":{"type":"LineString","coordinates":[[-8.51202,41.10783],[-8.51158,41.10812],[-8.50934,41.10715],[-8.50914,41.1057],[-8.51303,41.10211],[-8.51519,41.09575],[-8.51759,41.0946],[-8.51474,41.09308],[-8.516,41.09174],[-8.51984,41.08993],[-8.51968,41.08918],[-8.51844,41.08862]]},"properties":{"osm_type":"way","osm_id":1324232665,"country":"PT","name":null,"operator":null,"wikidata":null,"wikipedia":null}},{"type":"Feature","geometry":{"type":"LineString","coordinates":[[-8.51208,41.10788],[-8.51223,41.10817],[-8.51006,41.10911],[-8.51078,41.11682],[-8.51142,41.11917],[-8.51467,41.12576],[-8.51552,41.13114],[-8.51633,41.1311],[-8.51627,41.13062]]},"properties":{"osm_type":"way","osm_id":1324232666,"country":"PT","name":null,"operator":null,"wikidata":null,"wikipedia":null}},{"type":"Feature","geometry":{"type":"LineString","coordinates":[[-8.51818,41.08765],[-8.51818,41.08677],[-8.51965,41.08513],[-8.51913,41.0739],[-8.51842,41.07091],[-8.51686,41.06869],[-8.51292,41.06866],[-8.51205,41.06779],[-8.51192,41.06676],[-8.5163,41.06415],[-8.51537,41.06224],[-8.51539,41.06066],[-8.51625,41.05952]]},"properties":{"osm_type":"way","osm_id":1324232667,"country":"PT","name":null,"operator":null,"wikidata":null,"wikipedia":null}},{"type":"Feature","geometry":{"type":"LineString","coordinates":[[-8.5204,41.06314],[-8.52064,41.06394],[-8.52333,41.06635],[-8.52481,41.06897],[-8.52518,41.0708],[-8.52646,41.07246],[-8.5297,41.07487],[-8.53083,41.08156],[-8.5308,41.08549],[-8.53205,41.0899],[-8.53314,41.0909]]},"properties":{"osm_type":"way","osm_id":1324490680,"country":"PT","name":null,"operator":null,"wikidata":null,"wikipedia":null}},{"type":"Feature","geometry":{"type":"LineString","coordinates":[[-8.55015,41.09452],[-8.53564,41.09034],[-8.53462,41.09125],[-8.53317,41.09091]]},"properties":{"osm_type":"way","osm_id":1326243433,"country":"PT","name":null,"operator":null,"wikidata":null,"wikipedia":null}},{"type":"Feature","geometry":{"type":"LineString","coordinates":[[-7.1533,41.41278],[-7.15332,41.41287]]},"properties":{"osm_type":"way","osm_id":1326320423,"country":"PT","name":null,"operator":null,"wikidata":null,"wikipedia":null}},{"type":"Feature","geometry":{"type":"LineString","coordinates":[[-8.35319,40.84919],[-8.35636,40.85014],[-8.35692,40.84932],[-8.35631,40.84767]]},"properties":{"osm_type":"way","osm_id":1327289421,"country":"PT","name":"Levada de Santa Cruz","operator":null,"wikidata":null,"wikipedia":null}},{"type":"Feature","geometry":{"type":"LineString","coordinates":[[-8.35299,40.84902],[-8.35319,40.84919]]},"properties":{"osm_type":"way","osm_id":1327289422,"country":"PT","name":"Levada de Santa Cruz","operator":null,"wikidata":null,"wikipedia":null}},{"type":"Feature","geometry":{"type":"LineString","coordinates":[[-8.34337,40.84809],[-8.34402,40.84851]]},"properties":{"osm_type":"way","osm_id":1327295033,"country":"PT","name":"Levada de Santa Cruz","operator":null,"wikidata":null,"wikipedia":null}},{"type":"Feature","geometry":{"type":"LineString","coordinates":[[-8.34402,40.84851],[-8.34413,40.84859]]},"properties":{"osm_type":"way","osm_id":1327295034,"country":"PT","name":"Levada de Santa Cruz","operator":null,"wikidata":null,"wikipedia":null}},{"type":"Feature","geometry":{"type":"LineString","coordinates":[[-8.34413,40.84859],[-8.34434,40.84862]]},"properties":{"osm_type":"way","osm_id":1327295035,"country":"PT","name":"Levada de Santa Cruz","operator":null,"wikidata":null,"wikipedia":null}},{"type":"Feature","geometry":{"type":"LineString","coordinates":[[-8.51097,41.11741],[-8.50924,41.11581],[-8.50646,41.11484],[-8.50532,41.11307],[-8.50413,41.11341],[-8.50142,41.11303],[-8.49986,41.11385],[-8.49688,41.11385],[-8.49583,41.11427],[-8.49501,41.11399],[-8.49516,41.11326],[-8.49434,41.11261],[-8.49375,41.11307],[-8.49097,41.11325],[-8.48666,41.11301],[-8.48334,41.11379],[-8.48107,41.11304],[-8.47872,41.10955],[-8.47764,41.10884],[-8.47618,41.10551],[-8.47448,41.10451],[-8.47321,41.10446],[-8.47254,41.1054],[-8.47113,41.10495],[-8.46662,41.106],[-8.461,41.10624],[-8.45898,41.10594],[-8.45753,41.10681]]},"properties":{"osm_type":"way","osm_id":1329880488,"country":"PT","name":null,"operator":null,"wikidata":null,"wikipedia":null}},{"type":"Feature","geometry":{"type":"LineString","coordinates":[[-8.51161,41.11348],[-8.51222,41.11316],[-8.51183,41.11271],[-8.51059,41.11333],[-8.51097,41.11741]]},"properties":{"osm_type":"way","osm_id":1329880491,"country":"PT","name":null,"operator":null,"wikidata":null,"wikipedia":null}},{"type":"Feature","geometry":{"type":"LineString","coordinates":[[-8.51214,41.11322],[-8.51208,41.11313]]},"properties":{"osm_type":"way","osm_id":1329880492,"country":"PT","name":null,"operator":null,"wikidata":null,"wikipedia":null}},{"type":"Feature","geometry":{"type":"LineString","coordinates":[[-8.49149,41.08479],[-8.49172,41.08534],[-8.49453,41.08582]]},"properties":{"osm_type":"way","osm_id":1329880494,"country":"PT","name":null,"operator":null,"wikidata":null,"wikipedia":null}},{"type":"Feature","geometry":{"type":"LineString","coordinates":[[-8.48332,41.06661],[-8.48805,41.06741],[-8.49144,41.06742],[-8.49208,41.0678],[-8.49084,41.07382],[-8.48877,41.07507],[-8.48814,41.07687],[-8.48909,41.07866],[-8.4886,41.08041],[-8.48919,41.08221],[-8.49149,41.08479]]},"properties":{"osm_type":"way","osm_id":1329880495,"country":"PT","name":null,"operator":null,"wikidata":null,"wikipedia":null}},{"type":"Feature","geometry":{"type":"LineString","coordinates":[[-8.51097,41.11741],[-8.51472,41.12573],[-8.5156,41.13161]]},"properties":{"osm_type":"way","osm_id":1329880497,"country":"PT","name":null,"operator":null,"wikidata":null,"wikipedia":null}},{"type":"Feature","geometry":{"type":"LineString","coordinates":[[-8.44674,37.86835],[-8.44653,37.86823]]},"properties":{"osm_type":"way","osm_id":1331937098,"country":"PT","name":null,"operator":null,"wikidata":null,"wikipedia":null}},{"type":"Feature","geometry":{"type":"LineString","coordinates":[[-8.65854,40.64282],[-8.65868,40.64274]]},"properties":{"osm_type":"way","osm_id":1334687013,"country":"PT","name":"Canal de São Roque","operator":null,"wikidata":"Q97378391","wikipedia":null}},{"type":"Feature","geometry":{"type":"LineString","coordinates":[[-8.21872,39.85408],[-8.21971,39.85395]]},"properties":{"osm_type":"way","osm_id":1338707144,"country":"PT","name":null,"operator":null,"wikidata":null,"wikipedia":null}},{"type":"Feature","geometry":{"type":"LineString","coordinates":[[-8.21871,39.85404],[-8.21971,39.85388]]},"properties":{"osm_type":"way","osm_id":1338707145,"country":"PT","name":null,"operator":null,"wikidata":null,"wikipedia":null}},{"type":"Feature","geometry":{"type":"LineString","coordinates":[[-7.8474,40.18901],[-7.84752,40.18897]]},"properties":{"osm_type":"way","osm_id":1341650517,"country":"PT","name":null,"operator":null,"wikidata":null,"wikipedia":null}},{"type":"Feature","geometry":{"type":"LineString","coordinates":[[-17.15007,32.7454],[-17.15027,32.74499]]},"properties":{"osm_type":"way","osm_id":1341953541,"country":"PT","name":"Levada Nova dos Canhas","operator":null,"wikidata":null,"wikipedia":null}},{"type":"Feature","geometry":{"type":"LineString","coordinates":[[-17.14652,32.74626],[-17.1473,32.74565]]},"properties":{"osm_type":"way","osm_id":1341953542,"country":"PT","name":null,"operator":null,"wikidata":null,"wikipedia":null}},{"type":"Feature","geometry":{"type":"LineString","coordinates":[[-17.14462,32.74792],[-17.14652,32.74626]]},"properties":{"osm_type":"way","osm_id":1341953543,"country":"PT","name":null,"operator":null,"wikidata":null,"wikipedia":null}},{"type":"Feature","geometry":{"type":"LineString","coordinates":[[-17.14434,32.74828],[-17.14462,32.74792]]},"properties":{"osm_type":"way","osm_id":1341953544,"country":"PT","name":null,"operator":null,"wikidata":null,"wikipedia":null}},{"type":"Feature","geometry":{"type":"LineString","coordinates":[[-7.50993,37.27359],[-7.50605,37.27354]]},"properties":{"osm_type":"way","osm_id":1344776462,"country":"PT","name":null,"operator":"Águas do Algarve","wikidata":null,"wikipedia":null}},{"type":"Feature","geometry":{"type":"LineString","coordinates":[[-7.48618,37.32852],[-7.48443,37.32689]]},"properties":{"osm_type":"way","osm_id":1344800783,"country":"PT","name":null,"operator":"Águas do Algarve","wikidata":null,"wikipedia":null}},{"type":"Feature","geometry":{"type":"LineString","coordinates":[[-8.5732,40.74564],[-8.57298,40.74498]]},"properties":{"osm_type":"way","osm_id":1352437150,"country":"PT","name":null,"operator":null,"wikidata":null,"wikipedia":null}},{"type":"Feature","geometry":{"type":"LineString","coordinates":[[-8.57305,40.74568],[-8.5732,40.74564]]},"properties":{"osm_type":"way","osm_id":1352437151,"country":"PT","name":null,"operator":null,"wikidata":null,"wikipedia":null}},{"type":"Feature","geometry":{"type":"LineString","coordinates":[[-8.57313,40.74495],[-8.57377,40.74439]]},"properties":{"osm_type":"way","osm_id":1352437152,"country":"PT","name":null,"operator":null,"wikidata":null,"wikipedia":null}},{"type":"Feature","geometry":{"type":"LineString","coordinates":[[-8.57298,40.74498],[-8.57313,40.74495]]},"properties":{"osm_type":"way","osm_id":1352437153,"country":"PT","name":null,"operator":null,"wikidata":null,"wikipedia":null}},{"type":"Feature","geometry":{"type":"LineString","coordinates":[[-8.56957,40.74663],[-8.5705,40.74585],[-8.57136,40.74667],[-8.57305,40.74568]]},"properties":{"osm_type":"way","osm_id":1352437154,"country":"PT","name":null,"operator":null,"wikidata":null,"wikipedia":null}},{"type":"Feature","geometry":{"type":"LineString","coordinates":[[-8.57862,40.74854],[-8.57856,40.74846]]},"properties":{"osm_type":"way","osm_id":1352804825,"country":"PT","name":null,"operator":null,"wikidata":null,"wikipedia":null}},{"type":"Feature","geometry":{"type":"LineString","coordinates":[[-8.06869,38.16361],[-8.07044,38.16206],[-8.07086,38.16027]]},"properties":{"osm_type":"way","osm_id":1353034430,"country":"PT","name":null,"operator":null,"wikidata":null,"wikipedia":null}},{"type":"Feature","geometry":{"type":"LineString","coordinates":[[-8.07086,38.16027],[-8.07088,38.16018]]},"properties":{"osm_type":"way","osm_id":1353034431,"country":"PT","name":null,"operator":null,"wikidata":null,"wikipedia":null}},{"type":"Feature","geometry":{"type":"LineString","coordinates":[[-7.96622,38.08227],[-7.96643,38.08208]]},"properties":{"osm_type":"way","osm_id":1355422311,"country":"PT","name":null,"operator":null,"wikidata":null,"wikipedia":null}},{"type":"Feature","geometry":{"type":"LineString","coordinates":[[-7.96606,38.08241],[-7.96615,38.08233]]},"properties":{"osm_type":"way","osm_id":1355422312,"country":"PT","name":null,"operator":null,"wikidata":null,"wikipedia":null}},{"type":"Feature","geometry":{"type":"LineString","coordinates":[[-7.96615,38.08233],[-7.96622,38.08227]]},"properties":{"osm_type":"way","osm_id":1355422313,"country":"PT","name":null,"operator":null,"wikidata":null,"wikipedia":null}},{"type":"Feature","geometry":{"type":"LineString","coordinates":[[-7.90206,38.18342],[-7.90218,38.18339]]},"properties":{"osm_type":"way","osm_id":1355426406,"country":"PT","name":null,"operator":null,"wikidata":null,"wikipedia":null}},{"type":"Feature","geometry":{"type":"LineString","coordinates":[[-7.90197,38.18343],[-7.90206,38.18342]]},"properties":{"osm_type":"way","osm_id":1355426407,"country":"PT","name":null,"operator":null,"wikidata":null,"wikipedia":null}},{"type":"Feature","geometry":{"type":"LineString","coordinates":[[-8.54448,41.54518],[-8.54449,41.54422],[-8.54683,41.54291],[-8.54634,41.54109],[-8.54673,41.53991],[-8.54764,41.53928],[-8.54899,41.53953],[-8.54947,41.53875],[-8.54916,41.53737],[-8.54775,41.53605],[-8.54778,41.53519],[-8.55075,41.53204],[-8.55233,41.5321],[-8.55259,41.5274]]},"properties":{"osm_type":"way","osm_id":1362008945,"country":"PT","name":null,"operator":null,"wikidata":null,"wikipedia":null}},{"type":"Feature","geometry":{"type":"LineString","coordinates":[[-8.58674,41.51836],[-8.58561,41.51948],[-8.5818,41.51969],[-8.5758,41.52107],[-8.57043,41.52092],[-8.56652,41.52338],[-8.5655,41.52525],[-8.55869,41.52948],[-8.55689,41.53009],[-8.55536,41.52762],[-8.55259,41.5274]]},"properties":{"osm_type":"way","osm_id":1362008946,"country":"PT","name":null,"operator":null,"wikidata":null,"wikipedia":null}},{"type":"Feature","geometry":{"type":"LineString","coordinates":[[-8.55259,41.5274],[-8.55294,41.52651],[-8.5518,41.52392],[-8.54963,41.52357],[-8.54897,41.52289],[-8.54659,41.52299],[-8.5456,41.52243],[-8.54172,41.52297],[-8.54332,41.51683],[-8.54275,41.51514]]},"properties":{"osm_type":"way","osm_id":1362008947,"country":"PT","name":null,"operator":null,"wikidata":null,"wikipedia":null}},{"type":"Feature","geometry":{"type":"LineString","coordinates":[[-8.46207,41.34699],[-8.46333,41.34493],[-8.46836,41.3424],[-8.47228,41.34408],[-8.4729,41.34579],[-8.47508,41.34672],[-8.47914,41.34735],[-8.48084,41.34266],[-8.48452,41.34407],[-8.48812,41.34343],[-8.4894,41.34232],[-8.49058,41.34225],[-8.49081,41.34149],[-8.49217,41.3413]]},"properties":{"osm_type":"way","osm_id":1362352069,"country":"PT","name":null,"operator":null,"wikidata":null,"wikipedia":null}},{"type":"Feature","geometry":{"type":"LineString","coordinates":[[-8.47102,41.29671],[-8.47109,41.28956],[-8.47207,41.28632],[-8.47025,41.28268],[-8.46995,41.27887],[-8.46844,41.27484],[-8.46989,41.2727],[-8.47028,41.26984],[-8.47114,41.26874],[-8.48087,41.26384],[-8.48203,41.26439],[-8.48298,41.26576],[-8.4826,41.26602],[-8.48286,41.26836],[-8.48218,41.26902]]},"properties":{"osm_type":"way","osm_id":1362367863,"country":"PT","name":null,"operator":null,"wikidata":null,"wikipedia":null}},{"type":"Feature","geometry":{"type":"LineString","coordinates":[[-8.47393,41.29459],[-8.4755,41.29367],[-8.4764,41.29366],[-8.47736,41.29429],[-8.48042,41.29314],[-8.48164,41.29334],[-8.48217,41.29375],[-8.48163,41.29408],[-8.4835,41.2948]]},"properties":{"osm_type":"way","osm_id":1362367866,"country":"PT","name":null,"operator":null,"wikidata":null,"wikipedia":null}},{"type":"Feature","geometry":{"type":"LineString","coordinates":[[-8.46207,41.34699],[-8.46253,41.34381],[-8.46177,41.34211]]},"properties":{"osm_type":"way","osm_id":1362367867,"country":"PT","name":null,"operator":null,"wikidata":null,"wikipedia":null}},{"type":"Feature","geometry":{"type":"LineString","coordinates":[[-8.45842,41.34841],[-8.46207,41.34699]]},"properties":{"osm_type":"way","osm_id":1362367868,"country":"PT","name":null,"operator":null,"wikidata":null,"wikipedia":null}},{"type":"Feature","geometry":{"type":"LineString","coordinates":[[-8.46177,41.34211],[-8.46165,41.34217]]},"properties":{"osm_type":"way","osm_id":1362367869,"country":"PT","name":null,"operator":null,"wikidata":null,"wikipedia":null}},{"type":"Feature","geometry":{"type":"LineString","coordinates":[[-8.46177,41.34211],[-8.46177,41.34028],[-8.46426,41.33767],[-8.46579,41.33521],[-8.46462,41.33484],[-8.46256,41.33254],[-8.46273,41.32993],[-8.45878,41.33098],[-8.45982,41.33177],[-8.45779,41.33294],[-8.45776,41.33402]]},"properties":{"osm_type":"way","osm_id":1362367870,"country":"PT","name":null,"operator":null,"wikidata":null,"wikipedia":null}},{"type":"Feature","geometry":{"type":"LineString","coordinates":[[-7.16796,39.85655],[-7.16676,39.85605],[-7.16675,39.8551],[-7.16745,39.85448],[-7.16694,39.85389],[-7.16497,39.85488]]},"properties":{"osm_type":"way","osm_id":1363181300,"country":"PT","name":null,"operator":null,"wikidata":null,"wikipedia":null}},{"type":"Feature","geometry":{"type":"LineString","coordinates":[[-7.16802,39.85738],[-7.16796,39.85655]]},"properties":{"osm_type":"way","osm_id":1363181302,"country":"PT","name":null,"operator":null,"wikidata":null,"wikipedia":null}},{"type":"Feature","geometry":{"type":"LineString","coordinates":[[-7.16732,39.85963],[-7.16677,39.85885],[-7.16811,39.8585],[-7.16802,39.85738]]},"properties":{"osm_type":"way","osm_id":1363181303,"country":"PT","name":null,"operator":null,"wikidata":null,"wikipedia":null}},{"type":"Feature","geometry":{"type":"LineString","coordinates":[[-7.16761,39.86078],[-7.16732,39.85963]]},"properties":{"osm_type":"way","osm_id":1363181304,"country":"PT","name":null,"operator":null,"wikidata":null,"wikipedia":null}},{"type":"Feature","geometry":{"type":"LineString","coordinates":[[-7.16766,39.862],[-7.16833,39.86112],[-7.16761,39.86078]]},"properties":{"osm_type":"way","osm_id":1363181305,"country":"PT","name":null,"operator":null,"wikidata":null,"wikipedia":null}},{"type":"Feature","geometry":{"type":"LineString","coordinates":[[-7.1664,39.86287],[-7.16766,39.862]]},"properties":{"osm_type":"way","osm_id":1363181306,"country":"PT","name":null,"operator":null,"wikidata":null,"wikipedia":null}},{"type":"Feature","geometry":{"type":"LineString","coordinates":[[-7.16462,39.8637],[-7.16543,39.86292],[-7.1664,39.86287]]},"properties":{"osm_type":"way","osm_id":1363181307,"country":"PT","name":null,"operator":null,"wikidata":null,"wikipedia":null}},{"type":"Feature","geometry":{"type":"LineString","coordinates":[[-7.16226,39.86847],[-7.16282,39.86688],[-7.16431,39.86556]]},"properties":{"osm_type":"way","osm_id":1363181308,"country":"PT","name":null,"operator":null,"wikidata":null,"wikipedia":null}},{"type":"Feature","geometry":{"type":"LineString","coordinates":[[-7.16431,39.86556],[-7.16462,39.8637]]},"properties":{"osm_type":"way","osm_id":1363181309,"country":"PT","name":null,"operator":null,"wikidata":null,"wikipedia":null}},{"type":"Feature","geometry":{"type":"LineString","coordinates":[[-7.13253,39.86089],[-7.13738,39.85636],[-7.13887,39.85574],[-7.14038,39.85348]]},"properties":{"osm_type":"way","osm_id":1363181312,"country":"PT","name":null,"operator":null,"wikidata":null,"wikipedia":null}},{"type":"Feature","geometry":{"type":"LineString","coordinates":[[-7.14091,39.85267],[-7.14078,39.85126],[-7.14183,39.85164],[-7.14246,39.8511],[-7.14162,39.84973],[-7.14327,39.84962],[-7.14404,39.8488]]},"properties":{"osm_type":"way","osm_id":1363181313,"country":"PT","name":null,"operator":null,"wikidata":null,"wikipedia":null}},{"type":"Feature","geometry":{"type":"LineString","coordinates":[[-7.14038,39.85348],[-7.14091,39.85267]]},"properties":{"osm_type":"way","osm_id":1363181323,"country":"PT","name":null,"operator":null,"wikidata":null,"wikipedia":null}},{"type":"Feature","geometry":{"type":"LineString","coordinates":[[-8.45842,41.34841],[-8.4555,41.34933],[-8.45206,41.34925],[-8.45017,41.34864],[-8.44403,41.3487]]},"properties":{"osm_type":"way","osm_id":1365731943,"country":"PT","name":null,"operator":null,"wikidata":null,"wikipedia":null}},{"type":"Feature","geometry":{"type":"LineString","coordinates":[[-8.46235,41.37242],[-8.46048,41.3701],[-8.45864,41.36967],[-8.45805,41.36804],[-8.46086,41.36396],[-8.46075,41.36264],[-8.46129,41.36201],[-8.46045,41.36188],[-8.46002,41.36121],[-8.4602,41.35951],[-8.45828,41.35992],[-8.45869,41.35926],[-8.45672,41.35692],[-8.45827,41.35399],[-8.45988,41.35323],[-8.45839,41.35108],[-8.45925,41.35003],[-8.45842,41.34841]]},"properties":{"osm_type":"way","osm_id":1365731944,"country":"PT","name":null,"operator":null,"wikidata":null,"wikipedia":null}},{"type":"Feature","geometry":{"type":"LineString","coordinates":[[-8.44403,41.3487],[-8.44344,41.34893]]},"properties":{"osm_type":"way","osm_id":1365731947,"country":"PT","name":null,"operator":null,"wikidata":null,"wikipedia":null}},{"type":"Feature","geometry":{"type":"LineString","coordinates":[[-8.44403,41.3487],[-8.44681,41.35054],[-8.44437,41.3536],[-8.4418,41.35456],[-8.43678,41.35377],[-8.43337,41.35427],[-8.43088,41.3554],[-8.42958,41.3554],[-8.42845,41.35441],[-8.42842,41.3532],[-8.42715,41.35244]]},"properties":{"osm_type":"way","osm_id":1365731948,"country":"PT","name":null,"operator":null,"wikidata":null,"wikipedia":null}},{"type":"Feature","geometry":{"type":"LineString","coordinates":[[-8.40934,41.35569],[-8.4106,41.35522],[-8.41452,41.35507],[-8.4153,41.3521],[-8.41853,41.35171],[-8.4202,41.35307],[-8.42229,41.35298],[-8.42289,41.35434],[-8.42538,41.35356],[-8.42715,41.35244]]},"properties":{"osm_type":"way","osm_id":1365731949,"country":"PT","name":null,"operator":null,"wikidata":null,"wikipedia":null}},{"type":"Feature","geometry":{"type":"LineString","coordinates":[[-8.42715,41.35244],[-8.42412,41.3497],[-8.4223,41.34981],[-8.42119,41.34876],[-8.42175,41.34829],[-8.42112,41.34852],[-8.42093,41.34765],[-8.4197,41.34712],[-8.42257,41.34587],[-8.42194,41.34348]]},"properties":{"osm_type":"way","osm_id":1365731950,"country":"PT","name":null,"operator":null,"wikidata":null,"wikipedia":null}},{"type":"Feature","geometry":{"type":"LineString","coordinates":[[-8.40934,41.35569],[-8.40943,41.35634],[-8.40753,41.35675],[-8.40573,41.35818],[-8.40575,41.35972],[-8.40351,41.36454],[-8.40478,41.36613],[-8.40572,41.36895],[-8.40411,41.36969],[-8.40381,41.37068],[-8.40233,41.37192]]},"properties":{"osm_type":"way","osm_id":1365731953,"country":"PT","name":null,"operator":null,"wikidata":null,"wikipedia":null}},{"type":"Feature","geometry":{"type":"LineString","coordinates":[[-8.40223,41.35555],[-8.40585,41.35404],[-8.40824,41.35559],[-8.40934,41.35569]]},"properties":{"osm_type":"way","osm_id":1365731954,"country":"PT","name":null,"operator":null,"wikidata":null,"wikipedia":null}},{"type":"Feature","geometry":{"type":"LineString","coordinates":[[-8.40233,41.37192],[-8.40314,41.37212],[-8.40281,41.37335]]},"properties":{"osm_type":"way","osm_id":1365731955,"country":"PT","name":null,"operator":null,"wikidata":null,"wikipedia":null}},{"type":"Feature","geometry":{"type":"LineString","coordinates":[[-8.39445,41.3795],[-8.39506,41.37888],[-8.39646,41.3788],[-8.40073,41.37627],[-8.39982,41.37376],[-8.40233,41.37192]]},"properties":{"osm_type":"way","osm_id":1365731956,"country":"PT","name":null,"operator":null,"wikidata":null,"wikipedia":null}},{"type":"Feature","geometry":{"type":"LineString","coordinates":[[-8.36516,41.35718],[-8.36768,41.36119],[-8.37255,41.36193],[-8.37368,41.36161],[-8.37612,41.36195],[-8.37837,41.36432],[-8.38043,41.36452],[-8.38396,41.36343],[-8.38559,41.36363],[-8.38777,41.36312],[-8.39675,41.36038],[-8.39887,41.35816],[-8.40122,41.35744],[-8.40088,41.35694],[-8.39981,41.35693],[-8.40223,41.35555]]},"properties":{"osm_type":"way","osm_id":1365731957,"country":"PT","name":null,"operator":null,"wikidata":null,"wikipedia":null}},{"type":"Feature","geometry":{"type":"LineString","coordinates":[[-8.40223,41.35555],[-8.39661,41.35691],[-8.39595,41.35607],[-8.39405,41.35535],[-8.39238,41.3561],[-8.39112,41.35762],[-8.38983,41.35743],[-8.38871,41.35328],[-8.38693,41.35336],[-8.38558,41.35139],[-8.38655,41.3496],[-8.38826,41.34839],[-8.38965,41.34535],[-8.39117,41.34459]]},"properties":{"osm_type":"way","osm_id":1365731958,"country":"PT","name":null,"operator":null,"wikidata":null,"wikipedia":null}},{"type":"Feature","geometry":{"type":"LineString","coordinates":[[-8.36557,41.35418],[-8.36496,41.35333],[-8.36437,41.35531],[-8.36516,41.35718]]},"properties":{"osm_type":"way","osm_id":1365737605,"country":"PT","name":null,"operator":null,"wikidata":null,"wikipedia":null}},{"type":"Feature","geometry":{"type":"LineString","coordinates":[[-8.36516,41.35718],[-8.36296,41.35786],[-8.3612,41.35769],[-8.36141,41.35881],[-8.36072,41.35927],[-8.36073,41.35992],[-8.35869,41.35967],[-8.35646,41.36014],[-8.35268,41.35926],[-8.35068,41.35979],[-8.34944,41.35863],[-8.34719,41.35956],[-8.34506,41.35981],[-8.34412,41.3609],[-8.34345,41.36101]]},"properties":{"osm_type":"way","osm_id":1365737606,"country":"PT","name":null,"operator":null,"wikidata":null,"wikipedia":null}},{"type":"Feature","geometry":{"type":"LineString","coordinates":[[-8.33444,41.36679],[-8.33514,41.36674],[-8.33548,41.36535],[-8.33735,41.36446],[-8.3388,41.36529],[-8.33976,41.36484],[-8.34098,41.36574],[-8.34124,41.3644],[-8.34348,41.3637],[-8.34345,41.36101]]},"properties":{"osm_type":"way","osm_id":1365737609,"country":"PT","name":null,"operator":null,"wikidata":null,"wikipedia":null}},{"type":"Feature","geometry":{"type":"LineString","coordinates":[[-8.34345,41.36101],[-8.34154,41.36104],[-8.33939,41.35954],[-8.33838,41.35814],[-8.33218,41.35571],[-8.33157,41.35434],[-8.32961,41.35286],[-8.32992,41.35178],[-8.32853,41.3505],[-8.32851,41.34922],[-8.32975,41.34888],[-8.33043,41.34765],[-8.32876,41.34775],[-8.32866,41.34744]]},"properties":{"osm_type":"way","osm_id":1365737610,"country":"PT","name":null,"operator":null,"wikidata":null,"wikipedia":null}},{"type":"Feature","geometry":{"type":"LineString","coordinates":[[-8.36557,41.35418],[-8.36451,41.35258],[-8.36261,41.35201],[-8.36207,41.3533],[-8.36011,41.3531],[-8.35715,41.35093],[-8.35711,41.34893],[-8.35608,41.34832],[-8.35558,41.34461],[-8.35428,41.34273],[-8.35292,41.3422],[-8.35178,41.3407],[-8.3491,41.33989],[-8.34896,41.33901],[-8.34963,41.33882]]},"properties":{"osm_type":"way","osm_id":1365749404,"country":"PT","name":null,"operator":null,"wikidata":null,"wikipedia":null}},{"type":"Feature","geometry":{"type":"LineString","coordinates":[[-8.36573,41.3542],[-8.36557,41.35418]]},"properties":{"osm_type":"way","osm_id":1365749405,"country":"PT","name":null,"operator":null,"wikidata":null,"wikipedia":null}},{"type":"Feature","geometry":{"type":"LineString","coordinates":[[-16.90729,32.74286],[-16.90707,32.74311]]},"properties":{"osm_type":"way","osm_id":1371150320,"country":"PT","name":null,"operator":null,"wikidata":null,"wikipedia":null}},{"type":"Feature","geometry":{"type":"LineString","coordinates":[[-8.29684,37.8967],[-8.28212,37.90185],[-8.27318,37.90152]]},"properties":{"osm_type":"way","osm_id":1374460449,"country":"PT","name":null,"operator":null,"wikidata":null,"wikipedia":null}},{"type":"Feature","geometry":{"type":"LineString","coordinates":[[-8.15645,40.83276],[-8.1565,40.83295]]},"properties":{"osm_type":"way","osm_id":1376715200,"country":"PT","name":null,"operator":null,"wikidata":null,"wikipedia":null}},{"type":"Feature","geometry":{"type":"LineString","coordinates":[[-8.36201,40.70638],[-8.36295,40.7053]]},"properties":{"osm_type":"way","osm_id":1377497588,"country":"PT","name":null,"operator":null,"wikidata":null,"wikipedia":null}},{"type":"Feature","geometry":{"type":"LineString","coordinates":[[-8.36307,40.70518],[-8.36392,40.70491]]},"properties":{"osm_type":"way","osm_id":1377497589,"country":"PT","name":null,"operator":null,"wikidata":null,"wikipedia":null}},{"type":"Feature","geometry":{"type":"LineString","coordinates":[[-8.36295,40.7053],[-8.36307,40.70518]]},"properties":{"osm_type":"way","osm_id":1377497590,"country":"PT","name":null,"operator":null,"wikidata":null,"wikipedia":null}},{"type":"Feature","geometry":{"type":"LineString","coordinates":[[-8.99528,39.11305],[-8.99515,39.11261]]},"properties":{"osm_type":"way","osm_id":1383235948,"country":"PT","name":null,"operator":null,"wikidata":null,"wikipedia":null}},{"type":"Feature","geometry":{"type":"LineString","coordinates":[[-8.9951,39.11273],[-8.99515,39.11261]]},"properties":{"osm_type":"way","osm_id":1383235949,"country":"PT","name":null,"operator":null,"wikidata":null,"wikipedia":null}},{"type":"Feature","geometry":{"type":"LineString","coordinates":[[-8.99515,39.11261],[-8.99239,39.10758],[-8.99252,39.10351],[-8.99171,39.10102],[-8.99193,39.0993]]},"properties":{"osm_type":"way","osm_id":1383235950,"country":"PT","name":null,"operator":null,"wikidata":null,"wikipedia":null}},{"type":"Feature","geometry":{"type":"LineString","coordinates":[[-9.14617,38.79671],[-9.14674,38.79842],[-9.14465,38.8024],[-9.14317,38.80271]]},"properties":{"osm_type":"way","osm_id":1383257354,"country":"PT","name":null,"operator":null,"wikidata":null,"wikipedia":null}},{"type":"Feature","geometry":{"type":"LineString","coordinates":[[-9.13791,38.80204],[-9.13746,38.80195]]},"properties":{"osm_type":"way","osm_id":1383257355,"country":"PT","name":null,"operator":null,"wikidata":null,"wikipedia":null}},{"type":"Feature","geometry":{"type":"LineString","coordinates":[[-9.13746,38.80195],[-9.13691,38.80169],[-9.13678,38.80061]]},"properties":{"osm_type":"way","osm_id":1383257356,"country":"PT","name":null,"operator":null,"wikidata":null,"wikipedia":null}},{"type":"Feature","geometry":{"type":"LineString","coordinates":[[-9.13678,38.80061],[-9.13617,38.80037]]},"properties":{"osm_type":"way","osm_id":1383257357,"country":"PT","name":null,"operator":null,"wikidata":null,"wikipedia":null}},{"type":"Feature","geometry":{"type":"LineString","coordinates":[[-9.14317,38.80271],[-9.13791,38.80204]]},"properties":{"osm_type":"way","osm_id":1383314251,"country":"PT","name":null,"operator":null,"wikidata":null,"wikipedia":null}},{"type":"Feature","geometry":{"type":"LineString","coordinates":[[-9.14317,38.80271],[-9.14391,38.80292],[-9.1442,38.80375],[-9.15712,38.80729],[-9.15759,38.80849],[-9.15872,38.80867],[-9.1613,38.80817],[-9.16417,38.80927],[-9.16559,38.81476]]},"properties":{"osm_type":"way","osm_id":1383314252,"country":"PT","name":null,"operator":null,"wikidata":null,"wikipedia":null}},{"type":"Feature","geometry":{"type":"LineString","coordinates":[[-9.13652,38.79983],[-9.13627,38.79889],[-9.13796,38.79829],[-9.13829,38.79717],[-9.1396,38.79724],[-9.13972,38.79609],[-9.14169,38.79374],[-9.14121,38.79336],[-9.14194,38.79257],[-9.14195,38.79045],[-9.14465,38.79044],[-9.1455,38.78953]]},"properties":{"osm_type":"way","osm_id":1383314254,"country":"PT","name":null,"operator":null,"wikidata":null,"wikipedia":null}},{"type":"Feature","geometry":{"type":"LineString","coordinates":[[-9.25211,38.76388],[-9.25095,38.76399],[-9.25056,38.76635],[-9.2494,38.76711],[-9.24908,38.76852],[-9.24576,38.76946],[-9.24466,38.77321]]},"properties":{"osm_type":"way","osm_id":1383637258,"country":"PT","name":null,"operator":"Empresa Portuguesa de Águas Livres","wikidata":null,"wikipedia":null}},{"type":"Feature","geometry":{"type":"LineString","coordinates":[[-9.26079,38.77409],[-9.26143,38.77225],[-9.25908,38.76821]]},"properties":{"osm_type":"way","osm_id":1383637275,"country":"PT","name":null,"operator":null,"wikidata":null,"wikipedia":null}},{"type":"Feature","geometry":{"type":"LineString","coordinates":[[-9.26079,38.77409],[-9.26449,38.7751],[-9.26722,38.77469],[-9.26843,38.7741],[-9.27267,38.77483],[-9.27285,38.77563]]},"properties":{"osm_type":"way","osm_id":1383637276,"country":"PT","name":null,"operator":null,"wikidata":null,"wikipedia":null}},{"type":"Feature","geometry":{"type":"LineString","coordinates":[[-9.26552,38.77622],[-9.26441,38.77632],[-9.26392,38.77575],[-9.26082,38.77526],[-9.26079,38.77409]]},"properties":{"osm_type":"way","osm_id":1383637277,"country":"PT","name":null,"operator":null,"wikidata":null,"wikipedia":null}},{"type":"Feature","geometry":{"type":"LineString","coordinates":[[-9.26552,38.77622],[-9.26978,38.77626],[-9.27285,38.77563]]},"properties":{"osm_type":"way","osm_id":1383637278,"country":"PT","name":null,"operator":null,"wikidata":null,"wikipedia":null}},{"type":"Feature","geometry":{"type":"LineString","coordinates":[[-9.26947,38.77909],[-9.2684,38.77891],[-9.26758,38.77716],[-9.26552,38.77622]]},"properties":{"osm_type":"way","osm_id":1383637279,"country":"PT","name":null,"operator":null,"wikidata":null,"wikipedia":null}},{"type":"Feature","geometry":{"type":"LineString","coordinates":[[-9.26483,38.78468],[-9.2622,38.78561],[-9.2611,38.78539],[-9.26013,38.78493],[-9.25911,38.78346],[-9.25357,38.7825],[-9.25003,38.77999]]},"properties":{"osm_type":"way","osm_id":1383637287,"country":"PT","name":null,"operator":"Empresa Portuguesa de Águas Livres","wikidata":null,"wikipedia":null}},{"type":"Feature","geometry":{"type":"LineString","coordinates":[[-9.24448,38.77382],[-9.24466,38.77321]]},"properties":{"osm_type":"way","osm_id":1383637292,"country":"PT","name":null,"operator":null,"wikidata":null,"wikipedia":null}},{"type":"Feature","geometry":{"type":"LineString","coordinates":[[-9.22982,38.77618],[-9.23814,38.773],[-9.24448,38.77382]]},"properties":{"osm_type":"way","osm_id":1383638987,"country":"PT","name":null,"operator":"Empresa Portuguesa de Águas Livres","wikidata":null,"wikipedia":null}},{"type":"Feature","geometry":{"type":"LineString","coordinates":[[-9.22855,38.7758],[-9.22982,38.77618]]},"properties":{"osm_type":"way","osm_id":1383638988,"country":"PT","name":"Adutor de Circunvalação","operator":"Empresa Portuguesa de Águas Livres","wikidata":null,"wikipedia":null}},{"type":"Feature","geometry":{"type":"LineString","coordinates":[[-9.28173,38.80144],[-9.27981,38.80053],[-9.26964,38.79828],[-9.26695,38.79266],[-9.26684,38.79178],[-9.26747,38.79076],[-9.26476,38.78611],[-9.26483,38.78468]]},"properties":{"osm_type":"way","osm_id":1385571886,"country":"PT","name":null,"operator":null,"wikidata":null,"wikipedia":null}},{"type":"Feature","geometry":{"type":"LineString","coordinates":[[-9.28622,38.78495],[-9.28071,38.78581],[-9.27655,38.7852],[-9.2715,38.78523],[-9.26969,38.78597],[-9.26887,38.78523],[-9.26483,38.78468]]},"properties":{"osm_type":"way","osm_id":1385571887,"country":"PT","name":null,"operator":"Empresa Portuguesa de Águas Livres","wikidata":null,"wikipedia":null}},{"type":"Feature","geometry":{"type":"LineString","coordinates":[[-9.26599,38.78493],[-9.26441,38.78314],[-9.25981,38.784],[-9.25773,38.78267],[-9.25731,38.78188],[-9.25519,38.78095],[-9.25533,38.77828],[-9.2535,38.77643],[-9.25297,38.77311],[-9.25212,38.77142],[-9.25121,38.77193]]},"properties":{"osm_type":"way","osm_id":1385608027,"country":"PT","name":null,"operator":null,"wikidata":null,"wikipedia":null}},{"type":"Feature","geometry":{"type":"LineString","coordinates":[[-9.25121,38.77193],[-9.24767,38.77485],[-9.24564,38.77332]]},"properties":{"osm_type":"way","osm_id":1385608028,"country":"PT","name":null,"operator":null,"wikidata":null,"wikipedia":null}},{"type":"Feature","geometry":{"type":"LineString","coordinates":[[-9.25121,38.77193],[-9.25026,38.7714],[-9.24954,38.77153],[-9.24564,38.77332]]},"properties":{"osm_type":"way","osm_id":1385608029,"country":"PT","name":null,"operator":null,"wikidata":null,"wikipedia":null}},{"type":"Feature","geometry":{"type":"LineString","coordinates":[[-9.24564,38.77332],[-9.24468,38.77317]]},"properties":{"osm_type":"way","osm_id":1385608030,"country":"PT","name":null,"operator":null,"wikidata":null,"wikipedia":null}},{"type":"Feature","geometry":{"type":"LineString","coordinates":[[-9.25003,38.77999],[-9.24959,38.78123],[-9.24645,38.78151],[-9.24445,38.78342]]},"properties":{"osm_type":"way","osm_id":1385608031,"country":"PT","name":null,"operator":null,"wikidata":null,"wikipedia":null}},{"type":"Feature","geometry":{"type":"LineString","coordinates":[[-9.25003,38.77999],[-9.25037,38.7783],[-9.2479,38.77688],[-9.2465,38.77395],[-9.24466,38.77321]]},"properties":{"osm_type":"way","osm_id":1385608032,"country":"PT","name":null,"operator":"Empresa Portuguesa de Águas Livres","wikidata":null,"wikipedia":null}},{"type":"Feature","geometry":{"type":"LineString","coordinates":[[-9.24445,38.78342],[-9.2434,38.78326],[-9.24252,38.7846],[-9.23968,38.78554],[-9.23976,38.78595],[-9.23894,38.78648],[-9.23478,38.7879],[-9.23533,38.79048],[-9.23418,38.79071]]},"properties":{"osm_type":"way","osm_id":1385608033,"country":"PT","name":null,"operator":null,"wikidata":null,"wikipedia":null}},{"type":"Feature","geometry":{"type":"LineString","coordinates":[[-9.24445,38.78342],[-9.24371,38.78676],[-9.2427,38.78742],[-9.244,38.78865],[-9.24384,38.79051],[-9.24439,38.79244]]},"properties":{"osm_type":"way","osm_id":1385608034,"country":"PT","name":null,"operator":null,"wikidata":null,"wikipedia":null}},{"type":"Feature","geometry":{"type":"LineString","coordinates":[[-9.25113,38.81923],[-9.25104,38.81849],[-9.25163,38.81809],[-9.25441,38.8173],[-9.25476,38.81471],[-9.25363,38.81392],[-9.24907,38.81275],[-9.24572,38.81105],[-9.24376,38.8076],[-9.24221,38.8062],[-9.24263,38.80456],[-9.23953,38.80193],[-9.23985,38.79991],[-9.24076,38.79907],[-9.24075,38.7964],[-9.24302,38.79597],[-9.24404,38.79497],[-9.24439,38.79244]]},"properties":{"osm_type":"way","osm_id":1385608037,"country":"PT","name":null,"operator":null,"wikidata":null,"wikipedia":null}},{"type":"Feature","geometry":{"type":"LineString","coordinates":[[-9.24439,38.79244],[-9.24488,38.79252],[-9.24479,38.79345],[-9.24652,38.79585],[-9.24814,38.79619],[-9.25,38.79578],[-9.25334,38.79924],[-9.25342,38.80159],[-9.25403,38.80143]]},"properties":{"osm_type":"way","osm_id":1385608038,"country":"PT","name":null,"operator":null,"wikidata":null,"wikipedia":null}},{"type":"Feature","geometry":{"type":"LineString","coordinates":[[-9.25536,38.83911],[-9.25529,38.83847],[-9.25376,38.83717],[-9.25355,38.83545],[-9.25156,38.83389],[-9.24907,38.82947],[-9.2473,38.82781],[-9.24843,38.82615],[-9.25049,38.82478],[-9.2515,38.8235],[-9.25154,38.82159],[-9.25251,38.82046],[-9.25113,38.81923]]},"properties":{"osm_type":"way","osm_id":1385608042,"country":"PT","name":null,"operator":null,"wikidata":null,"wikipedia":null}},{"type":"Feature","geometry":{"type":"LineString","coordinates":[[-9.3665,38.78373],[-9.36802,38.78278],[-9.36977,38.78259],[-9.3717,38.78018],[-9.37338,38.78089],[-9.37491,38.77902],[-9.37697,38.77894],[-9.37837,38.77837],[-9.38065,38.77425],[-9.38236,38.77484]]},"properties":{"osm_type":"way","osm_id":1385631392,"country":"PT","name":null,"operator":null,"wikidata":null,"wikipedia":null}},{"type":"Feature","geometry":{"type":"LineString","coordinates":[[-7.99978,38.07837],[-7.9978,38.07887],[-7.9961,38.07814],[-7.99489,38.07971]]},"properties":{"osm_type":"way","osm_id":1388810904,"country":"PT","name":null,"operator":null,"wikidata":null,"wikipedia":null}},{"type":"Feature","geometry":{"type":"LineString","coordinates":[[-8.27891,37.82524],[-8.28221,37.82384],[-8.2914,37.81824],[-8.29459,37.81169],[-8.29502,37.8099],[-8.29449,37.80796],[-8.29134,37.80493],[-8.29154,37.80199],[-8.29329,37.79962],[-8.29165,37.79486],[-8.2907,37.79415],[-8.29077,37.79225],[-8.29421,37.78972],[-8.29573,37.78511],[-8.30247,37.78321],[-8.30515,37.78311],[-8.30581,37.78269],[-8.30078,37.77521],[-8.30026,37.77341],[-8.29611,37.77036],[-8.29459,37.76832],[-8.29389,37.76431],[-8.29463,37.75522],[-8.29338,37.75324],[-8.29273,37.74679],[-8.28932,37.74629],[-8.28956,37.74588],[-8.28887,37.74572],[-8.28905,37.74427],[-8.28761,37.74058],[-8.28781,37.73994],[-8.28629,37.73712],[-8.28357,37.73402],[-8.28282,37.72934]]},"properties":{"osm_type":"way","osm_id":1389420104,"country":"PT","name":"Adutor Alqueva  Monte da Rocha","operator":"EDIA","wikidata":null,"wikipedia":null}},{"type":"Feature","geometry":{"type":"LineString","coordinates":[[-7.72785,40.37967],[-7.72814,40.37967]]},"properties":{"osm_type":"way","osm_id":1396062874,"country":"PT","name":null,"operator":null,"wikidata":null,"wikipedia":null}},{"type":"Feature","geometry":{"type":"LineString","coordinates":[[-7.72814,40.37967],[-7.72828,40.37967]]},"properties":{"osm_type":"way","osm_id":1396062875,"country":"PT","name":null,"operator":null,"wikidata":null,"wikipedia":null}},{"type":"Feature","geometry":{"type":"LineString","coordinates":[[-7.72785,40.37967],[-7.72814,40.37967]]},"properties":{"osm_type":"way","osm_id":1396062876,"country":"PT","name":null,"operator":null,"wikidata":null,"wikipedia":null}},{"type":"Feature","geometry":{"type":"LineString","coordinates":[[-7.72601,40.38122],[-7.72785,40.37967]]},"properties":{"osm_type":"way","osm_id":1396062877,"country":"PT","name":null,"operator":null,"wikidata":null,"wikipedia":null}},{"type":"Feature","geometry":{"type":"LineString","coordinates":[[-8.67094,39.11054],[-8.67101,39.11063]]},"properties":{"osm_type":"way","osm_id":1409812647,"country":"PT","name":null,"operator":null,"wikidata":null,"wikipedia":null}},{"type":"Feature","geometry":{"type":"LineString","coordinates":[[-8.0811,37.93015],[-8.08137,37.93015]]},"properties":{"osm_type":"way","osm_id":1414142832,"country":"PT","name":null,"operator":null,"wikidata":null,"wikipedia":null}},{"type":"Feature","geometry":{"type":"LineString","coordinates":[[-8.08116,37.92981],[-8.0814,37.92981]]},"properties":{"osm_type":"way","osm_id":1414142834,"country":"PT","name":"Descarregador de cheias","operator":null,"wikidata":null,"wikipedia":null}},{"type":"Feature","geometry":{"type":"LineString","coordinates":[[-7.73054,41.57304],[-7.73136,41.5729]]},"properties":{"osm_type":"way","osm_id":1414150994,"country":"PT","name":"Descarregador de cheias","operator":null,"wikidata":null,"wikipedia":null}},{"type":"Feature","geometry":{"type":"LineString","coordinates":[[-7.73052,41.57297],[-7.73142,41.57283]]},"properties":{"osm_type":"way","osm_id":1414150995,"country":"PT","name":"Descarregador de cheias","operator":null,"wikidata":null,"wikipedia":null}},{"type":"Feature","geometry":{"type":"LineString","coordinates":[[-8.20323,41.86893],[-8.20525,41.86944],[-8.20474,41.87085]]},"properties":{"osm_type":"way","osm_id":1416194957,"country":"PT","name":"Câmara de Expansão da Chaminé de Equilíbrio","operator":null,"wikidata":null,"wikipedia":null}},{"type":"Feature","geometry":{"type":"LineString","coordinates":[[-8.20229,41.8701],[-8.20323,41.86893]]},"properties":{"osm_type":"way","osm_id":1416194960,"country":"PT","name":"Ramal de Restituição","operator":null,"wikidata":null,"wikipedia":null}},{"type":"Feature","geometry":{"type":"LineString","coordinates":[[-8.20187,41.87001],[-8.20323,41.86893]]},"properties":{"osm_type":"way","osm_id":1416194961,"country":"PT","name":"Ramal de Restituição","operator":null,"wikidata":null,"wikipedia":null}},{"type":"Feature","geometry":{"type":"LineString","coordinates":[[-7.52227,41.73216],[-7.52213,41.73158]]},"properties":{"osm_type":"way","osm_id":1420039906,"country":"PT","name":"Descarga de fundo","operator":null,"wikidata":null,"wikipedia":null}},{"type":"Feature","geometry":{"type":"LineString","coordinates":[[-8.19706,40.34035],[-8.19718,40.34026]]},"properties":{"osm_type":"way","osm_id":1421267808,"country":"PT","name":null,"operator":null,"wikidata":null,"wikipedia":null}},{"type":"Feature","geometry":{"type":"LineString","coordinates":[[-8.19688,40.34023],[-8.19699,40.34014]]},"properties":{"osm_type":"way","osm_id":1421267809,"country":"PT","name":null,"operator":null,"wikidata":null,"wikipedia":null}},{"type":"Feature","geometry":{"type":"LineString","coordinates":[[-8.19668,40.3401],[-8.1968,40.34001]]},"properties":{"osm_type":"way","osm_id":1421267810,"country":"PT","name":null,"operator":null,"wikidata":null,"wikipedia":null}},{"type":"Feature","geometry":{"type":"LineString","coordinates":[[-8.19655,40.34074],[-8.19706,40.34035]]},"properties":{"osm_type":"way","osm_id":1421267811,"country":"PT","name":null,"operator":null,"wikidata":null,"wikipedia":null}},{"type":"Feature","geometry":{"type":"LineString","coordinates":[[-8.19638,40.34063],[-8.19688,40.34023]]},"properties":{"osm_type":"way","osm_id":1421267812,"country":"PT","name":null,"operator":null,"wikidata":null,"wikipedia":null}},{"type":"Feature","geometry":{"type":"LineString","coordinates":[[-8.19617,40.3405],[-8.19668,40.3401]]},"properties":{"osm_type":"way","osm_id":1421267813,"country":"PT","name":null,"operator":null,"wikidata":null,"wikipedia":null}},{"type":"Feature","geometry":{"type":"LineString","coordinates":[[-8.19707,40.34056],[-8.19724,40.34046]]},"properties":{"osm_type":"way","osm_id":1421267822,"country":"PT","name":"Descarga de cheias","operator":null,"wikidata":null,"wikipedia":null}},{"type":"Feature","geometry":{"type":"LineString","coordinates":[[-8.1963,40.34007],[-8.19638,40.33991]]},"properties":{"osm_type":"way","osm_id":1421267823,"country":"PT","name":"Descarga de cheias","operator":null,"wikidata":null,"wikipedia":null}},{"type":"Feature","geometry":{"type":"LineString","coordinates":[[-8.19724,40.34046],[-8.19781,40.34016]]},"properties":{"osm_type":"way","osm_id":1421267828,"country":"PT","name":"Descarga de cheias","operator":null,"wikidata":null,"wikipedia":null}},{"type":"Feature","geometry":{"type":"LineString","coordinates":[[-8.19638,40.33991],[-8.19682,40.33946]]},"properties":{"osm_type":"way","osm_id":1421267829,"country":"PT","name":"Descarga de cheias","operator":null,"wikidata":null,"wikipedia":null}},{"type":"Feature","geometry":{"type":"LineString","coordinates":[[-8.19656,40.34159],[-8.19766,40.34114],[-8.19842,40.33972]]},"properties":{"osm_type":"way","osm_id":1421267834,"country":"PT","name":null,"operator":null,"wikidata":null,"wikipedia":null}},{"type":"Feature","geometry":{"type":"LineString","coordinates":[[-7.73088,41.57426],[-7.73144,41.57325]]},"properties":{"osm_type":"way","osm_id":1421833233,"country":"PT","name":"Descarga de fundo","operator":null,"wikidata":null,"wikipedia":null}},{"type":"Feature","geometry":{"type":"LineString","coordinates":[[-7.73035,41.57307],[-7.73054,41.57304]]},"properties":{"osm_type":"way","osm_id":1421833240,"country":"PT","name":"Descarregador de cheias","operator":null,"wikidata":null,"wikipedia":null}},{"type":"Feature","geometry":{"type":"LineString","coordinates":[[-7.73034,41.573],[-7.73052,41.57297]]},"properties":{"osm_type":"way","osm_id":1421833241,"country":"PT","name":"Descarregador de cheias","operator":null,"wikidata":null,"wikipedia":null}},{"type":"Feature","geometry":{"type":"LineString","coordinates":[[-7.73264,41.57414],[-7.7326,41.57402]]},"properties":{"osm_type":"way","osm_id":1421833248,"country":"PT","name":"Descarregador de cheias","operator":null,"wikidata":null,"wikipedia":null}},{"type":"Feature","geometry":{"type":"LineString","coordinates":[[-7.73254,41.57415],[-7.73251,41.57404]]},"properties":{"osm_type":"way","osm_id":1421833249,"country":"PT","name":"Descarregador de cheias","operator":null,"wikidata":null,"wikipedia":null}},{"type":"Feature","geometry":{"type":"LineString","coordinates":[[-7.73153,41.57375],[-7.73166,41.5736]]},"properties":{"osm_type":"way","osm_id":1421833250,"country":"PT","name":null,"operator":null,"wikidata":null,"wikipedia":null}},{"type":"Feature","geometry":{"type":"LineString","coordinates":[[-7.73133,41.57366],[-7.73146,41.57351]]},"properties":{"osm_type":"way","osm_id":1421833251,"country":"PT","name":null,"operator":null,"wikidata":null,"wikipedia":null}},{"type":"Feature","geometry":{"type":"LineString","coordinates":[[-6.35107,41.37874],[-6.35329,41.37887]]},"properties":{"osm_type":"way","osm_id":1421916457,"country":"PT","name":"Evacuador de cheias","operator":null,"wikidata":null,"wikipedia":null}},{"type":"Feature","geometry":{"type":"LineString","coordinates":[[-6.35192,41.3795],[-6.35169,41.37922]]},"properties":{"osm_type":"way","osm_id":1421916487,"country":"PT","name":null,"operator":null,"wikidata":null,"wikipedia":null}},{"type":"Feature","geometry":{"type":"LineString","coordinates":[[-6.35208,41.37939],[-6.35186,41.37908]]},"properties":{"osm_type":"way","osm_id":1421916488,"country":"PT","name":null,"operator":null,"wikidata":null,"wikipedia":null}},{"type":"Feature","geometry":{"type":"LineString","coordinates":[[-6.35224,41.37928],[-6.35195,41.37893]]},"properties":{"osm_type":"way","osm_id":1421916489,"country":"PT","name":null,"operator":null,"wikidata":null,"wikipedia":null}},{"type":"Feature","geometry":{"type":"LineString","coordinates":[[-6.35304,41.38024],[-6.35347,41.37896]]},"properties":{"osm_type":"way","osm_id":1421919416,"country":"PT","name":"Túnel de restituição","operator":null,"wikidata":null,"wikipedia":null}},{"type":"Feature","geometry":{"type":"LineString","coordinates":[[-7.82885,39.04129],[-7.82628,39.04081],[-7.82617,39.04219]]},"properties":{"osm_type":"way","osm_id":1422828644,"country":"PT","name":null,"operator":null,"wikidata":null,"wikipedia":null}},{"type":"Feature","geometry":{"type":"LineString","coordinates":[[-6.46962,41.30086],[-6.47026,41.30053]]},"properties":{"osm_type":"way","osm_id":1422831110,"country":"PT","name":"Descarregador de cheias","operator":null,"wikidata":null,"wikipedia":null}},{"type":"Feature","geometry":{"type":"LineString","coordinates":[[-6.46941,41.30038],[-6.47011,41.30031]]},"properties":{"osm_type":"way","osm_id":1422833435,"country":"PT","name":"Descarregador de cheias","operator":null,"wikidata":null,"wikipedia":null}},{"type":"Feature","geometry":{"type":"LineString","coordinates":[[-6.4695,41.30066],[-6.4702,41.30043]]},"properties":{"osm_type":"way","osm_id":1422833436,"country":"PT","name":"Descarregador de cheias","operator":null,"wikidata":null,"wikipedia":null}},{"type":"Feature","geometry":{"type":"LineString","coordinates":[[-6.46977,41.30101],[-6.47034,41.30061]]},"properties":{"osm_type":"way","osm_id":1422833437,"country":"PT","name":"Descarregador de cheias","operator":null,"wikidata":null,"wikipedia":null}},{"type":"Feature","geometry":{"type":"LineString","coordinates":[[-6.47004,41.3012],[-6.47046,41.30074]]},"properties":{"osm_type":"way","osm_id":1422833438,"country":"PT","name":"Descarregador de cheias","operator":null,"wikidata":null,"wikipedia":null}},{"type":"Feature","geometry":{"type":"LineString","coordinates":[[-6.47168,41.30156],[-6.47213,41.30126]]},"properties":{"osm_type":"way","osm_id":1422833448,"country":"PT","name":null,"operator":null,"wikidata":null,"wikipedia":null}},{"type":"Feature","geometry":{"type":"LineString","coordinates":[[-6.47154,41.3014],[-6.47204,41.3011]]},"properties":{"osm_type":"way","osm_id":1422833449,"country":"PT","name":null,"operator":null,"wikidata":null,"wikipedia":null}},{"type":"Feature","geometry":{"type":"LineString","coordinates":[[-6.4714,41.30123],[-6.47193,41.30093]]},"properties":{"osm_type":"way","osm_id":1422833450,"country":"PT","name":null,"operator":null,"wikidata":null,"wikipedia":null}},{"type":"Feature","geometry":{"type":"LineString","coordinates":[[-6.47213,41.30126],[-6.47181,41.30003]]},"properties":{"osm_type":"way","osm_id":1422833451,"country":"PT","name":null,"operator":null,"wikidata":null,"wikipedia":null}},{"type":"Feature","geometry":{"type":"LineString","coordinates":[[-6.47372,41.3001],[-6.47354,41.29924]]},"properties":{"osm_type":"way","osm_id":1422932022,"country":"PT","name":null,"operator":null,"wikidata":null,"wikipedia":null}},{"type":"Feature","geometry":{"type":"LineString","coordinates":[[-9.47553,38.7738],[-9.47503,38.77581],[-9.47612,38.77871],[-9.47584,38.77944],[-9.47354,38.78119],[-9.47334,38.78342],[-9.47224,38.7834],[-9.47041,38.78221],[-9.46947,38.78354],[-9.46636,38.78516],[-9.46518,38.78648],[-9.46379,38.78611],[-9.46149,38.78625],[-9.46089,38.78892],[-9.46385,38.79006],[-9.46449,38.79242]]},"properties":{"osm_type":"way","osm_id":1423071843,"country":"PT","name":null,"operator":null,"wikidata":null,"wikipedia":null}},{"type":"Feature","geometry":{"type":"LineString","coordinates":[[-9.46471,38.79326],[-9.46541,38.79458],[-9.4668,38.79559],[-9.46705,38.79684],[-9.46538,38.79902],[-9.46239,38.79959],[-9.46004,38.80173],[-9.45597,38.80214],[-9.4545,38.80173],[-9.452,38.80337],[-9.449,38.80293],[-9.44799,38.80222],[-9.44717,38.80059],[-9.44432,38.79968],[-9.44353,38.80071],[-9.4453,38.80333],[-9.44443,38.80486],[-9.44297,38.80517],[-9.44195,38.80741],[-9.44068,38.80773],[-9.43687,38.8098],[-9.43561,38.81108],[-9.43441,38.81139]]},"properties":{"osm_type":"way","osm_id":1423071850,"country":"PT","name":null,"operator":null,"wikidata":null,"wikipedia":null}},{"type":"Feature","geometry":{"type":"LineString","coordinates":[[-9.43441,38.81139],[-9.4327,38.81182],[-9.43236,38.81256],[-9.43095,38.81337],[-9.42963,38.81305],[-9.42807,38.81359],[-9.42637,38.81521],[-9.42573,38.81449],[-9.42348,38.81509],[-9.42235,38.81452],[-9.42093,38.81508],[-9.41921,38.815],[-9.41445,38.81599],[-9.41312,38.81738],[-9.41016,38.81667],[-9.40647,38.81767]]},"properties":{"osm_type":"way","osm_id":1423071855,"country":"PT","name":null,"operator":null,"wikidata":null,"wikipedia":null}},{"type":"Feature","geometry":{"type":"LineString","coordinates":[[-9.43441,38.81139],[-9.43482,38.81279],[-9.43373,38.81606],[-9.43598,38.81618]]},"properties":{"osm_type":"way","osm_id":1423071856,"country":"PT","name":null,"operator":null,"wikidata":null,"wikipedia":null}},{"type":"Feature","geometry":{"type":"LineString","coordinates":[[-9.40647,38.81767],[-9.40118,38.81651],[-9.39756,38.81694],[-9.39579,38.81659],[-9.39568,38.81691]]},"properties":{"osm_type":"way","osm_id":1423071857,"country":"PT","name":null,"operator":null,"wikidata":null,"wikipedia":null}},{"type":"Feature","geometry":{"type":"LineString","coordinates":[[-9.40961,38.824],[-9.40812,38.82249],[-9.40647,38.81767]]},"properties":{"osm_type":"way","osm_id":1423071858,"country":"PT","name":null,"operator":null,"wikidata":null,"wikipedia":null}},{"type":"Feature","geometry":{"type":"LineString","coordinates":[[-8.39533,42.07217],[-8.39523,42.07317]]},"properties":{"osm_type":"way","osm_id":1424944566,"country":"PT","name":null,"operator":null,"wikidata":null,"wikipedia":null}},{"type":"Feature","geometry":{"type":"LineString","coordinates":[[-8.393,42.07075],[-8.39347,42.07119]]},"properties":{"osm_type":"way","osm_id":1424944568,"country":"PT","name":null,"operator":null,"wikidata":null,"wikipedia":null}},{"type":"Feature","geometry":{"type":"LineString","coordinates":[[-8.38866,42.04693],[-8.38912,42.04795],[-8.38998,42.04812]]},"properties":{"osm_type":"way","osm_id":1424947600,"country":"PT","name":null,"operator":null,"wikidata":null,"wikipedia":null}},{"type":"Feature","geometry":{"type":"LineString","coordinates":[[-8.38878,42.04706],[-8.38971,42.04756]]},"properties":{"osm_type":"way","osm_id":1424947618,"country":"PT","name":null,"operator":null,"wikidata":null,"wikipedia":null}},{"type":"Feature","geometry":{"type":"LineString","coordinates":[[-8.31889,39.54229],[-8.3194,39.54226]]},"properties":{"osm_type":"way","osm_id":1425656416,"country":"PT","name":"Descarregador de cheias","operator":null,"wikidata":null,"wikipedia":null}},{"type":"Feature","geometry":{"type":"LineString","coordinates":[[-8.31843,39.54227],[-8.31889,39.54229]]},"properties":{"osm_type":"way","osm_id":1425656417,"country":"PT","name":"Descarregador de cheias","operator":null,"wikidata":null,"wikipedia":null}},{"type":"Feature","geometry":{"type":"LineString","coordinates":[[-8.31933,39.5428],[-8.31949,39.54273]]},"properties":{"osm_type":"way","osm_id":1425662893,"country":"PT","name":null,"operator":null,"wikidata":null,"wikipedia":null}},{"type":"Feature","geometry":{"type":"LineString","coordinates":[[-8.31924,39.54268],[-8.3194,39.5426]]},"properties":{"osm_type":"way","osm_id":1425662894,"country":"PT","name":null,"operator":null,"wikidata":null,"wikipedia":null}},{"type":"Feature","geometry":{"type":"LineString","coordinates":[[-8.31915,39.54257],[-8.31931,39.54249]]},"properties":{"osm_type":"way","osm_id":1425662895,"country":"PT","name":null,"operator":null,"wikidata":null,"wikipedia":null}},{"type":"Feature","geometry":{"type":"LineString","coordinates":[[-8.31846,39.54272],[-8.31915,39.54257]]},"properties":{"osm_type":"way","osm_id":1425662896,"country":"PT","name":null,"operator":null,"wikidata":null,"wikipedia":null}},{"type":"Feature","geometry":{"type":"LineString","coordinates":[[-8.31853,39.54289],[-8.31924,39.54268]]},"properties":{"osm_type":"way","osm_id":1425662897,"country":"PT","name":null,"operator":null,"wikidata":null,"wikipedia":null}},{"type":"Feature","geometry":{"type":"LineString","coordinates":[[-8.31863,39.54306],[-8.31933,39.5428]]},"properties":{"osm_type":"way","osm_id":1425662898,"country":"PT","name":null,"operator":null,"wikidata":null,"wikipedia":null}},{"type":"Feature","geometry":{"type":"LineString","coordinates":[[-8.31846,39.54253],[-8.31942,39.54231]]},"properties":{"osm_type":"way","osm_id":1425673114,"country":"PT","name":"Descarga de fundo","operator":null,"wikidata":null,"wikipedia":null}},{"type":"Feature","geometry":{"type":"LineString","coordinates":[[-8.31874,39.5432],[-8.31951,39.54275]]},"properties":{"osm_type":"way","osm_id":1425673117,"country":"PT","name":"Descarga de fundo","operator":null,"wikidata":null,"wikipedia":null}},{"type":"Feature","geometry":{"type":"LineString","coordinates":[[-6.46941,41.3004],[-6.47012,41.30033]]},"properties":{"osm_type":"way","osm_id":1425675260,"country":"PT","name":"Descarga de fundo","operator":null,"wikidata":null,"wikipedia":null}},{"type":"Feature","geometry":{"type":"LineString","coordinates":[[-6.47002,41.30119],[-6.47043,41.30072]]},"properties":{"osm_type":"way","osm_id":1425675261,"country":"PT","name":"Descarga de fundo","operator":null,"wikidata":null,"wikipedia":null}},{"type":"Feature","geometry":{"type":"LineString","coordinates":[[-8.48598,41.07219],[-8.48607,41.07216]]},"properties":{"osm_type":"way","osm_id":1426102957,"country":"PT","name":"Descarregador de cheias","operator":null,"wikidata":null,"wikipedia":null}},{"type":"Feature","geometry":{"type":"LineString","coordinates":[[-8.4861,41.07248],[-8.4862,41.07245]]},"properties":{"osm_type":"way","osm_id":1426102958,"country":"PT","name":"Descarregador de cheias","operator":null,"wikidata":null,"wikipedia":null}},{"type":"Feature","geometry":{"type":"LineString","coordinates":[[-8.48623,41.07277],[-8.48632,41.07274]]},"properties":{"osm_type":"way","osm_id":1426102959,"country":"PT","name":"Descarregador de cheias","operator":null,"wikidata":null,"wikipedia":null}},{"type":"Feature","geometry":{"type":"LineString","coordinates":[[-8.48686,41.07422],[-8.48696,41.0742]]},"properties":{"osm_type":"way","osm_id":1426102960,"country":"PT","name":"Descarregador de cheias","operator":null,"wikidata":null,"wikipedia":null}},{"type":"Feature","geometry":{"type":"LineString","coordinates":[[-8.48673,41.07393],[-8.48683,41.07391]]},"properties":{"osm_type":"way","osm_id":1426102961,"country":"PT","name":"Descarregador de cheias","operator":null,"wikidata":null,"wikipedia":null}},{"type":"Feature","geometry":{"type":"LineString","coordinates":[[-8.48661,41.07364],[-8.4867,41.07362]]},"properties":{"osm_type":"way","osm_id":1426102962,"country":"PT","name":"Descarregador de cheias","operator":null,"wikidata":null,"wikipedia":null}},{"type":"Feature","geometry":{"type":"LineString","coordinates":[[-8.48648,41.07335],[-8.48658,41.07332]]},"properties":{"osm_type":"way","osm_id":1426102963,"country":"PT","name":"Descarregador de cheias","operator":null,"wikidata":null,"wikipedia":null}},{"type":"Feature","geometry":{"type":"LineString","coordinates":[[-8.48635,41.07306],[-8.48645,41.07303]]},"properties":{"osm_type":"way","osm_id":1426102964,"country":"PT","name":"Descarregador de cheias","operator":null,"wikidata":null,"wikipedia":null}},{"type":"Feature","geometry":{"type":"LineString","coordinates":[[-8.4858,41.07156],[-8.48622,41.07146]]},"properties":{"osm_type":"way","osm_id":1426102974,"country":"PT","name":null,"operator":null,"wikidata":null,"wikipedia":null}},{"type":"Feature","geometry":{"type":"LineString","coordinates":[[-8.48546,41.07164],[-8.4858,41.07156]]},"properties":{"osm_type":"way","osm_id":1426102975,"country":"PT","name":null,"operator":null,"wikidata":null,"wikipedia":null}},{"type":"Feature","geometry":{"type":"LineString","coordinates":[[-8.48554,41.0718],[-8.48587,41.07172]]},"properties":{"osm_type":"way","osm_id":1426102976,"country":"PT","name":null,"operator":null,"wikidata":null,"wikipedia":null}},{"type":"Feature","geometry":{"type":"LineString","coordinates":[[-8.48587,41.07172],[-8.48629,41.07162]]},"properties":{"osm_type":"way","osm_id":1426102977,"country":"PT","name":null,"operator":null,"wikidata":null,"wikipedia":null}},{"type":"Feature","geometry":{"type":"LineString","coordinates":[[-8.48594,41.07189],[-8.48636,41.07178]]},"properties":{"osm_type":"way","osm_id":1426102978,"country":"PT","name":null,"operator":null,"wikidata":null,"wikipedia":null}},{"type":"Feature","geometry":{"type":"LineString","coordinates":[[-8.48561,41.07197],[-8.48594,41.07189]]},"properties":{"osm_type":"way","osm_id":1426102979,"country":"PT","name":null,"operator":null,"wikidata":null,"wikipedia":null}},{"type":"Feature","geometry":{"type":"LineString","coordinates":[[-7.42313,41.21897],[-7.42302,41.21875]]},"properties":{"osm_type":"way","osm_id":1426122565,"country":"PT","name":"Descarga de fundo","operator":null,"wikidata":null,"wikipedia":null}},{"type":"Feature","geometry":{"type":"LineString","coordinates":[[-7.42219,41.21858],[-7.42231,41.2185]]},"properties":{"osm_type":"way","osm_id":1426122576,"country":"PT","name":"Descarregador de cheias","operator":null,"wikidata":null,"wikipedia":null}},{"type":"Feature","geometry":{"type":"LineString","coordinates":[[-7.42237,41.21872],[-7.42248,41.21863]]},"properties":{"osm_type":"way","osm_id":1426122577,"country":"PT","name":"Descarregador de cheias","operator":null,"wikidata":null,"wikipedia":null}},{"type":"Feature","geometry":{"type":"LineString","coordinates":[[-7.42286,41.21893],[-7.42291,41.21882]]},"properties":{"osm_type":"way","osm_id":1426122579,"country":"PT","name":"Descarregador de cheias","operator":null,"wikidata":null,"wikipedia":null}},{"type":"Feature","geometry":{"type":"LineString","coordinates":[[-7.80341,39.54314],[-7.80349,39.54314]]},"properties":{"osm_type":"way","osm_id":1426229335,"country":"PT","name":"Descarregador de cheias","operator":null,"wikidata":null,"wikipedia":null}},{"type":"Feature","geometry":{"type":"LineString","coordinates":[[-7.80327,39.54315],[-7.80341,39.54314]]},"properties":{"osm_type":"way","osm_id":1426229336,"country":"PT","name":"Descarregador de cheias","operator":null,"wikidata":null,"wikipedia":null}},{"type":"Feature","geometry":{"type":"LineString","coordinates":[[-7.80348,39.54356],[-7.80352,39.54356]]},"properties":{"osm_type":"way","osm_id":1426229338,"country":"PT","name":"Descarregador de cheias","operator":null,"wikidata":null,"wikipedia":null}},{"type":"Feature","geometry":{"type":"LineString","coordinates":[[-7.80332,39.54398],[-7.80351,39.54396]]},"properties":{"osm_type":"way","osm_id":1426229340,"country":"PT","name":"Descarregador de cheias","operator":null,"wikidata":null,"wikipedia":null}},{"type":"Feature","geometry":{"type":"LineString","coordinates":[[-7.80351,39.54396],[-7.80356,39.54396]]},"properties":{"osm_type":"way","osm_id":1426229341,"country":"PT","name":"Descarregador de cheias","operator":null,"wikidata":null,"wikipedia":null}},{"type":"Feature","geometry":{"type":"LineString","coordinates":[[-7.80284,39.54349],[-7.80329,39.54357]]},"properties":{"osm_type":"way","osm_id":1426229342,"country":"PT","name":"Descarregador de cheias","operator":null,"wikidata":null,"wikipedia":null}},{"type":"Feature","geometry":{"type":"LineString","coordinates":[[-7.8028,39.54307],[-7.80327,39.54315]]},"properties":{"osm_type":"way","osm_id":1426229343,"country":"PT","name":"Descarregador de cheias","operator":null,"wikidata":null,"wikipedia":null}},{"type":"Feature","geometry":{"type":"LineString","coordinates":[[-7.80282,39.54328],[-7.80327,39.54315]]},"properties":{"osm_type":"way","osm_id":1426229344,"country":"PT","name":"Descarregador de cheias","operator":null,"wikidata":null,"wikipedia":null}},{"type":"Feature","geometry":{"type":"LineString","coordinates":[[-7.80287,39.5437],[-7.80329,39.54357]]},"properties":{"osm_type":"way","osm_id":1426229345,"country":"PT","name":"Descarregador de cheias","operator":null,"wikidata":null,"wikipedia":null}},{"type":"Feature","geometry":{"type":"LineString","coordinates":[[-7.80289,39.54391],[-7.80332,39.54398]]},"properties":{"osm_type":"way","osm_id":1426229346,"country":"PT","name":"Descarregador de cheias","operator":null,"wikidata":null,"wikipedia":null}},{"type":"Feature","geometry":{"type":"LineString","coordinates":[[-7.80291,39.54412],[-7.80332,39.54398]]},"properties":{"osm_type":"way","osm_id":1426229347,"country":"PT","name":"Descarregador de cheias","operator":null,"wikidata":null,"wikipedia":null}},{"type":"Feature","geometry":{"type":"LineString","coordinates":[[-7.8027,39.54308],[-7.8028,39.54307]]},"properties":{"osm_type":"way","osm_id":1426229353,"country":"PT","name":"Descarregador de cheias","operator":null,"wikidata":null,"wikipedia":null}},{"type":"Feature","geometry":{"type":"LineString","coordinates":[[-7.80272,39.54329],[-7.80282,39.54328]]},"properties":{"osm_type":"way","osm_id":1426229354,"country":"PT","name":"Descarregador de cheias","operator":null,"wikidata":null,"wikipedia":null}},{"type":"Feature","geometry":{"type":"LineString","coordinates":[[-7.80281,39.54412],[-7.80291,39.54412]]},"properties":{"osm_type":"way","osm_id":1426229355,"country":"PT","name":"Descarregador de cheias","operator":null,"wikidata":null,"wikipedia":null}},{"type":"Feature","geometry":{"type":"LineString","coordinates":[[-7.80279,39.54392],[-7.80289,39.54391]]},"properties":{"osm_type":"way","osm_id":1426229356,"country":"PT","name":"Descarregador de cheias","operator":null,"wikidata":null,"wikipedia":null}},{"type":"Feature","geometry":{"type":"LineString","coordinates":[[-7.80277,39.54371],[-7.80287,39.5437]]},"properties":{"osm_type":"way","osm_id":1426229357,"country":"PT","name":"Descarregador de cheias","operator":null,"wikidata":null,"wikipedia":null}},{"type":"Feature","geometry":{"type":"LineString","coordinates":[[-7.80275,39.5435],[-7.80284,39.54349]]},"properties":{"osm_type":"way","osm_id":1426229358,"country":"PT","name":"Descarregador de cheias","operator":null,"wikidata":null,"wikipedia":null}},{"type":"Feature","geometry":{"type":"LineString","coordinates":[[-7.80329,39.54357],[-7.80348,39.54356]]},"properties":{"osm_type":"way","osm_id":1426229360,"country":"PT","name":"Descarregador de cheias","operator":null,"wikidata":null,"wikipedia":null}},{"type":"Feature","geometry":{"type":"LineString","coordinates":[[-7.8029,39.54284],[-7.80324,39.54282]]},"properties":{"osm_type":"way","osm_id":1426229364,"country":"PT","name":null,"operator":null,"wikidata":null,"wikipedia":null}},{"type":"Feature","geometry":{"type":"LineString","coordinates":[[-7.80289,39.54269],[-7.80322,39.54267]]},"properties":{"osm_type":"way","osm_id":1426229365,"country":"PT","name":null,"operator":null,"wikidata":null,"wikipedia":null}},{"type":"Feature","geometry":{"type":"LineString","coordinates":[[-7.80245,39.54287],[-7.8029,39.54284]]},"properties":{"osm_type":"way","osm_id":1426229366,"country":"PT","name":null,"operator":null,"wikidata":null,"wikipedia":null}},{"type":"Feature","geometry":{"type":"LineString","coordinates":[[-7.80243,39.54272],[-7.80289,39.54269]]},"properties":{"osm_type":"way","osm_id":1426229367,"country":"PT","name":null,"operator":null,"wikidata":null,"wikipedia":null}},{"type":"Feature","geometry":{"type":"LineString","coordinates":[[-7.80287,39.54254],[-7.8032,39.54252]]},"properties":{"osm_type":"way","osm_id":1426229368,"country":"PT","name":null,"operator":null,"wikidata":null,"wikipedia":null}},{"type":"Feature","geometry":{"type":"LineString","coordinates":[[-7.80242,39.54257],[-7.80287,39.54254]]},"properties":{"osm_type":"way","osm_id":1426229369,"country":"PT","name":null,"operator":null,"wikidata":null,"wikipedia":null}},{"type":"Feature","geometry":{"type":"LineString","coordinates":[[-6.26342,41.48995],[-6.26328,41.48962]]},"properties":{"osm_type":"way","osm_id":1426257493,"country":"PT","name":"Descarregador de cheias","operator":null,"wikidata":null,"wikipedia":null}},{"type":"Feature","geometry":{"type":"LineString","coordinates":[[-6.26375,41.48985],[-6.26354,41.48956]]},"properties":{"osm_type":"way","osm_id":1426257494,"country":"PT","name":"Descarregador de cheias","operator":null,"wikidata":null,"wikipedia":null}},{"type":"Feature","geometry":{"type":"LineString","coordinates":[[-6.26403,41.48971],[-6.26377,41.48946]]},"properties":{"osm_type":"way","osm_id":1426257495,"country":"PT","name":"Descarregador de cheias","operator":null,"wikidata":null,"wikipedia":null}},{"type":"Feature","geometry":{"type":"LineString","coordinates":[[-6.26428,41.48954],[-6.26394,41.48931]]},"properties":{"osm_type":"way","osm_id":1426257496,"country":"PT","name":"Descarregador de cheias","operator":null,"wikidata":null,"wikipedia":null}},{"type":"Feature","geometry":{"type":"LineString","coordinates":[[-6.26408,41.48976],[-6.26403,41.48971]]},"properties":{"osm_type":"way","osm_id":1426257506,"country":"PT","name":"Descarregador de cheias","operator":null,"wikidata":null,"wikipedia":null}},{"type":"Feature","geometry":{"type":"LineString","coordinates":[[-6.26378,41.4899],[-6.26375,41.48985]]},"properties":{"osm_type":"way","osm_id":1426257507,"country":"PT","name":"Descarregador de cheias","operator":null,"wikidata":null,"wikipedia":null}},{"type":"Feature","geometry":{"type":"LineString","coordinates":[[-6.26345,41.49001],[-6.26342,41.48995]]},"properties":{"osm_type":"way","osm_id":1426257508,"country":"PT","name":"Descarregador de cheias","operator":null,"wikidata":null,"wikipedia":null}},{"type":"Feature","geometry":{"type":"LineString","coordinates":[[-6.26435,41.48959],[-6.26428,41.48954]]},"properties":{"osm_type":"way","osm_id":1426257509,"country":"PT","name":"Descarregador de cheias","operator":null,"wikidata":null,"wikipedia":null}},{"type":"Feature","geometry":{"type":"LineString","coordinates":[[-6.26585,41.48878],[-6.26652,41.4878]]},"properties":{"osm_type":"way","osm_id":1426257515,"country":"PT","name":null,"operator":null,"wikidata":null,"wikipedia":null}},{"type":"Feature","geometry":{"type":"LineString","coordinates":[[-6.26561,41.48877],[-6.26634,41.48773]]},"properties":{"osm_type":"way","osm_id":1426257516,"country":"PT","name":null,"operator":null,"wikidata":null,"wikipedia":null}},{"type":"Feature","geometry":{"type":"LineString","coordinates":[[-6.26537,41.48877],[-6.26617,41.48766]]},"properties":{"osm_type":"way","osm_id":1426257517,"country":"PT","name":null,"operator":null,"wikidata":null,"wikipedia":null}},{"type":"Feature","geometry":{"type":"LineString","coordinates":[[-7.01221,41.22846],[-7.01231,41.22838]]},"properties":{"osm_type":"way","osm_id":1426731840,"country":"PT","name":"Descarregador de cheias","operator":null,"wikidata":null,"wikipedia":null}},{"type":"Feature","geometry":{"type":"LineString","coordinates":[[-7.0124,41.22857],[-7.01247,41.22851]]},"properties":{"osm_type":"way","osm_id":1426731841,"country":"PT","name":"Descarregador de cheias","operator":null,"wikidata":null,"wikipedia":null}},{"type":"Feature","geometry":{"type":"LineString","coordinates":[[-7.0126,41.22867],[-7.01266,41.22859]]},"properties":{"osm_type":"way","osm_id":1426731842,"country":"PT","name":"Descarregador de cheias","operator":null,"wikidata":null,"wikipedia":null}},{"type":"Feature","geometry":{"type":"LineString","coordinates":[[-7.01281,41.22876],[-7.01286,41.22865]]},"properties":{"osm_type":"way","osm_id":1426731843,"country":"PT","name":"Descarregador de cheias","operator":null,"wikidata":null,"wikipedia":null}},{"type":"Feature","geometry":{"type":"LineString","coordinates":[[-7.01236,41.22878],[-7.01256,41.22855]]},"properties":{"osm_type":"way","osm_id":1426731846,"country":"PT","name":"Descarregador de fundo","operator":null,"wikidata":null,"wikipedia":null}},{"type":"Feature","geometry":{"type":"LineString","coordinates":[[-7.01213,41.22853],[-7.01221,41.22846]]},"properties":{"osm_type":"way","osm_id":1426731874,"country":"PT","name":"Descarregador de cheias","operator":null,"wikidata":null,"wikipedia":null}},{"type":"Feature","geometry":{"type":"LineString","coordinates":[[-7.01233,41.22864],[-7.0124,41.22857]]},"properties":{"osm_type":"way","osm_id":1426731875,"country":"PT","name":"Descarregador de cheias","operator":null,"wikidata":null,"wikipedia":null}},{"type":"Feature","geometry":{"type":"LineString","coordinates":[[-7.01255,41.22875],[-7.0126,41.22867]]},"properties":{"osm_type":"way","osm_id":1426731878,"country":"PT","name":"Descarregador de cheias","operator":null,"wikidata":null,"wikipedia":null}},{"type":"Feature","geometry":{"type":"LineString","coordinates":[[-7.01277,41.22884],[-7.01281,41.22876]]},"properties":{"osm_type":"way","osm_id":1426731879,"country":"PT","name":"Descarregador de cheias","operator":null,"wikidata":null,"wikipedia":null}},{"type":"Feature","geometry":{"type":"LineString","coordinates":[[-7.09285,41.20198],[-7.0931,41.20188]]},"properties":{"osm_type":"way","osm_id":1426928336,"country":"PT","name":"Descarregador de cheias","operator":null,"wikidata":null,"wikipedia":null}},{"type":"Feature","geometry":{"type":"LineString","coordinates":[[-7.09297,41.20215],[-7.09322,41.20204]]},"properties":{"osm_type":"way","osm_id":1426928337,"country":"PT","name":"Descarregador de cheias","operator":null,"wikidata":null,"wikipedia":null}},{"type":"Feature","geometry":{"type":"LineString","coordinates":[[-7.0931,41.20231],[-7.09334,41.20221]]},"properties":{"osm_type":"way","osm_id":1426928338,"country":"PT","name":"Descarregador de cheias","operator":null,"wikidata":null,"wikipedia":null}},{"type":"Feature","geometry":{"type":"LineString","coordinates":[[-7.09322,41.20248],[-7.09346,41.20238]]},"properties":{"osm_type":"way","osm_id":1426928339,"country":"PT","name":"Descarregador de cheias","operator":null,"wikidata":null,"wikipedia":null}},{"type":"Feature","geometry":{"type":"LineString","coordinates":[[-7.09273,41.20203],[-7.09285,41.20198]]},"properties":{"osm_type":"way","osm_id":1426928340,"country":"PT","name":"Descarregador de cheias","operator":null,"wikidata":null,"wikipedia":null}},{"type":"Feature","geometry":{"type":"LineString","coordinates":[[-7.09285,41.2022],[-7.09297,41.20215]]},"properties":{"osm_type":"way","osm_id":1426928341,"country":"PT","name":"Descarregador de cheias","operator":null,"wikidata":null,"wikipedia":null}},{"type":"Feature","geometry":{"type":"LineString","coordinates":[[-7.09298,41.20236],[-7.0931,41.20231]]},"properties":{"osm_type":"way","osm_id":1426928342,"country":"PT","name":"Descarregador de cheias","operator":null,"wikidata":null,"wikipedia":null}},{"type":"Feature","geometry":{"type":"LineString","coordinates":[[-7.0931,41.20253],[-7.09322,41.20248]]},"properties":{"osm_type":"way","osm_id":1426928343,"country":"PT","name":"Descarregador de cheias","operator":null,"wikidata":null,"wikipedia":null}},{"type":"Feature","geometry":{"type":"LineString","coordinates":[[-7.09317,41.20261],[-7.09397,41.20226]]},"properties":{"osm_type":"way","osm_id":1426928344,"country":"PT","name":null,"operator":null,"wikidata":null,"wikipedia":null}},{"type":"Feature","geometry":{"type":"LineString","coordinates":[[-8.3199,40.74274],[-8.32054,40.74263]]},"properties":{"osm_type":"way","osm_id":1427509510,"country":"PT","name":"Descarga de fundo","operator":null,"wikidata":null,"wikipedia":null}},{"type":"Feature","geometry":{"type":"LineString","coordinates":[[-8.3219,40.74181],[-8.32248,40.74182]]},"properties":{"osm_type":"way","osm_id":1427509513,"country":"PT","name":null,"operator":null,"wikidata":null,"wikipedia":null}},{"type":"Feature","geometry":{"type":"LineString","coordinates":[[-8.32014,40.74298],[-8.32064,40.74283]]},"properties":{"osm_type":"way","osm_id":1427509523,"country":"PT","name":"Descarregador de cheias","operator":null,"wikidata":null,"wikipedia":null}},{"type":"Feature","geometry":{"type":"LineString","coordinates":[[-8.32022,40.74312],[-8.3207,40.74295]]},"properties":{"osm_type":"way","osm_id":1427509524,"country":"PT","name":"Descarregador de cheias","operator":null,"wikidata":null,"wikipedia":null}},{"type":"Feature","geometry":{"type":"LineString","coordinates":[[-8.32007,40.74283],[-8.32058,40.74271]]},"properties":{"osm_type":"way","osm_id":1427509525,"country":"PT","name":"Descarregador de cheias","operator":null,"wikidata":null,"wikipedia":null}},{"type":"Feature","geometry":{"type":"LineString","coordinates":[[-8.32013,40.74315],[-8.32022,40.74312]]},"properties":{"osm_type":"way","osm_id":1427509526,"country":"PT","name":"Descarregador de cheias","operator":null,"wikidata":null,"wikipedia":null}},{"type":"Feature","geometry":{"type":"LineString","coordinates":[[-8.32005,40.743],[-8.32014,40.74298]]},"properties":{"osm_type":"way","osm_id":1427509527,"country":"PT","name":"Descarregador de cheias","operator":null,"wikidata":null,"wikipedia":null}},{"type":"Feature","geometry":{"type":"LineString","coordinates":[[-7.37633,41.16042],[-7.37624,41.16068]]},"properties":{"osm_type":"way","osm_id":1427613499,"country":"PT","name":"Descarregador de cheias","operator":null,"wikidata":null,"wikipedia":null}},{"type":"Feature","geometry":{"type":"LineString","coordinates":[[-7.376,41.16035],[-7.37591,41.16061]]},"properties":{"osm_type":"way","osm_id":1427613500,"country":"PT","name":"Descarregador de cheias","operator":null,"wikidata":null,"wikipedia":null}},{"type":"Feature","geometry":{"type":"LineString","coordinates":[[-7.37488,41.16021],[-7.37484,41.16048]]},"properties":{"osm_type":"way","osm_id":1427613501,"country":"PT","name":"Descarregador de cheias","operator":null,"wikidata":null,"wikipedia":null}},{"type":"Feature","geometry":{"type":"LineString","coordinates":[[-7.37523,41.16024],[-7.37517,41.16051]]},"properties":{"osm_type":"way","osm_id":1427613502,"country":"PT","name":"Descarregador de cheias","operator":null,"wikidata":null,"wikipedia":null}},{"type":"Feature","geometry":{"type":"LineString","coordinates":[[-7.37562,41.16029],[-7.37554,41.16055]]},"properties":{"osm_type":"way","osm_id":1427613506,"country":"PT","name":"Descarregador de cheias","operator":null,"wikidata":null,"wikipedia":null}},{"type":"Feature","geometry":{"type":"LineString","coordinates":[[-7.37373,41.1604],[-7.37369,41.16071]]},"properties":{"osm_type":"way","osm_id":1427613512,"country":"PT","name":null,"operator":null,"wikidata":null,"wikipedia":null}},{"type":"Feature","geometry":{"type":"LineString","coordinates":[[-7.37404,41.16042],[-7.37401,41.16073]]},"properties":{"osm_type":"way","osm_id":1427613513,"country":"PT","name":null,"operator":null,"wikidata":null,"wikipedia":null}},{"type":"Feature","geometry":{"type":"LineString","coordinates":[[-7.37376,41.16016],[-7.37373,41.1604]]},"properties":{"osm_type":"way","osm_id":1427613514,"country":"PT","name":null,"operator":null,"wikidata":null,"wikipedia":null}},{"type":"Feature","geometry":{"type":"LineString","coordinates":[[-7.3737,41.1601],[-7.37376,41.16016]]},"properties":{"osm_type":"way","osm_id":1427613515,"country":"PT","name":null,"operator":null,"wikidata":null,"wikipedia":null}},{"type":"Feature","geometry":{"type":"LineString","coordinates":[[-7.37383,41.16011],[-7.37376,41.16016]]},"properties":{"osm_type":"way","osm_id":1427613516,"country":"PT","name":null,"operator":null,"wikidata":null,"wikipedia":null}},{"type":"Feature","geometry":{"type":"LineString","coordinates":[[-7.37407,41.16019],[-7.37404,41.16042]]},"properties":{"osm_type":"way","osm_id":1427613517,"country":"PT","name":null,"operator":null,"wikidata":null,"wikipedia":null}},{"type":"Feature","geometry":{"type":"LineString","coordinates":[[-7.37401,41.16012],[-7.37407,41.16019]]},"properties":{"osm_type":"way","osm_id":1427613518,"country":"PT","name":null,"operator":null,"wikidata":null,"wikipedia":null}},{"type":"Feature","geometry":{"type":"LineString","coordinates":[[-7.37414,41.16013],[-7.37407,41.16019]]},"properties":{"osm_type":"way","osm_id":1427613519,"country":"PT","name":null,"operator":null,"wikidata":null,"wikipedia":null}},{"type":"Feature","geometry":{"type":"LineString","coordinates":[[-7.37436,41.16044],[-7.37432,41.16075]]},"properties":{"osm_type":"way","osm_id":1427613520,"country":"PT","name":null,"operator":null,"wikidata":null,"wikipedia":null}},{"type":"Feature","geometry":{"type":"LineString","coordinates":[[-7.37432,41.16014],[-7.37438,41.16021]]},"properties":{"osm_type":"way","osm_id":1427613521,"country":"PT","name":null,"operator":null,"wikidata":null,"wikipedia":null}},{"type":"Feature","geometry":{"type":"LineString","coordinates":[[-7.37438,41.16021],[-7.37436,41.16044]]},"properties":{"osm_type":"way","osm_id":1427613522,"country":"PT","name":null,"operator":null,"wikidata":null,"wikipedia":null}},{"type":"Feature","geometry":{"type":"LineString","coordinates":[[-7.37445,41.16015],[-7.37438,41.16021]]},"properties":{"osm_type":"way","osm_id":1427613523,"country":"PT","name":null,"operator":null,"wikidata":null,"wikipedia":null}},{"type":"Feature","geometry":{"type":"LineString","coordinates":[[-7.99799,39.48009],[-7.99811,39.48006]]},"properties":{"osm_type":"way","osm_id":1427719023,"country":"PT","name":"Descarregador de cheias","operator":null,"wikidata":null,"wikipedia":null}},{"type":"Feature","geometry":{"type":"LineString","coordinates":[[-7.99794,39.47989],[-7.99806,39.47987]]},"properties":{"osm_type":"way","osm_id":1427719024,"country":"PT","name":"Descarregador de cheias","operator":null,"wikidata":null,"wikipedia":null}},{"type":"Feature","geometry":{"type":"LineString","coordinates":[[-7.99788,39.47969],[-7.998,39.47967]]},"properties":{"osm_type":"way","osm_id":1427719025,"country":"PT","name":"Descarregador de cheias","operator":null,"wikidata":null,"wikipedia":null}},{"type":"Feature","geometry":{"type":"LineString","coordinates":[[-7.99783,39.4795],[-7.99794,39.47948]]},"properties":{"osm_type":"way","osm_id":1427719026,"country":"PT","name":"Descarregador de cheias","operator":null,"wikidata":null,"wikipedia":null}},{"type":"Feature","geometry":{"type":"LineString","coordinates":[[-7.99777,39.4793],[-7.99789,39.47928]]},"properties":{"osm_type":"way","osm_id":1427719027,"country":"PT","name":"Descarregador de cheias","operator":null,"wikidata":null,"wikipedia":null}},{"type":"Feature","geometry":{"type":"LineString","coordinates":[[-7.99772,39.4791],[-7.99783,39.47908]]},"properties":{"osm_type":"way","osm_id":1427719028,"country":"PT","name":"Descarregador de cheias","operator":null,"wikidata":null,"wikipedia":null}},{"type":"Feature","geometry":{"type":"LineString","coordinates":[[-7.99767,39.47891],[-7.99778,39.47889]]},"properties":{"osm_type":"way","osm_id":1427719029,"country":"PT","name":"Descarregador de cheias","operator":null,"wikidata":null,"wikipedia":null}},{"type":"Feature","geometry":{"type":"LineString","coordinates":[[-7.99761,39.47872],[-7.99772,39.4787]]},"properties":{"osm_type":"way","osm_id":1427719030,"country":"PT","name":"Descarregador de cheias","operator":null,"wikidata":null,"wikipedia":null}},{"type":"Feature","geometry":{"type":"LineString","coordinates":[[-7.99756,39.47852],[-7.99767,39.4785]]},"properties":{"osm_type":"way","osm_id":1427719031,"country":"PT","name":"Descarregador de cheias","operator":null,"wikidata":null,"wikipedia":null}},{"type":"Feature","geometry":{"type":"LineString","coordinates":[[-7.9975,39.47833],[-7.99762,39.47832]]},"properties":{"osm_type":"way","osm_id":1427719032,"country":"PT","name":"Descarregador de cheias","operator":null,"wikidata":null,"wikipedia":null}},{"type":"Feature","geometry":{"type":"LineString","coordinates":[[-7.99848,39.48103],[-7.99866,39.481]]},"properties":{"osm_type":"way","osm_id":1427723248,"country":"PT","name":null,"operator":null,"wikidata":null,"wikipedia":null}},{"type":"Feature","geometry":{"type":"LineString","coordinates":[[-7.99846,39.48095],[-7.99864,39.48091]]},"properties":{"osm_type":"way","osm_id":1427723249,"country":"PT","name":null,"operator":null,"wikidata":null,"wikipedia":null}},{"type":"Feature","geometry":{"type":"LineString","coordinates":[[-7.99844,39.48086],[-7.99862,39.48083]]},"properties":{"osm_type":"way","osm_id":1427723250,"country":"PT","name":null,"operator":null,"wikidata":null,"wikipedia":null}},{"type":"Feature","geometry":{"type":"LineString","coordinates":[[-7.99841,39.48077],[-7.99859,39.48074]]},"properties":{"osm_type":"way","osm_id":1427723251,"country":"PT","name":null,"operator":null,"wikidata":null,"wikipedia":null}},{"type":"Feature","geometry":{"type":"LineString","coordinates":[[-7.99839,39.48068],[-7.99857,39.48066]]},"properties":{"osm_type":"way","osm_id":1427723252,"country":"PT","name":null,"operator":null,"wikidata":null,"wikipedia":null}},{"type":"Feature","geometry":{"type":"LineString","coordinates":[[-7.99833,39.48046],[-7.9985,39.48043]]},"properties":{"osm_type":"way","osm_id":1427723253,"country":"PT","name":null,"operator":null,"wikidata":null,"wikipedia":null}},{"type":"Feature","geometry":{"type":"LineString","coordinates":[[-7.99825,39.48107],[-7.99848,39.48103]]},"properties":{"osm_type":"way","osm_id":1427723254,"country":"PT","name":null,"operator":null,"wikidata":null,"wikipedia":null}},{"type":"Feature","geometry":{"type":"LineString","coordinates":[[-7.99823,39.48099],[-7.99846,39.48095]]},"properties":{"osm_type":"way","osm_id":1427723255,"country":"PT","name":null,"operator":null,"wikidata":null,"wikipedia":null}},{"type":"Feature","geometry":{"type":"LineString","coordinates":[[-7.9982,39.4809],[-7.99844,39.48086]]},"properties":{"osm_type":"way","osm_id":1427723256,"country":"PT","name":null,"operator":null,"wikidata":null,"wikipedia":null}},{"type":"Feature","geometry":{"type":"LineString","coordinates":[[-7.99817,39.48081],[-7.99841,39.48077]]},"properties":{"osm_type":"way","osm_id":1427723257,"country":"PT","name":null,"operator":null,"wikidata":null,"wikipedia":null}},{"type":"Feature","geometry":{"type":"LineString","coordinates":[[-7.99815,39.48072],[-7.99839,39.48068]]},"properties":{"osm_type":"way","osm_id":1427723258,"country":"PT","name":null,"operator":null,"wikidata":null,"wikipedia":null}},{"type":"Feature","geometry":{"type":"LineString","coordinates":[[-7.99811,39.4805],[-7.99833,39.48046]]},"properties":{"osm_type":"way","osm_id":1427723259,"country":"PT","name":null,"operator":null,"wikidata":null,"wikipedia":null}},{"type":"Feature","geometry":{"type":"LineString","coordinates":[[-8.21906,39.85307],[-8.21906,39.85335]]},"properties":{"osm_type":"way","osm_id":1427728211,"country":"PT","name":"Descarregador de cheias","operator":null,"wikidata":null,"wikipedia":null}},{"type":"Feature","geometry":{"type":"LineString","coordinates":[[-8.21874,39.8538],[-8.21896,39.85357]]},"properties":{"osm_type":"way","osm_id":1427728212,"country":"PT","name":"Descarregador de cheias","operator":null,"wikidata":null,"wikipedia":null}},{"type":"Feature","geometry":{"type":"LineString","coordinates":[[-8.21796,39.85305],[-8.21817,39.8542],[-8.2211,39.85423]]},"properties":{"osm_type":"way","osm_id":1427728215,"country":"PT","name":"Descarga de fundo","operator":null,"wikidata":null,"wikipedia":null}},{"type":"Feature","geometry":{"type":"LineString","coordinates":[[-8.21971,39.85388],[-8.21986,39.85385]]},"properties":{"osm_type":"way","osm_id":1427728218,"country":"PT","name":null,"operator":null,"wikidata":null,"wikipedia":null}},{"type":"Feature","geometry":{"type":"LineString","coordinates":[[-8.21971,39.85395],[-8.21989,39.85393]]},"properties":{"osm_type":"way","osm_id":1427728219,"country":"PT","name":null,"operator":null,"wikidata":null,"wikipedia":null}},{"type":"Feature","geometry":{"type":"LineString","coordinates":[[-7.61022,39.52648],[-7.61026,39.52654]]},"properties":{"osm_type":"way","osm_id":1427729195,"country":"PT","name":null,"operator":null,"wikidata":null,"wikipedia":null}},{"type":"Feature","geometry":{"type":"LineString","coordinates":[[-7.34119,40.52615],[-7.34115,40.52693]]},"properties":{"osm_type":"way","osm_id":1427733084,"country":"PT","name":null,"operator":null,"wikidata":null,"wikipedia":null}},{"type":"Feature","geometry":{"type":"LineString","coordinates":[[-7.33592,40.54215],[-7.33607,40.54231]]},"properties":{"osm_type":"way","osm_id":1427733986,"country":"PT","name":null,"operator":null,"wikidata":null,"wikipedia":null}},{"type":"Feature","geometry":{"type":"LineString","coordinates":[[-7.68727,40.39832],[-7.68738,40.39835]]},"properties":{"osm_type":"way","osm_id":1427741079,"country":"PT","name":null,"operator":null,"wikidata":null,"wikipedia":null}},{"type":"Feature","geometry":{"type":"LineString","coordinates":[[-7.68731,40.39821],[-7.68742,40.39824]]},"properties":{"osm_type":"way","osm_id":1427741080,"country":"PT","name":null,"operator":null,"wikidata":null,"wikipedia":null}},{"type":"Feature","geometry":{"type":"LineString","coordinates":[[-8.15116,41.5793],[-8.15246,41.57806]]},"properties":{"osm_type":"way","osm_id":1427743932,"country":"PT","name":"Conduta do grupo 2","operator":null,"wikidata":null,"wikipedia":null}},{"type":"Feature","geometry":{"type":"LineString","coordinates":[[-8.15269,41.578],[-8.15271,41.57796]]},"properties":{"osm_type":"way","osm_id":1427743933,"country":"PT","name":"Conduta do grupo 2","operator":null,"wikidata":null,"wikipedia":null}},{"type":"Feature","geometry":{"type":"LineString","coordinates":[[-8.15119,41.57932],[-8.15249,41.57808]]},"properties":{"osm_type":"way","osm_id":1427743934,"country":"PT","name":"Conduta do grupo 1","operator":null,"wikidata":null,"wikipedia":null}},{"type":"Feature","geometry":{"type":"LineString","coordinates":[[-8.15282,41.57803],[-8.15283,41.57796]]},"properties":{"osm_type":"way","osm_id":1427743935,"country":"PT","name":"Conduta do grupo 1","operator":null,"wikidata":null,"wikipedia":null}},{"type":"Feature","geometry":{"type":"LineString","coordinates":[[-8.16122,40.5593],[-8.16138,40.55917]]},"properties":{"osm_type":"way","osm_id":1427760501,"country":"PT","name":null,"operator":null,"wikidata":null,"wikipedia":null}},{"type":"Feature","geometry":{"type":"LineString","coordinates":[[-8.75827,41.88588],[-8.75888,41.88559]]},"properties":{"osm_type":"way","osm_id":1427763655,"country":"PT","name":null,"operator":null,"wikidata":null,"wikipedia":null}},{"type":"Feature","geometry":{"type":"LineString","coordinates":[[-8.76113,41.88458],[-8.7613,41.88452]]},"properties":{"osm_type":"way","osm_id":1427763657,"country":"PT","name":null,"operator":null,"wikidata":null,"wikipedia":null}},{"type":"Feature","geometry":{"type":"LineString","coordinates":[[-8.13839,41.5857],[-8.13845,41.58572]]},"properties":{"osm_type":"way","osm_id":1427767223,"country":"PT","name":"Canal de adução da Central Hidroelétrica do Ermal","operator":null,"wikidata":null,"wikipedia":null}},{"type":"Feature","geometry":{"type":"LineString","coordinates":[[-8.13845,41.58572],[-8.1386,41.58568]]},"properties":{"osm_type":"way","osm_id":1427767224,"country":"PT","name":"Canal de adução da Central Hidroelétrica do Ermal","operator":null,"wikidata":null,"wikipedia":null}},{"type":"Feature","geometry":{"type":"LineString","coordinates":[[-8.13833,41.58572],[-8.13839,41.58575]]},"properties":{"osm_type":"way","osm_id":1427767225,"country":"PT","name":"Canal de adução do Aproveitamento Hidroelétrico de Guilhofrei","operator":null,"wikidata":null,"wikipedia":null}},{"type":"Feature","geometry":{"type":"LineString","coordinates":[[-8.13833,41.58572],[-8.13839,41.5857]]},"properties":{"osm_type":"way","osm_id":1427767226,"country":"PT","name":"Canal de adução do Aproveitamento Hidroelétrico de Guilhofrei","operator":null,"wikidata":null,"wikipedia":null}},{"type":"Feature","geometry":{"type":"LineString","coordinates":[[-8.13839,41.58575],[-8.13845,41.58572]]},"properties":{"osm_type":"way","osm_id":1427767227,"country":"PT","name":"Canal de adução da Central Hidroelétrica do Ermal","operator":null,"wikidata":null,"wikipedia":null}},{"type":"Feature","geometry":{"type":"LineString","coordinates":[[-8.27131,41.85924],[-8.27152,41.85927]]},"properties":{"osm_type":"way","osm_id":1427775275,"country":"PT","name":null,"operator":null,"wikidata":null,"wikipedia":null}},{"type":"Feature","geometry":{"type":"LineString","coordinates":[[-8.27142,41.85922],[-8.27152,41.85927]]},"properties":{"osm_type":"way","osm_id":1427775276,"country":"PT","name":null,"operator":null,"wikidata":null,"wikipedia":null}},{"type":"Feature","geometry":{"type":"LineString","coordinates":[[-8.27152,41.85927],[-8.27156,41.85931]]},"properties":{"osm_type":"way","osm_id":1427775277,"country":"PT","name":null,"operator":null,"wikidata":null,"wikipedia":null}},{"type":"Feature","geometry":{"type":"LineString","coordinates":[[-8.27151,41.8592],[-8.27152,41.85927]]},"properties":{"osm_type":"way","osm_id":1427775278,"country":"PT","name":null,"operator":null,"wikidata":null,"wikipedia":null}},{"type":"Feature","geometry":{"type":"LineString","coordinates":[[-8.27159,41.85918],[-8.27152,41.85927]]},"properties":{"osm_type":"way","osm_id":1427775279,"country":"PT","name":null,"operator":null,"wikidata":null,"wikipedia":null}},{"type":"Feature","geometry":{"type":"LineString","coordinates":[[-7.95166,41.77017],[-7.95292,41.76717]]},"properties":{"osm_type":"way","osm_id":1427783264,"country":"PT","name":"Descarregador de Cheias 1 da Barragem de Paradela","operator":null,"wikidata":null,"wikipedia":null}},{"type":"Feature","geometry":{"type":"LineString","coordinates":[[-8.16808,41.57694],[-8.16811,41.57689]]},"properties":{"osm_type":"way","osm_id":1428386610,"country":"PT","name":null,"operator":null,"wikidata":null,"wikipedia":null}},{"type":"Feature","geometry":{"type":"LineString","coordinates":[[-8.16795,41.57709],[-8.16808,41.57694]]},"properties":{"osm_type":"way","osm_id":1428386613,"country":"PT","name":null,"operator":null,"wikidata":null,"wikipedia":null}},{"type":"Feature","geometry":{"type":"LineString","coordinates":[[-8.16759,41.57748],[-8.16795,41.57709]]},"properties":{"osm_type":"way","osm_id":1428386614,"country":"PT","name":null,"operator":null,"wikidata":null,"wikipedia":null}},{"type":"Feature","geometry":{"type":"LineString","coordinates":[[-7.70502,40.38488],[-7.70508,40.38484]]},"properties":{"osm_type":"way","osm_id":1428387777,"country":"PT","name":null,"operator":null,"wikidata":null,"wikipedia":null}},{"type":"Feature","geometry":{"type":"LineString","coordinates":[[-7.70497,40.38485],[-7.70502,40.38488]]},"properties":{"osm_type":"way","osm_id":1428387778,"country":"PT","name":null,"operator":null,"wikidata":null,"wikipedia":null}},{"type":"Feature","geometry":{"type":"LineString","coordinates":[[-7.70497,40.38485],[-7.70503,40.38482]]},"properties":{"osm_type":"way","osm_id":1428387779,"country":"PT","name":null,"operator":null,"wikidata":null,"wikipedia":null}},{"type":"Feature","geometry":{"type":"LineString","coordinates":[[-7.70508,40.38484],[-7.7052,40.38485]]},"properties":{"osm_type":"way","osm_id":1428387780,"country":"PT","name":null,"operator":null,"wikidata":null,"wikipedia":null}},{"type":"Feature","geometry":{"type":"LineString","coordinates":[[-7.70503,40.38482],[-7.70508,40.38484]]},"properties":{"osm_type":"way","osm_id":1428387781,"country":"PT","name":null,"operator":null,"wikidata":null,"wikipedia":null}},{"type":"Feature","geometry":{"type":"LineString","coordinates":[[-7.5541,39.47857],[-7.55413,39.47862]]},"properties":{"osm_type":"way","osm_id":1428398945,"country":"PT","name":null,"operator":null,"wikidata":null,"wikipedia":null}},{"type":"Feature","geometry":{"type":"LineString","coordinates":[[-7.66242,40.39667],[-7.66208,40.39671]]},"properties":{"osm_type":"way","osm_id":1428406837,"country":"PT","name":null,"operator":null,"wikidata":null,"wikipedia":null}},{"type":"Feature","geometry":{"type":"LineString","coordinates":[[-7.64241,40.37638],[-7.64201,40.37698]]},"properties":{"osm_type":"way","osm_id":1428406840,"country":"PT","name":null,"operator":null,"wikidata":null,"wikipedia":null}},{"type":"Feature","geometry":{"type":"LineString","coordinates":[[-7.81852,40.07971],[-7.81853,40.07968]]},"properties":{"osm_type":"way","osm_id":1428807570,"country":"PT","name":null,"operator":null,"wikidata":null,"wikipedia":null}},{"type":"Feature","geometry":{"type":"LineString","coordinates":[[-7.81862,40.07973],[-7.81864,40.0797]]},"properties":{"osm_type":"way","osm_id":1428807571,"country":"PT","name":null,"operator":null,"wikidata":null,"wikipedia":null}},{"type":"Feature","geometry":{"type":"LineString","coordinates":[[-7.81873,40.07976],[-7.81874,40.07973]]},"properties":{"osm_type":"way","osm_id":1428807572,"country":"PT","name":null,"operator":null,"wikidata":null,"wikipedia":null}},{"type":"Feature","geometry":{"type":"LineString","coordinates":[[-7.81881,40.07982],[-7.81873,40.07976]]},"properties":{"osm_type":"way","osm_id":1428807573,"country":"PT","name":null,"operator":null,"wikidata":null,"wikipedia":null}},{"type":"Feature","geometry":{"type":"LineString","coordinates":[[-7.81873,40.07976],[-7.81842,40.07965]]},"properties":{"osm_type":"way","osm_id":1428807574,"country":"PT","name":null,"operator":null,"wikidata":null,"wikipedia":null}},{"type":"Feature","geometry":{"type":"LineString","coordinates":[[-7.81864,40.0797],[-7.81865,40.07967]]},"properties":{"osm_type":"way","osm_id":1428807575,"country":"PT","name":null,"operator":null,"wikidata":null,"wikipedia":null}},{"type":"Feature","geometry":{"type":"LineString","coordinates":[[-7.81853,40.07968],[-7.81854,40.07965]]},"properties":{"osm_type":"way","osm_id":1428807576,"country":"PT","name":null,"operator":null,"wikidata":null,"wikipedia":null}},{"type":"Feature","geometry":{"type":"LineString","coordinates":[[-7.81842,40.07965],[-7.81843,40.07963]]},"properties":{"osm_type":"way","osm_id":1428807577,"country":"PT","name":null,"operator":null,"wikidata":null,"wikipedia":null}},{"type":"Feature","geometry":{"type":"LineString","coordinates":[[-7.81843,40.07963],[-7.81847,40.07951]]},"properties":{"osm_type":"way","osm_id":1428807578,"country":"PT","name":null,"operator":null,"wikidata":null,"wikipedia":null}},{"type":"Feature","geometry":{"type":"LineString","coordinates":[[-7.77535,41.14041],[-7.77528,41.14122]]},"properties":{"osm_type":"way","osm_id":1428869712,"country":"PT","name":null,"operator":null,"wikidata":null,"wikipedia":null}},{"type":"Feature","geometry":{"type":"LineString","coordinates":[[-7.77539,41.14019],[-7.77535,41.14041]]},"properties":{"osm_type":"way","osm_id":1428869713,"country":"PT","name":null,"operator":"EDP","wikidata":null,"wikipedia":null}},{"type":"Feature","geometry":{"type":"LineString","coordinates":[[-7.77548,41.14011],[-7.77539,41.14019]]},"properties":{"osm_type":"way","osm_id":1428869722,"country":"PT","name":null,"operator":"EDP","wikidata":null,"wikipedia":null}},{"type":"Feature","geometry":{"type":"LineString","coordinates":[[-7.77546,41.14016],[-7.77541,41.14014]]},"properties":{"osm_type":"way","osm_id":1428869723,"country":"PT","name":null,"operator":"EDP","wikidata":null,"wikipedia":null}},{"type":"Feature","geometry":{"type":"LineString","coordinates":[[-7.77554,41.14012],[-7.77548,41.14011]]},"properties":{"osm_type":"way","osm_id":1428869724,"country":"PT","name":null,"operator":"EDP","wikidata":null,"wikipedia":null}},{"type":"Feature","geometry":{"type":"LineString","coordinates":[[-7.77552,41.14017],[-7.77546,41.14016]]},"properties":{"osm_type":"way","osm_id":1428869725,"country":"PT","name":null,"operator":"EDP","wikidata":null,"wikipedia":null}},{"type":"Feature","geometry":{"type":"LineString","coordinates":[[-7.77558,41.14003],[-7.77545,41.14021]]},"properties":{"osm_type":"way","osm_id":1428869726,"country":"PT","name":null,"operator":"EDP","wikidata":null,"wikipedia":null}},{"type":"Feature","geometry":{"type":"LineString","coordinates":[[-7.7755,41.13986],[-7.77558,41.14003]]},"properties":{"osm_type":"way","osm_id":1428869727,"country":"PT","name":null,"operator":"EDP","wikidata":null,"wikipedia":null}},{"type":"Feature","geometry":{"type":"LineString","coordinates":[[-7.77545,41.14021],[-7.77539,41.14019]]},"properties":{"osm_type":"way","osm_id":1428869728,"country":"PT","name":null,"operator":"EDP","wikidata":null,"wikipedia":null}},{"type":"Feature","geometry":{"type":"LineString","coordinates":[[-7.62721,39.54994],[-7.62933,39.55129]]},"properties":{"osm_type":"way","osm_id":1428872298,"country":"PT","name":"Canal de adução do Aproveitamento Hidroelétrico da Velada","operator":null,"wikidata":null,"wikipedia":null}},{"type":"Feature","geometry":{"type":"LineString","coordinates":[[-7.62668,39.55002],[-7.62721,39.54994]]},"properties":{"osm_type":"way","osm_id":1428872299,"country":"PT","name":"Canal de adução do Aproveitamento Hidroelétrico da Velada","operator":null,"wikidata":null,"wikipedia":null}},{"type":"Feature","geometry":{"type":"LineString","coordinates":[[-7.71057,39.58999],[-7.70943,39.59141]]},"properties":{"osm_type":"way","osm_id":1428872300,"country":"PT","name":null,"operator":null,"wikidata":null,"wikipedia":null}},{"type":"Feature","geometry":{"type":"LineString","coordinates":[[-7.71056,39.58992],[-7.71057,39.58999]]},"properties":{"osm_type":"way","osm_id":1428872301,"country":"PT","name":"Canal de adução do Aproveitamento Hidroelétrico da Velada","operator":null,"wikidata":null,"wikipedia":null}},{"type":"Feature","geometry":{"type":"LineString","coordinates":[[-7.79603,40.07734],[-7.79608,40.07728]]},"properties":{"osm_type":"way","osm_id":1428886134,"country":"PT","name":null,"operator":null,"wikidata":null,"wikipedia":null}},{"type":"Feature","geometry":{"type":"LineString","coordinates":[[-8.29466,40.60238],[-8.29499,40.60247]]},"properties":{"osm_type":"way","osm_id":1428887625,"country":"PT","name":null,"operator":null,"wikidata":null,"wikipedia":null}},{"type":"Feature","geometry":{"type":"LineString","coordinates":[[-7.5751,37.99595],[-7.57515,37.99586]]},"properties":{"osm_type":"way","osm_id":1429085268,"country":"PT","name":null,"operator":null,"wikidata":null,"wikipedia":null}},{"type":"Feature","geometry":{"type":"LineString","coordinates":[[-6.98341,41.81858],[-6.98341,41.81849]]},"properties":{"osm_type":"way","osm_id":1429367163,"country":"PT","name":null,"operator":null,"wikidata":null,"wikipedia":null}},{"type":"Feature","geometry":{"type":"LineString","coordinates":[[-6.98336,41.81858],[-6.98341,41.81855]]},"properties":{"osm_type":"way","osm_id":1429367990,"country":"PT","name":null,"operator":null,"wikidata":null,"wikipedia":null}},{"type":"Feature","geometry":{"type":"LineString","coordinates":[[-6.98336,41.81861],[-6.98336,41.81858]]},"properties":{"osm_type":"way","osm_id":1429367991,"country":"PT","name":null,"operator":null,"wikidata":null,"wikipedia":null}},{"type":"Feature","geometry":{"type":"LineString","coordinates":[[-6.98331,41.81861],[-6.98341,41.81858]]},"properties":{"osm_type":"way","osm_id":1429367992,"country":"PT","name":null,"operator":null,"wikidata":null,"wikipedia":null}},{"type":"Feature","geometry":{"type":"LineString","coordinates":[[-7.11754,41.70626],[-7.11749,41.70621]]},"properties":{"osm_type":"way","osm_id":1429376817,"country":"PT","name":null,"operator":null,"wikidata":null,"wikipedia":null}},{"type":"Feature","geometry":{"type":"LineString","coordinates":[[-7.1177,41.7062],[-7.11768,41.70614]]},"properties":{"osm_type":"way","osm_id":1429376818,"country":"PT","name":null,"operator":null,"wikidata":null,"wikipedia":null}},{"type":"Feature","geometry":{"type":"LineString","coordinates":[[-8.67221,39.10693],[-8.67211,39.10693]]},"properties":{"osm_type":"way","osm_id":1429658277,"country":"PT","name":null,"operator":null,"wikidata":null,"wikipedia":null}},{"type":"Feature","geometry":{"type":"LineString","coordinates":[[-8.66477,39.1066],[-8.66478,39.1065]]},"properties":{"osm_type":"way","osm_id":1429658278,"country":"PT","name":null,"operator":null,"wikidata":null,"wikipedia":null}},{"type":"Feature","geometry":{"type":"LineString","coordinates":[[-8.66461,39.1066],[-8.6649,39.10661]]},"properties":{"osm_type":"way","osm_id":1429658279,"country":"PT","name":null,"operator":null,"wikidata":null,"wikipedia":null}},{"type":"Feature","geometry":{"type":"LineString","coordinates":[[-8.67224,39.10442],[-8.6782,39.10546],[-8.67896,39.10526]]},"properties":{"osm_type":"way","osm_id":1429658281,"country":"PT","name":null,"operator":null,"wikidata":null,"wikipedia":null}},{"type":"Feature","geometry":{"type":"LineString","coordinates":[[-8.67214,39.10442],[-8.67224,39.10442]]},"properties":{"osm_type":"way","osm_id":1429658282,"country":"PT","name":null,"operator":null,"wikidata":null,"wikipedia":null}},{"type":"Feature","geometry":{"type":"LineString","coordinates":[[-8.67983,39.1076],[-8.67992,39.10778]]},"properties":{"osm_type":"way","osm_id":1429658283,"country":"PT","name":null,"operator":null,"wikidata":null,"wikipedia":null}},{"type":"Feature","geometry":{"type":"LineString","coordinates":[[-8.65911,39.104],[-8.66003,39.10383],[-8.66518,39.10509]]},"properties":{"osm_type":"way","osm_id":1429658285,"country":"PT","name":null,"operator":null,"wikidata":null,"wikipedia":null}},{"type":"Feature","geometry":{"type":"LineString","coordinates":[[-8.66518,39.10509],[-8.66531,39.10512]]},"properties":{"osm_type":"way","osm_id":1429658287,"country":"PT","name":null,"operator":null,"wikidata":null,"wikipedia":null}},{"type":"Feature","geometry":{"type":"LineString","coordinates":[[-8.66516,39.10514],[-8.66518,39.10509]]},"properties":{"osm_type":"way","osm_id":1429658289,"country":"PT","name":null,"operator":null,"wikidata":null,"wikipedia":null}},{"type":"Feature","geometry":{"type":"LineString","coordinates":[[-8.66478,39.1065],[-8.66516,39.10514]]},"properties":{"osm_type":"way","osm_id":1429658294,"country":"PT","name":null,"operator":null,"wikidata":null,"wikipedia":null}},{"type":"Feature","geometry":{"type":"LineString","coordinates":[[-17.14303,32.75016],[-17.14434,32.74828]]},"properties":{"osm_type":"way","osm_id":1429801162,"country":"PT","name":null,"operator":null,"wikidata":null,"wikipedia":null}},{"type":"Feature","geometry":{"type":"LineString","coordinates":[[-17.1424,32.75053],[-17.14303,32.75016]]},"properties":{"osm_type":"way","osm_id":1429801163,"country":"PT","name":null,"operator":null,"wikidata":null,"wikipedia":null}},{"type":"Feature","geometry":{"type":"LineString","coordinates":[[-17.11954,32.75402],[-17.12091,32.75339],[-17.1214,32.7526]]},"properties":{"osm_type":"way","osm_id":1429801175,"country":"PT","name":null,"operator":null,"wikidata":null,"wikipedia":null}},{"type":"Feature","geometry":{"type":"LineString","coordinates":[[-17.12546,32.76183],[-17.12538,32.76136],[-17.12583,32.7613]]},"properties":{"osm_type":"way","osm_id":1429803960,"country":"PT","name":"Levada das 25 Fontes","operator":null,"wikidata":null,"wikipedia":null}},{"type":"Feature","geometry":{"type":"LineString","coordinates":[[-7.65707,39.68703],[-7.65774,39.68691]]},"properties":{"osm_type":"way","osm_id":1430002377,"country":"PT","name":"Descarregador de cheias","operator":null,"wikidata":null,"wikipedia":null}},{"type":"Feature","geometry":{"type":"LineString","coordinates":[[-7.65686,39.68713],[-7.65707,39.68703]]},"properties":{"osm_type":"way","osm_id":1430002378,"country":"PT","name":"Descarregador de cheias","operator":null,"wikidata":null,"wikipedia":null}},{"type":"Feature","geometry":{"type":"LineString","coordinates":[[-8.1556,37.86204],[-8.1557,37.86246]]},"properties":{"osm_type":"way","osm_id":1430202580,"country":"PT","name":"Descarregador de cheias","operator":null,"wikidata":null,"wikipedia":null}},{"type":"Feature","geometry":{"type":"LineString","coordinates":[[-8.1557,37.86246],[-8.15675,37.86366],[-8.15376,37.86598],[-8.15317,37.86717],[-8.15355,37.87052]]},"properties":{"osm_type":"way","osm_id":1430202586,"country":"PT","name":null,"operator":null,"wikidata":null,"wikipedia":null}},{"type":"Feature","geometry":{"type":"LineString","coordinates":[[-7.49284,37.47056],[-7.49293,37.47069]]},"properties":{"osm_type":"way","osm_id":1430293956,"country":"PT","name":"Descarregador de cheias","operator":null,"wikidata":null,"wikipedia":null}},{"type":"Feature","geometry":{"type":"LineString","coordinates":[[-7.49275,37.47067],[-7.49293,37.47069]]},"properties":{"osm_type":"way","osm_id":1430293957,"country":"PT","name":"Descarregador de cheias","operator":null,"wikidata":null,"wikipedia":null}},{"type":"Feature","geometry":{"type":"LineString","coordinates":[[-7.49293,37.47069],[-7.49375,37.47113]]},"properties":{"osm_type":"way","osm_id":1430293958,"country":"PT","name":"Descarregador de cheias","operator":null,"wikidata":null,"wikipedia":null}},{"type":"Feature","geometry":{"type":"LineString","coordinates":[[-6.9246,40.38446],[-6.92356,40.38469]]},"properties":{"osm_type":"way","osm_id":1430296049,"country":"PT","name":"Descarga de fundo","operator":null,"wikidata":null,"wikipedia":null}},{"type":"Feature","geometry":{"type":"LineString","coordinates":[[-6.92328,40.38381],[-6.9231,40.38426]]},"properties":{"osm_type":"way","osm_id":1430296050,"country":"PT","name":"Descarregador de cheias","operator":null,"wikidata":null,"wikipedia":null}},{"type":"Feature","geometry":{"type":"LineString","coordinates":[[-6.92339,40.3835],[-6.92336,40.38361]]},"properties":{"osm_type":"way","osm_id":1430296051,"country":"PT","name":"Descarregador de cheias","operator":null,"wikidata":null,"wikipedia":null}},{"type":"Feature","geometry":{"type":"LineString","coordinates":[[-6.95658,41.37323],[-6.9565,41.37335]]},"properties":{"osm_type":"way","osm_id":1430300860,"country":"PT","name":"Descarregador de cheias","operator":null,"wikidata":null,"wikipedia":null}},{"type":"Feature","geometry":{"type":"LineString","coordinates":[[-6.95661,41.37318],[-6.95658,41.37323]]},"properties":{"osm_type":"way","osm_id":1430300861,"country":"PT","name":"Descarregador de cheias","operator":null,"wikidata":null,"wikipedia":null}},{"type":"Feature","geometry":{"type":"LineString","coordinates":[[-6.95664,41.37313],[-6.95661,41.37318]]},"properties":{"osm_type":"way","osm_id":1430300863,"country":"PT","name":"Descarregador de cheias","operator":null,"wikidata":null,"wikipedia":null}},{"type":"Feature","geometry":{"type":"LineString","coordinates":[[-7.49032,41.30894],[-7.49051,41.30819],[-7.49171,41.30756]]},"properties":{"osm_type":"way","osm_id":1430329602,"country":"PT","name":"Descarga de fundo","operator":null,"wikidata":null,"wikipedia":null}},{"type":"Feature","geometry":{"type":"LineString","coordinates":[[-7.84744,40.18905],[-7.84752,40.18897]]},"properties":{"osm_type":"way","osm_id":1430684604,"country":"PT","name":"Descarregador de cheias","operator":null,"wikidata":null,"wikipedia":null}},{"type":"Feature","geometry":{"type":"LineString","coordinates":[[-7.84722,40.1888],[-7.84726,40.1888]]},"properties":{"osm_type":"way","osm_id":1430684605,"country":"PT","name":"Descarregador de cheias","operator":null,"wikidata":null,"wikipedia":null}},{"type":"Feature","geometry":{"type":"LineString","coordinates":[[-7.84727,40.1889],[-7.84733,40.18888]]},"properties":{"osm_type":"way","osm_id":1430684606,"country":"PT","name":"Descarregador de cheias","operator":null,"wikidata":null,"wikipedia":null}},{"type":"Feature","geometry":{"type":"LineString","coordinates":[[-7.84735,40.18898],[-7.84741,40.18894]]},"properties":{"osm_type":"way","osm_id":1430684607,"country":"PT","name":"Descarregador de cheias","operator":null,"wikidata":null,"wikipedia":null}},{"type":"Feature","geometry":{"type":"LineString","coordinates":[[-7.84756,40.18909],[-7.84758,40.18903]]},"properties":{"osm_type":"way","osm_id":1430684608,"country":"PT","name":"Descarregador de cheias","operator":null,"wikidata":null,"wikipedia":null}},{"type":"Feature","geometry":{"type":"LineString","coordinates":[[-7.84769,40.18911],[-7.84769,40.18907]]},"properties":{"osm_type":"way","osm_id":1430684609,"country":"PT","name":"Descarregador de cheias","operator":null,"wikidata":null,"wikipedia":null}},{"type":"Feature","geometry":{"type":"LineString","coordinates":[[-7.84782,40.18912],[-7.84782,40.18909]]},"properties":{"osm_type":"way","osm_id":1430684610,"country":"PT","name":"Descarregador de cheias","operator":null,"wikidata":null,"wikipedia":null}},{"type":"Feature","geometry":{"type":"LineString","coordinates":[[-7.84726,40.1888],[-7.84752,40.18897]]},"properties":{"osm_type":"way","osm_id":1430684611,"country":"PT","name":"Descarregador de cheias","operator":null,"wikidata":null,"wikipedia":null}},{"type":"Feature","geometry":{"type":"LineString","coordinates":[[-7.84718,40.18882],[-7.84722,40.1888]]},"properties":{"osm_type":"way","osm_id":1430684612,"country":"PT","name":"Descarregador de cheias","operator":null,"wikidata":null,"wikipedia":null}},{"type":"Feature","geometry":{"type":"LineString","coordinates":[[-7.84723,40.18891],[-7.84727,40.1889]]},"properties":{"osm_type":"way","osm_id":1430684613,"country":"PT","name":"Descarregador de cheias","operator":null,"wikidata":null,"wikipedia":null}},{"type":"Feature","geometry":{"type":"LineString","coordinates":[[-7.84731,40.189],[-7.84735,40.18898]]},"properties":{"osm_type":"way","osm_id":1430684614,"country":"PT","name":"Descarregador de cheias","operator":null,"wikidata":null,"wikipedia":null}},{"type":"Feature","geometry":{"type":"LineString","coordinates":[[-7.84742,40.18908],[-7.84744,40.18905]]},"properties":{"osm_type":"way","osm_id":1430684615,"country":"PT","name":"Descarregador de cheias","operator":null,"wikidata":null,"wikipedia":null}},{"type":"Feature","geometry":{"type":"LineString","coordinates":[[-7.84754,40.18913],[-7.84756,40.18909]]},"properties":{"osm_type":"way","osm_id":1430684616,"country":"PT","name":"Descarregador de cheias","operator":null,"wikidata":null,"wikipedia":null}},{"type":"Feature","geometry":{"type":"LineString","coordinates":[[-7.84768,40.18915],[-7.84769,40.18911]]},"properties":{"osm_type":"way","osm_id":1430684617,"country":"PT","name":"Descarregador de cheias","operator":null,"wikidata":null,"wikipedia":null}},{"type":"Feature","geometry":{"type":"LineString","coordinates":[[-7.84782,40.18915],[-7.84782,40.18912]]},"properties":{"osm_type":"way","osm_id":1430684618,"country":"PT","name":"Descarregador de cheias","operator":null,"wikidata":null,"wikipedia":null}},{"type":"Feature","geometry":{"type":"LineString","coordinates":[[-7.84752,40.18897],[-7.84756,40.18892]]},"properties":{"osm_type":"way","osm_id":1430684619,"country":"PT","name":null,"operator":null,"wikidata":null,"wikipedia":null}},{"type":"Feature","geometry":{"type":"LineString","coordinates":[[-7.84755,40.18901],[-7.84752,40.18897]]},"properties":{"osm_type":"way","osm_id":1430684620,"country":"PT","name":null,"operator":null,"wikidata":null,"wikipedia":null}},{"type":"Feature","geometry":{"type":"LineString","coordinates":[[-7.8479,40.1891],[-7.84755,40.18901]]},"properties":{"osm_type":"way","osm_id":1430684621,"country":"PT","name":"Circuito do caudal ambiental","operator":null,"wikidata":null,"wikipedia":null}},{"type":"Feature","geometry":{"type":"LineString","coordinates":[[-7.84791,40.18915],[-7.8479,40.1891]]},"properties":{"osm_type":"way","osm_id":1430684622,"country":"PT","name":"Circuito do caudal ambiental","operator":null,"wikidata":null,"wikipedia":null}},{"type":"Feature","geometry":{"type":"LineString","coordinates":[[-7.8473,40.18909],[-7.8474,40.18901]]},"properties":{"osm_type":"way","osm_id":1430684623,"country":"PT","name":"Descarga de fundo","operator":null,"wikidata":null,"wikipedia":null}},{"type":"Feature","geometry":{"type":"LineString","coordinates":[[-17.14978,32.74661],[-17.15194,32.74489],[-17.15254,32.7448],[-17.15277,32.74563],[-17.15573,32.74355]]},"properties":{"osm_type":"way","osm_id":1431009627,"country":"PT","name":"Levada Nova da Calheta","operator":null,"wikidata":null,"wikipedia":null}},{"type":"Feature","geometry":{"type":"LineString","coordinates":[[-8.20251,41.87231],[-8.20278,41.87214]]},"properties":{"osm_type":"way","osm_id":1431217017,"country":"PT","name":"Descarga de fundo","operator":null,"wikidata":null,"wikipedia":null}},{"type":"Feature","geometry":{"type":"LineString","coordinates":[[-8.20596,41.87293],[-8.20628,41.87282]]},"properties":{"osm_type":"way","osm_id":1431217021,"country":"PT","name":"Descarregador de Cheias","operator":null,"wikidata":null,"wikipedia":null}},{"type":"Feature","geometry":{"type":"LineString","coordinates":[[-8.20625,41.8731],[-8.20655,41.87295]]},"properties":{"osm_type":"way","osm_id":1431217022,"country":"PT","name":"Descarregador de Cheias","operator":null,"wikidata":null,"wikipedia":null}},{"type":"Feature","geometry":{"type":"LineString","coordinates":[[-7.85554,41.73802],[-7.85543,41.73696]]},"properties":{"osm_type":"way","osm_id":1431219106,"country":"PT","name":"Descarregador de cheias","operator":null,"wikidata":null,"wikipedia":null}},{"type":"Feature","geometry":{"type":"LineString","coordinates":[[-7.85561,41.73801],[-7.85551,41.73696]]},"properties":{"osm_type":"way","osm_id":1431219107,"country":"PT","name":"Descarregador de cheias","operator":null,"wikidata":null,"wikipedia":null}},{"type":"Feature","geometry":{"type":"LineString","coordinates":[[-17.1495,32.7451],[-17.14961,32.74518]]},"properties":{"osm_type":"way","osm_id":1431235306,"country":"PT","name":null,"operator":null,"wikidata":null,"wikipedia":null}},{"type":"Feature","geometry":{"type":"LineString","coordinates":[[-17.1217,32.75212],[-17.12718,32.75157],[-17.13068,32.75179],[-17.13345,32.75371],[-17.13614,32.75417]]},"properties":{"osm_type":"way","osm_id":1431235307,"country":"PT","name":null,"operator":null,"wikidata":null,"wikipedia":null}},{"type":"Feature","geometry":{"type":"LineString","coordinates":[[-17.15008,32.74527],[-17.15028,32.74511]]},"properties":{"osm_type":"way","osm_id":1431235312,"country":"PT","name":null,"operator":null,"wikidata":null,"wikipedia":null}},{"type":"Feature","geometry":{"type":"LineString","coordinates":[[-17.14973,32.74529],[-17.14987,32.74538]]},"properties":{"osm_type":"way","osm_id":1431235313,"country":"PT","name":null,"operator":null,"wikidata":null,"wikipedia":null}},{"type":"Feature","geometry":{"type":"LineString","coordinates":[[-17.14978,32.74523],[-17.14992,32.74532]]},"properties":{"osm_type":"way","osm_id":1431235314,"country":"PT","name":null,"operator":null,"wikidata":null,"wikipedia":null}},{"type":"Feature","geometry":{"type":"LineString","coordinates":[[-17.14961,32.74518],[-17.14978,32.74523]]},"properties":{"osm_type":"way","osm_id":1431235318,"country":"PT","name":null,"operator":null,"wikidata":null,"wikipedia":null}},{"type":"Feature","geometry":{"type":"LineString","coordinates":[[-17.14959,32.7452],[-17.14973,32.74529]]},"properties":{"osm_type":"way","osm_id":1431235319,"country":"PT","name":null,"operator":null,"wikidata":null,"wikipedia":null}},{"type":"Feature","geometry":{"type":"LineString","coordinates":[[-17.14947,32.74511],[-17.14959,32.7452]]},"properties":{"osm_type":"way","osm_id":1431235320,"country":"PT","name":null,"operator":null,"wikidata":null,"wikipedia":null}},{"type":"Feature","geometry":{"type":"LineString","coordinates":[[-17.14901,32.74478],[-17.1495,32.7451]]},"properties":{"osm_type":"way","osm_id":1431235321,"country":"PT","name":null,"operator":null,"wikidata":null,"wikipedia":null}},{"type":"Feature","geometry":{"type":"LineString","coordinates":[[-17.15045,32.74511],[-17.15038,32.74511]]},"properties":{"osm_type":"way","osm_id":1431235322,"country":"PT","name":null,"operator":null,"wikidata":null,"wikipedia":null}},{"type":"Feature","geometry":{"type":"LineString","coordinates":[[-17.15053,32.74503],[-17.15046,32.74502]]},"properties":{"osm_type":"way","osm_id":1431235323,"country":"PT","name":null,"operator":null,"wikidata":null,"wikipedia":null}},{"type":"Feature","geometry":{"type":"LineString","coordinates":[[-17.15016,32.74505],[-17.1491,32.74477]]},"properties":{"osm_type":"way","osm_id":1431235324,"country":"PT","name":null,"operator":null,"wikidata":null,"wikipedia":null}},{"type":"Feature","geometry":{"type":"LineString","coordinates":[[-17.15029,32.74508],[-17.15016,32.74505]]},"properties":{"osm_type":"way","osm_id":1431235325,"country":"PT","name":null,"operator":null,"wikidata":null,"wikipedia":null}},{"type":"Feature","geometry":{"type":"LineString","coordinates":[[-17.15035,32.74509],[-17.15029,32.74508]]},"properties":{"osm_type":"way","osm_id":1431235326,"country":"PT","name":null,"operator":null,"wikidata":null,"wikipedia":null}},{"type":"Feature","geometry":{"type":"LineString","coordinates":[[-17.15028,32.74511],[-17.15029,32.74512]]},"properties":{"osm_type":"way","osm_id":1431235327,"country":"PT","name":null,"operator":null,"wikidata":null,"wikipedia":null}},{"type":"Feature","geometry":{"type":"LineString","coordinates":[[-17.15062,32.74494],[-17.15035,32.74509]]},"properties":{"osm_type":"way","osm_id":1431235328,"country":"PT","name":null,"operator":null,"wikidata":null,"wikipedia":null}},{"type":"Feature","geometry":{"type":"LineString","coordinates":[[-17.15053,32.74512],[-17.15045,32.74511]]},"properties":{"osm_type":"way","osm_id":1431235329,"country":"PT","name":null,"operator":null,"wikidata":null,"wikipedia":null}},{"type":"Feature","geometry":{"type":"LineString","coordinates":[[-17.15061,32.74504],[-17.15053,32.74503]]},"properties":{"osm_type":"way","osm_id":1431235330,"country":"PT","name":null,"operator":null,"wikidata":null,"wikipedia":null}},{"type":"Feature","geometry":{"type":"LineString","coordinates":[[-17.15029,32.74512],[-17.15062,32.74494]]},"properties":{"osm_type":"way","osm_id":1431235331,"country":"PT","name":null,"operator":null,"wikidata":null,"wikipedia":null}},{"type":"Feature","geometry":{"type":"LineString","coordinates":[[-17.1519,32.745],[-17.15103,32.74439],[-17.15028,32.74511]]},"properties":{"osm_type":"way","osm_id":1431235334,"country":"PT","name":null,"operator":null,"wikidata":null,"wikipedia":null}},{"type":"Feature","geometry":{"type":"LineString","coordinates":[[-7.90893,38.27872],[-7.91217,38.2777]]},"properties":{"osm_type":"way","osm_id":1431252659,"country":"PT","name":"Descarregador de cheias","operator":null,"wikidata":null,"wikipedia":null}},{"type":"Feature","geometry":{"type":"LineString","coordinates":[[-7.56359,38.09529],[-7.56416,38.09628]]},"properties":{"osm_type":"way","osm_id":1431254050,"country":"PT","name":"Descarregador de cheias","operator":null,"wikidata":null,"wikipedia":null}},{"type":"Feature","geometry":{"type":"LineString","coordinates":[[-7.13052,41.24625],[-7.12832,41.24593]]},"properties":{"osm_type":"way","osm_id":1431995305,"country":"PT","name":"Descarregador de cheias","operator":null,"wikidata":null,"wikipedia":null}},{"type":"Feature","geometry":{"type":"LineString","coordinates":[[-8.37382,37.23977],[-8.37375,37.23986]]},"properties":{"osm_type":"way","osm_id":1432060975,"country":"PT","name":"Descarregador de cheias","operator":null,"wikidata":null,"wikipedia":null}},{"type":"Feature","geometry":{"type":"LineString","coordinates":[[-8.37386,37.23992],[-8.37375,37.23986]]},"properties":{"osm_type":"way","osm_id":1432060976,"country":"PT","name":"Descarregador de cheias","operator":null,"wikidata":null,"wikipedia":null}},{"type":"Feature","geometry":{"type":"LineString","coordinates":[[-8.37364,37.23981],[-8.37375,37.23986]]},"properties":{"osm_type":"way","osm_id":1432060977,"country":"PT","name":"Descarregador de cheias","operator":null,"wikidata":null,"wikipedia":null}},{"type":"Feature","geometry":{"type":"LineString","coordinates":[[-8.37367,37.23997],[-8.37375,37.23986]]},"properties":{"osm_type":"way","osm_id":1432060978,"country":"PT","name":"Descarregador de cheias","operator":null,"wikidata":null,"wikipedia":null}},{"type":"Feature","geometry":{"type":"LineString","coordinates":[[-8.37461,37.23909],[-8.37574,37.23807]]},"properties":{"osm_type":"way","osm_id":1432060979,"country":"PT","name":"Descarregador de cheias","operator":null,"wikidata":null,"wikipedia":null}},{"type":"Feature","geometry":{"type":"LineString","coordinates":[[-8.37471,37.23988],[-8.37461,37.23909]]},"properties":{"osm_type":"way","osm_id":1432060981,"country":"PT","name":"Descarga de fundo","operator":null,"wikidata":null,"wikipedia":null}},{"type":"Feature","geometry":{"type":"LineString","coordinates":[[-8.37951,37.23666],[-8.37957,37.23662]]},"properties":{"osm_type":"way","osm_id":1432060982,"country":"PT","name":null,"operator":null,"wikidata":null,"wikipedia":null}},{"type":"Feature","geometry":{"type":"LineString","coordinates":[[-8.21508,38.797],[-8.21618,38.79748]]},"properties":{"osm_type":"way","osm_id":1432069393,"country":"PT","name":"Descarga de fundo","operator":null,"wikidata":null,"wikipedia":null}},{"type":"Feature","geometry":{"type":"LineString","coordinates":[[-8.19948,38.80128],[-8.1986,38.80305]]},"properties":{"osm_type":"way","osm_id":1432069396,"country":"PT","name":"Descarregador de cheias auxiliar","operator":null,"wikidata":null,"wikipedia":null}},{"type":"Feature","geometry":{"type":"LineString","coordinates":[[-6.65984,41.39444],[-6.65943,41.3945]]},"properties":{"osm_type":"way","osm_id":1432303324,"country":"PT","name":"Descarregador de cheias","operator":null,"wikidata":null,"wikipedia":null}},{"type":"Feature","geometry":{"type":"LineString","coordinates":[[-6.66031,41.39451],[-6.65948,41.39478]]},"properties":{"osm_type":"way","osm_id":1432303329,"country":"PT","name":"Descarga de fundo","operator":null,"wikidata":null,"wikipedia":null}},{"type":"Feature","geometry":{"type":"LineString","coordinates":[[-7.50877,37.27877],[-7.50868,37.27862]]},"properties":{"osm_type":"way","osm_id":1432309063,"country":"PT","name":"Descarregador de cheias","operator":null,"wikidata":null,"wikipedia":null}},{"type":"Feature","geometry":{"type":"LineString","coordinates":[[-7.50883,37.27874],[-7.50868,37.27862]]},"properties":{"osm_type":"way","osm_id":1432309064,"country":"PT","name":"Descarregador de cheias","operator":null,"wikidata":null,"wikipedia":null}},{"type":"Feature","geometry":{"type":"LineString","coordinates":[[-7.58473,38.06013],[-7.58627,38.06041]]},"properties":{"osm_type":"way","osm_id":1432335888,"country":"PT","name":"Descarga de fundo","operator":null,"wikidata":null,"wikipedia":null}},{"type":"Feature","geometry":{"type":"LineString","coordinates":[[-7.58553,38.05817],[-7.58866,38.0592]]},"properties":{"osm_type":"way","osm_id":1432335890,"country":"PT","name":"Descarregador de cheias","operator":null,"wikidata":null,"wikipedia":null}},{"type":"Feature","geometry":{"type":"LineString","coordinates":[[-17.14916,32.7466],[-17.14963,32.74634]]},"properties":{"osm_type":"way","osm_id":1432338560,"country":"PT","name":null,"operator":null,"wikidata":null,"wikipedia":null}},{"type":"Feature","geometry":{"type":"LineString","coordinates":[[-7.04804,41.39079],[-7.049,41.38954]]},"properties":{"osm_type":"way","osm_id":1432339794,"country":"PT","name":"Descarga de fundo","operator":null,"wikidata":null,"wikipedia":null}},{"type":"Feature","geometry":{"type":"LineString","coordinates":[[-8.3509,40.85041],[-8.35074,40.85056]]},"properties":{"osm_type":"way","osm_id":1432350594,"country":"PT","name":"Descarga de fundo","operator":null,"wikidata":null,"wikipedia":null}},{"type":"Feature","geometry":{"type":"LineString","coordinates":[[-8.35091,40.85042],[-8.35075,40.85057]]},"properties":{"osm_type":"way","osm_id":1432350595,"country":"PT","name":"Descarregador de cheias","operator":null,"wikidata":null,"wikipedia":null}},{"type":"Feature","geometry":{"type":"LineString","coordinates":[[-7.14403,39.00046],[-7.14418,39.00032]]},"properties":{"osm_type":"way","osm_id":1432357579,"country":"PT","name":null,"operator":null,"wikidata":null,"wikipedia":null}},{"type":"Feature","geometry":{"type":"LineString","coordinates":[[-7.14435,39.00044],[-7.14397,39.00036]]},"properties":{"osm_type":"way","osm_id":1432357580,"country":"PT","name":null,"operator":null,"wikidata":null,"wikipedia":null}},{"type":"Feature","geometry":{"type":"LineString","coordinates":[[-7.14547,38.9994],[-7.145,38.9991]]},"properties":{"osm_type":"way","osm_id":1432357583,"country":"PT","name":"Descarga de fundo","operator":null,"wikidata":null,"wikipedia":null}},{"type":"Feature","geometry":{"type":"LineString","coordinates":[[-7.14524,38.99961],[-7.14499,38.99943]]},"properties":{"osm_type":"way","osm_id":1432357588,"country":"PT","name":"Descarregador de cheias","operator":null,"wikidata":null,"wikipedia":null}},{"type":"Feature","geometry":{"type":"LineString","coordinates":[[-7.14534,38.99951],[-7.14509,38.99934]]},"properties":{"osm_type":"way","osm_id":1432357591,"country":"PT","name":"Descarregador de cheias","operator":null,"wikidata":null,"wikipedia":null}},{"type":"Feature","geometry":{"type":"LineString","coordinates":[[-7.3296,40.53161],[-7.32975,40.53165]]},"properties":{"osm_type":"way","osm_id":1432365900,"country":"PT","name":"Descarga de fundo","operator":null,"wikidata":null,"wikipedia":null}},{"type":"Feature","geometry":{"type":"LineString","coordinates":[[-7.32967,40.53199],[-7.32986,40.53167]]},"properties":{"osm_type":"way","osm_id":1432365911,"country":"PT","name":"Descarregador de cheias","operator":null,"wikidata":null,"wikipedia":null}},{"type":"Feature","geometry":{"type":"LineString","coordinates":[[-7.32963,40.5319],[-7.32986,40.53167]]},"properties":{"osm_type":"way","osm_id":1432365912,"country":"PT","name":"Descarregador de cheias","operator":null,"wikidata":null,"wikipedia":null}},{"type":"Feature","geometry":{"type":"LineString","coordinates":[[-7.32961,40.53179],[-7.32986,40.53167]]},"properties":{"osm_type":"way","osm_id":1432365913,"country":"PT","name":"Descarregador de cheias","operator":null,"wikidata":null,"wikipedia":null}},{"type":"Feature","geometry":{"type":"LineString","coordinates":[[-7.32962,40.53168],[-7.32986,40.53167]]},"properties":{"osm_type":"way","osm_id":1432365914,"country":"PT","name":"Descarregador de cheias","operator":null,"wikidata":null,"wikipedia":null}},{"type":"Feature","geometry":{"type":"LineString","coordinates":[[-7.32966,40.53157],[-7.32986,40.53167]]},"properties":{"osm_type":"way","osm_id":1432365915,"country":"PT","name":"Descarregador de cheias","operator":null,"wikidata":null,"wikipedia":null}},{"type":"Feature","geometry":{"type":"LineString","coordinates":[[-7.32971,40.53149],[-7.32986,40.53167]]},"properties":{"osm_type":"way","osm_id":1432365916,"country":"PT","name":"Descarregador de cheias","operator":null,"wikidata":null,"wikipedia":null}},{"type":"Feature","geometry":{"type":"LineString","coordinates":[[-7.3298,40.5314],[-7.32986,40.53167]]},"properties":{"osm_type":"way","osm_id":1432365917,"country":"PT","name":"Descarregador de cheias","operator":null,"wikidata":null,"wikipedia":null}},{"type":"Feature","geometry":{"type":"LineString","coordinates":[[-7.32991,40.53132],[-7.32986,40.53167]]},"properties":{"osm_type":"way","osm_id":1432365918,"country":"PT","name":"Descarregador de cheias","operator":null,"wikidata":null,"wikipedia":null}},{"type":"Feature","geometry":{"type":"LineString","coordinates":[[-6.90158,41.44724],[-6.90032,41.44604]]},"properties":{"osm_type":"way","osm_id":1432369509,"country":"PT","name":"Descarga de fundo","operator":null,"wikidata":null,"wikipedia":null}},{"type":"Feature","geometry":{"type":"LineString","coordinates":[[-6.902,41.44617],[-6.9019,41.4458],[-6.9003,41.44541]]},"properties":{"osm_type":"way","osm_id":1432369512,"country":"PT","name":"Descarregador de cheias","operator":null,"wikidata":null,"wikipedia":null}},{"type":"Feature","geometry":{"type":"LineString","coordinates":[[-8.6186,37.84052],[-8.61853,37.84054]]},"properties":{"osm_type":"way","osm_id":1432374882,"country":"PT","name":null,"operator":null,"wikidata":null,"wikipedia":null}},{"type":"Feature","geometry":{"type":"LineString","coordinates":[[-8.6214,37.84071],[-8.61889,37.84065]]},"properties":{"osm_type":"way","osm_id":1432374887,"country":"PT","name":"Descarga de fundo","operator":null,"wikidata":null,"wikipedia":null}},{"type":"Feature","geometry":{"type":"LineString","coordinates":[[-7.38298,40.21514],[-7.38272,40.21439]]},"properties":{"osm_type":"way","osm_id":1432385239,"country":"PT","name":"Descarga de fundo","operator":null,"wikidata":null,"wikipedia":null}},{"type":"Feature","geometry":{"type":"LineString","coordinates":[[-6.92581,41.19102],[-6.92482,41.19046]]},"properties":{"osm_type":"way","osm_id":1432504113,"country":"PT","name":"Descarga de fundo","operator":null,"wikidata":null,"wikipedia":null}},{"type":"Feature","geometry":{"type":"LineString","coordinates":[[-6.92512,41.19119],[-6.92425,41.1902]]},"properties":{"osm_type":"way","osm_id":1432504114,"country":"PT","name":"Descarregador de cheias","operator":null,"wikidata":null,"wikipedia":null}},{"type":"Feature","geometry":{"type":"LineString","coordinates":[[-7.27156,41.0911],[-7.27133,41.09132]]},"properties":{"osm_type":"way","osm_id":1432512045,"country":"PT","name":"Descarga de fundo","operator":null,"wikidata":null,"wikipedia":null}},{"type":"Feature","geometry":{"type":"LineString","coordinates":[[-7.27156,41.0911],[-7.27134,41.09133]]},"properties":{"osm_type":"way","osm_id":1432512053,"country":"PT","name":"Descarregador de cheias","operator":null,"wikidata":null,"wikipedia":null}},{"type":"Feature","geometry":{"type":"LineString","coordinates":[[-8.24247,40.67042],[-8.24668,40.67044]]},"properties":{"osm_type":"way","osm_id":1432515327,"country":"PT","name":null,"operator":null,"wikidata":null,"wikipedia":null}},{"type":"Feature","geometry":{"type":"LineString","coordinates":[[-8.2424,40.67042],[-8.24247,40.67042]]},"properties":{"osm_type":"way","osm_id":1432515328,"country":"PT","name":null,"operator":null,"wikidata":null,"wikipedia":null}},{"type":"Feature","geometry":{"type":"LineString","coordinates":[[-8.22694,40.67528],[-8.22702,40.67523]]},"properties":{"osm_type":"way","osm_id":1432515335,"country":"PT","name":"Descarga de fundo","operator":null,"wikidata":null,"wikipedia":null}},{"type":"Feature","geometry":{"type":"LineString","coordinates":[[-8.24684,40.67044],[-8.24706,40.67044]]},"properties":{"osm_type":"way","osm_id":1432515339,"country":"PT","name":null,"operator":null,"wikidata":null,"wikipedia":null}},{"type":"Feature","geometry":{"type":"LineString","coordinates":[[-7.94204,37.55724],[-7.94273,37.5569]]},"properties":{"osm_type":"way","osm_id":1432519129,"country":"PT","name":"Descarregador de cheias","operator":null,"wikidata":null,"wikipedia":null}},{"type":"Feature","geometry":{"type":"LineString","coordinates":[[-7.90387,39.81704],[-7.90409,39.81696]]},"properties":{"osm_type":"way","osm_id":1432524616,"country":"PT","name":"Descarga de fundo","operator":null,"wikidata":null,"wikipedia":null}},{"type":"Feature","geometry":{"type":"LineString","coordinates":[[-7.90382,39.81695],[-7.90401,39.81687]]},"properties":{"osm_type":"way","osm_id":1432524617,"country":"PT","name":"Descarregador de cheias","operator":null,"wikidata":null,"wikipedia":null}},{"type":"Feature","geometry":{"type":"LineString","coordinates":[[-8.44425,37.58243],[-8.44432,37.58225]]},"properties":{"osm_type":"way","osm_id":1432527398,"country":"PT","name":"Descarga de fundo","operator":null,"wikidata":null,"wikipedia":null}},{"type":"Feature","geometry":{"type":"LineString","coordinates":[[-7.5608,40.3093],[-7.56072,40.30921]]},"properties":{"osm_type":"way","osm_id":1432533323,"country":"PT","name":"Descarregador de cheias","operator":null,"wikidata":null,"wikipedia":null}},{"type":"Feature","geometry":{"type":"LineString","coordinates":[[-7.58995,40.30852],[-7.58982,40.30849]]},"properties":{"osm_type":"way","osm_id":1432535519,"country":"PT","name":null,"operator":null,"wikidata":null,"wikipedia":null}},{"type":"Feature","geometry":{"type":"LineString","coordinates":[[-7.58982,40.30849],[-7.58963,40.3084]]},"properties":{"osm_type":"way","osm_id":1432535522,"country":"PT","name":null,"operator":null,"wikidata":null,"wikipedia":null}},{"type":"Feature","geometry":{"type":"LineString","coordinates":[[-7.59566,40.3139],[-7.59564,40.31394]]},"properties":{"osm_type":"way","osm_id":1432550352,"country":"PT","name":"Descarregador de cheias","operator":null,"wikidata":null,"wikipedia":null}},{"type":"Feature","geometry":{"type":"LineString","coordinates":[[-7.52007,41.73309],[-7.52008,41.73244]]},"properties":{"osm_type":"way","osm_id":1432555155,"country":"PT","name":"Descarregador de cheias","operator":null,"wikidata":null,"wikipedia":null}},{"type":"Feature","geometry":{"type":"LineString","coordinates":[[-8.324,37.90512],[-8.32468,37.90522],[-8.32487,37.90488]]},"properties":{"osm_type":"way","osm_id":1432562197,"country":"PT","name":"Descarga de fundo","operator":null,"wikidata":null,"wikipedia":null}},{"type":"Feature","geometry":{"type":"LineString","coordinates":[[-7.93013,38.70049],[-7.92781,38.7025]]},"properties":{"osm_type":"way","osm_id":1432563232,"country":"PT","name":"Descarregador de cheias","operator":null,"wikidata":null,"wikipedia":null}},{"type":"Feature","geometry":{"type":"LineString","coordinates":[[-7.92402,38.70087],[-7.92403,38.70092]]},"properties":{"osm_type":"way","osm_id":1432563234,"country":"PT","name":"Descarregador de cheias","operator":null,"wikidata":null,"wikipedia":null}},{"type":"Feature","geometry":{"type":"LineString","coordinates":[[-7.92402,38.70087],[-7.92409,38.70089]]},"properties":{"osm_type":"way","osm_id":1432563235,"country":"PT","name":"Descarregador de cheias","operator":null,"wikidata":null,"wikipedia":null}},{"type":"Feature","geometry":{"type":"LineString","coordinates":[[-7.92395,38.70021],[-7.92402,38.70087]]},"properties":{"osm_type":"way","osm_id":1432563236,"country":"PT","name":"Descarregador de cheias","operator":null,"wikidata":null,"wikipedia":null}},{"type":"Feature","geometry":{"type":"LineString","coordinates":[[-7.46236,37.99474],[-7.46399,37.99454]]},"properties":{"osm_type":"way","osm_id":1432564278,"country":"PT","name":"Descarregador de cheias","operator":null,"wikidata":null,"wikipedia":null}},{"type":"Feature","geometry":{"type":"LineString","coordinates":[[-8.35305,40.71454],[-8.353,40.71438]]},"properties":{"osm_type":"way","osm_id":1432566228,"country":"PT","name":"Descarregador de cheias","operator":null,"wikidata":null,"wikipedia":null}},{"type":"Feature","geometry":{"type":"LineString","coordinates":[[-8.35369,40.71442],[-8.35349,40.71392]]},"properties":{"osm_type":"way","osm_id":1432567394,"country":"PT","name":"Descarga de fundo","operator":null,"wikidata":null,"wikipedia":null}},{"type":"Feature","geometry":{"type":"LineString","coordinates":[[-8.35346,40.71446],[-8.35332,40.71409]]},"properties":{"osm_type":"way","osm_id":1432567399,"country":"PT","name":null,"operator":null,"wikidata":null,"wikipedia":null}},{"type":"Feature","geometry":{"type":"LineString","coordinates":[[-8.35332,40.71409],[-8.35329,40.714]]},"properties":{"osm_type":"way","osm_id":1432567581,"country":"PT","name":null,"operator":null,"wikidata":null,"wikipedia":null}},{"type":"Feature","geometry":{"type":"LineString","coordinates":[[-8.35345,40.71406],[-8.35342,40.71397]]},"properties":{"osm_type":"way","osm_id":1432567582,"country":"PT","name":null,"operator":null,"wikidata":null,"wikipedia":null}},{"type":"Feature","geometry":{"type":"LineString","coordinates":[[-7.79312,40.6338],[-7.79319,40.6338]]},"properties":{"osm_type":"way","osm_id":1432571139,"country":"PT","name":null,"operator":null,"wikidata":null,"wikipedia":null}},{"type":"Feature","geometry":{"type":"LineString","coordinates":[[-7.79314,40.63365],[-7.79325,40.63365]]},"properties":{"osm_type":"way","osm_id":1432571145,"country":"PT","name":"Descarregador de cheias","operator":null,"wikidata":null,"wikipedia":null}},{"type":"Feature","geometry":{"type":"LineString","coordinates":[[-7.79313,40.63373],[-7.79324,40.63373]]},"properties":{"osm_type":"way","osm_id":1432571148,"country":"PT","name":"Descarregador de cheias","operator":null,"wikidata":null,"wikipedia":null}},{"type":"Feature","geometry":{"type":"LineString","coordinates":[[-7.82546,40.62946],[-7.82585,40.62949]]},"properties":{"osm_type":"way","osm_id":1432571154,"country":"PT","name":null,"operator":null,"wikidata":null,"wikipedia":null}},{"type":"Feature","geometry":{"type":"LineString","coordinates":[[-6.83922,41.13239],[-6.83944,41.13267]]},"properties":{"osm_type":"way","osm_id":1433401005,"country":"PT","name":"Descarregador do caudal ecológico","operator":null,"wikidata":null,"wikipedia":null}},{"type":"Feature","geometry":{"type":"LineString","coordinates":[[-6.83933,41.13236],[-6.8395,41.13265]]},"properties":{"osm_type":"way","osm_id":1433401010,"country":"PT","name":"Descarga de fundo","operator":null,"wikidata":null,"wikipedia":null}},{"type":"Feature","geometry":{"type":"LineString","coordinates":[[-7.27977,41.22967],[-7.28047,41.22982]]},"properties":{"osm_type":"way","osm_id":1433552951,"country":"PT","name":null,"operator":null,"wikidata":null,"wikipedia":null}},{"type":"Feature","geometry":{"type":"LineString","coordinates":[[-7.28077,41.22764],[-7.28226,41.22872]]},"properties":{"osm_type":"way","osm_id":1433552952,"country":"PT","name":"Descarregador de cheias","operator":null,"wikidata":null,"wikipedia":null}},{"type":"Feature","geometry":{"type":"LineString","coordinates":[[-8.49813,37.88131],[-8.49702,37.88161]]},"properties":{"osm_type":"way","osm_id":1433572120,"country":"PT","name":"Descarga de fundo","operator":null,"wikidata":null,"wikipedia":null}},{"type":"Feature","geometry":{"type":"LineString","coordinates":[[-8.49665,37.88308],[-8.49522,37.88236]]},"properties":{"osm_type":"way","osm_id":1433572126,"country":"PT","name":"Descarregador de cheias","operator":null,"wikidata":null,"wikipedia":null}},{"type":"Feature","geometry":{"type":"LineString","coordinates":[[-8.49891,37.88362],[-8.49665,37.88308]]},"properties":{"osm_type":"way","osm_id":1433572127,"country":"PT","name":"Descarregador de cheias","operator":null,"wikidata":null,"wikipedia":null}},{"type":"Feature","geometry":{"type":"LineString","coordinates":[[-8.16434,40.24559],[-8.16424,40.2457]]},"properties":{"osm_type":"way","osm_id":1433656790,"country":"PT","name":"Descarregador de cheias","operator":null,"wikidata":null,"wikipedia":null}},{"type":"Feature","geometry":{"type":"LineString","coordinates":[[-8.16384,40.24546],[-8.16383,40.24561]]},"properties":{"osm_type":"way","osm_id":1433656791,"country":"PT","name":"Descarregador de cheias","operator":null,"wikidata":null,"wikipedia":null}},{"type":"Feature","geometry":{"type":"LineString","coordinates":[[-8.16402,40.24547],[-8.16397,40.24563]]},"properties":{"osm_type":"way","osm_id":1433656792,"country":"PT","name":"Descarregador de cheias","operator":null,"wikidata":null,"wikipedia":null}},{"type":"Feature","geometry":{"type":"LineString","coordinates":[[-8.16433,40.24592],[-8.16424,40.24587]]},"properties":{"osm_type":"way","osm_id":1433735509,"country":"PT","name":null,"operator":null,"wikidata":null,"wikipedia":null}},{"type":"Feature","geometry":{"type":"LineString","coordinates":[[-8.16457,40.24574],[-8.16433,40.24592]]},"properties":{"osm_type":"way","osm_id":1433735512,"country":"PT","name":null,"operator":null,"wikidata":null,"wikipedia":null}},{"type":"Feature","geometry":{"type":"LineString","coordinates":[[-8.14223,40.25527],[-8.14633,40.3271],[-8.14796,40.32791]]},"properties":{"osm_type":"way","osm_id":1433736844,"country":"PT","name":"Túnel de derivação Aguieira - Fronhas","operator":null,"wikidata":null,"wikipedia":null}},{"type":"Feature","geometry":{"type":"LineString","coordinates":[[-8.38241,37.26229],[-8.38238,37.26211]]},"properties":{"osm_type":"way","osm_id":1433743773,"country":"PT","name":"Descarga de fundo","operator":null,"wikidata":null,"wikipedia":null}},{"type":"Feature","geometry":{"type":"LineString","coordinates":[[-8.38226,37.26221],[-8.38229,37.26214]]},"properties":{"osm_type":"way","osm_id":1433743788,"country":"PT","name":"Descarregador de cheias","operator":null,"wikidata":null,"wikipedia":null}},{"type":"Feature","geometry":{"type":"LineString","coordinates":[[-8.38235,37.26222],[-8.38237,37.26215]]},"properties":{"osm_type":"way","osm_id":1433743789,"country":"PT","name":"Descarregador de cheias","operator":null,"wikidata":null,"wikipedia":null}},{"type":"Feature","geometry":{"type":"LineString","coordinates":[[-8.38244,37.26223],[-8.38244,37.26216]]},"properties":{"osm_type":"way","osm_id":1433743790,"country":"PT","name":"Descarregador de cheias","operator":null,"wikidata":null,"wikipedia":null}},{"type":"Feature","geometry":{"type":"LineString","coordinates":[[-8.38253,37.26223],[-8.38252,37.26216]]},"properties":{"osm_type":"way","osm_id":1433743791,"country":"PT","name":"Descarregador de cheias","operator":null,"wikidata":null,"wikipedia":null}},{"type":"Feature","geometry":{"type":"LineString","coordinates":[[-8.38261,37.26222],[-8.3826,37.26216]]},"properties":{"osm_type":"way","osm_id":1433743792,"country":"PT","name":"Descarregador de cheias","operator":null,"wikidata":null,"wikipedia":null}},{"type":"Feature","geometry":{"type":"LineString","coordinates":[[-8.3827,37.26221],[-8.38268,37.26215]]},"properties":{"osm_type":"way","osm_id":1433743793,"country":"PT","name":"Descarregador de cheias","operator":null,"wikidata":null,"wikipedia":null}},{"type":"Feature","geometry":{"type":"LineString","coordinates":[[-8.20909,38.96994],[-8.20914,38.96994]]},"properties":{"osm_type":"way","osm_id":1433747842,"country":"PT","name":null,"operator":null,"wikidata":null,"wikipedia":null}},{"type":"Feature","geometry":{"type":"LineString","coordinates":[[-8.20905,38.96881],[-8.20927,38.96881]]},"properties":{"osm_type":"way","osm_id":1433747845,"country":"PT","name":"Descarga de fundo","operator":null,"wikidata":null,"wikipedia":null}},{"type":"Feature","geometry":{"type":"LineString","coordinates":[[-8.20932,38.96994],[-8.20985,38.96914]]},"properties":{"osm_type":"way","osm_id":1433747850,"country":"PT","name":"Descarregador de cheias","operator":null,"wikidata":null,"wikipedia":null}},{"type":"Feature","geometry":{"type":"LineString","coordinates":[[-8.20905,38.9685],[-8.20927,38.9685]]},"properties":{"osm_type":"way","osm_id":1433747880,"country":"PT","name":"Descarregador de cheias","operator":null,"wikidata":null,"wikipedia":null}},{"type":"Feature","geometry":{"type":"LineString","coordinates":[[-8.20905,38.96859],[-8.20927,38.96859]]},"properties":{"osm_type":"way","osm_id":1433747881,"country":"PT","name":"Descarregador de cheias","operator":null,"wikidata":null,"wikipedia":null}},{"type":"Feature","geometry":{"type":"LineString","coordinates":[[-8.20905,38.96868],[-8.20927,38.96868]]},"properties":{"osm_type":"way","osm_id":1433747882,"country":"PT","name":"Descarregador de cheias","operator":null,"wikidata":null,"wikipedia":null}},{"type":"Feature","geometry":{"type":"LineString","coordinates":[[-8.20905,38.96877],[-8.20927,38.96877]]},"properties":{"osm_type":"way","osm_id":1433747883,"country":"PT","name":"Descarregador de cheias","operator":null,"wikidata":null,"wikipedia":null}},{"type":"Feature","geometry":{"type":"LineString","coordinates":[[-8.20906,38.96886],[-8.20927,38.96886]]},"properties":{"osm_type":"way","osm_id":1433747884,"country":"PT","name":"Descarregador de cheias","operator":null,"wikidata":null,"wikipedia":null}},{"type":"Feature","geometry":{"type":"LineString","coordinates":[[-8.20906,38.96895],[-8.20928,38.96895]]},"properties":{"osm_type":"way","osm_id":1433747885,"country":"PT","name":"Descarregador de cheias","operator":null,"wikidata":null,"wikipedia":null}},{"type":"Feature","geometry":{"type":"LineString","coordinates":[[-8.20906,38.96904],[-8.20928,38.96904]]},"properties":{"osm_type":"way","osm_id":1433747886,"country":"PT","name":"Descarregador de cheias","operator":null,"wikidata":null,"wikipedia":null}},{"type":"Feature","geometry":{"type":"LineString","coordinates":[[-8.20908,38.96976],[-8.20929,38.96976]]},"properties":{"osm_type":"way","osm_id":1433747887,"country":"PT","name":"Descarregador de cheias","operator":null,"wikidata":null,"wikipedia":null}},{"type":"Feature","geometry":{"type":"LineString","coordinates":[[-8.20908,38.96967],[-8.20929,38.96967]]},"properties":{"osm_type":"way","osm_id":1433747888,"country":"PT","name":"Descarregador de cheias","operator":null,"wikidata":null,"wikipedia":null}},{"type":"Feature","geometry":{"type":"LineString","coordinates":[[-8.20908,38.96958],[-8.20929,38.96958]]},"properties":{"osm_type":"way","osm_id":1433747889,"country":"PT","name":"Descarregador de cheias","operator":null,"wikidata":null,"wikipedia":null}},{"type":"Feature","geometry":{"type":"LineString","coordinates":[[-8.20907,38.96949],[-8.20929,38.96949]]},"properties":{"osm_type":"way","osm_id":1433747890,"country":"PT","name":"Descarregador de cheias","operator":null,"wikidata":null,"wikipedia":null}},{"type":"Feature","geometry":{"type":"LineString","coordinates":[[-8.20907,38.9694],[-8.20929,38.9694]]},"properties":{"osm_type":"way","osm_id":1433747891,"country":"PT","name":"Descarregador de cheias","operator":null,"wikidata":null,"wikipedia":null}},{"type":"Feature","geometry":{"type":"LineString","coordinates":[[-8.20907,38.96931],[-8.20928,38.96931]]},"properties":{"osm_type":"way","osm_id":1433747892,"country":"PT","name":"Descarregador de cheias","operator":null,"wikidata":null,"wikipedia":null}},{"type":"Feature","geometry":{"type":"LineString","coordinates":[[-8.20907,38.96922],[-8.20928,38.96922]]},"properties":{"osm_type":"way","osm_id":1433747893,"country":"PT","name":"Descarregador de cheias","operator":null,"wikidata":null,"wikipedia":null}},{"type":"Feature","geometry":{"type":"LineString","coordinates":[[-8.20906,38.96913],[-8.20928,38.96913]]},"properties":{"osm_type":"way","osm_id":1433747895,"country":"PT","name":"Descarregador de cheias","operator":null,"wikidata":null,"wikipedia":null}},{"type":"Feature","geometry":{"type":"LineString","coordinates":[[-8.11081,38.95481],[-8.11081,38.95486]]},"properties":{"osm_type":"way","osm_id":1433749284,"country":"PT","name":null,"operator":null,"wikidata":null,"wikipedia":null}},{"type":"Feature","geometry":{"type":"LineString","coordinates":[[-8.1108,38.9547],[-8.11081,38.95481]]},"properties":{"osm_type":"way","osm_id":1433749285,"country":"PT","name":null,"operator":null,"wikidata":null,"wikipedia":null}},{"type":"Feature","geometry":{"type":"LineString","coordinates":[[-8.10985,38.95476],[-8.10986,38.9548]]},"properties":{"osm_type":"way","osm_id":1433749295,"country":"PT","name":"Descarregador de cheias","operator":null,"wikidata":null,"wikipedia":null}},{"type":"Feature","geometry":{"type":"LineString","coordinates":[[-8.11007,38.95475],[-8.11007,38.95479]]},"properties":{"osm_type":"way","osm_id":1433749296,"country":"PT","name":"Descarregador de cheias","operator":null,"wikidata":null,"wikipedia":null}},{"type":"Feature","geometry":{"type":"LineString","coordinates":[[-8.11029,38.95474],[-8.1103,38.95478]]},"properties":{"osm_type":"way","osm_id":1433749297,"country":"PT","name":"Descarregador de cheias","operator":null,"wikidata":null,"wikipedia":null}},{"type":"Feature","geometry":{"type":"LineString","coordinates":[[-8.11053,38.95472],[-8.11053,38.95476]]},"properties":{"osm_type":"way","osm_id":1433749298,"country":"PT","name":"Descarregador de cheias","operator":null,"wikidata":null,"wikipedia":null}},{"type":"Feature","geometry":{"type":"LineString","coordinates":[[-6.81929,41.7854],[-6.81848,41.78678]]},"properties":{"osm_type":"way","osm_id":1433750641,"country":"PT","name":"Descarga de fundo","operator":null,"wikidata":null,"wikipedia":null}},{"type":"Feature","geometry":{"type":"LineString","coordinates":[[-7.94815,37.8796],[-7.94818,37.87935]]},"properties":{"osm_type":"way","osm_id":1433752900,"country":"PT","name":"Descarga de fundo","operator":null,"wikidata":null,"wikipedia":null}},{"type":"Feature","geometry":{"type":"LineString","coordinates":[[-7.95084,37.88025],[-7.95133,37.88006],[-7.95157,37.87892]]},"properties":{"osm_type":"way","osm_id":1433752903,"country":"PT","name":"Descarregador de cheias","operator":null,"wikidata":null,"wikipedia":null}},{"type":"Feature","geometry":{"type":"LineString","coordinates":[[-8.13735,41.58567],[-8.13772,41.58562]]},"properties":{"osm_type":"way","osm_id":1433754148,"country":"PT","name":"Descarga de fundo","operator":null,"wikidata":null,"wikipedia":null}},{"type":"Feature","geometry":{"type":"LineString","coordinates":[[-8.13744,41.58572],[-8.13773,41.58567]]},"properties":{"osm_type":"way","osm_id":1433754150,"country":"PT","name":"Descarregador de cheias","operator":null,"wikidata":null,"wikipedia":null}},{"type":"Feature","geometry":{"type":"LineString","coordinates":[[-7.62255,40.38653],[-7.62251,40.38667]]},"properties":{"osm_type":"way","osm_id":1433784468,"country":"PT","name":"Descarregador de cheias","operator":null,"wikidata":null,"wikipedia":null}},{"type":"Feature","geometry":{"type":"LineString","coordinates":[[-7.62255,40.38652],[-7.62255,40.38653]]},"properties":{"osm_type":"way","osm_id":1433784469,"country":"PT","name":"Descarregador de cheias","operator":null,"wikidata":null,"wikipedia":null}},{"type":"Feature","geometry":{"type":"LineString","coordinates":[[-7.65164,40.35875],[-7.65281,40.35819],[-7.65457,40.35503],[-7.65542,40.35449]]},"properties":{"osm_type":"way","osm_id":1433791365,"country":"PT","name":"Descarregador de cheias","operator":null,"wikidata":null,"wikipedia":null}},{"type":"Feature","geometry":{"type":"LineString","coordinates":[[-7.73441,38.37367],[-7.7354,38.37551]]},"properties":{"osm_type":"way","osm_id":1433798574,"country":"PT","name":null,"operator":null,"wikidata":null,"wikipedia":null}},{"type":"Feature","geometry":{"type":"LineString","coordinates":[[-7.72909,38.37107],[-7.72834,38.37227]]},"properties":{"osm_type":"way","osm_id":1433798578,"country":"PT","name":"Descarregador de cheias","operator":null,"wikidata":null,"wikipedia":null}},{"type":"Feature","geometry":{"type":"LineString","coordinates":[[-8.69004,38.99462],[-8.6908,38.99513]]},"properties":{"osm_type":"way","osm_id":1433804752,"country":"PT","name":"Descarregador de cheias","operator":null,"wikidata":null,"wikipedia":null}},{"type":"Feature","geometry":{"type":"LineString","coordinates":[[-7.3221,41.82259],[-7.32295,41.82257]]},"properties":{"osm_type":"way","osm_id":1433808891,"country":"PT","name":"Descarregador de cheias","operator":null,"wikidata":null,"wikipedia":null}},{"type":"Feature","geometry":{"type":"LineString","coordinates":[[-7.32199,41.82318],[-7.32322,41.8228]]},"properties":{"osm_type":"way","osm_id":1433808897,"country":"PT","name":"Descarga de fundo","operator":null,"wikidata":null,"wikipedia":null}},{"type":"Feature","geometry":{"type":"LineString","coordinates":[[-7.97592,39.0172],[-7.97617,39.01684]]},"properties":{"osm_type":"way","osm_id":1433822709,"country":"PT","name":"Descarregador de cheias","operator":null,"wikidata":null,"wikipedia":null}},{"type":"Feature","geometry":{"type":"LineString","coordinates":[[-7.97566,39.01696],[-7.97617,39.01684]]},"properties":{"osm_type":"way","osm_id":1433822710,"country":"PT","name":"Descarregador de cheias","operator":null,"wikidata":null,"wikipedia":null}},{"type":"Feature","geometry":{"type":"LineString","coordinates":[[-7.48695,39.96852],[-7.48681,39.96848]]},"properties":{"osm_type":"way","osm_id":1433832331,"country":"PT","name":"Descarregador de cheias","operator":null,"wikidata":null,"wikipedia":null}},{"type":"Feature","geometry":{"type":"LineString","coordinates":[[-7.48681,39.96861],[-7.48681,39.96848]]},"properties":{"osm_type":"way","osm_id":1433832332,"country":"PT","name":"Descarregador de cheias","operator":null,"wikidata":null,"wikipedia":null}},{"type":"Feature","geometry":{"type":"LineString","coordinates":[[-7.48688,39.96857],[-7.48681,39.96848]]},"properties":{"osm_type":"way","osm_id":1433832333,"country":"PT","name":"Descarregador de cheias","operator":null,"wikidata":null,"wikipedia":null}},{"type":"Feature","geometry":{"type":"LineString","coordinates":[[-7.48681,39.96848],[-7.48375,39.96468]]},"properties":{"osm_type":"way","osm_id":1433832335,"country":"PT","name":"Descarregador de cheias","operator":null,"wikidata":null,"wikipedia":null}},{"type":"Feature","geometry":{"type":"LineString","coordinates":[[-8.80608,38.77485],[-8.80694,38.77496]]},"properties":{"osm_type":"way","osm_id":1433834603,"country":"PT","name":"Descarregador de cheias","operator":null,"wikidata":null,"wikipedia":null}},{"type":"Feature","geometry":{"type":"LineString","coordinates":[[-8.80586,38.77482],[-8.80597,38.77484]]},"properties":{"osm_type":"way","osm_id":1433834604,"country":"PT","name":"Descarregador de cheias","operator":null,"wikidata":null,"wikipedia":null}},{"type":"Feature","geometry":{"type":"LineString","coordinates":[[-8.09741,38.65414],[-8.10088,38.65496]]},"properties":{"osm_type":"way","osm_id":1433835570,"country":"PT","name":"Descarregador de cheias","operator":null,"wikidata":null,"wikipedia":null}},{"type":"Feature","geometry":{"type":"LineString","coordinates":[[-6.26421,41.48988],[-6.26377,41.48945]]},"properties":{"osm_type":"way","osm_id":1433842204,"country":"PT","name":"Descarga de fundo","operator":null,"wikidata":null,"wikipedia":null}},{"type":"Feature","geometry":{"type":"LineString","coordinates":[[-6.26389,41.49005],[-6.26353,41.48956]]},"properties":{"osm_type":"way","osm_id":1433842205,"country":"PT","name":"Descarga de fundo","operator":null,"wikidata":null,"wikipedia":null}},{"type":"Feature","geometry":{"type":"LineString","coordinates":[[-8.17785,39.05324],[-8.17783,39.0532]]},"properties":{"osm_type":"way","osm_id":1433844767,"country":"PT","name":null,"operator":null,"wikidata":null,"wikipedia":null}},{"type":"Feature","geometry":{"type":"LineString","coordinates":[[-8.17368,39.05397],[-8.17369,39.05386]]},"properties":{"osm_type":"way","osm_id":1433844769,"country":"PT","name":null,"operator":null,"wikidata":null,"wikipedia":null}},{"type":"Feature","geometry":{"type":"LineString","coordinates":[[-8.17694,39.05523],[-8.17836,39.05494],[-8.17785,39.05324]]},"properties":{"osm_type":"way","osm_id":1433844774,"country":"PT","name":null,"operator":null,"wikidata":null,"wikipedia":null}},{"type":"Feature","geometry":{"type":"LineString","coordinates":[[-8.29036,37.72758],[-8.29032,37.72923]]},"properties":{"osm_type":"way","osm_id":1433849766,"country":"PT","name":"Descarga de fundo","operator":null,"wikidata":null,"wikipedia":null}},{"type":"Feature","geometry":{"type":"LineString","coordinates":[[-7.71071,38.51227],[-7.7105,38.51201]]},"properties":{"osm_type":"way","osm_id":1433875811,"country":"PT","name":"Descarregador de cheias","operator":null,"wikidata":null,"wikipedia":null}},{"type":"Feature","geometry":{"type":"LineString","coordinates":[[-7.71082,38.51222],[-7.71062,38.51196]]},"properties":{"osm_type":"way","osm_id":1433875812,"country":"PT","name":"Descarregador de cheias","operator":null,"wikidata":null,"wikipedia":null}},{"type":"Feature","geometry":{"type":"LineString","coordinates":[[-6.95463,41.82486],[-6.95451,41.82477]]},"properties":{"osm_type":"way","osm_id":1433879017,"country":"PT","name":"Descarga de fundo","operator":null,"wikidata":null,"wikipedia":null}},{"type":"Feature","geometry":{"type":"LineString","coordinates":[[-6.95439,41.82496],[-6.9543,41.82484]]},"properties":{"osm_type":"way","osm_id":1433879019,"country":"PT","name":"Descarregador de cheias","operator":null,"wikidata":null,"wikipedia":null}},{"type":"Feature","geometry":{"type":"LineString","coordinates":[[-8.69833,37.20205],[-8.69829,37.20199]]},"properties":{"osm_type":"way","osm_id":1434007997,"country":"PT","name":"Descarregador de cheias","operator":null,"wikidata":null,"wikipedia":null}},{"type":"Feature","geometry":{"type":"LineString","coordinates":[[-8.69842,37.20201],[-8.69836,37.20195]]},"properties":{"osm_type":"way","osm_id":1434007998,"country":"PT","name":"Descarregador de cheias","operator":null,"wikidata":null,"wikipedia":null}},{"type":"Feature","geometry":{"type":"LineString","coordinates":[[-7.4866,37.32875],[-7.48656,37.32903]]},"properties":{"osm_type":"way","osm_id":1434010219,"country":"PT","name":"Túnel de Descarga da Barragem de Odeleite","operator":null,"wikidata":null,"wikipedia":null}},{"type":"Feature","geometry":{"type":"LineString","coordinates":[[-7.4867,37.32877],[-7.48656,37.32903]]},"properties":{"osm_type":"way","osm_id":1434010220,"country":"PT","name":"Túnel de Descarga da Barragem de Odeleite","operator":null,"wikidata":null,"wikipedia":null}},{"type":"Feature","geometry":{"type":"LineString","coordinates":[[-8.47144,37.28457],[-8.47154,37.28445]]},"properties":{"osm_type":"way","osm_id":1434021209,"country":"PT","name":null,"operator":null,"wikidata":null,"wikipedia":null}},{"type":"Feature","geometry":{"type":"LineString","coordinates":[[-8.4714,37.28462],[-8.47144,37.28457]]},"properties":{"osm_type":"way","osm_id":1434021210,"country":"PT","name":null,"operator":null,"wikidata":null,"wikipedia":null}},{"type":"Feature","geometry":{"type":"LineString","coordinates":[[-8.47095,37.28519],[-8.4714,37.28462]]},"properties":{"osm_type":"way","osm_id":1434021215,"country":"PT","name":null,"operator":null,"wikidata":null,"wikipedia":null}},{"type":"Feature","geometry":{"type":"LineString","coordinates":[[-8.46973,37.28672],[-8.47095,37.28519]]},"properties":{"osm_type":"way","osm_id":1434021216,"country":"PT","name":null,"operator":null,"wikidata":null,"wikipedia":null}},{"type":"Feature","geometry":{"type":"LineString","coordinates":[[-8.47236,37.28682],[-8.47206,37.28637]]},"properties":{"osm_type":"way","osm_id":1434021219,"country":"PT","name":"Descarregador de Cheias","operator":null,"wikidata":null,"wikipedia":null}},{"type":"Feature","geometry":{"type":"LineString","coordinates":[[-8.47211,37.28689],[-8.47206,37.28637]]},"properties":{"osm_type":"way","osm_id":1434021220,"country":"PT","name":"Descarregador de Cheias","operator":null,"wikidata":null,"wikipedia":null}},{"type":"Feature","geometry":{"type":"LineString","coordinates":[[-8.47223,37.28686],[-8.47206,37.28637]]},"properties":{"osm_type":"way","osm_id":1434021221,"country":"PT","name":"Descarregador de Cheias","operator":null,"wikidata":null,"wikipedia":null}},{"type":"Feature","geometry":{"type":"LineString","coordinates":[[-8.11514,38.1852],[-8.1156,38.18492]]},"properties":{"osm_type":"way","osm_id":1434023322,"country":"PT","name":"Descarga de fundo","operator":null,"wikidata":null,"wikipedia":null}},{"type":"Feature","geometry":{"type":"LineString","coordinates":[[-8.11527,38.18513],[-8.11561,38.18492]]},"properties":{"osm_type":"way","osm_id":1434023326,"country":"PT","name":"Descarregador de cheias","operator":null,"wikidata":null,"wikipedia":null}},{"type":"Feature","geometry":{"type":"LineString","coordinates":[[-8.11512,38.18517],[-8.11527,38.18513]]},"properties":{"osm_type":"way","osm_id":1434023327,"country":"PT","name":"Descarregador de cheias","operator":null,"wikidata":null,"wikipedia":null}},{"type":"Feature","geometry":{"type":"LineString","coordinates":[[-8.11517,38.18523],[-8.11527,38.18513]]},"properties":{"osm_type":"way","osm_id":1434023328,"country":"PT","name":"Descarregador de cheias","operator":null,"wikidata":null,"wikipedia":null}},{"type":"Feature","geometry":{"type":"LineString","coordinates":[[-7.62862,38.11001],[-7.62891,38.10969]]},"properties":{"osm_type":"way","osm_id":1434049787,"country":"PT","name":"Descarga de fundo","operator":null,"wikidata":null,"wikipedia":null}},{"type":"Feature","geometry":{"type":"LineString","coordinates":[[-7.62862,38.10966],[-7.6287,38.10964]]},"properties":{"osm_type":"way","osm_id":1434049790,"country":"PT","name":null,"operator":null,"wikidata":null,"wikipedia":null}},{"type":"Feature","geometry":{"type":"LineString","coordinates":[[-7.62871,38.10971],[-7.6287,38.10964]]},"properties":{"osm_type":"way","osm_id":1434049791,"country":"PT","name":null,"operator":null,"wikidata":null,"wikipedia":null}},{"type":"Feature","geometry":{"type":"LineString","coordinates":[[-7.6285,38.10994],[-7.62871,38.10971]]},"properties":{"osm_type":"way","osm_id":1434049792,"country":"PT","name":null,"operator":null,"wikidata":null,"wikipedia":null}},{"type":"Feature","geometry":{"type":"LineString","coordinates":[[-7.6287,38.10964],[-7.62874,38.10961]]},"properties":{"osm_type":"way","osm_id":1434049793,"country":"PT","name":null,"operator":null,"wikidata":null,"wikipedia":null}},{"type":"Feature","geometry":{"type":"LineString","coordinates":[[-7.6289,38.11012],[-7.62904,38.10997]]},"properties":{"osm_type":"way","osm_id":1434049816,"country":"PT","name":"Descarregador de cheias","operator":null,"wikidata":null,"wikipedia":null}},{"type":"Feature","geometry":{"type":"LineString","coordinates":[[-7.62918,38.11028],[-7.62932,38.11013]]},"properties":{"osm_type":"way","osm_id":1434049817,"country":"PT","name":"Descarregador de cheias","operator":null,"wikidata":null,"wikipedia":null}},{"type":"Feature","geometry":{"type":"LineString","coordinates":[[-7.62946,38.11044],[-7.6296,38.11029]]},"properties":{"osm_type":"way","osm_id":1434049818,"country":"PT","name":"Descarregador de cheias","operator":null,"wikidata":null,"wikipedia":null}},{"type":"Feature","geometry":{"type":"LineString","coordinates":[[-7.62975,38.11059],[-7.62989,38.11044]]},"properties":{"osm_type":"way","osm_id":1434049819,"country":"PT","name":"Descarregador de cheias","operator":null,"wikidata":null,"wikipedia":null}},{"type":"Feature","geometry":{"type":"LineString","coordinates":[[-7.63003,38.11075],[-7.63017,38.1106]]},"properties":{"osm_type":"way","osm_id":1434049820,"country":"PT","name":"Descarregador de cheias","operator":null,"wikidata":null,"wikipedia":null}},{"type":"Feature","geometry":{"type":"LineString","coordinates":[[-7.63031,38.11091],[-7.63045,38.11076]]},"properties":{"osm_type":"way","osm_id":1434049821,"country":"PT","name":"Descarregador de cheias","operator":null,"wikidata":null,"wikipedia":null}},{"type":"Feature","geometry":{"type":"LineString","coordinates":[[-7.63059,38.11107],[-7.63073,38.11092]]},"properties":{"osm_type":"way","osm_id":1434049822,"country":"PT","name":"Descarregador de cheias","operator":null,"wikidata":null,"wikipedia":null}},{"type":"Feature","geometry":{"type":"LineString","coordinates":[[-7.63088,38.11122],[-7.63101,38.11108]]},"properties":{"osm_type":"way","osm_id":1434049823,"country":"PT","name":"Descarregador de cheias","operator":null,"wikidata":null,"wikipedia":null}},{"type":"Feature","geometry":{"type":"LineString","coordinates":[[-7.63115,38.11137],[-7.63128,38.11123]]},"properties":{"osm_type":"way","osm_id":1434049824,"country":"PT","name":"Descarregador de cheias","operator":null,"wikidata":null,"wikipedia":null}},{"type":"Feature","geometry":{"type":"LineString","coordinates":[[-7.63143,38.11153],[-7.63156,38.11139]]},"properties":{"osm_type":"way","osm_id":1434049825,"country":"PT","name":"Descarregador de cheias","operator":null,"wikidata":null,"wikipedia":null}},{"type":"Feature","geometry":{"type":"LineString","coordinates":[[-8.39347,38.41773],[-8.39371,38.41774]]},"properties":{"osm_type":"way","osm_id":1434056011,"country":"PT","name":null,"operator":null,"wikidata":"Q10360721","wikipedia":"pt:Ribeira das Alcáçovas"}},{"type":"Feature","geometry":{"type":"LineString","coordinates":[[-8.39087,38.41961],[-8.39368,38.41834]]},"properties":{"osm_type":"way","osm_id":1434056016,"country":"PT","name":"Descarga de fundo","operator":null,"wikidata":null,"wikipedia":null}},{"type":"Feature","geometry":{"type":"LineString","coordinates":[[-7.01482,40.0455],[-7.01488,40.04536]]},"properties":{"osm_type":"way","osm_id":1434327237,"country":"PT","name":"Descarga de fundo","operator":null,"wikidata":null,"wikipedia":null}},{"type":"Feature","geometry":{"type":"LineString","coordinates":[[-7.01486,40.04551],[-7.01491,40.04547]]},"properties":{"osm_type":"way","osm_id":1434327238,"country":"PT","name":"Descarregador de cheias","operator":null,"wikidata":null,"wikipedia":null}},{"type":"Feature","geometry":{"type":"LineString","coordinates":[[-7.01491,40.04547],[-7.01495,40.04538]]},"properties":{"osm_type":"way","osm_id":1434327239,"country":"PT","name":"Descarregador de cheias","operator":null,"wikidata":null,"wikipedia":null}},{"type":"Feature","geometry":{"type":"LineString","coordinates":[[-8.5371,41.5487],[-8.53718,41.54864]]},"properties":{"osm_type":"way","osm_id":1434337844,"country":"PT","name":null,"operator":null,"wikidata":null,"wikipedia":null}},{"type":"Feature","geometry":{"type":"LineString","coordinates":[[-8.53696,41.5488],[-8.5371,41.5487]]},"properties":{"osm_type":"way","osm_id":1434337845,"country":"PT","name":null,"operator":null,"wikidata":null,"wikipedia":null}},{"type":"Feature","geometry":{"type":"LineString","coordinates":[[-8.5377,41.54917],[-8.53778,41.54911]]},"properties":{"osm_type":"way","osm_id":1434337847,"country":"PT","name":null,"operator":null,"wikidata":null,"wikipedia":null}},{"type":"Feature","geometry":{"type":"LineString","coordinates":[[-8.53752,41.54929],[-8.5377,41.54917]]},"properties":{"osm_type":"way","osm_id":1434337849,"country":"PT","name":null,"operator":null,"wikidata":null,"wikipedia":null}},{"type":"Feature","geometry":{"type":"LineString","coordinates":[[-8.53703,41.54894],[-8.53717,41.54885]]},"properties":{"osm_type":"way","osm_id":1434337858,"country":"PT","name":"Descarregador de cheias","operator":null,"wikidata":null,"wikipedia":null}},{"type":"Feature","geometry":{"type":"LineString","coordinates":[[-8.53717,41.54906],[-8.53731,41.54896]]},"properties":{"osm_type":"way","osm_id":1434337859,"country":"PT","name":"Descarregador de cheias","operator":null,"wikidata":null,"wikipedia":null}},{"type":"Feature","geometry":{"type":"LineString","coordinates":[[-8.5374,41.54914],[-8.53746,41.54909]]},"properties":{"osm_type":"way","osm_id":1434337860,"country":"PT","name":"Descarregador de cheias","operator":null,"wikidata":null,"wikipedia":null}},{"type":"Feature","geometry":{"type":"LineString","coordinates":[[-7.9833,38.08108],[-7.98369,38.08164]]},"properties":{"osm_type":"way","osm_id":1434342433,"country":"PT","name":"Descarregador de cheias","operator":null,"wikidata":null,"wikipedia":null}},{"type":"Feature","geometry":{"type":"LineString","coordinates":[[-7.55592,40.02106],[-7.55581,40.02091]]},"properties":{"osm_type":"way","osm_id":1434344567,"country":"PT","name":"Descarga de fundo","operator":null,"wikidata":null,"wikipedia":null}},{"type":"Feature","geometry":{"type":"LineString","coordinates":[[-7.55605,40.02125],[-7.55592,40.02106]]},"properties":{"osm_type":"way","osm_id":1434344568,"country":"PT","name":"Descarga de fundo","operator":null,"wikidata":null,"wikipedia":null}},{"type":"Feature","geometry":{"type":"LineString","coordinates":[[-7.55613,40.02133],[-7.55605,40.02125]]},"properties":{"osm_type":"way","osm_id":1434344569,"country":"PT","name":null,"operator":null,"wikidata":null,"wikipedia":null}},{"type":"Feature","geometry":{"type":"LineString","coordinates":[[-7.55605,40.02125],[-7.55575,40.02129]]},"properties":{"osm_type":"way","osm_id":1434344570,"country":"PT","name":null,"operator":null,"wikidata":null,"wikipedia":null}},{"type":"Feature","geometry":{"type":"LineString","coordinates":[[-7.55662,40.0217],[-7.55613,40.02133]]},"properties":{"osm_type":"way","osm_id":1434344571,"country":"PT","name":null,"operator":null,"wikidata":null,"wikipedia":null}},{"type":"Feature","geometry":{"type":"LineString","coordinates":[[-7.55596,40.02164],[-7.55578,40.02101]]},"properties":{"osm_type":"way","osm_id":1434344580,"country":"PT","name":"Descarregador de cheias","operator":null,"wikidata":null,"wikipedia":null}},{"type":"Feature","geometry":{"type":"LineString","coordinates":[[-7.61028,39.52642],[-7.61031,39.52649]]},"properties":{"osm_type":"way","osm_id":1434363646,"country":"PT","name":null,"operator":null,"wikidata":null,"wikipedia":null}},{"type":"Feature","geometry":{"type":"LineString","coordinates":[[-7.61028,39.52642],[-7.61022,39.52648]]},"properties":{"osm_type":"way","osm_id":1434363647,"country":"PT","name":null,"operator":null,"wikidata":null,"wikipedia":null}},{"type":"Feature","geometry":{"type":"LineString","coordinates":[[-7.61031,39.52649],[-7.61026,39.52654]]},"properties":{"osm_type":"way","osm_id":1434363648,"country":"PT","name":null,"operator":null,"wikidata":null,"wikipedia":null}},{"type":"Feature","geometry":{"type":"LineString","coordinates":[[-7.61026,39.52654],[-7.6104,39.52672]]},"properties":{"osm_type":"way","osm_id":1434363649,"country":"PT","name":null,"operator":null,"wikidata":null,"wikipedia":null}},{"type":"Feature","geometry":{"type":"LineString","coordinates":[[-7.58216,39.51571],[-7.58235,39.51565]]},"properties":{"osm_type":"way","osm_id":1434363654,"country":"PT","name":"Descarregador de cheias","operator":null,"wikidata":null,"wikipedia":null}},{"type":"Feature","geometry":{"type":"LineString","coordinates":[[-7.58212,39.5158],[-7.58216,39.51571]]},"properties":{"osm_type":"way","osm_id":1434363655,"country":"PT","name":"Descarregador de cheias","operator":null,"wikidata":null,"wikipedia":null}},{"type":"Feature","geometry":{"type":"LineString","coordinates":[[-7.5821,39.51579],[-7.58216,39.51571]]},"properties":{"osm_type":"way","osm_id":1434363656,"country":"PT","name":"Descarregador de cheias","operator":null,"wikidata":null,"wikipedia":null}},{"type":"Feature","geometry":{"type":"LineString","coordinates":[[-7.58205,39.51575],[-7.58216,39.51571]]},"properties":{"osm_type":"way","osm_id":1434363657,"country":"PT","name":"Descarregador de cheias","operator":null,"wikidata":null,"wikipedia":null}},{"type":"Feature","geometry":{"type":"LineString","coordinates":[[-7.58207,39.51577],[-7.58216,39.51571]]},"properties":{"osm_type":"way","osm_id":1434363658,"country":"PT","name":"Descarregador de cheias","operator":null,"wikidata":null,"wikipedia":null}},{"type":"Feature","geometry":{"type":"LineString","coordinates":[[-8.50031,38.26208],[-8.50085,38.26185]]},"properties":{"osm_type":"way","osm_id":1434379856,"country":"PT","name":"Descarregador de cheias","operator":null,"wikidata":null,"wikipedia":null}},{"type":"Feature","geometry":{"type":"LineString","coordinates":[[-7.55524,39.47679],[-7.55524,39.47684]]},"properties":{"osm_type":"way","osm_id":1434382193,"country":"PT","name":"Descarregador de cheias","operator":null,"wikidata":null,"wikipedia":null}},{"type":"Feature","geometry":{"type":"LineString","coordinates":[[-7.55518,39.47642],[-7.55524,39.47679]]},"properties":{"osm_type":"way","osm_id":1434382194,"country":"PT","name":"Descarregador de cheias","operator":null,"wikidata":null,"wikipedia":null}},{"type":"Feature","geometry":{"type":"LineString","coordinates":[[-7.55524,39.47684],[-7.55528,39.47712]]},"properties":{"osm_type":"way","osm_id":1434382196,"country":"PT","name":"Descarregador de cheias","operator":null,"wikidata":null,"wikipedia":null}},{"type":"Feature","geometry":{"type":"LineString","coordinates":[[-7.81201,39.5642],[-7.81208,39.5642]]},"properties":{"osm_type":"way","osm_id":1434393894,"country":"PT","name":"Descarregador de cheias","operator":null,"wikidata":null,"wikipedia":null}},{"type":"Feature","geometry":{"type":"LineString","coordinates":[[-7.81208,39.5642],[-7.81338,39.5642]]},"properties":{"osm_type":"way","osm_id":1434393901,"country":"PT","name":"Descarregador de cheias","operator":null,"wikidata":null,"wikipedia":null}},{"type":"Feature","geometry":{"type":"LineString","coordinates":[[-7.81285,39.56499],[-7.81307,39.56498]]},"properties":{"osm_type":"way","osm_id":1434393902,"country":"PT","name":null,"operator":null,"wikidata":null,"wikipedia":null}},{"type":"Feature","geometry":{"type":"LineString","coordinates":[[-7.8121,39.56503],[-7.81285,39.56499]]},"properties":{"osm_type":"way","osm_id":1434393903,"country":"PT","name":null,"operator":null,"wikidata":null,"wikipedia":null}},{"type":"Feature","geometry":{"type":"LineString","coordinates":[[-7.81266,39.56476],[-7.81277,39.56475]]},"properties":{"osm_type":"way","osm_id":1434393910,"country":"PT","name":null,"operator":null,"wikidata":null,"wikipedia":null}},{"type":"Feature","geometry":{"type":"LineString","coordinates":[[-7.81207,39.5648],[-7.81266,39.56476]]},"properties":{"osm_type":"way","osm_id":1434393911,"country":"PT","name":null,"operator":null,"wikidata":null,"wikipedia":null}},{"type":"Feature","geometry":{"type":"LineString","coordinates":[[-7.81267,39.56488],[-7.81278,39.56487]]},"properties":{"osm_type":"way","osm_id":1434393912,"country":"PT","name":null,"operator":null,"wikidata":null,"wikipedia":null}},{"type":"Feature","geometry":{"type":"LineString","coordinates":[[-7.81209,39.56491],[-7.81267,39.56488]]},"properties":{"osm_type":"way","osm_id":1434393913,"country":"PT","name":null,"operator":null,"wikidata":null,"wikipedia":null}},{"type":"Feature","geometry":{"type":"LineString","coordinates":[[-7.81205,39.56456],[-7.81249,39.56454]]},"properties":{"osm_type":"way","osm_id":1434393915,"country":"PT","name":"Descarga de fundo","operator":null,"wikidata":null,"wikipedia":null}},{"type":"Feature","geometry":{"type":"LineString","coordinates":[[-6.98143,41.86594],[-6.9821,41.86547]]},"properties":{"osm_type":"way","osm_id":1434396988,"country":"PT","name":"Descarregador de cheias","operator":null,"wikidata":null,"wikipedia":null}},{"type":"Feature","geometry":{"type":"LineString","coordinates":[[-6.98134,41.866],[-6.98143,41.86594]]},"properties":{"osm_type":"way","osm_id":1434396989,"country":"PT","name":"Descarregador de cheias","operator":null,"wikidata":null,"wikipedia":null}},{"type":"Feature","geometry":{"type":"LineString","coordinates":[[-6.98125,41.86607],[-6.98134,41.866]]},"properties":{"osm_type":"way","osm_id":1434396991,"country":"PT","name":"Descarregador de cheias","operator":null,"wikidata":null,"wikipedia":null}},{"type":"Feature","geometry":{"type":"LineString","coordinates":[[-8.1639,41.50341],[-8.16381,41.50322]]},"properties":{"osm_type":"way","osm_id":1434555497,"country":"PT","name":"Descarga de fundo","operator":null,"wikidata":null,"wikipedia":null}},{"type":"Feature","geometry":{"type":"LineString","coordinates":[[-8.16426,41.50325],[-8.16418,41.50312]]},"properties":{"osm_type":"way","osm_id":1434555499,"country":"PT","name":"Descarregador de cheias","operator":null,"wikidata":null,"wikipedia":null}},{"type":"Feature","geometry":{"type":"LineString","coordinates":[[-8.16429,41.5033],[-8.16426,41.50325]]},"properties":{"osm_type":"way","osm_id":1434555503,"country":"PT","name":"Descarregador de cheias","operator":null,"wikidata":null,"wikipedia":null}},{"type":"Feature","geometry":{"type":"LineString","coordinates":[[-8.2482,40.29748],[-8.24837,40.29736]]},"properties":{"osm_type":"way","osm_id":1434555864,"country":"PT","name":null,"operator":null,"wikidata":null,"wikipedia":null}},{"type":"Feature","geometry":{"type":"LineString","coordinates":[[-8.24895,40.30982],[-8.24914,40.30974]]},"properties":{"osm_type":"way","osm_id":1434558982,"country":"PT","name":"Descarga de fundo","operator":null,"wikidata":null,"wikipedia":null}},{"type":"Feature","geometry":{"type":"LineString","coordinates":[[-8.24863,40.30939],[-8.24877,40.30933]]},"properties":{"osm_type":"way","osm_id":1434558988,"country":"PT","name":"Descarregador de cheias","operator":null,"wikidata":null,"wikipedia":null}},{"type":"Feature","geometry":{"type":"LineString","coordinates":[[-8.2487,40.30916],[-8.24895,40.30906]]},"properties":{"osm_type":"way","osm_id":1434558992,"country":"PT","name":null,"operator":null,"wikidata":null,"wikipedia":null}},{"type":"Feature","geometry":{"type":"LineString","coordinates":[[-8.24865,40.30908],[-8.24889,40.30898]]},"properties":{"osm_type":"way","osm_id":1434558993,"country":"PT","name":null,"operator":null,"wikidata":null,"wikipedia":null}},{"type":"Feature","geometry":{"type":"LineString","coordinates":[[-8.24847,40.30925],[-8.2487,40.30916]]},"properties":{"osm_type":"way","osm_id":1434558994,"country":"PT","name":null,"operator":null,"wikidata":null,"wikipedia":null}},{"type":"Feature","geometry":{"type":"LineString","coordinates":[[-8.24842,40.30917],[-8.24865,40.30908]]},"properties":{"osm_type":"way","osm_id":1434558995,"country":"PT","name":null,"operator":null,"wikidata":null,"wikipedia":null}},{"type":"Feature","geometry":{"type":"LineString","coordinates":[[-7.33449,41.0082],[-7.33516,41.00835]]},"properties":{"osm_type":"way","osm_id":1434562789,"country":"PT","name":"Descarga de fundo","operator":null,"wikidata":null,"wikipedia":null}},{"type":"Feature","geometry":{"type":"LineString","coordinates":[[-7.33486,41.00786],[-7.33531,41.00812]]},"properties":{"osm_type":"way","osm_id":1434562790,"country":"PT","name":"Descarregador de cheias","operator":null,"wikidata":null,"wikipedia":null}},{"type":"Feature","geometry":{"type":"LineString","coordinates":[[-7.48649,41.84015],[-7.48566,41.83944]]},"properties":{"osm_type":"way","osm_id":1434568162,"country":"PT","name":"Descarga de fundo","operator":null,"wikidata":null,"wikipedia":null}},{"type":"Feature","geometry":{"type":"LineString","coordinates":[[-7.48665,41.83919],[-7.48543,41.83919]]},"properties":{"osm_type":"way","osm_id":1434568163,"country":"PT","name":"Descarregador de cheias","operator":null,"wikidata":null,"wikipedia":null}},{"type":"Feature","geometry":{"type":"LineString","coordinates":[[-7.48675,41.83921],[-7.48665,41.83919]]},"properties":{"osm_type":"way","osm_id":1434568164,"country":"PT","name":"Descarregador de cheias","operator":null,"wikidata":null,"wikipedia":null}},{"type":"Feature","geometry":{"type":"LineString","coordinates":[[-7.12951,41.24768],[-7.12812,41.24607]]},"properties":{"osm_type":"way","osm_id":1434579581,"country":"PT","name":"Descarga de fundo","operator":null,"wikidata":null,"wikipedia":null}},{"type":"Feature","geometry":{"type":"LineString","coordinates":[[-9.42175,38.76358],[-9.42161,38.7635]]},"properties":{"osm_type":"way","osm_id":1434585695,"country":"PT","name":"Descarregador de cheias","operator":null,"wikidata":null,"wikipedia":null}},{"type":"Feature","geometry":{"type":"LineString","coordinates":[[-7.35413,38.50892],[-7.35385,38.5084]]},"properties":{"osm_type":"way","osm_id":1434599654,"country":"PT","name":"Descarga de fundo","operator":null,"wikidata":null,"wikipedia":null}},{"type":"Feature","geometry":{"type":"LineString","coordinates":[[-8.08137,37.93015],[-8.0814,37.93015]]},"properties":{"osm_type":"way","osm_id":1434607749,"country":"PT","name":null,"operator":null,"wikidata":null,"wikipedia":null}},{"type":"Feature","geometry":{"type":"LineString","coordinates":[[-8.08133,37.92961],[-8.08155,37.92963]]},"properties":{"osm_type":"way","osm_id":1434607753,"country":"PT","name":"Descarga de fundo","operator":null,"wikidata":null,"wikipedia":null}},{"type":"Feature","geometry":{"type":"LineString","coordinates":[[-8.08111,37.92961],[-8.08133,37.92961]]},"properties":{"osm_type":"way","osm_id":1434607754,"country":"PT","name":"Descarga de fundo","operator":null,"wikidata":null,"wikipedia":null}},{"type":"Feature","geometry":{"type":"LineString","coordinates":[[-7.09139,40.33364],[-7.09263,40.3356]]},"properties":{"osm_type":"way","osm_id":1434608550,"country":"PT","name":"Descarga de fundo","operator":null,"wikidata":null,"wikipedia":null}},{"type":"Feature","geometry":{"type":"LineString","coordinates":[[-7.08879,40.33554],[-7.09201,40.33613]]},"properties":{"osm_type":"way","osm_id":1434608551,"country":"PT","name":"Descarregador de cheias","operator":null,"wikidata":null,"wikipedia":null}},{"type":"Feature","geometry":{"type":"LineString","coordinates":[[-7.04983,41.33527],[-7.05193,41.33541]]},"properties":{"osm_type":"way","osm_id":1434615090,"country":"PT","name":"Descarga de fundo","operator":null,"wikidata":null,"wikipedia":null}},{"type":"Feature","geometry":{"type":"LineString","coordinates":[[-8.43726,37.5126],[-8.43783,37.51219]]},"properties":{"osm_type":"way","osm_id":1434621386,"country":"PT","name":null,"operator":null,"wikidata":null,"wikipedia":null}},{"type":"Feature","geometry":{"type":"LineString","coordinates":[[-8.43783,37.51219],[-8.43932,37.51019]]},"properties":{"osm_type":"way","osm_id":1434621387,"country":"PT","name":null,"operator":null,"wikidata":null,"wikipedia":null}},{"type":"Feature","geometry":{"type":"LineString","coordinates":[[-7.02505,41.33071],[-7.02734,41.33007]]},"properties":{"osm_type":"way","osm_id":1434624997,"country":"PT","name":"Descarga de fundo","operator":null,"wikidata":null,"wikipedia":null}},{"type":"Feature","geometry":{"type":"LineString","coordinates":[[-7.8582,40.08995],[-7.85828,40.08987]]},"properties":{"osm_type":"way","osm_id":1434627444,"country":"PT","name":"Descarregador de cheias","operator":null,"wikidata":null,"wikipedia":null}},{"type":"Feature","geometry":{"type":"LineString","coordinates":[[-7.8583,40.08999],[-7.85836,40.08991]]},"properties":{"osm_type":"way","osm_id":1434627445,"country":"PT","name":"Descarregador de cheias","operator":null,"wikidata":null,"wikipedia":null}},{"type":"Feature","geometry":{"type":"LineString","coordinates":[[-6.89116,40.8625],[-6.89204,40.86365]]},"properties":{"osm_type":"way","osm_id":1434628705,"country":"PT","name":"Descarregador de cheias","operator":null,"wikidata":null,"wikipedia":null}},{"type":"Feature","geometry":{"type":"LineString","coordinates":[[-8.38784,40.84625],[-8.38696,40.84699],[-8.38696,40.84777],[-8.38724,40.84904],[-8.38792,40.84933]]},"properties":{"osm_type":"way","osm_id":1434826454,"country":"PT","name":"Levada Nº 2","operator":null,"wikidata":null,"wikipedia":null}},{"type":"Feature","geometry":{"type":"LineString","coordinates":[[-8.38792,40.84933],[-8.38797,40.84946]]},"properties":{"osm_type":"way","osm_id":1434826455,"country":"PT","name":"Levada Nº 2","operator":null,"wikidata":null,"wikipedia":null}},{"type":"Feature","geometry":{"type":"LineString","coordinates":[[-8.37146,40.84834],[-8.3729,40.84739],[-8.37322,40.84485],[-8.37274,40.84415],[-8.37123,40.84414],[-8.3703,40.8436],[-8.36991,40.8424],[-8.37066,40.84075],[-8.37026,40.83985],[-8.37113,40.83861],[-8.37457,40.83858]]},"properties":{"osm_type":"way","osm_id":1434826458,"country":"PT","name":"Levada Nº 2","operator":null,"wikidata":null,"wikipedia":null}},{"type":"Feature","geometry":{"type":"LineString","coordinates":[[-8.3712,40.84831],[-8.37146,40.84834]]},"properties":{"osm_type":"way","osm_id":1434826459,"country":"PT","name":"Levada Nº 2","operator":null,"wikidata":null,"wikipedia":null}},{"type":"Feature","geometry":{"type":"LineString","coordinates":[[-8.35937,40.84824],[-8.36145,40.84836]]},"properties":{"osm_type":"way","osm_id":1434826460,"country":"PT","name":"Levada Nº 2","operator":null,"wikidata":null,"wikipedia":null}},{"type":"Feature","geometry":{"type":"LineString","coordinates":[[-8.36145,40.84836],[-8.36176,40.84826]]},"properties":{"osm_type":"way","osm_id":1434826461,"country":"PT","name":"Levada Nº 2","operator":null,"wikidata":null,"wikipedia":null}},{"type":"Feature","geometry":{"type":"LineString","coordinates":[[-9.3171,39.33411],[-9.31828,39.33504]]},"properties":{"osm_type":"way","osm_id":1434829153,"country":"PT","name":"Descarga de fundo","operator":null,"wikidata":null,"wikipedia":null}},{"type":"Feature","geometry":{"type":"LineString","coordinates":[[-9.31888,39.3338],[-9.31863,39.33459]]},"properties":{"osm_type":"way","osm_id":1434829154,"country":"PT","name":"Descarregador de cheias","operator":null,"wikidata":null,"wikipedia":null}},{"type":"Feature","geometry":{"type":"LineString","coordinates":[[-7.02922,40.81736],[-7.02927,40.81737]]},"properties":{"osm_type":"way","osm_id":1434831295,"country":"PT","name":null,"operator":null,"wikidata":null,"wikipedia":null}},{"type":"Feature","geometry":{"type":"LineString","coordinates":[[-7.02927,40.81737],[-7.02929,40.81741]]},"properties":{"osm_type":"way","osm_id":1434831296,"country":"PT","name":null,"operator":null,"wikidata":null,"wikipedia":null}},{"type":"Feature","geometry":{"type":"LineString","coordinates":[[-7.02929,40.81741],[-7.0293,40.81742]]},"properties":{"osm_type":"way","osm_id":1434831297,"country":"PT","name":null,"operator":null,"wikidata":null,"wikipedia":null}},{"type":"Feature","geometry":{"type":"LineString","coordinates":[[-7.02922,40.81736],[-7.02923,40.81741]]},"properties":{"osm_type":"way","osm_id":1434831298,"country":"PT","name":null,"operator":null,"wikidata":null,"wikipedia":null}},{"type":"Feature","geometry":{"type":"LineString","coordinates":[[-7.0187,40.80271],[-7.01857,40.80282]]},"properties":{"osm_type":"way","osm_id":1434831303,"country":"PT","name":"Descarga de fundo","operator":null,"wikidata":null,"wikipedia":null}},{"type":"Feature","geometry":{"type":"LineString","coordinates":[[-7.01871,40.80271],[-7.01858,40.80282]]},"properties":{"osm_type":"way","osm_id":1434831304,"country":"PT","name":"Descarregador de cheias","operator":null,"wikidata":null,"wikipedia":null}},{"type":"Feature","geometry":{"type":"LineString","coordinates":[[-7.02717,40.81577],[-7.02922,40.81736]]},"properties":{"osm_type":"way","osm_id":1434831307,"country":"PT","name":null,"operator":null,"wikidata":null,"wikipedia":null}},{"type":"Feature","geometry":{"type":"LineString","coordinates":[[-7.02923,40.81741],[-7.02929,40.81741]]},"properties":{"osm_type":"way","osm_id":1434831310,"country":"PT","name":null,"operator":null,"wikidata":null,"wikipedia":null}},{"type":"Feature","geometry":{"type":"LineString","coordinates":[[-7.60414,37.99138],[-7.60581,37.992]]},"properties":{"osm_type":"way","osm_id":1434833729,"country":"PT","name":"Descarga de fundo","operator":null,"wikidata":null,"wikipedia":null}},{"type":"Feature","geometry":{"type":"LineString","coordinates":[[-7.60581,37.99059],[-7.60636,37.99195]]},"properties":{"osm_type":"way","osm_id":1434833734,"country":"PT","name":"Descarregador de cheias","operator":null,"wikidata":null,"wikipedia":null}},{"type":"Feature","geometry":{"type":"LineString","coordinates":[[-6.77559,41.95902],[-6.77557,41.959]]},"properties":{"osm_type":"way","osm_id":1434837278,"country":"PT","name":null,"operator":null,"wikidata":null,"wikipedia":null}},{"type":"Feature","geometry":{"type":"LineString","coordinates":[[-6.77557,41.959],[-6.77559,41.95897]]},"properties":{"osm_type":"way","osm_id":1434837279,"country":"PT","name":null,"operator":null,"wikidata":null,"wikipedia":null}},{"type":"Feature","geometry":{"type":"LineString","coordinates":[[-6.77559,41.95897],[-6.77548,41.95893]]},"properties":{"osm_type":"way","osm_id":1434837280,"country":"PT","name":null,"operator":null,"wikidata":null,"wikipedia":null}},{"type":"Feature","geometry":{"type":"LineString","coordinates":[[-6.77559,41.95902],[-6.77562,41.959]]},"properties":{"osm_type":"way","osm_id":1434837281,"country":"PT","name":null,"operator":null,"wikidata":null,"wikipedia":null}},{"type":"Feature","geometry":{"type":"LineString","coordinates":[[-6.77175,41.96128],[-6.7718,41.96122]]},"properties":{"osm_type":"way","osm_id":1434837284,"country":"PT","name":"Descarregador de cheias","operator":null,"wikidata":null,"wikipedia":null}},{"type":"Feature","geometry":{"type":"LineString","coordinates":[[-7.76132,41.27059],[-7.76127,41.27053]]},"properties":{"osm_type":"way","osm_id":1434841784,"country":"PT","name":null,"operator":null,"wikidata":null,"wikipedia":null}},{"type":"Feature","geometry":{"type":"LineString","coordinates":[[-7.76127,41.27053],[-7.76118,41.27053]]},"properties":{"osm_type":"way","osm_id":1434841785,"country":"PT","name":null,"operator":null,"wikidata":null,"wikipedia":null}},{"type":"Feature","geometry":{"type":"LineString","coordinates":[[-7.76118,41.27053],[-7.76103,41.27049]]},"properties":{"osm_type":"way","osm_id":1434841786,"country":"PT","name":null,"operator":null,"wikidata":null,"wikipedia":null}},{"type":"Feature","geometry":{"type":"LineString","coordinates":[[-7.76132,41.27059],[-7.76122,41.2706]]},"properties":{"osm_type":"way","osm_id":1434841787,"country":"PT","name":null,"operator":null,"wikidata":null,"wikipedia":null}},{"type":"Feature","geometry":{"type":"LineString","coordinates":[[-7.76122,41.2706],[-7.76118,41.27053]]},"properties":{"osm_type":"way","osm_id":1434841788,"country":"PT","name":null,"operator":null,"wikidata":null,"wikipedia":null}},{"type":"Feature","geometry":{"type":"LineString","coordinates":[[-7.78893,41.26984],[-7.78856,41.2699]]},"properties":{"osm_type":"way","osm_id":1434841791,"country":"PT","name":"Descarga de fundo","operator":null,"wikidata":null,"wikipedia":null}},{"type":"Feature","geometry":{"type":"LineString","coordinates":[[-7.78887,41.2698],[-7.78855,41.26986]]},"properties":{"osm_type":"way","osm_id":1434841797,"country":"PT","name":"Descarregador de cheias","operator":null,"wikidata":null,"wikipedia":null}},{"type":"Feature","geometry":{"type":"LineString","coordinates":[[-7.78891,41.26999],[-7.78859,41.27001]]},"properties":{"osm_type":"way","osm_id":1434841798,"country":"PT","name":"Descarregador de cheias","operator":null,"wikidata":null,"wikipedia":null}},{"type":"Feature","geometry":{"type":"LineString","coordinates":[[-7.78889,41.26989],[-7.78857,41.26993]]},"properties":{"osm_type":"way","osm_id":1434841802,"country":"PT","name":"Descarregador de cheias","operator":null,"wikidata":null,"wikipedia":null}},{"type":"Feature","geometry":{"type":"LineString","coordinates":[[-8.4258,38.04423],[-8.42543,38.04436]]},"properties":{"osm_type":"way","osm_id":1434845220,"country":"PT","name":"Descarregador de cheias","operator":null,"wikidata":null,"wikipedia":null}},{"type":"Feature","geometry":{"type":"LineString","coordinates":[[-8.42573,38.04472],[-8.42548,38.04467]]},"properties":{"osm_type":"way","osm_id":1434845224,"country":"PT","name":"Descarregador de cheias","operator":null,"wikidata":null,"wikipedia":null}},{"type":"Feature","geometry":{"type":"LineString","coordinates":[[-7.3408,40.87915],[-7.33963,40.8796]]},"properties":{"osm_type":"way","osm_id":1434858800,"country":"PT","name":"Descarregador de cheias","operator":null,"wikidata":null,"wikipedia":null}},{"type":"Feature","geometry":{"type":"LineString","coordinates":[[-7.07427,39.87263],[-7.07595,39.87254]]},"properties":{"osm_type":"way","osm_id":1434874148,"country":"PT","name":"Descarregador de cheias","operator":null,"wikidata":null,"wikipedia":null}},{"type":"Feature","geometry":{"type":"LineString","coordinates":[[-8.35375,41.81292],[-8.35406,41.81288]]},"properties":{"osm_type":"way","osm_id":1434884137,"country":"PT","name":"Descarga de fundo","operator":null,"wikidata":null,"wikipedia":null}},{"type":"Feature","geometry":{"type":"LineString","coordinates":[[-8.35363,41.81262],[-8.35395,41.8126]]},"properties":{"osm_type":"way","osm_id":1434884141,"country":"PT","name":"Descarga de fundo","operator":null,"wikidata":null,"wikipedia":null}},{"type":"Feature","geometry":{"type":"LineString","coordinates":[[-8.35406,41.8124],[-8.35433,41.8124]]},"properties":{"osm_type":"way","osm_id":1434884146,"country":"PT","name":null,"operator":null,"wikidata":null,"wikipedia":null}},{"type":"Feature","geometry":{"type":"LineString","coordinates":[[-8.35356,41.8124],[-8.35406,41.8124]]},"properties":{"osm_type":"way","osm_id":1434884147,"country":"PT","name":null,"operator":null,"wikidata":null,"wikipedia":null}},{"type":"Feature","geometry":{"type":"LineString","coordinates":[[-8.35369,41.81255],[-8.3538,41.81254]]},"properties":{"osm_type":"way","osm_id":1434884154,"country":"PT","name":"Descarregador de cheias","operator":null,"wikidata":null,"wikipedia":null}},{"type":"Feature","geometry":{"type":"LineString","coordinates":[[-8.35372,41.8128],[-8.35384,41.8128]]},"properties":{"osm_type":"way","osm_id":1434884155,"country":"PT","name":"Descarregador de cheias","operator":null,"wikidata":null,"wikipedia":null}},{"type":"Feature","geometry":{"type":"LineString","coordinates":[[-8.11441,38.85664],[-8.11492,38.8569]]},"properties":{"osm_type":"way","osm_id":1434887649,"country":"PT","name":"Descarga de fundo","operator":null,"wikidata":null,"wikipedia":null}},{"type":"Feature","geometry":{"type":"LineString","coordinates":[[-8.11223,38.85746],[-8.11256,38.85814]]},"properties":{"osm_type":"way","osm_id":1434887650,"country":"PT","name":"Descarregador de cheias","operator":null,"wikidata":null,"wikipedia":null}},{"type":"Feature","geometry":{"type":"LineString","coordinates":[[-8.2969,38.24748],[-8.29706,38.24746]]},"properties":{"osm_type":"way","osm_id":1434891923,"country":"PT","name":"Descarga de fundo","operator":null,"wikidata":null,"wikipedia":null}},{"type":"Feature","geometry":{"type":"LineString","coordinates":[[-8.29603,38.2513],[-8.2971,38.25061]]},"properties":{"osm_type":"way","osm_id":1434891924,"country":"PT","name":"Descarregador de cheias","operator":null,"wikidata":null,"wikipedia":null}},{"type":"Feature","geometry":{"type":"LineString","coordinates":[[-7.58866,40.39977],[-7.5887,40.39978]]},"properties":{"osm_type":"way","osm_id":1434893593,"country":"PT","name":null,"operator":null,"wikidata":null,"wikipedia":null}},{"type":"Feature","geometry":{"type":"LineString","coordinates":[[-7.58995,40.39895],[-7.58999,40.39903]]},"properties":{"osm_type":"way","osm_id":1434893597,"country":"PT","name":"Descarregador de cheias","operator":null,"wikidata":null,"wikipedia":null}},{"type":"Feature","geometry":{"type":"LineString","coordinates":[[-7.19322,41.24645],[-7.19243,41.24471]]},"properties":{"osm_type":"way","osm_id":1434897582,"country":"PT","name":"Descarregador de cheias","operator":null,"wikidata":null,"wikipedia":null}},{"type":"Feature","geometry":{"type":"LineString","coordinates":[[-7.1917,41.24693],[-7.19244,41.24533]]},"properties":{"osm_type":"way","osm_id":1434897585,"country":"PT","name":"Descarga de fundo","operator":null,"wikidata":null,"wikipedia":null}},{"type":"Feature","geometry":{"type":"LineString","coordinates":[[-7.72495,37.38166],[-7.72507,37.38241]]},"properties":{"osm_type":"way","osm_id":1434898730,"country":"PT","name":"Descarregador de cheias","operator":null,"wikidata":null,"wikipedia":null}},{"type":"Feature","geometry":{"type":"LineString","coordinates":[[-7.77603,41.12059],[-7.77599,41.12063]]},"properties":{"osm_type":"way","osm_id":1434907436,"country":"PT","name":"Descarga de fundo","operator":null,"wikidata":null,"wikipedia":null}},{"type":"Feature","geometry":{"type":"LineString","coordinates":[[-7.77516,41.12052],[-7.77525,41.12127]]},"properties":{"osm_type":"way","osm_id":1434907439,"country":"PT","name":"Descarregador de cheias","operator":null,"wikidata":null,"wikipedia":null}},{"type":"Feature","geometry":{"type":"LineString","coordinates":[[-7.86112,40.77563],[-7.86227,40.77563]]},"properties":{"osm_type":"way","osm_id":1434908154,"country":"PT","name":"Descarregador de cheias","operator":null,"wikidata":null,"wikipedia":null}},{"type":"Feature","geometry":{"type":"LineString","coordinates":[[-7.08136,40.72644],[-7.08056,40.72708]]},"properties":{"osm_type":"way","osm_id":1434908835,"country":"PT","name":"Descarregador de cheias","operator":null,"wikidata":null,"wikipedia":null}},{"type":"Feature","geometry":{"type":"LineString","coordinates":[[-6.80634,41.95386],[-6.80661,41.95356]]},"properties":{"osm_type":"way","osm_id":1434926887,"country":"PT","name":"Descarregador de cheias","operator":null,"wikidata":null,"wikipedia":null}},{"type":"Feature","geometry":{"type":"LineString","coordinates":[[-6.89195,40.80449],[-6.89097,40.80596]]},"properties":{"osm_type":"way","osm_id":1434938295,"country":"PT","name":"Descarregador de cheias","operator":null,"wikidata":null,"wikipedia":null}},{"type":"Feature","geometry":{"type":"LineString","coordinates":[[-7.60771,38.53923],[-7.60881,38.5375]]},"properties":{"osm_type":"way","osm_id":1434940148,"country":"PT","name":"Descarga de fundo","operator":null,"wikidata":null,"wikipedia":null}},{"type":"Feature","geometry":{"type":"LineString","coordinates":[[-7.60899,38.53998],[-7.60906,38.53955]]},"properties":{"osm_type":"way","osm_id":1434940151,"country":"PT","name":"Descarregador de cheias","operator":null,"wikidata":null,"wikipedia":null}},{"type":"Feature","geometry":{"type":"LineString","coordinates":[[-7.60917,38.53999],[-7.60906,38.53955]]},"properties":{"osm_type":"way","osm_id":1434940152,"country":"PT","name":"Descarregador de cheias","operator":null,"wikidata":null,"wikipedia":null}},{"type":"Feature","geometry":{"type":"LineString","coordinates":[[-7.60906,38.53955],[-7.60916,38.53762]]},"properties":{"osm_type":"way","osm_id":1434940153,"country":"PT","name":"Descarregador de cheias","operator":null,"wikidata":null,"wikipedia":null}},{"type":"Feature","geometry":{"type":"LineString","coordinates":[[-7.53424,40.98669],[-7.53427,40.98698]]},"properties":{"osm_type":"way","osm_id":1434943941,"country":"PT","name":"Descarregador de cheias","operator":null,"wikidata":null,"wikipedia":null}},{"type":"Feature","geometry":{"type":"LineString","coordinates":[[-7.53432,40.98669],[-7.53427,40.98698]]},"properties":{"osm_type":"way","osm_id":1434943942,"country":"PT","name":"Descarregador de cheias","operator":null,"wikidata":null,"wikipedia":null}},{"type":"Feature","geometry":{"type":"LineString","coordinates":[[-8.44877,41.3579],[-8.44891,41.35782]]},"properties":{"osm_type":"way","osm_id":1434949227,"country":"PT","name":null,"operator":null,"wikidata":null,"wikipedia":null}},{"type":"Feature","geometry":{"type":"LineString","coordinates":[[-8.4486,41.358],[-8.44877,41.3579]]},"properties":{"osm_type":"way","osm_id":1434949230,"country":"PT","name":null,"operator":null,"wikidata":null,"wikipedia":null}},{"type":"Feature","geometry":{"type":"LineString","coordinates":[[-6.18923,41.57354],[-6.19079,41.57341]]},"properties":{"osm_type":"way","osm_id":1435158529,"country":"PT","name":null,"operator":null,"wikidata":null,"wikipedia":null}},{"type":"Feature","geometry":{"type":"LineString","coordinates":[[-6.18425,41.57596],[-6.18646,41.57419],[-6.18923,41.57354]]},"properties":{"osm_type":"way","osm_id":1435158530,"country":"PT","name":null,"operator":null,"wikidata":null,"wikipedia":null}},{"type":"Feature","geometry":{"type":"LineString","coordinates":[[-6.18908,41.57562],[-6.18898,41.5753]]},"properties":{"osm_type":"way","osm_id":1435158537,"country":"PT","name":null,"operator":null,"wikidata":null,"wikipedia":null}},{"type":"Feature","geometry":{"type":"LineString","coordinates":[[-6.18916,41.5759],[-6.18908,41.57562]]},"properties":{"osm_type":"way","osm_id":1435158538,"country":"PT","name":null,"operator":null,"wikidata":null,"wikipedia":null}},{"type":"Feature","geometry":{"type":"LineString","coordinates":[[-6.18928,41.5756],[-6.18919,41.57527]]},"properties":{"osm_type":"way","osm_id":1435158539,"country":"PT","name":null,"operator":null,"wikidata":null,"wikipedia":null}},{"type":"Feature","geometry":{"type":"LineString","coordinates":[[-6.18936,41.57587],[-6.18928,41.5756]]},"properties":{"osm_type":"way","osm_id":1435158542,"country":"PT","name":null,"operator":null,"wikidata":null,"wikipedia":null}},{"type":"Feature","geometry":{"type":"LineString","coordinates":[[-25.30716,37.74642],[-25.3072,37.74638]]},"properties":{"osm_type":"way","osm_id":1436758043,"country":"PT","name":null,"operator":null,"wikidata":null,"wikipedia":null}},{"type":"Feature","geometry":{"type":"LineString","coordinates":[[-25.3072,37.74638],[-25.30726,37.74635]]},"properties":{"osm_type":"way","osm_id":1436758044,"country":"PT","name":null,"operator":null,"wikidata":null,"wikipedia":null}},{"type":"Feature","geometry":{"type":"LineString","coordinates":[[-25.30726,37.74635],[-25.30734,37.74629]]},"properties":{"osm_type":"way","osm_id":1436758045,"country":"PT","name":null,"operator":null,"wikidata":null,"wikipedia":null}},{"type":"Feature","geometry":{"type":"LineString","coordinates":[[-25.30662,37.74727],[-25.30716,37.74642]]},"properties":{"osm_type":"way","osm_id":1436758046,"country":"PT","name":null,"operator":null,"wikidata":null,"wikipedia":null}},{"type":"Feature","geometry":{"type":"LineString","coordinates":[[-25.29476,37.76055],[-25.29482,37.76022]]},"properties":{"osm_type":"way","osm_id":1436758943,"country":"PT","name":null,"operator":null,"wikidata":null,"wikipedia":null}},{"type":"Feature","geometry":{"type":"LineString","coordinates":[[-25.29482,37.76022],[-25.29572,37.75893],[-25.29594,37.75674],[-25.29831,37.7557],[-25.29916,37.75307],[-25.3018,37.75242],[-25.30496,37.74919],[-25.30622,37.7488],[-25.30677,37.74804],[-25.30662,37.74727]]},"properties":{"osm_type":"way","osm_id":1436758944,"country":"PT","name":null,"operator":null,"wikidata":null,"wikipedia":null}},{"type":"Feature","geometry":{"type":"LineString","coordinates":[[-25.29397,37.76943],[-25.29387,37.76956]]},"properties":{"osm_type":"way","osm_id":1436760537,"country":"PT","name":null,"operator":null,"wikidata":null,"wikipedia":null}},{"type":"Feature","geometry":{"type":"LineString","coordinates":[[-25.29405,37.76941],[-25.29397,37.76943]]},"properties":{"osm_type":"way","osm_id":1436760538,"country":"PT","name":null,"operator":null,"wikidata":null,"wikipedia":null}},{"type":"Feature","geometry":{"type":"LineString","coordinates":[[-25.29413,37.76951],[-25.29405,37.76941]]},"properties":{"osm_type":"way","osm_id":1436760539,"country":"PT","name":null,"operator":null,"wikidata":null,"wikipedia":null}},{"type":"Feature","geometry":{"type":"LineString","coordinates":[[-25.29413,37.76951],[-25.29387,37.76956]]},"properties":{"osm_type":"way","osm_id":1436760540,"country":"PT","name":null,"operator":null,"wikidata":null,"wikipedia":null}},{"type":"Feature","geometry":{"type":"LineString","coordinates":[[-25.29432,37.77002],[-25.29413,37.76951]]},"properties":{"osm_type":"way","osm_id":1436760546,"country":"PT","name":null,"operator":null,"wikidata":null,"wikipedia":null}},{"type":"Feature","geometry":{"type":"LineString","coordinates":[[-25.29122,37.76289],[-25.29134,37.76287]]},"properties":{"osm_type":"way","osm_id":1436937413,"country":"PT","name":null,"operator":null,"wikidata":null,"wikipedia":null}},{"type":"Feature","geometry":{"type":"LineString","coordinates":[[-25.29105,37.76315],[-25.2911,37.76309]]},"properties":{"osm_type":"way","osm_id":1436937415,"country":"PT","name":null,"operator":null,"wikidata":null,"wikipedia":null}},{"type":"Feature","geometry":{"type":"LineString","coordinates":[[-25.29134,37.76287],[-25.29133,37.76284]]},"properties":{"osm_type":"way","osm_id":1436937416,"country":"PT","name":null,"operator":null,"wikidata":null,"wikipedia":null}},{"type":"Feature","geometry":{"type":"LineString","coordinates":[[-25.29132,37.76628],[-25.29067,37.76411]]},"properties":{"osm_type":"way","osm_id":1436937418,"country":"PT","name":null,"operator":null,"wikidata":null,"wikipedia":null}},{"type":"Feature","geometry":{"type":"LineString","coordinates":[[-25.2915,37.76719],[-25.29132,37.76628]]},"properties":{"osm_type":"way","osm_id":1436937419,"country":"PT","name":null,"operator":null,"wikidata":null,"wikipedia":null}},{"type":"Feature","geometry":{"type":"LineString","coordinates":[[-25.29149,37.76732],[-25.2915,37.76719]]},"properties":{"osm_type":"way","osm_id":1436937420,"country":"PT","name":null,"operator":null,"wikidata":null,"wikipedia":null}},{"type":"Feature","geometry":{"type":"LineString","coordinates":[[-25.29286,37.76884],[-25.292,37.76844],[-25.29149,37.76732]]},"properties":{"osm_type":"way","osm_id":1436937422,"country":"PT","name":null,"operator":null,"wikidata":null,"wikipedia":null}},{"type":"Feature","geometry":{"type":"LineString","coordinates":[[-25.29067,37.76411],[-25.29105,37.76315]]},"properties":{"osm_type":"way","osm_id":1436937423,"country":"PT","name":null,"operator":null,"wikidata":null,"wikipedia":null}},{"type":"Feature","geometry":{"type":"LineString","coordinates":[[-25.2911,37.76309],[-25.29122,37.76289]]},"properties":{"osm_type":"way","osm_id":1436937424,"country":"PT","name":null,"operator":null,"wikidata":null,"wikipedia":null}},{"type":"Feature","geometry":{"type":"LineString","coordinates":[[-25.3063,37.7439],[-25.30605,37.74386]]},"properties":{"osm_type":"way","osm_id":1436941378,"country":"PT","name":null,"operator":null,"wikidata":null,"wikipedia":null}},{"type":"Feature","geometry":{"type":"LineString","coordinates":[[-25.30184,37.74281],[-25.30161,37.74277]]},"properties":{"osm_type":"way","osm_id":1436941379,"country":"PT","name":null,"operator":null,"wikidata":null,"wikipedia":null}},{"type":"Feature","geometry":{"type":"LineString","coordinates":[[-25.30605,37.74386],[-25.30184,37.74281]]},"properties":{"osm_type":"way","osm_id":1436941380,"country":"PT","name":null,"operator":null,"wikidata":null,"wikipedia":null}},{"type":"Feature","geometry":{"type":"LineString","coordinates":[[-25.30161,37.74277],[-25.30122,37.74244]]},"properties":{"osm_type":"way","osm_id":1436941382,"country":"PT","name":null,"operator":null,"wikidata":null,"wikipedia":null}},{"type":"Feature","geometry":{"type":"LineString","coordinates":[[-25.30646,37.74393],[-25.3063,37.7439]]},"properties":{"osm_type":"way","osm_id":1436941383,"country":"PT","name":null,"operator":null,"wikidata":null,"wikipedia":null}},{"type":"Feature","geometry":{"type":"LineString","coordinates":[[-25.30034,37.74133],[-25.29969,37.73947]]},"properties":{"osm_type":"way","osm_id":1436941384,"country":"PT","name":null,"operator":null,"wikidata":null,"wikipedia":null}},{"type":"Feature","geometry":{"type":"LineString","coordinates":[[-25.30122,37.74244],[-25.30034,37.74133]]},"properties":{"osm_type":"way","osm_id":1436941385,"country":"PT","name":null,"operator":null,"wikidata":null,"wikipedia":null}},{"type":"Feature","geometry":{"type":"LineString","coordinates":[[-25.29943,37.73834],[-25.29932,37.73764]]},"properties":{"osm_type":"way","osm_id":1436941386,"country":"PT","name":null,"operator":null,"wikidata":null,"wikipedia":null}},{"type":"Feature","geometry":{"type":"LineString","coordinates":[[-25.29969,37.73947],[-25.29943,37.73834]]},"properties":{"osm_type":"way","osm_id":1436941387,"country":"PT","name":null,"operator":null,"wikidata":null,"wikipedia":null}},{"type":"Feature","geometry":{"type":"LineString","coordinates":[[-25.29932,37.73764],[-25.29943,37.73739]]},"properties":{"osm_type":"way","osm_id":1436941388,"country":"PT","name":null,"operator":null,"wikidata":null,"wikipedia":null}},{"type":"Feature","geometry":{"type":"LineString","coordinates":[[-25.49478,37.79594],[-25.49521,37.79612]]},"properties":{"osm_type":"way","osm_id":1436946607,"country":"PT","name":null,"operator":null,"wikidata":null,"wikipedia":null}},{"type":"Feature","geometry":{"type":"LineString","coordinates":[[-7.89611,38.27199],[-7.8981,38.27255],[-7.901,38.27773]]},"properties":{"osm_type":"way","osm_id":1442170588,"country":"PT","name":"Segregação Caudais Alvito Troço 2","operator":null,"wikidata":null,"wikipedia":null}},{"type":"Feature","geometry":{"type":"LineString","coordinates":[[-7.89567,38.28371],[-7.90102,38.28391],[-7.90121,38.28217],[-7.90049,38.28051],[-7.89864,38.27986],[-7.8982,38.27916],[-7.901,38.27773]]},"properties":{"osm_type":"way","osm_id":1442170590,"country":"PT","name":"Segregação Caudais Alvito Troço 1","operator":null,"wikidata":null,"wikipedia":null}},{"type":"Feature","geometry":{"type":"LineString","coordinates":[[-7.901,38.27773],[-7.90341,38.27907],[-7.90681,38.27914],[-7.90936,38.27861]]},"properties":{"osm_type":"way","osm_id":1442170591,"country":"PT","name":"Segregação Caudais Alvito","operator":null,"wikidata":null,"wikipedia":null}},{"type":"Feature","geometry":{"type":"LineString","coordinates":[[-7.86948,38.27974],[-7.87075,38.28192],[-7.87567,38.2801],[-7.87914,38.28124]]},"properties":{"osm_type":"way","osm_id":1442170592,"country":"PT","name":"Segregação Caudais Alvito Troço 1","operator":null,"wikidata":null,"wikipedia":null}},{"type":"Feature","geometry":{"type":"LineString","coordinates":[[-7.87914,38.28124],[-7.88355,38.28154],[-7.88672,38.28409],[-7.89145,38.28299],[-7.89567,38.28371]]},"properties":{"osm_type":"way","osm_id":1442170593,"country":"PT","name":"Segregação Caudais Alvito Troço 1","operator":null,"wikidata":null,"wikipedia":null}},{"type":"Feature","geometry":{"type":"LineString","coordinates":[[-31.1602,39.46215],[-31.16046,39.46294],[-31.15886,39.46374],[-31.15837,39.46457],[-31.15675,39.46513],[-31.15646,39.46624],[-31.15487,39.467],[-31.15377,39.46674],[-31.15274,39.46751],[-31.15095,39.46778],[-31.15098,39.46832]]},"properties":{"osm_type":"way","osm_id":1442192537,"country":"PT","name":null,"operator":null,"wikidata":null,"wikipedia":null}},{"type":"Feature","geometry":{"type":"LineString","coordinates":[[-31.15098,39.46832],[-31.15107,39.4685]]},"properties":{"osm_type":"way","osm_id":1442192538,"country":"PT","name":null,"operator":null,"wikidata":null,"wikipedia":null}},{"type":"Feature","geometry":{"type":"LineString","coordinates":[[-31.15107,39.4685],[-31.15062,39.46914],[-31.14728,39.46966],[-31.146,39.4709],[-31.14468,39.4711]]},"properties":{"osm_type":"way","osm_id":1442192539,"country":"PT","name":null,"operator":null,"wikidata":null,"wikipedia":null}},{"type":"Feature","geometry":{"type":"LineString","coordinates":[[-31.14168,39.47003],[-31.14159,39.46998]]},"properties":{"osm_type":"way","osm_id":1442192541,"country":"PT","name":null,"operator":null,"wikidata":null,"wikipedia":null}},{"type":"Feature","geometry":{"type":"LineString","coordinates":[[-31.14178,39.47001],[-31.14168,39.47003]]},"properties":{"osm_type":"way","osm_id":1442192542,"country":"PT","name":null,"operator":null,"wikidata":null,"wikipedia":null}},{"type":"Feature","geometry":{"type":"LineString","coordinates":[[-31.14178,39.47001],[-31.14176,39.46997]]},"properties":{"osm_type":"way","osm_id":1442192543,"country":"PT","name":null,"operator":null,"wikidata":null,"wikipedia":null}},{"type":"Feature","geometry":{"type":"LineString","coordinates":[[-31.14176,39.46997],[-31.14173,39.46994]]},"properties":{"osm_type":"way","osm_id":1442192544,"country":"PT","name":null,"operator":null,"wikidata":null,"wikipedia":null}},{"type":"Feature","geometry":{"type":"LineString","coordinates":[[-31.14173,39.46994],[-31.14167,39.46994]]},"properties":{"osm_type":"way","osm_id":1442192545,"country":"PT","name":null,"operator":null,"wikidata":null,"wikipedia":null}},{"type":"Feature","geometry":{"type":"LineString","coordinates":[[-31.14167,39.46994],[-31.14164,39.46992]]},"properties":{"osm_type":"way","osm_id":1442192546,"country":"PT","name":null,"operator":null,"wikidata":null,"wikipedia":null}},{"type":"Feature","geometry":{"type":"LineString","coordinates":[[-31.14182,39.47003],[-31.14178,39.47001]]},"properties":{"osm_type":"way","osm_id":1442192548,"country":"PT","name":null,"operator":null,"wikidata":null,"wikipedia":null}},{"type":"Feature","geometry":{"type":"LineString","coordinates":[[-31.14171,39.46998],[-31.14167,39.46994]]},"properties":{"osm_type":"way","osm_id":1442192549,"country":"PT","name":null,"operator":null,"wikidata":null,"wikipedia":null}},{"type":"Feature","geometry":{"type":"LineString","coordinates":[[-31.14176,39.46997],[-31.14171,39.46998]]},"properties":{"osm_type":"way","osm_id":1442192550,"country":"PT","name":null,"operator":null,"wikidata":null,"wikipedia":null}},{"type":"Feature","geometry":{"type":"LineString","coordinates":[[-31.144,39.47132],[-31.14182,39.47003]]},"properties":{"osm_type":"way","osm_id":1442192551,"country":"PT","name":null,"operator":null,"wikidata":null,"wikipedia":null}},{"type":"Feature","geometry":{"type":"LineString","coordinates":[[-8.28792,37.72889],[-8.28823,37.73004],[-8.28783,37.73036]]},"properties":{"osm_type":"way","osm_id":1442922664,"country":"PT","name":"Canal do Alto Sado","operator":null,"wikidata":null,"wikipedia":null}},{"type":"Feature","geometry":{"type":"LineString","coordinates":[[-7.717,41.62927],[-7.73956,41.62065]]},"properties":{"osm_type":"way","osm_id":1444557546,"country":"PT","name":"Traçado aproximado, determinar onde passa exatamente este circuito hidráulico.","operator":null,"wikidata":null,"wikipedia":null}},{"type":"Feature","geometry":{"type":"LineString","coordinates":[[-7.71862,41.65748],[-7.717,41.62927]]},"properties":{"osm_type":"way","osm_id":1444557547,"country":"PT","name":"Traçado aproximado, determinar onde passa exatamente este circuito hidráulico.","operator":null,"wikidata":null,"wikipedia":null}},{"type":"Feature","geometry":{"type":"LineString","coordinates":[[-7.7189,41.65741],[-7.7189,41.65733]]},"properties":{"osm_type":"way","osm_id":1444557552,"country":"PT","name":"Descarregador de cheias","operator":null,"wikidata":null,"wikipedia":null}},{"type":"Feature","geometry":{"type":"LineString","coordinates":[[-7.73956,41.62065],[-7.73963,41.62062]]},"properties":{"osm_type":"way","osm_id":1444557561,"country":"PT","name":null,"operator":null,"wikidata":null,"wikipedia":null}},{"type":"Feature","geometry":{"type":"LineString","coordinates":[[-7.81794,40.53008],[-7.81796,40.53004]]},"properties":{"osm_type":"way","osm_id":1444809816,"country":"PT","name":null,"operator":null,"wikidata":null,"wikipedia":null}},{"type":"Feature","geometry":{"type":"LineString","coordinates":[[-7.82225,40.52703],[-7.82226,40.52699]]},"properties":{"osm_type":"way","osm_id":1444809818,"country":"PT","name":null,"operator":null,"wikidata":null,"wikipedia":null}},{"type":"Feature","geometry":{"type":"LineString","coordinates":[[-7.82226,40.52699],[-7.8222,40.5269]]},"properties":{"osm_type":"way","osm_id":1444809819,"country":"PT","name":null,"operator":null,"wikidata":null,"wikipedia":null}},{"type":"Feature","geometry":{"type":"LineString","coordinates":[[-7.92463,40.2935],[-7.92477,40.29348]]},"properties":{"osm_type":"way","osm_id":1444810811,"country":"PT","name":"Descarregador de cheias","operator":null,"wikidata":null,"wikipedia":null}},{"type":"Feature","geometry":{"type":"LineString","coordinates":[[-7.92486,40.29369],[-7.92493,40.29368]]},"properties":{"osm_type":"way","osm_id":1444810816,"country":"PT","name":null,"operator":null,"wikidata":null,"wikipedia":null}},{"type":"Feature","geometry":{"type":"LineString","coordinates":[[-7.9248,40.2937],[-7.92486,40.29369]]},"properties":{"osm_type":"way","osm_id":1444810818,"country":"PT","name":null,"operator":null,"wikidata":null,"wikipedia":null}},{"type":"Feature","geometry":{"type":"LineString","coordinates":[[-7.9247,40.29372],[-7.9248,40.2937]]},"properties":{"osm_type":"way","osm_id":1444810819,"country":"PT","name":null,"operator":null,"wikidata":null,"wikipedia":null}},{"type":"Feature","geometry":{"type":"LineString","coordinates":[[-7.92493,40.29368],[-7.92545,40.29331]]},"properties":{"osm_type":"way","osm_id":1444810821,"country":"PT","name":null,"operator":null,"wikidata":null,"wikipedia":null}},{"type":"Feature","geometry":{"type":"LineString","coordinates":[[-8.80251,39.00297],[-8.79771,39.00105],[-8.79366,39.00128],[-8.79283,39.00053]]},"properties":{"osm_type":"way","osm_id":1448445636,"country":"PT","name":null,"operator":null,"wikidata":null,"wikipedia":null}},{"type":"Feature","geometry":{"type":"LineString","coordinates":[[-8.80263,39.00298],[-8.80251,39.00297]]},"properties":{"osm_type":"way","osm_id":1448445637,"country":"PT","name":null,"operator":null,"wikidata":null,"wikipedia":null}},{"type":"Feature","geometry":{"type":"LineString","coordinates":[[-7.73681,38.89216],[-7.73711,38.89222]]},"properties":{"osm_type":"way","osm_id":1452384073,"country":"PT","name":null,"operator":null,"wikidata":null,"wikipedia":null}},{"type":"Feature","geometry":{"type":"LineString","coordinates":[[-8.36327,40.70576],[-8.36346,40.70554]]},"properties":{"osm_type":"way","osm_id":1453873540,"country":"PT","name":"Hidroeléctrica da Grela","operator":null,"wikidata":null,"wikipedia":null}},{"type":"Feature","geometry":{"type":"LineString","coordinates":[[-8.38952,41.24701],[-8.38953,41.24739],[-8.39168,41.24732],[-8.39183,41.24832],[-8.39269,41.2487],[-8.39218,41.24945],[-8.39292,41.24967],[-8.39361,41.25081],[-8.39521,41.25147],[-8.39381,41.25233],[-8.39192,41.25449],[-8.38619,41.25383],[-8.38477,41.25772],[-8.38506,41.26032],[-8.38268,41.26118],[-8.3809,41.26249],[-8.37917,41.26138],[-8.37684,41.2625]]},"properties":{"osm_type":"way","osm_id":1460059520,"country":"PT","name":null,"operator":null,"wikidata":null,"wikipedia":null}},{"type":"Feature","geometry":{"type":"LineString","coordinates":[[-8.43155,41.26566],[-8.43779,41.26889],[-8.43759,41.2693]]},"properties":{"osm_type":"way","osm_id":1460063185,"country":"PT","name":null,"operator":null,"wikidata":null,"wikipedia":null}},{"type":"Feature","geometry":{"type":"LineString","coordinates":[[-8.33955,41.31327],[-8.34269,41.31504],[-8.34555,41.31991],[-8.34989,41.32221],[-8.3499,41.32325],[-8.35088,41.32396],[-8.35071,41.32659],[-8.3486,41.32811],[-8.34714,41.32854],[-8.34704,41.3299],[-8.34569,41.3313],[-8.34465,41.33176],[-8.34314,41.3317]]},"properties":{"osm_type":"way","osm_id":1460082041,"country":"PT","name":null,"operator":null,"wikidata":null,"wikipedia":null}},{"type":"Feature","geometry":{"type":"LineString","coordinates":[[-8.0609,41.26243],[-8.05951,41.26088],[-8.05954,41.25984],[-8.05764,41.25818],[-8.05598,41.25853],[-8.05492,41.25931],[-8.0554,41.26005],[-8.0536,41.25968],[-8.05169,41.2618],[-8.05046,41.26202],[-8.04907,41.26295],[-8.04557,41.26288],[-8.04151,41.26178],[-8.03976,41.26207],[-8.03992,41.26372],[-8.03883,41.26674],[-8.03557,41.26905],[-8.03275,41.26979],[-8.03261,41.27086]]},"properties":{"osm_type":"way","osm_id":1460359328,"country":"PT","name":null,"operator":null,"wikidata":null,"wikipedia":null}},{"type":"Feature","geometry":{"type":"LineString","coordinates":[[-7.99066,41.25134],[-7.99179,41.25101],[-7.9947,41.25211],[-7.9959,41.2519],[-7.99541,41.25126],[-7.9958,41.25059],[-7.9942,41.24921],[-7.9952,41.24836],[-7.99431,41.24588],[-7.99501,41.24493],[-7.99445,41.24423],[-7.99523,41.24366],[-7.99371,41.24353],[-7.99553,41.24294],[-7.99371,41.24255],[-7.99256,41.24097],[-7.99311,41.24013],[-7.99387,41.24002],[-7.99374,41.23921],[-7.99446,41.23886]]},"properties":{"osm_type":"way","osm_id":1461940155,"country":"PT","name":null,"operator":null,"wikidata":null,"wikipedia":null}},{"type":"Feature","geometry":{"type":"LineString","coordinates":[[-7.99446,41.23886],[-7.99433,41.23872]]},"properties":{"osm_type":"way","osm_id":1461940159,"country":"PT","name":null,"operator":null,"wikidata":null,"wikipedia":null}},{"type":"Feature","geometry":{"type":"LineString","coordinates":[[-7.99446,41.23886],[-7.99371,41.23564]]},"properties":{"osm_type":"way","osm_id":1461940160,"country":"PT","name":null,"operator":null,"wikidata":null,"wikipedia":null}},{"type":"Feature","geometry":{"type":"LineString","coordinates":[[-7.99371,41.23564],[-7.99389,41.23466],[-7.99327,41.23435],[-7.99041,41.23517],[-7.98656,41.2339]]},"properties":{"osm_type":"way","osm_id":1461940168,"country":"PT","name":null,"operator":null,"wikidata":null,"wikipedia":null}},{"type":"Feature","geometry":{"type":"LineString","coordinates":[[-7.98656,41.2339],[-7.98405,41.23389],[-7.98195,41.23451],[-7.98149,41.23391],[-7.97994,41.23432],[-7.97554,41.23234]]},"properties":{"osm_type":"way","osm_id":1461940171,"country":"PT","name":null,"operator":null,"wikidata":null,"wikipedia":null}},{"type":"Feature","geometry":{"type":"LineString","coordinates":[[-8.03115,41.34112],[-8.03237,41.34263],[-8.03199,41.34348]]},"properties":{"osm_type":"way","osm_id":1462341942,"country":"PT","name":null,"operator":null,"wikidata":null,"wikipedia":null}},{"type":"Feature","geometry":{"type":"LineString","coordinates":[[-8.06938,41.40351],[-8.06929,41.40459],[-8.06857,41.40525],[-8.0694,41.40632],[-8.06918,41.40793],[-8.06654,41.41009],[-8.06491,41.41055],[-8.06369,41.41145],[-8.06302,41.41401]]},"properties":{"osm_type":"way","osm_id":1462682162,"country":"PT","name":null,"operator":null,"wikidata":null,"wikipedia":null}},{"type":"Feature","geometry":{"type":"LineString","coordinates":[[-8.08138,41.55084],[-8.07914,41.55138],[-8.07465,41.55429],[-8.07157,41.55538],[-8.07233,41.55949],[-8.07065,41.56106],[-8.06851,41.56177],[-8.06796,41.56397],[-8.0666,41.56455],[-8.06675,41.5651],[-8.06602,41.56564],[-8.06453,41.56559],[-8.0637,41.56509],[-8.0641,41.5685],[-8.063,41.56869],[-8.06248,41.5697],[-8.06112,41.57057],[-8.06125,41.57195],[-8.06566,41.57178],[-8.0649,41.57374],[-8.06109,41.57497],[-8.05886,41.57674],[-8.05605,41.57783],[-8.05462,41.58005],[-8.05469,41.58371],[-8.05256,41.58483],[-8.05238,41.58732],[-8.05099,41.58804],[-8.04921,41.59023],[-8.0496,41.59496],[-8.04862,41.59637],[-8.0471,41.59664],[-8.04617,41.59755],[-8.04857,41.60285],[-8.04983,41.60262],[-8.05019,41.60181],[-8.05251,41.60012],[-8.05377,41.60033],[-8.05604,41.5997],[-8.05703,41.59843]]},"properties":{"osm_type":"way","osm_id":1462840850,"country":"PT","name":null,"operator":null,"wikidata":null,"wikipedia":null}},{"type":"Feature","geometry":{"type":"LineString","coordinates":[[-8.06891,41.59485],[-8.07197,41.5994]]},"properties":{"osm_type":"way","osm_id":1462878132,"country":"PT","name":null,"operator":null,"wikidata":null,"wikipedia":null}},{"type":"Feature","geometry":{"type":"LineString","coordinates":[[-8.06687,41.60209],[-8.06658,41.60075],[-8.06711,41.59993],[-8.07047,41.60051],[-8.07197,41.5994]]},"properties":{"osm_type":"way","osm_id":1462878133,"country":"PT","name":null,"operator":null,"wikidata":null,"wikipedia":null}},{"type":"Feature","geometry":{"type":"LineString","coordinates":[[-8.05703,41.59843],[-8.05837,41.59737],[-8.0622,41.59734],[-8.06282,41.59824],[-8.06137,41.60106],[-8.06211,41.60169],[-8.06291,41.60124],[-8.06458,41.60138],[-8.0649,41.6008],[-8.06573,41.6012],[-8.06656,41.60095],[-8.06687,41.60209]]},"properties":{"osm_type":"way","osm_id":1462878136,"country":"PT","name":null,"operator":null,"wikidata":null,"wikipedia":null}},{"type":"Feature","geometry":{"type":"LineString","coordinates":[[-8.05703,41.59843],[-8.05772,41.59664],[-8.05922,41.59488],[-8.06293,41.59425],[-8.06449,41.59602],[-8.06589,41.59374],[-8.06659,41.59349],[-8.06827,41.59398],[-8.06891,41.59485]]},"properties":{"osm_type":"way","osm_id":1462878137,"country":"PT","name":null,"operator":null,"wikidata":null,"wikipedia":null}},{"type":"Feature","geometry":{"type":"LineString","coordinates":[[-8.06891,41.59485],[-8.06903,41.59371],[-8.06741,41.59302],[-8.06916,41.59219],[-8.06933,41.5917],[-8.06632,41.59112],[-8.06609,41.59066],[-8.06748,41.59002],[-8.06991,41.58767],[-8.06919,41.58736],[-8.06971,41.58568]]},"properties":{"osm_type":"way","osm_id":1462878138,"country":"PT","name":null,"operator":null,"wikidata":null,"wikipedia":null}},{"type":"Feature","geometry":{"type":"LineString","coordinates":[[-8.02422,41.67232],[-8.02367,41.66998],[-8.0219,41.66887],[-8.02334,41.668],[-8.0218,41.66706],[-8.02064,41.66703],[-8.01926,41.66361],[-8.02003,41.66243],[-8.02121,41.66176],[-8.02084,41.65994],[-8.02146,41.65787],[-8.02224,41.65793],[-8.02288,41.65992],[-8.02442,41.66039],[-8.02635,41.65994],[-8.02863,41.65849],[-8.02939,41.65731],[-8.02858,41.65473],[-8.03022,41.65595],[-8.0346,41.6572],[-8.03618,41.65842],[-8.03863,41.65745],[-8.03902,41.65833],[-8.04106,41.65913],[-8.04073,41.66037],[-8.04174,41.66114],[-8.04319,41.6614],[-8.04328,41.66289],[-8.04462,41.66488],[-8.04593,41.66474],[-8.04647,41.66275],[-8.04848,41.6632],[-8.05013,41.66228],[-8.05117,41.66345],[-8.05262,41.66344]]},"properties":{"osm_type":"way","osm_id":1462912756,"country":"PT","name":null,"operator":null,"wikidata":null,"wikipedia":null}},{"type":"Feature","geometry":{"type":"LineString","coordinates":[[-8.02422,41.67232],[-8.02192,41.67097],[-8.01938,41.67059],[-8.01217,41.67212],[-8.0103,41.67154],[-8.00758,41.67157],[-8.00541,41.67183],[-8.00321,41.67407]]},"properties":{"osm_type":"way","osm_id":1462912758,"country":"PT","name":null,"operator":null,"wikidata":null,"wikipedia":null}},{"type":"Feature","geometry":{"type":"LineString","coordinates":[[-8.00321,41.67407],[-8.00207,41.67295],[-7.99539,41.67094],[-7.99223,41.67065],[-7.99128,41.67127],[-7.99,41.67033],[-7.98798,41.67032],[-7.98731,41.67078],[-7.98647,41.67056]]},"properties":{"osm_type":"way","osm_id":1462912762,"country":"PT","name":null,"operator":null,"wikidata":null,"wikipedia":null}},{"type":"Feature","geometry":{"type":"LineString","coordinates":[[-7.98647,41.67056],[-7.98523,41.6707]]},"properties":{"osm_type":"way","osm_id":1462912764,"country":"PT","name":null,"operator":null,"wikidata":null,"wikipedia":null}},{"type":"Feature","geometry":{"type":"LineString","coordinates":[[-8.14319,41.63326],[-8.1423,41.62862],[-8.14346,41.62728],[-8.14351,41.62615],[-8.1459,41.62405],[-8.14613,41.62163],[-8.14527,41.62154],[-8.14495,41.61989],[-8.14224,41.61962],[-8.14521,41.615],[-8.14466,41.61392],[-8.14528,41.61183],[-8.14377,41.60893],[-8.14445,41.60753],[-8.14721,41.6063],[-8.14909,41.60608],[-8.14899,41.60489],[-8.15071,41.60415],[-8.15171,41.60263],[-8.15239,41.60244],[-8.1569,41.60386],[-8.15825,41.60358],[-8.15825,41.60296],[-8.1596,41.60273],[-8.1629,41.60426],[-8.16414,41.60378],[-8.16511,41.60545]]},"properties":{"osm_type":"way","osm_id":1463929352,"country":"PT","name":null,"operator":null,"wikidata":null,"wikipedia":null}},{"type":"Feature","geometry":{"type":"LineString","coordinates":[[-8.20929,38.96976],[-8.20927,38.96881]]},"properties":{"osm_type":"way","osm_id":1467105551,"country":"PT","name":"Descarregador de cheias","operator":null,"wikidata":null,"wikipedia":null}},{"type":"Feature","geometry":{"type":"LineString","coordinates":[[-8.20927,38.9685],[-8.20927,38.96881]]},"properties":{"osm_type":"way","osm_id":1467105552,"country":"PT","name":"Descarregador de cheias","operator":null,"wikidata":null,"wikipedia":null}},{"type":"Feature","geometry":{"type":"LineString","coordinates":[[-8.20905,38.96881],[-8.20908,38.96976]]},"properties":{"osm_type":"way","osm_id":1467105553,"country":"PT","name":"Descarregador de cheias","operator":null,"wikidata":null,"wikipedia":null}},{"type":"Feature","geometry":{"type":"LineString","coordinates":[[-8.20905,38.96881],[-8.20905,38.9685]]},"properties":{"osm_type":"way","osm_id":1467105554,"country":"PT","name":"Descarregador de cheias","operator":null,"wikidata":null,"wikipedia":null}},{"type":"Feature","geometry":{"type":"LineString","coordinates":[[-8.11053,38.95476],[-8.11025,38.95537]]},"properties":{"osm_type":"way","osm_id":1467105555,"country":"PT","name":"Descarregador de cheias","operator":null,"wikidata":null,"wikipedia":null}},{"type":"Feature","geometry":{"type":"LineString","coordinates":[[-8.1103,38.95478],[-8.11025,38.95537]]},"properties":{"osm_type":"way","osm_id":1467105556,"country":"PT","name":"Descarregador de cheias","operator":null,"wikidata":null,"wikipedia":null}},{"type":"Feature","geometry":{"type":"LineString","coordinates":[[-8.11007,38.95479],[-8.11025,38.95537]]},"properties":{"osm_type":"way","osm_id":1467105557,"country":"PT","name":"Descarregador de cheias","operator":null,"wikidata":null,"wikipedia":null}},{"type":"Feature","geometry":{"type":"LineString","coordinates":[[-8.10986,38.9548],[-8.11025,38.95537]]},"properties":{"osm_type":"way","osm_id":1467105558,"country":"PT","name":"Descarregador de cheias","operator":null,"wikidata":null,"wikipedia":null}},{"type":"Feature","geometry":{"type":"LineString","coordinates":[[-8.11014,38.95449],[-8.11053,38.95472]]},"properties":{"osm_type":"way","osm_id":1467105559,"country":"PT","name":"Descarregador de cheias","operator":null,"wikidata":null,"wikipedia":null}},{"type":"Feature","geometry":{"type":"LineString","coordinates":[[-8.11014,38.95449],[-8.11029,38.95474]]},"properties":{"osm_type":"way","osm_id":1467105560,"country":"PT","name":"Descarregador de cheias","operator":null,"wikidata":null,"wikipedia":null}},{"type":"Feature","geometry":{"type":"LineString","coordinates":[[-8.11014,38.95449],[-8.11007,38.95475]]},"properties":{"osm_type":"way","osm_id":1467105561,"country":"PT","name":"Descarregador de cheias","operator":null,"wikidata":null,"wikipedia":null}},{"type":"Feature","geometry":{"type":"LineString","coordinates":[[-8.11014,38.95449],[-8.10985,38.95476]]},"properties":{"osm_type":"way","osm_id":1467105562,"country":"PT","name":"Descarregador de cheias","operator":null,"wikidata":null,"wikipedia":null}},{"type":"Feature","geometry":{"type":"LineString","coordinates":[[-8.17383,39.05387],[-8.17369,39.05386]]},"properties":{"osm_type":"way","osm_id":1467106888,"country":"PT","name":null,"operator":null,"wikidata":null,"wikipedia":null}},{"type":"Feature","geometry":{"type":"LineString","coordinates":[[-8.17371,39.05375],[-8.17369,39.05386]]},"properties":{"osm_type":"way","osm_id":1467106889,"country":"PT","name":null,"operator":null,"wikidata":null,"wikipedia":null}},{"type":"Feature","geometry":{"type":"LineString","coordinates":[[-8.17357,39.05385],[-8.17369,39.05386]]},"properties":{"osm_type":"way","osm_id":1467106890,"country":"PT","name":null,"operator":null,"wikidata":null,"wikipedia":null}},{"type":"Feature","geometry":{"type":"LineString","coordinates":[[-8.17783,39.0532],[-8.17816,39.05191],[-8.18012,39.04988],[-8.18881,39.04635]]},"properties":{"osm_type":"way","osm_id":1467793261,"country":"PT","name":null,"operator":null,"wikidata":null,"wikipedia":null}},{"type":"Feature","geometry":{"type":"LineString","coordinates":[[-8.18881,39.04635],[-8.18915,39.04627]]},"properties":{"osm_type":"way","osm_id":1467793262,"country":"PT","name":null,"operator":null,"wikidata":null,"wikipedia":null}},{"type":"Feature","geometry":{"type":"LineString","coordinates":[[-7.74878,41.27214],[-7.74873,41.27208]]},"properties":{"osm_type":"way","osm_id":1469485022,"country":"PT","name":null,"operator":null,"wikidata":null,"wikipedia":null}},{"type":"Feature","geometry":{"type":"LineString","coordinates":[[-7.78902,41.26988],[-7.7863,41.27198],[-7.77364,41.27357]]},"properties":{"osm_type":"way","osm_id":1469485124,"country":"PT","name":null,"operator":null,"wikidata":null,"wikipedia":null}},{"type":"Feature","geometry":{"type":"LineString","coordinates":[[-7.74875,41.27215],[-7.74873,41.27208]]},"properties":{"osm_type":"way","osm_id":1469502936,"country":"PT","name":null,"operator":null,"wikidata":null,"wikipedia":null}},{"type":"Feature","geometry":{"type":"LineString","coordinates":[[-7.74881,41.27212],[-7.74873,41.27208]]},"properties":{"osm_type":"way","osm_id":1469502937,"country":"PT","name":null,"operator":null,"wikidata":null,"wikipedia":null}},{"type":"Feature","geometry":{"type":"LineString","coordinates":[[-7.74882,41.27219],[-7.74875,41.27215]]},"properties":{"osm_type":"way","osm_id":1469502938,"country":"PT","name":null,"operator":null,"wikidata":null,"wikipedia":null}},{"type":"Feature","geometry":{"type":"LineString","coordinates":[[-7.74882,41.27219],[-7.74881,41.27212]]},"properties":{"osm_type":"way","osm_id":1469502939,"country":"PT","name":null,"operator":null,"wikidata":null,"wikipedia":null}},{"type":"Feature","geometry":{"type":"LineString","coordinates":[[-7.74873,41.27208],[-7.74888,41.27177]]},"properties":{"osm_type":"way","osm_id":1469502940,"country":"PT","name":null,"operator":null,"wikidata":null,"wikipedia":null}},{"type":"Feature","geometry":{"type":"LineString","coordinates":[[-7.74882,41.27219],[-7.74878,41.27214]]},"properties":{"osm_type":"way","osm_id":1469502941,"country":"PT","name":null,"operator":null,"wikidata":null,"wikipedia":null}},{"type":"Feature","geometry":{"type":"LineString","coordinates":[[-7.5899,40.39821],[-7.59052,40.39827],[-7.59998,40.39134]]},"properties":{"osm_type":"way","osm_id":1475029302,"country":"PT","name":"Conduta adutora Vale do Rossim - Erva da Fome","operator":null,"wikidata":null,"wikipedia":null}},{"type":"Feature","geometry":{"type":"LineString","coordinates":[[-8.47149,41.26717],[-8.47219,41.26788]]},"properties":{"osm_type":"way","osm_id":1481986418,"country":"PT","name":null,"operator":null,"wikidata":null,"wikipedia":null}},{"type":"Feature","geometry":{"type":"LineString","coordinates":[[-6.80713,41.04497],[-6.80734,41.045]]},"properties":{"osm_type":"way","osm_id":1483812609,"country":"PT","name":null,"operator":null,"wikidata":null,"wikipedia":null}},{"type":"Feature","geometry":{"type":"LineString","coordinates":[[-6.80708,41.04509],[-6.80729,41.04514]]},"properties":{"osm_type":"way","osm_id":1483812610,"country":"PT","name":null,"operator":null,"wikidata":null,"wikipedia":null}},{"type":"Feature","geometry":{"type":"LineString","coordinates":[[-6.80702,41.04525],[-6.80723,41.04529]]},"properties":{"osm_type":"way","osm_id":1483812611,"country":"PT","name":null,"operator":null,"wikidata":null,"wikipedia":null}},{"type":"Feature","geometry":{"type":"LineString","coordinates":[[-6.80587,41.04477],[-6.80713,41.04497]]},"properties":{"osm_type":"way","osm_id":1483812612,"country":"PT","name":null,"operator":null,"wikidata":null,"wikipedia":null}},{"type":"Feature","geometry":{"type":"LineString","coordinates":[[-6.80584,41.04485],[-6.80708,41.04509]]},"properties":{"osm_type":"way","osm_id":1483812613,"country":"PT","name":null,"operator":null,"wikidata":null,"wikipedia":null}},{"type":"Feature","geometry":{"type":"LineString","coordinates":[[-6.8058,41.04496],[-6.80702,41.04525]]},"properties":{"osm_type":"way","osm_id":1483812614,"country":"PT","name":null,"operator":null,"wikidata":null,"wikipedia":null}},{"type":"Feature","geometry":{"type":"LineString","coordinates":[[-6.80209,41.04727],[-6.80681,41.04591]]},"properties":{"osm_type":"way","osm_id":1483812617,"country":"PT","name":null,"operator":null,"wikidata":null,"wikipedia":null}},{"type":"Feature","geometry":{"type":"LineString","coordinates":[[-6.80697,41.04538],[-6.80718,41.04544]]},"properties":{"osm_type":"way","osm_id":1483812619,"country":"PT","name":null,"operator":null,"wikidata":null,"wikipedia":null}},{"type":"Feature","geometry":{"type":"LineString","coordinates":[[-7.85719,41.7396],[-7.85862,41.73851]]},"properties":{"osm_type":"way","osm_id":1483911572,"country":"PT","name":null,"operator":null,"wikidata":null,"wikipedia":null}},{"type":"Feature","geometry":{"type":"LineString","coordinates":[[-7.85885,41.73826],[-7.8592,41.73808]]},"properties":{"osm_type":"way","osm_id":1483911573,"country":"PT","name":null,"operator":null,"wikidata":null,"wikipedia":null}},{"type":"Feature","geometry":{"type":"LineString","coordinates":[[-7.85862,41.73851],[-7.85896,41.73834]]},"properties":{"osm_type":"way","osm_id":1483911574,"country":"PT","name":null,"operator":null,"wikidata":null,"wikipedia":null}},{"type":"Feature","geometry":{"type":"LineString","coordinates":[[-7.85862,41.73851],[-7.85885,41.73826]]},"properties":{"osm_type":"way","osm_id":1483911575,"country":"PT","name":null,"operator":null,"wikidata":null,"wikipedia":null}},{"type":"Feature","geometry":{"type":"LineString","coordinates":[[-7.85896,41.73834],[-7.8592,41.73808]]},"properties":{"osm_type":"way","osm_id":1483911576,"country":"PT","name":null,"operator":null,"wikidata":null,"wikipedia":null}},{"type":"Feature","geometry":{"type":"LineString","coordinates":[[-7.8592,41.73808],[-7.91695,41.71018]]},"properties":{"osm_type":"way","osm_id":1483911578,"country":"PT","name":"Galeria de restituição da Central Hidroelétrica do Alto Rabagão","operator":null,"wikidata":null,"wikipedia":null}},{"type":"Feature","geometry":{"type":"LineString","coordinates":[[-8.19197,39.04861],[-8.19285,39.04841]]},"properties":{"osm_type":"way","osm_id":1486176361,"country":"PT","name":null,"operator":null,"wikidata":null,"wikipedia":null}},{"type":"Feature","geometry":{"type":"LineString","coordinates":[[-8.70007,39.00269],[-8.70211,39.00563]]},"properties":{"osm_type":"way","osm_id":1491449626,"country":"PT","name":null,"operator":null,"wikidata":null,"wikipedia":null}},{"type":"Feature","geometry":{"type":"LineString","coordinates":[[-8.70211,39.00563],[-8.70214,39.00572]]},"properties":{"osm_type":"way","osm_id":1491449627,"country":"PT","name":null,"operator":null,"wikidata":null,"wikipedia":null}},{"type":"Feature","geometry":{"type":"LineString","coordinates":[[-8.70214,39.00572],[-8.70393,39.00929],[-8.70565,39.01076]]},"properties":{"osm_type":"way","osm_id":1491449628,"country":"PT","name":null,"operator":null,"wikidata":null,"wikipedia":null}},{"type":"Feature","geometry":{"type":"LineString","coordinates":[[-8.70565,39.01076],[-8.70572,39.01086]]},"properties":{"osm_type":"way","osm_id":1491449629,"country":"PT","name":null,"operator":null,"wikidata":null,"wikipedia":null}},{"type":"Feature","geometry":{"type":"LineString","coordinates":[[-8.30128,38.78531],[-8.3013,38.78527]]},"properties":{"osm_type":"way","osm_id":1497920826,"country":"PT","name":null,"operator":null,"wikidata":null,"wikipedia":null}},{"type":"Feature","geometry":{"type":"LineString","coordinates":[[-8.30112,38.78566],[-8.30128,38.78531]]},"properties":{"osm_type":"way","osm_id":1497920827,"country":"PT","name":null,"operator":null,"wikidata":null,"wikipedia":null}},{"type":"Feature","geometry":{"type":"LineString","coordinates":[[-8.3013,38.78527],[-8.30156,38.78171],[-8.30068,38.78049],[-8.30137,38.77837],[-8.29816,38.77685],[-8.29751,38.77798]]},"properties":{"osm_type":"way","osm_id":1497920828,"country":"PT","name":null,"operator":null,"wikidata":null,"wikipedia":null}},{"type":"Feature","geometry":{"type":"LineString","coordinates":[[-8.30285,38.78564],[-8.30286,38.7856]]},"properties":{"osm_type":"way","osm_id":1497920829,"country":"PT","name":null,"operator":null,"wikidata":null,"wikipedia":null}},{"type":"Feature","geometry":{"type":"LineString","coordinates":[[-8.30275,38.78609],[-8.30285,38.78564]]},"properties":{"osm_type":"way","osm_id":1497920830,"country":"PT","name":null,"operator":null,"wikidata":null,"wikipedia":null}},{"type":"Feature","geometry":{"type":"LineString","coordinates":[[-8.30286,38.7856],[-8.30417,38.78297],[-8.30493,38.78265],[-8.30595,38.77886],[-8.30831,38.77579]]},"properties":{"osm_type":"way","osm_id":1497920833,"country":"PT","name":null,"operator":null,"wikidata":null,"wikipedia":null}},{"type":"Feature","geometry":{"type":"LineString","coordinates":[[-7.53954,39.66316],[-7.54004,39.66337]]},"properties":{"osm_type":"way","osm_id":1499352303,"country":"PT","name":null,"operator":null,"wikidata":null,"wikipedia":null}},{"type":"Feature","geometry":{"type":"LineString","coordinates":[[-7.53945,39.66357],[-7.53999,39.66369]]},"properties":{"osm_type":"way","osm_id":1499352304,"country":"PT","name":null,"operator":null,"wikidata":null,"wikipedia":null}},{"type":"Feature","geometry":{"type":"LineString","coordinates":[[-7.53947,39.66399],[-7.54003,39.66401]]},"properties":{"osm_type":"way","osm_id":1499352305,"country":"PT","name":null,"operator":null,"wikidata":null,"wikipedia":null}},{"type":"Feature","geometry":{"type":"LineString","coordinates":[[-7.53962,39.66441],[-7.54017,39.66432]]},"properties":{"osm_type":"way","osm_id":1499352306,"country":"PT","name":null,"operator":null,"wikidata":null,"wikipedia":null}},{"type":"Feature","geometry":{"type":"LineString","coordinates":[[-7.54085,39.66589],[-7.54106,39.66493]]},"properties":{"osm_type":"way","osm_id":1499389795,"country":"PT","name":"Desagüe de fondo derecho","operator":null,"wikidata":null,"wikipedia":null}},{"type":"Feature","geometry":{"type":"LineString","coordinates":[[-7.54028,39.6659],[-7.54115,39.66572],[-7.54273,39.66367]]},"properties":{"osm_type":"way","osm_id":1499389798,"country":"PT","name":"Túnel de desvío del Tajo","operator":null,"wikidata":null,"wikipedia":null}},{"type":"Feature","geometry":{"type":"LineString","coordinates":[[-7.53973,39.66263],[-7.54058,39.66304]]},"properties":{"osm_type":"way","osm_id":1499389801,"country":"PT","name":"Desagüe de fondo izquierdo","operator":null,"wikidata":null,"wikipedia":null}},{"type":"Feature","geometry":{"type":"LineString","coordinates":[[-7.5393,39.66248],[-7.54232,39.66262]]},"properties":{"osm_type":"way","osm_id":1499389804,"country":"PT","name":null,"operator":null,"wikidata":null,"wikipedia":null}},{"type":"Feature","geometry":{"type":"LineString","coordinates":[[-7.54,39.66478],[-7.5403,39.66462]]},"properties":{"osm_type":"way","osm_id":1499389825,"country":"PT","name":"Aliviadero Tajo","operator":null,"wikidata":null,"wikipedia":null}},{"type":"Feature","geometry":{"type":"LineString","coordinates":[[-7.54017,39.66495],[-7.54045,39.66477]]},"properties":{"osm_type":"way","osm_id":1499389826,"country":"PT","name":"Aliviadero Tajo","operator":null,"wikidata":null,"wikipedia":null}},{"type":"Feature","geometry":{"type":"LineString","coordinates":[[-7.54035,39.66511],[-7.54061,39.66491]]},"properties":{"osm_type":"way","osm_id":1499389827,"country":"PT","name":"Aliviadero Tajo","operator":null,"wikidata":null,"wikipedia":null}},{"type":"Feature","geometry":{"type":"LineString","coordinates":[[-7.54056,39.66526],[-7.54079,39.66505]]},"properties":{"osm_type":"way","osm_id":1499389828,"country":"PT","name":"Aliviadero Tajo","operator":null,"wikidata":null,"wikipedia":null}},{"type":"Feature","geometry":{"type":"LineString","coordinates":[[-7.54004,39.66337],[-7.54048,39.66345]]},"properties":{"osm_type":"way","osm_id":1499389837,"country":"PT","name":null,"operator":null,"wikidata":null,"wikipedia":null}},{"type":"Feature","geometry":{"type":"LineString","coordinates":[[-7.53999,39.66369],[-7.54044,39.6637]]},"properties":{"osm_type":"way","osm_id":1499389838,"country":"PT","name":null,"operator":null,"wikidata":null,"wikipedia":null}},{"type":"Feature","geometry":{"type":"LineString","coordinates":[[-7.54003,39.66401],[-7.54048,39.66394]]},"properties":{"osm_type":"way","osm_id":1499389839,"country":"PT","name":null,"operator":null,"wikidata":null,"wikipedia":null}},{"type":"Feature","geometry":{"type":"LineString","coordinates":[[-7.54017,39.66432],[-7.54058,39.66417]]},"properties":{"osm_type":"way","osm_id":1499389840,"country":"PT","name":null,"operator":null,"wikidata":null,"wikipedia":null}},{"type":"Feature","geometry":{"type":"LineString","coordinates":[[-7.54008,39.66301],[-7.54022,39.66306]]},"properties":{"osm_type":"way","osm_id":1499389843,"country":"PT","name":"Aliviadero Sevea","operator":null,"wikidata":null,"wikipedia":null}},{"type":"Feature","geometry":{"type":"LineString","coordinates":[[-7.5398,39.66282],[-7.54008,39.66301]]},"properties":{"osm_type":"way","osm_id":1499389847,"country":"PT","name":"Aliviadero Sevea","operator":null,"wikidata":null,"wikipedia":null}},{"type":"Feature","geometry":{"type":"LineString","coordinates":[[-7.53971,39.66297],[-7.54008,39.66301]]},"properties":{"osm_type":"way","osm_id":1499389848,"country":"PT","name":"Aliviadero Sevea","operator":null,"wikidata":null,"wikipedia":null}},{"type":"Feature","geometry":{"type":"LineString","coordinates":[[-8.24811,40.29741],[-8.24828,40.29728]]},"properties":{"osm_type":"way","osm_id":1502798468,"country":"PT","name":null,"operator":null,"wikidata":null,"wikipedia":null}},{"type":"Feature","geometry":{"type":"LineString","coordinates":[[-8.24811,40.29748],[-8.24811,40.29741]]},"properties":{"osm_type":"way","osm_id":1502798469,"country":"PT","name":null,"operator":null,"wikidata":null,"wikipedia":null}},{"type":"Feature","geometry":{"type":"LineString","coordinates":[[-8.24811,40.29748],[-8.2482,40.29748]]},"properties":{"osm_type":"way","osm_id":1502798470,"country":"PT","name":null,"operator":null,"wikidata":null,"wikipedia":null}},{"type":"Feature","geometry":{"type":"LineString","coordinates":[[-7.68728,40.39829],[-7.68739,40.39831]]},"properties":{"osm_type":"way","osm_id":1507338115,"country":"PT","name":null,"operator":null,"wikidata":null,"wikipedia":null}},{"type":"Feature","geometry":{"type":"LineString","coordinates":[[-7.6873,40.39825],[-7.68741,40.39828]]},"properties":{"osm_type":"way","osm_id":1507338116,"country":"PT","name":null,"operator":null,"wikidata":null,"wikipedia":null}},{"type":"Feature","geometry":{"type":"LineString","coordinates":[[-7.68725,40.39826],[-7.6873,40.39825]]},"properties":{"osm_type":"way","osm_id":1507338117,"country":"PT","name":null,"operator":null,"wikidata":null,"wikipedia":null}},{"type":"Feature","geometry":{"type":"LineString","coordinates":[[-7.68725,40.39826],[-7.68728,40.39829]]},"properties":{"osm_type":"way","osm_id":1507338118,"country":"PT","name":null,"operator":null,"wikidata":null,"wikipedia":null}},{"type":"Feature","geometry":{"type":"LineString","coordinates":[[-7.68705,40.39833],[-7.68725,40.39826]]},"properties":{"osm_type":"way","osm_id":1507338119,"country":"PT","name":null,"operator":null,"wikidata":null,"wikipedia":null}},{"type":"Feature","geometry":{"type":"LineString","coordinates":[[-7.68725,40.39826],[-7.68727,40.39832]]},"properties":{"osm_type":"way","osm_id":1507338120,"country":"PT","name":null,"operator":null,"wikidata":null,"wikipedia":null}},{"type":"Feature","geometry":{"type":"LineString","coordinates":[[-7.68725,40.39826],[-7.68731,40.39821]]},"properties":{"osm_type":"way","osm_id":1507338121,"country":"PT","name":null,"operator":null,"wikidata":null,"wikipedia":null}},{"type":"Feature","geometry":{"type":"LineString","coordinates":[[-7.57985,38.08854],[-7.57969,38.08874]]},"properties":{"osm_type":"way","osm_id":1508861918,"country":"PT","name":null,"operator":null,"wikidata":null,"wikipedia":null}},{"type":"Feature","geometry":{"type":"LineString","coordinates":[[-6.90019,41.44602],[-6.89966,41.44477],[-6.89731,41.44307],[-6.89676,41.43908],[-6.89315,41.43648],[-6.89234,41.43196],[-6.89259,41.43021],[-6.89065,41.42771],[-6.89009,41.42746],[-6.88951,41.42837],[-6.88928,41.42705],[-6.88827,41.42678],[-6.88799,41.42456],[-6.88694,41.42366],[-6.88463,41.42407],[-6.88393,41.42471],[-6.88177,41.42378],[-6.88425,41.42241],[-6.88301,41.42063],[-6.8837,41.41938],[-6.88524,41.41799],[-6.88713,41.41756],[-6.88711,41.41658],[-6.8881,41.41563],[-6.8874,41.41429],[-6.88772,41.41201],[-6.88719,41.41184]]},"properties":{"osm_type":"way","osm_id":1516536666,"country":"PT","name":"Conduta adutora em alta","operator":"Águas do Norte, S. A.","wikidata":null,"wikipedia":null}},{"type":"Feature","geometry":{"type":"LineString","coordinates":[[-6.94689,41.36595],[-6.94736,41.36387],[-6.94579,41.36228],[-6.94442,41.3577],[-6.94483,41.35653],[-6.94446,41.35524],[-6.94553,41.3529],[-6.94339,41.35019],[-6.94279,41.34811],[-6.94366,41.3423],[-6.94474,41.3399],[-6.9437,41.33895],[-6.94419,41.3378],[-6.94388,41.3371],[-6.94586,41.33701],[-6.94757,41.3356],[-6.94768,41.33422],[-6.94643,41.33287],[-6.94368,41.33279],[-6.94228,41.33207],[-6.94032,41.32771],[-6.93793,41.32573],[-6.93775,41.32262],[-6.93642,41.3196],[-6.93336,41.31556],[-6.93352,41.31344],[-6.93136,41.30906],[-6.9303,41.30497]]},"properties":{"osm_type":"way","osm_id":1516627613,"country":"PT","name":"Conduta adutora em baixa","operator":"Câmara Municipal de Alfândega da Fé","wikidata":null,"wikipedia":null}},{"type":"Feature","geometry":{"type":"LineString","coordinates":[[-6.9595,41.36615],[-6.95902,41.36681],[-6.95779,41.36651],[-6.95725,41.36583],[-6.9556,41.36634],[-6.94953,41.36622],[-6.93992,41.36425],[-6.93781,41.36462],[-6.93351,41.36705],[-6.93232,41.36653],[-6.93194,41.36712],[-6.93046,41.36613],[-6.92998,41.36709],[-6.92919,41.36711]]},"properties":{"osm_type":"way","osm_id":1516627614,"country":"PT","name":"Conduta adutora em baixa","operator":"Câmara Municipal de Alfândega da Fé","wikidata":null,"wikipedia":null}},{"type":"Feature","geometry":{"type":"LineString","coordinates":[[-6.97696,41.39896],[-6.97645,41.39901],[-6.97637,41.40285],[-6.97464,41.40812],[-6.97856,41.40921],[-6.97721,41.41039],[-6.98007,41.41289],[-6.97998,41.41449],[-6.97929,41.41542]]},"properties":{"osm_type":"way","osm_id":1516627623,"country":"PT","name":"CE01 do Abastecimento de Sambade","operator":null,"wikidata":null,"wikipedia":null}},{"type":"Feature","geometry":{"type":"LineString","coordinates":[[-6.98975,41.42092],[-6.98875,41.4212],[-6.98788,41.42023]]},"properties":{"osm_type":"way","osm_id":1516627624,"country":"PT","name":"Conduta Elevatória de Saneamento de Sambede","operator":null,"wikidata":null,"wikipedia":null}},{"type":"Feature","geometry":{"type":"LineString","coordinates":[[-6.98788,41.42023],[-6.98833,41.41928],[-6.98811,41.41614],[-6.98607,41.4142],[-6.98558,41.41308],[-6.98147,41.41161],[-6.9783,41.41174],[-6.97618,41.41232],[-6.97617,41.4114],[-6.97464,41.41089],[-6.97281,41.40941],[-6.97039,41.40973]]},"properties":{"osm_type":"way","osm_id":1516627626,"country":"PT","name":"Emissários de Saneamento de Sambade","operator":null,"wikidata":null,"wikipedia":null}},{"type":"Feature","geometry":{"type":"LineString","coordinates":[[-7.00488,41.39335],[-7.00301,41.39226],[-7.00176,41.39237],[-6.99918,41.39282],[-6.9986,41.39328],[-6.99689,41.39322],[-6.99702,41.39418]]},"properties":{"osm_type":"way","osm_id":1516636031,"country":"PT","name":"Conduta adutora em alta","operator":"Águas do Norte, S. A.","wikidata":null,"wikipedia":null}},{"type":"Feature","geometry":{"type":"LineString","coordinates":[[-7.04732,41.39148],[-7.0467,41.39271],[-7.04494,41.39209],[-7.04446,41.39129],[-7.04072,41.39124],[-7.04082,41.38895],[-7.03673,41.38837],[-7.03744,41.38666],[-7.03715,41.38629],[-7.03678,41.38676],[-7.03603,41.38671],[-7.03344,41.38597],[-7.03249,41.3851],[-7.03033,41.38552],[-7.02715,41.38315],[-7.02643,41.38367],[-7.02525,41.3837],[-7.02178,41.38677],[-7.01623,41.38897],[-7.01448,41.39143],[-7.01158,41.3937],[-7.0105,41.39364],[-7.01048,41.3923],[-7.00896,41.39307],[-7.00619,41.39257],[-7.00396,41.38972],[-7.00169,41.38849],[-6.99957,41.38782],[-6.99761,41.38834],[-6.99622,41.38769],[-6.99566,41.38852],[-6.99417,41.38872],[-6.99352,41.39087],[-6.99233,41.39212],[-6.99244,41.3941],[-6.99035,41.39763],[-6.98615,41.40139],[-6.98333,41.4014],[-6.98268,41.40206],[-6.98191,41.40165],[-6.98022,41.39795],[-6.97917,41.39712],[-6.97631,41.39812],[-6.97649,41.39892],[-6.97697,41.39893]]},"properties":{"osm_type":"way","osm_id":1516636038,"country":"PT","name":"Adutor do Sistema de Sambade","operator":"Águas do Norte, S. A.","wikidata":null,"wikipedia":null}},{"type":"Feature","geometry":{"type":"LineString","coordinates":[[-6.95478,41.36714],[-6.95393,41.36693],[-6.95238,41.36805],[-6.95244,41.37097],[-6.95378,41.37136],[-6.9569,41.37487],[-6.96151,41.37794],[-6.96759,41.38399],[-6.97106,41.3861],[-6.97482,41.39189],[-6.97645,41.39897],[-6.97696,41.39894]]},"properties":{"osm_type":"way","osm_id":1516636039,"country":"PT","name":"Adutor do Sistema de Sambade","operator":"Águas do Norte, S. A.","wikidata":null,"wikipedia":null}},{"type":"Feature","geometry":{"type":"LineString","coordinates":[[-6.88722,41.41157],[-6.88799,41.41177],[-6.8886,41.41108],[-6.8884,41.40805],[-6.88935,41.40495],[-6.89043,41.40393],[-6.89147,41.39985],[-6.89223,41.39905],[-6.89242,41.39597],[-6.89519,41.39438],[-6.89666,41.39406],[-6.89786,41.39157],[-6.89936,41.39075],[-6.89803,41.38913],[-6.89826,41.38883],[-6.90577,41.38899],[-6.90613,41.3911],[-6.90824,41.39281],[-6.91145,41.39222],[-6.91508,41.3944],[-6.91566,41.39327],[-6.91542,41.39239],[-6.91646,41.39118],[-6.92021,41.39125],[-6.9221,41.3903],[-6.92496,41.38967],[-6.92595,41.38861],[-6.927,41.38833],[-6.92644,41.38608],[-6.92683,41.38468],[-6.92804,41.38537],[-6.92836,41.38471],[-6.93024,41.38483],[-6.93189,41.38372],[-6.93391,41.38478],[-6.93713,41.38419],[-6.93755,41.38314],[-6.94045,41.38112],[-6.94062,41.38041],[-6.94242,41.37889],[-6.944,41.37508],[-6.94793,41.37301],[-6.94893,41.37148],[-6.95305,41.37312],[-6.95479,41.3722]]},"properties":{"osm_type":"way","osm_id":1516636040,"country":"PT","name":"Ligação Esteveínha - Cambe","operator":"Águas do Norte, S. A.","wikidata":null,"wikipedia":null}},{"type":"Feature","geometry":{"type":"LineString","coordinates":[[-6.9611,41.34242],[-6.95862,41.34354],[-6.95661,41.34538],[-6.9526,41.3464],[-6.95339,41.35379],[-6.95299,41.35607],[-6.95347,41.35722],[-6.95309,41.36113],[-6.95231,41.36159],[-6.95212,41.36236],[-6.95441,41.36505],[-6.95482,41.36712]]},"properties":{"osm_type":"way","osm_id":1517001767,"country":"PT","name":"Conduta adutora em alta","operator":"Águas do Norte, S. A.","wikidata":null,"wikipedia":null}},{"type":"Feature","geometry":{"type":"LineString","coordinates":[[-6.98427,41.33107],[-6.98184,41.33178],[-6.97811,41.32946],[-6.9754,41.32945],[-6.9729,41.33058],[-6.9719,41.3316],[-6.96645,41.333],[-6.96364,41.33595],[-6.96239,41.33595],[-6.95976,41.33731],[-6.96025,41.33959],[-6.95992,41.34016],[-6.96121,41.34138],[-6.96013,41.34494],[-6.96172,41.357]]},"properties":{"osm_type":"way","osm_id":1517001768,"country":"PT","name":"Conduta adutora em alta","operator":"Águas do Norte, S. A.","wikidata":null,"wikipedia":null}},{"type":"Feature","geometry":{"type":"LineString","coordinates":[[-7.00448,41.31157],[-7.00068,41.31472],[-6.99987,41.31649],[-6.99559,41.3183],[-6.99541,41.32012],[-6.99367,41.32174],[-6.99208,41.32519],[-6.98907,41.32762],[-6.98794,41.32813],[-6.98707,41.32785],[-6.98755,41.32967],[-6.98541,41.33112],[-6.98429,41.33108]]},"properties":{"osm_type":"way","osm_id":1517001769,"country":"PT","name":"Conduta adutora em alta","operator":"Águas do Norte, S. A.","wikidata":null,"wikipedia":null}},{"type":"Feature","geometry":{"type":"LineString","coordinates":[[-7.00367,41.31145],[-7.00156,41.31066],[-6.99936,41.3113],[-6.99796,41.31088],[-6.99432,41.30795],[-6.99203,41.30804],[-6.9898,41.30577],[-6.98749,41.30613],[-6.9865,41.30563],[-6.98522,41.30393],[-6.98572,41.30187],[-6.98461,41.3003],[-6.9827,41.29833],[-6.98096,41.29752],[-6.97819,41.29421],[-6.98013,41.29344]]},"properties":{"osm_type":"way","osm_id":1517001770,"country":"PT","name":"Conduta adutora em alta","operator":"Águas do Norte, S. A.","wikidata":null,"wikipedia":null}},{"type":"Feature","geometry":{"type":"LineString","coordinates":[[-7.00186,41.30851],[-7.00153,41.30911],[-7.00367,41.31145],[-7.00528,41.31179],[-7.00687,41.3131],[-7.00832,41.31331],[-7.01235,41.31598],[-7.01308,41.31706],[-7.0161,41.31691],[-7.01637,41.31775],[-7.0173,41.31763],[-7.02129,41.31914],[-7.02191,41.32129],[-7.02347,41.32209],[-7.02528,41.32457],[-7.02565,41.32686],[-7.02799,41.32848],[-7.03224,41.32727],[-7.03188,41.32521],[-7.03283,41.32451],[-7.0353,41.32449],[-7.03585,41.32489],[-7.03629,41.32413]]},"properties":{"osm_type":"way","osm_id":1517001771,"country":"PT","name":"Conduta adutora em alta","operator":"Águas do Norte, S. A.","wikidata":null,"wikipedia":null}},{"type":"Feature","geometry":{"type":"LineString","coordinates":[[-7.04804,41.39079],[-7.04732,41.39148]]},"properties":{"osm_type":"way","osm_id":1517045805,"country":"PT","name":null,"operator":"Águas do Norte, S. A.","wikidata":null,"wikipedia":null}},{"type":"Feature","geometry":{"type":"LineString","coordinates":[[-7.04732,41.39148],[-7.04732,41.39147]]},"properties":{"osm_type":"way","osm_id":1517045806,"country":"PT","name":null,"operator":"Águas do Norte, S. A.","wikidata":null,"wikipedia":null}},{"type":"Feature","geometry":{"type":"LineString","coordinates":[[-7.04732,41.39148],[-7.04732,41.39149]]},"properties":{"osm_type":"way","osm_id":1517045807,"country":"PT","name":null,"operator":"Águas do Norte, S. A.","wikidata":null,"wikipedia":null}},{"type":"Feature","geometry":{"type":"LineString","coordinates":[[-6.96914,41.34941],[-6.97188,41.35121],[-6.97394,41.35442],[-6.97884,41.35667],[-6.97942,41.35785],[-6.98184,41.35833],[-6.98532,41.36046],[-6.98756,41.36259],[-6.99147,41.36213],[-6.99372,41.36297],[-6.99685,41.36587],[-6.9984,41.36885],[-6.9984,41.37182],[-6.99775,41.37414],[-6.99911,41.37492],[-6.99998,41.37454],[-7.00125,41.37512],[-7.00145,41.37649],[-7.00011,41.37667]]},"properties":{"osm_type":"way","osm_id":1517045809,"country":"PT","name":"Conduta adutora em baixa","operator":"Câmara Municipal de Alfândega da Fé","wikidata":null,"wikipedia":null}},{"type":"Feature","geometry":{"type":"LineString","coordinates":[[-6.9692,41.35141],[-6.96927,41.34794],[-6.96761,41.34618]]},"properties":{"osm_type":"way","osm_id":1517045810,"country":"PT","name":"Conduta adutora em baixa","operator":"Câmara Municipal de Alfândega da Fé","wikidata":null,"wikipedia":null}},{"type":"Feature","geometry":{"type":"LineString","coordinates":[[-6.96142,41.36716],[-6.9595,41.36613]]},"properties":{"osm_type":"way","osm_id":1517045811,"country":"PT","name":"Conduta adutora em alta","operator":"Águas do Norte, S. A.","wikidata":null,"wikipedia":null}},{"type":"Feature","geometry":{"type":"LineString","coordinates":[[-6.96172,41.357],[-6.9632,41.35696],[-6.96356,41.3564],[-6.96299,41.355],[-6.96669,41.35358],[-6.96774,41.35277],[-6.96792,41.35173],[-6.9692,41.35141],[-6.96907,41.35429],[-6.96705,41.35903],[-6.96293,41.36108]]},"properties":{"osm_type":"way","osm_id":1517045812,"country":"PT","name":"Conduta adutora em alta","operator":"Águas do Norte, S. A.","wikidata":null,"wikipedia":null}},{"type":"Feature","geometry":{"type":"LineString","coordinates":[[-6.96942,41.35278],[-6.96906,41.3527]]},"properties":{"osm_type":"way","osm_id":1517045813,"country":"PT","name":"Conduta adutora em alta","operator":"Águas do Norte, S. A.","wikidata":null,"wikipedia":null}},{"type":"Feature","geometry":{"type":"LineString","coordinates":[[-6.96513,41.35414],[-6.96531,41.35443]]},"properties":{"osm_type":"way","osm_id":1517045814,"country":"PT","name":"Conduta adutora em alta","operator":"Águas do Norte, S. A.","wikidata":null,"wikipedia":null}},{"type":"Feature","geometry":{"type":"LineString","coordinates":[[-6.9632,41.35696],[-6.96361,41.35767],[-6.96257,41.35985],[-6.96328,41.3629],[-6.96323,41.36671],[-6.96188,41.36687],[-6.96,41.36864],[-6.959,41.36891],[-6.95704,41.36814],[-6.95571,41.36587],[-6.95441,41.36571]]},"properties":{"osm_type":"way","osm_id":1517045815,"country":"PT","name":"Conduta adutora em alta","operator":"Águas do Norte, S. A.","wikidata":null,"wikipedia":null}},{"type":"Feature","geometry":{"type":"LineString","coordinates":[[-7.00619,41.39257],[-7.00424,41.3931]]},"properties":{"osm_type":"way","osm_id":1517045816,"country":"PT","name":"Conduta adutora em alta","operator":"Águas do Norte, S. A.","wikidata":null,"wikipedia":null}},{"type":"Feature","geometry":{"type":"LineString","coordinates":[[-6.90046,41.44617],[-6.90019,41.44602]]},"properties":{"osm_type":"way","osm_id":1517049175,"country":"PT","name":null,"operator":"Águas do Norte, S. A.","wikidata":null,"wikipedia":null}},{"type":"Feature","geometry":{"type":"LineString","coordinates":[[-7.76934,39.28897],[-7.76836,39.28908]]},"properties":{"osm_type":"way","osm_id":1517244940,"country":"PT","name":null,"operator":null,"wikidata":null,"wikipedia":null}},{"type":"Feature","geometry":{"type":"LineString","coordinates":[[-7.73711,38.89222],[-7.73774,38.89212]]},"properties":{"osm_type":"way","osm_id":1517252580,"country":"PT","name":null,"operator":null,"wikidata":null,"wikipedia":null}},{"type":"Feature","geometry":{"type":"LineString","coordinates":[[-7.73687,38.8921],[-7.73711,38.89222]]},"properties":{"osm_type":"way","osm_id":1517252581,"country":"PT","name":null,"operator":null,"wikidata":null,"wikipedia":null}},{"type":"Feature","geometry":{"type":"LineString","coordinates":[[-7.90266,38.73613],[-7.91662,38.73642]]},"properties":{"osm_type":"way","osm_id":1517484241,"country":"PT","name":null,"operator":null,"wikidata":null,"wikipedia":null}},{"type":"Feature","geometry":{"type":"LineString","coordinates":[[-7.90211,38.73734],[-7.90441,38.73813]]},"properties":{"osm_type":"way","osm_id":1517484243,"country":"PT","name":null,"operator":null,"wikidata":null,"wikipedia":null}},{"type":"Feature","geometry":{"type":"LineString","coordinates":[[-8.06785,38.15932],[-8.06826,38.15912]]},"properties":{"osm_type":"way","osm_id":1517568653,"country":"PT","name":null,"operator":null,"wikidata":null,"wikipedia":null}},{"type":"Feature","geometry":{"type":"LineString","coordinates":[[-8.07088,38.16018],[-8.07104,38.15953]]},"properties":{"osm_type":"way","osm_id":1517568655,"country":"PT","name":null,"operator":null,"wikidata":null,"wikipedia":null}},{"type":"Feature","geometry":{"type":"LineString","coordinates":[[-7.813,41.56971],[-7.81303,41.56961]]},"properties":{"osm_type":"way","osm_id":1518486916,"country":"PT","name":null,"operator":null,"wikidata":null,"wikipedia":null}},{"type":"Feature","geometry":{"type":"LineString","coordinates":[[-7.81271,41.56967],[-7.81274,41.56956]]},"properties":{"osm_type":"way","osm_id":1518486917,"country":"PT","name":null,"operator":null,"wikidata":null,"wikipedia":null}},{"type":"Feature","geometry":{"type":"LineString","coordinates":[[-7.81286,41.56969],[-7.81289,41.56959]]},"properties":{"osm_type":"way","osm_id":1518486919,"country":"PT","name":null,"operator":null,"wikidata":null,"wikipedia":null}},{"type":"Feature","geometry":{"type":"LineString","coordinates":[[-7.43317,38.94016],[-7.43283,38.94117]]},"properties":{"osm_type":"way","osm_id":1518499722,"country":"PT","name":null,"operator":null,"wikidata":null,"wikipedia":null}},{"type":"Feature","geometry":{"type":"LineString","coordinates":[[-8.51808,37.9748],[-8.51802,37.97469]]},"properties":{"osm_type":"way","osm_id":1518501573,"country":"PT","name":"Ribeira de Corona","operator":null,"wikidata":null,"wikipedia":null}},{"type":"Feature","geometry":{"type":"LineString","coordinates":[[-8.56458,37.81553],[-8.56112,37.81554],[-8.55805,37.8147],[-8.54987,37.81516],[-8.54744,37.81343]]},"properties":{"osm_type":"way","osm_id":1524984108,"country":"PT","name":null,"operator":null,"wikidata":null,"wikipedia":null}},{"type":"Feature","geometry":{"type":"LineString","coordinates":[[-8.56469,37.81553],[-8.56458,37.81553]]},"properties":{"osm_type":"way","osm_id":1524984109,"country":"PT","name":null,"operator":null,"wikidata":null,"wikipedia":null}},{"type":"Feature","geometry":{"type":"LineString","coordinates":[[-8.70076,39.00239],[-8.70252,39.00292],[-8.70235,39.00345],[-8.70323,39.00487]]},"properties":{"osm_type":"way","osm_id":1530985281,"country":"PT","name":null,"operator":null,"wikidata":null,"wikipedia":null}},{"type":"Feature","geometry":{"type":"LineString","coordinates":[[-8.70323,39.00487],[-8.70334,39.0049]]},"properties":{"osm_type":"way","osm_id":1530985282,"country":"PT","name":null,"operator":null,"wikidata":null,"wikipedia":null}},{"type":"Feature","geometry":{"type":"LineString","coordinates":[[-7.97801,40.76204],[-7.97781,40.76211]]},"properties":{"osm_type":"way","osm_id":1533080740,"country":"PT","name":null,"operator":null,"wikidata":null,"wikipedia":null}},{"type":"Feature","geometry":{"type":"LineString","coordinates":[[-7.97793,40.76198],[-7.97781,40.76211]]},"properties":{"osm_type":"way","osm_id":1533080741,"country":"PT","name":null,"operator":null,"wikidata":null,"wikipedia":null}},{"type":"Feature","geometry":{"type":"LineString","coordinates":[[-8.01182,39.46669],[-8.01333,39.4649],[-8.0146,39.46474]]},"properties":{"osm_type":"way","osm_id":1558858807,"country":"PT","name":null,"operator":null,"wikidata":null,"wikipedia":null}},{"type":"Feature","geometry":{"type":"LineString","coordinates":[[-8.01179,39.46672],[-8.01182,39.46669]]},"properties":{"osm_type":"way","osm_id":1558858808,"country":"PT","name":null,"operator":null,"wikidata":null,"wikipedia":null}}]}