{"type":"FeatureCollection","features":[{"type":"Feature","geometry":{"type":"Point","coordinates":[-7.69008,40.38361]},"properties":{"dam_id":"node/842065240","osm_type":"node","osm_id":842065240,"country":"PT","name":null,"uso":"hidroelétrica"}},{"type":"Feature","geometry":{"type":"Point","coordinates":[-7.62615,40.32832]},"properties":{"dam_id":"node/1119278669","osm_type":"node","osm_id":1119278669,"country":"PT","name":null,"uso":"desconhecido"}},{"type":"Feature","geometry":{"type":"Point","coordinates":[-17.02655,32.78076]},"properties":{"dam_id":"node/1440770899","osm_type":"node","osm_id":1440770899,"country":"PT","name":null,"uso":"desconhecido"}},{"type":"Feature","geometry":{"type":"Point","coordinates":[-8.08267,41.41249]},"properties":{"dam_id":"node/2512294082","osm_type":"node","osm_id":2512294082,"country":"PT","name":"Embalse de Perraço","uso":"desconhecido"}},{"type":"Feature","geometry":{"type":"Point","coordinates":[-17.02969,32.76906]},"properties":{"dam_id":"node/3419697299","osm_type":"node","osm_id":3419697299,"country":"PT","name":null,"uso":"desconhecido"}},{"type":"Feature","geometry":{"type":"Point","coordinates":[-8.2955,42.12005]},"properties":{"dam_id":"node/4048575236","osm_type":"node","osm_id":4048575236,"country":"PT","name":null,"uso":"desconhecido"}},{"type":"Feature","geometry":{"type":"Polygon","coordinates":[[[-8.15142,41.40558],[-8.15128,41.40555],[-8.15129,41.40553],[-8.15143,41.40556],[-8.15142,41.40558]]]},"properties":{"dam_id":"way/546416230","osm_type":"way","osm_id":546416230,"country":"PT","name":"Barragem do Bugio","uso":"desconhecido"}},{"type":"Feature","geometry":{"type":"Point","coordinates":[-6.68879,41.3351]},"properties":{"dam_id":"node/4274089653","osm_type":"node","osm_id":4274089653,"country":"PT","name":"Porta da frágua","uso":"desconhecido"}},{"type":"Feature","geometry":{"type":"Point","coordinates":[-16.81417,32.70925]},"properties":{"dam_id":"node/4469057712","osm_type":"node","osm_id":4469057712,"country":"PT","name":"Madre da Levada do Moinho da Serra","uso":"desconhecido"}},{"type":"Feature","geometry":{"type":"Point","coordinates":[-17.13853,32.78574]},"properties":{"dam_id":"node/4472342314","osm_type":"node","osm_id":4472342314,"country":"PT","name":"Madre da Levada da Rocha Vermelha","uso":"desconhecido"}},{"type":"Feature","geometry":{"type":"Point","coordinates":[-16.89009,32.74721]},"properties":{"dam_id":"node/4479517673","osm_type":"node","osm_id":4479517673,"country":"PT","name":"Madre da Levada das Cruzinhas","uso":"desconhecido"}},{"type":"Feature","geometry":{"type":"Point","coordinates":[-16.88299,32.75069]},"properties":{"dam_id":"node/4479522693","osm_type":"node","osm_id":4479522693,"country":"PT","name":"Madre da Levada do Cedro Gordo","uso":"desconhecido"}},{"type":"Feature","geometry":{"type":"Point","coordinates":[-17.10659,32.75909]},"properties":{"dam_id":"node/4480891156","osm_type":"node","osm_id":4480891156,"country":"PT","name":"Madre da Levada do Pico da Urze","uso":"desconhecido"}},{"type":"Feature","geometry":{"type":"Point","coordinates":[-17.05889,32.78517]},"properties":{"dam_id":"node/4483935930","osm_type":"node","osm_id":4483935930,"country":"PT","name":"Madre da Levada do Lanço","uso":"desconhecido"}},{"type":"Feature","geometry":{"type":"Point","coordinates":[-16.77498,32.74099]},"properties":{"dam_id":"node/5421216679","osm_type":"node","osm_id":5421216679,"country":"PT","name":null,"uso":"desconhecido"}},{"type":"Feature","geometry":{"type":"LineString","coordinates":[[-8.0092,39.85995],[-8.00896,39.85977],[-8.00894,39.85983]]},"properties":{"dam_id":"way/1081706788","osm_type":"way","osm_id":1081706788,"country":"PT","name":null,"uso":"desconhecido"}},{"type":"Feature","geometry":{"type":"Point","coordinates":[-8.8299,38.98295]},"properties":{"dam_id":"node/6302009451","osm_type":"node","osm_id":6302009451,"country":"PT","name":null,"uso":"desconhecido"}},{"type":"Feature","geometry":{"type":"Point","coordinates":[-8.47985,38.11728]},"properties":{"dam_id":"node/6407095004","osm_type":"node","osm_id":6407095004,"country":"PT","name":null,"uso":"desconhecido"}},{"type":"Feature","geometry":{"type":"Point","coordinates":[-16.84011,32.68911]},"properties":{"dam_id":"node/6509546546","osm_type":"node","osm_id":6509546546,"country":"PT","name":null,"uso":"desconhecido"}},{"type":"Feature","geometry":{"type":"Polygon","coordinates":[[[-8.34474,41.37311],[-8.34462,41.3731],[-8.34468,41.37293],[-8.34397,41.37289],[-8.34398,41.37283],[-8.34422,41.37275],[-8.34479,41.37276],[-8.34474,41.37311]]]},"properties":{"dam_id":"node/6552710647","osm_type":"node","osm_id":6552710647,"country":"PT","name":null,"uso":"desconhecido"}},{"type":"Feature","geometry":{"type":"Point","coordinates":[-8.07668,40.89471]},"properties":{"dam_id":"node/7924982746","osm_type":"node","osm_id":7924982746,"country":"PT","name":null,"uso":"desconhecido"}},{"type":"Feature","geometry":{"type":"Point","coordinates":[-7.8426,40.75483]},"properties":{"dam_id":"node/7997443619","osm_type":"node","osm_id":7997443619,"country":"PT","name":null,"uso":"desconhecido"}},{"type":"Feature","geometry":{"type":"Point","coordinates":[-7.70546,41.94809]},"properties":{"dam_id":"node/8380438013","osm_type":"node","osm_id":8380438013,"country":"PT","name":"O Caneiro","uso":"desconhecido"}},{"type":"Feature","geometry":{"type":"Point","coordinates":[-8.24437,41.76481]},"properties":{"dam_id":"node/8454370163","osm_type":"node","osm_id":8454370163,"country":"PT","name":"Barragem do Ribeiro de Brufe","uso":"desconhecido"}},{"type":"Feature","geometry":{"type":"Point","coordinates":[-7.03627,40.56692]},"properties":{"dam_id":"node/8988187965","osm_type":"node","osm_id":8988187965,"country":"PT","name":null,"uso":"desconhecido"}},{"type":"Feature","geometry":{"type":"Point","coordinates":[-7.42075,40.55902]},"properties":{"dam_id":"node/9466800157","osm_type":"node","osm_id":9466800157,"country":"PT","name":"Barragem de Prados","uso":"desconhecido"}},{"type":"Feature","geometry":{"type":"Point","coordinates":[-8.48726,39.54017]},"properties":{"dam_id":"node/9788501119","osm_type":"node","osm_id":9788501119,"country":"PT","name":"Charca Onia","uso":"desconhecido"}},{"type":"Feature","geometry":{"type":"Point","coordinates":[-17.03554,32.76024]},"properties":{"dam_id":"node/9891530893","osm_type":"node","osm_id":9891530893,"country":"PT","name":null,"uso":"desconhecido"}},{"type":"Feature","geometry":{"type":"Point","coordinates":[-17.10614,32.71198]},"properties":{"dam_id":"node/10240545656","osm_type":"node","osm_id":10240545656,"country":"PT","name":null,"uso":"desconhecido"}},{"type":"Feature","geometry":{"type":"Point","coordinates":[-17.14405,32.79762]},"properties":{"dam_id":"node/10241140032","osm_type":"node","osm_id":10241140032,"country":"PT","name":null,"uso":"desconhecido"}},{"type":"Feature","geometry":{"type":"Point","coordinates":[-17.04533,32.73862]},"properties":{"dam_id":"node/10650306501","osm_type":"node","osm_id":10650306501,"country":"PT","name":null,"uso":"desconhecido"}},{"type":"Feature","geometry":{"type":"Point","coordinates":[-7.82207,37.16261]},"properties":{"dam_id":"node/13835983619","osm_type":"node","osm_id":13835983619,"country":"PT","name":"Barragem do Bengado","uso":"desconhecido"}},{"type":"Feature","geometry":{"type":"Point","coordinates":[-7.52181,40.20227]},"properties":{"dam_id":"node/13852159654","osm_type":"node","osm_id":13852159654,"country":"PT","name":"Paredão das Praias Fluviais de Dominguiso e Alcaria.","uso":"desconhecido"}},{"type":"Feature","geometry":{"type":"Polygon","coordinates":[[[-16.34195,33.06901],[-16.34059,33.06903],[-16.34031,33.06914],[-16.34032,33.06922],[-16.34057,33.06925],[-16.34169,33.0692],[-16.34219,33.06914],[-16.34218,33.06907],[-16.34195,33.06901]]]},"properties":{"dam_id":"way/26920203","osm_type":"way","osm_id":26920203,"country":"PT","name":null,"uso":"desconhecido"}},{"type":"Feature","geometry":{"type":"Polygon","coordinates":[[[-8.62047,37.84067],[-8.62041,37.84083],[-8.62077,37.8411],[-8.61995,37.84329],[-8.61889,37.84549],[-8.61851,37.84607],[-8.61844,37.84611],[-8.61809,37.84673],[-8.61792,37.8467],[-8.61808,37.84605],[-8.61797,37.84597],[-8.61798,37.84575],[-8.61825,37.84462],[-8.61847,37.84429],[-8.6187,37.84367],[-8.61882,37.84307],[-8.61877,37.84285],[-8.61889,37.84232],[-8.61904,37.84175],[-8.61936,37.84091],[-8.61951,37.84084],[-8.61991,37.84073],[-8.61999,37.84076],[-8.62024,37.84022],[-8.62056,37.84007],[-8.62078,37.84016],[-8.62088,37.84034],[-8.62083,37.84051],[-8.62069,37.84062],[-8.62047,37.84067]]]},"properties":{"dam_id":"way/51181698","osm_type":"way","osm_id":51181698,"country":"PT","name":"Barragem de Campilhas","uso":"desconhecido"}},{"type":"Feature","geometry":{"type":"Polygon","coordinates":[[[-6.18757,41.57575],[-6.18772,41.57586],[-6.18772,41.57592],[-6.18767,41.57593],[-6.18737,41.57565],[-6.18733,41.57564],[-6.18723,41.57547],[-6.18719,41.57547],[-6.18714,41.57528],[-6.1871,41.57527],[-6.18712,41.57524],[-6.18708,41.57507],[-6.18693,41.57502],[-6.18671,41.5748],[-6.18688,41.57479],[-6.18723,41.57467],[-6.1873,41.57471],[-6.18729,41.57476],[-6.18712,41.57488],[-6.18716,41.57503],[-6.18826,41.57495],[-6.18759,41.57517],[-6.18773,41.57545],[-6.18844,41.57522],[-6.18757,41.57575]]]},"properties":{"dam_id":"way/53085066","osm_type":"way","osm_id":53085066,"country":"PT","name":"Salto de Castro","uso":"hidroelétrica"}},{"type":"Feature","geometry":{"type":"Polygon","coordinates":[[[-8.38352,37.26173],[-8.38335,37.26163],[-8.38317,37.26178],[-8.38319,37.26181],[-8.38296,37.26188],[-8.38288,37.26206],[-8.38278,37.26212],[-8.38272,37.26179],[-8.38252,37.26181],[-8.38253,37.26185],[-8.38259,37.26185],[-8.38263,37.26211],[-8.38256,37.26213],[-8.38234,37.26209],[-8.38232,37.26183],[-8.38217,37.26185],[-8.38221,37.26205],[-8.38216,37.26208],[-8.38212,37.26202],[-8.38186,37.26189],[-8.38187,37.26186],[-8.3818,37.26182],[-8.38174,37.26184],[-8.38164,37.26176],[-8.38157,37.26179],[-8.38155,37.26192],[-8.38158,37.26199],[-8.38167,37.26204],[-8.38175,37.262],[-8.38182,37.26201],[-8.38195,37.2621],[-8.38222,37.2622],[-8.38248,37.26223],[-8.38276,37.2622],[-8.38276,37.26231],[-8.38283,37.26231],[-8.3828,37.26219],[-8.38303,37.2621],[-8.38333,37.26187],[-8.38354,37.26187],[-8.38352,37.26173]]]},"properties":{"dam_id":"way/55468384","osm_type":"way","osm_id":55468384,"country":"PT","name":"Barragem do Funcho","uso":"regadio"}},{"type":"Feature","geometry":{"type":"Polygon","coordinates":[[[-6.26479,41.48914],[-6.26449,41.4895],[-6.26445,41.4895],[-6.26424,41.48966],[-6.26425,41.48971],[-6.26419,41.4897],[-6.26396,41.48982],[-6.26397,41.48987],[-6.26391,41.48985],[-6.26365,41.48995],[-6.26365,41.49],[-6.2636,41.48997],[-6.26332,41.49003],[-6.2633,41.49009],[-6.26273,41.49013],[-6.26242,41.49032],[-6.26215,41.49003],[-6.26222,41.48996],[-6.26273,41.49002],[-6.26275,41.48993],[-6.2628,41.48991],[-6.26279,41.49002],[-6.2629,41.49002],[-6.26289,41.48988],[-6.26295,41.48985],[-6.26297,41.49002],[-6.26306,41.49001],[-6.26304,41.48982],[-6.26309,41.4898],[-6.26313,41.49],[-6.26323,41.48999],[-6.26314,41.48965],[-6.26335,41.48962],[-6.26377,41.48946],[-6.26392,41.48936],[-6.2639,41.48935],[-6.26404,41.48923],[-6.26419,41.48932],[-6.26426,41.48927],[-6.26447,41.48937],[-6.26451,41.48932],[-6.26434,41.48923],[-6.26441,41.48919],[-6.26456,41.48926],[-6.2646,41.48921],[-6.26446,41.48915],[-6.26453,41.48911],[-6.26464,41.48915],[-6.26469,41.48907],[-6.26479,41.48914]]]},"properties":{"dam_id":"way/71588050","osm_type":"way","osm_id":71588050,"country":"PT","name":"Barragem de Miranda","uso":"hidroelétrica"}},{"type":"Feature","geometry":{"type":"Polygon","coordinates":[[[-7.62868,38.11005],[-7.62788,38.10958],[-7.62794,38.10952],[-7.62804,38.10957],[-7.62818,38.10941],[-7.62811,38.10937],[-7.62813,38.10934],[-7.62811,38.10927],[-7.62813,38.10932],[-7.62817,38.1093],[-7.62826,38.10935],[-7.62822,38.10939],[-7.62825,38.10941],[-7.62808,38.1096],[-7.62815,38.10964],[-7.62823,38.10955],[-7.62841,38.10965],[-7.6285,38.10955],[-7.62856,38.10958],[-7.62861,38.10953],[-7.6288,38.10965],[-7.62892,38.10955],[-7.62951,38.10935],[-7.62952,38.10937],[-7.62915,38.1095],[-7.62898,38.10959],[-7.62889,38.10968],[-7.62894,38.10971],[-7.6291,38.10958],[-7.62914,38.1096],[-7.62891,38.10989],[-7.6317,38.11147],[-7.63211,38.111],[-7.63215,38.11102],[-7.63168,38.11153],[-7.63181,38.1116],[-7.63222,38.11196],[-7.63231,38.11179],[-7.63241,38.11183],[-7.63225,38.11205],[-7.63191,38.11186],[-7.63186,38.11192],[-7.63176,38.11187],[-7.63182,38.11181],[-7.63156,38.11166],[-7.63156,38.11171],[-7.63153,38.1117],[-7.63157,38.11161],[-7.63129,38.11146],[-7.63126,38.11149],[-7.63123,38.11148],[-7.63127,38.11144],[-7.63103,38.11131],[-7.63099,38.11134],[-7.63097,38.11133],[-7.631,38.11129],[-7.63075,38.11115],[-7.63072,38.11119],[-7.6307,38.11118],[-7.63073,38.11114],[-7.63046,38.11099],[-7.63043,38.11103],[-7.6304,38.11101],[-7.63044,38.11098],[-7.63019,38.11084],[-7.63016,38.11088],[-7.63013,38.11086],[-7.63016,38.11083],[-7.6299,38.11068],[-7.62987,38.11071],[-7.62984,38.1107],[-7.62987,38.11066],[-7.62963,38.11053],[-7.62959,38.11056],[-7.62957,38.11055],[-7.6296,38.11051],[-7.62933,38.11036],[-7.6293,38.1104],[-7.62928,38.11038],[-7.62931,38.11035],[-7.62906,38.11021],[-7.62902,38.11025],[-7.629,38.11023],[-7.62903,38.11019],[-7.62877,38.11005],[-7.62868,38.11009],[-7.62868,38.11005]]]},"properties":{"dam_id":"way/79175916","osm_type":"way","osm_id":79175916,"country":"PT","name":"Barragem de Pedrógão","uso":"hidroelétrica"}},{"type":"Feature","geometry":{"type":"Polygon","coordinates":[[[-7.61722,37.19754],[-7.61712,37.19752],[-7.61714,37.19747],[-7.61563,37.19679],[-7.61575,37.19669],[-7.61658,37.19658],[-7.61718,37.19684],[-7.61717,37.1965],[-7.61723,37.1965],[-7.61724,37.19727],[-7.61731,37.19751],[-7.61722,37.19754]]]},"properties":{"dam_id":"way/82403168","osm_type":"way","osm_id":82403168,"country":"PT","name":"Barragem da Malhada do Peres","uso":"regadio"}},{"type":"Feature","geometry":{"type":"Polygon","coordinates":[[[-7.54014,39.66241],[-7.54011,39.6624],[-7.5402,39.6623],[-7.54023,39.66232],[-7.54024,39.66228],[-7.53996,39.66217],[-7.53999,39.6621],[-7.54071,39.66236],[-7.54066,39.66243],[-7.5404,39.66233],[-7.5403,39.66236],[-7.54024,39.66269],[-7.54074,39.66288],[-7.54082,39.66285],[-7.54076,39.66295],[-7.54103,39.66305],[-7.5411,39.66305],[-7.54117,39.66295],[-7.54125,39.66301],[-7.54117,39.66314],[-7.5412,39.66316],[-7.54118,39.66319],[-7.54072,39.66303],[-7.54068,39.66308],[-7.54029,39.66293],[-7.54014,39.66318],[-7.54054,39.66331],[-7.54045,39.66356],[-7.54044,39.6638],[-7.54051,39.66405],[-7.54067,39.66428],[-7.54109,39.66405],[-7.54115,39.6641],[-7.54112,39.66412],[-7.54107,39.66409],[-7.54024,39.66455],[-7.54053,39.66484],[-7.54094,39.66517],[-7.54099,39.66542],[-7.54112,39.66548],[-7.54096,39.66559],[-7.54089,39.66557],[-7.54093,39.66548],[-7.54068,39.66534],[-7.54062,39.66544],[-7.54066,39.66551],[-7.54057,39.66549],[-7.54055,39.66541],[-7.54063,39.6653],[-7.54047,39.6652],[-7.5403,39.6653],[-7.54043,39.66517],[-7.54028,39.66505],[-7.54016,39.66513],[-7.54009,39.66514],[-7.54024,39.66501],[-7.5401,39.66489],[-7.53991,39.66497],[-7.54007,39.66485],[-7.53994,39.66471],[-7.53981,39.66476],[-7.53968,39.66472],[-7.53968,39.66466],[-7.53976,39.66471],[-7.5399,39.66467],[-7.53974,39.66444],[-7.53966,39.66444],[-7.53962,39.66441],[-7.53962,39.66434],[-7.53967,39.66431],[-7.53958,39.66406],[-7.53951,39.66404],[-7.53947,39.66399],[-7.53949,39.66393],[-7.53955,39.66391],[-7.53953,39.66365],[-7.53948,39.66364],[-7.53945,39.66357],[-7.53949,39.66352],[-7.53955,39.66351],[-7.53962,39.66325],[-7.53956,39.66323],[-7.53954,39.66316],[-7.53961,39.66311],[-7.53967,39.66312],[-7.53969,39.66307],[-7.53956,39.66305],[-7.5395,39.66309],[-7.53949,39.66307],[-7.53957,39.66301],[-7.53968,39.66303],[-7.53974,39.66291],[-7.53961,39.66285],[-7.53976,39.66288],[-7.53984,39.66276],[-7.53975,39.6627],[-7.53974,39.66263],[-7.53978,39.66261],[-7.53979,39.66268],[-7.53987,39.66273],[-7.53985,39.66266],[-7.53992,39.66267],[-7.53995,39.66263],[-7.53992,39.66262],[-7.54002,39.66249],[-7.54005,39.6625],[-7.54014,39.66241]]]},"properties":{"dam_id":"way/83809634","osm_type":"way","osm_id":83809634,"country":"PT","name":"Central Hidroelétrica de Cedillo","uso":"hidroelétrica"}},{"type":"Feature","geometry":{"type":"Polygon","coordinates":[[[-8.46788,37.28624],[-8.46837,37.28586],[-8.46851,37.28571],[-8.46868,37.28576],[-8.46879,37.28573],[-8.46887,37.28575],[-8.46904,37.28567],[-8.46914,37.28554],[-8.4694,37.28546],[-8.4696,37.28534],[-8.4699,37.28524],[-8.47006,37.28525],[-8.47021,37.28517],[-8.47083,37.28512],[-8.47126,37.28535],[-8.47137,37.28493],[-8.47177,37.28489],[-8.47187,37.28541],[-8.47209,37.28581],[-8.47242,37.28622],[-8.47248,37.2864],[-8.47253,37.28641],[-8.47264,37.28666],[-8.47293,37.28658],[-8.47302,37.28686],[-8.47257,37.28696],[-8.47241,37.2868],[-8.47204,37.28691],[-8.4721,37.28709],[-8.47184,37.28717],[-8.47143,37.28722],[-8.47105,37.28718],[-8.47022,37.28694],[-8.46855,37.2862],[-8.46827,37.28642],[-8.46788,37.28624]]]},"properties":{"dam_id":"way/84866149","osm_type":"way","osm_id":84866149,"country":"PT","name":"Barragem de Odelouca","uso":"abastecimento"}},{"type":"Feature","geometry":{"type":"Polygon","coordinates":[[[-8.37439,37.23934],[-8.37431,37.23935],[-8.37393,37.23978],[-8.37397,37.23983],[-8.3739,37.23987],[-8.37382,37.23998],[-8.37381,37.24004],[-8.37375,37.24005],[-8.37373,37.24],[-8.3736,37.23993],[-8.37352,37.23993],[-8.37351,37.23988],[-8.3736,37.23986],[-8.3743,37.23888],[-8.37445,37.2389],[-8.37568,37.23843],[-8.37635,37.23859],[-8.37642,37.23907],[-8.37684,37.23959],[-8.37678,37.23981],[-8.37657,37.23992],[-8.37439,37.23934]]]},"properties":{"dam_id":"way/84985422","osm_type":"way","osm_id":84985422,"country":"PT","name":"Barragem do Arade","uso":"desconhecido"}},{"type":"Feature","geometry":{"type":"Polygon","coordinates":[[[-7.50911,37.27466],[-7.50895,37.27487],[-7.50883,37.27561],[-7.50843,37.27616],[-7.50831,37.27718],[-7.50836,37.27733],[-7.50872,37.27755],[-7.50857,37.27819],[-7.50871,37.27826],[-7.50871,37.27846],[-7.50865,37.27852],[-7.50801,37.27768],[-7.50793,37.27772],[-7.50861,37.27857],[-7.5082,37.279],[-7.50835,37.27904],[-7.50858,37.27915],[-7.5088,37.2789],[-7.50874,37.27879],[-7.50886,37.27873],[-7.50895,37.27878],[-7.50949,37.27752],[-7.50965,37.2769],[-7.50969,37.27632],[-7.50966,37.27571],[-7.50953,37.27499],[-7.50934,37.27458],[-7.50933,37.27447],[-7.50938,37.27444],[-7.50922,37.27432],[-7.50911,37.27466]]]},"properties":{"dam_id":"way/84987182","osm_type":"way","osm_id":84987182,"country":"PT","name":"Barragem de Beliche","uso":"desconhecido"}},{"type":"Feature","geometry":{"type":"Polygon","coordinates":[[[-7.52196,37.55929],[-7.52079,37.55846],[-7.51902,37.5572],[-7.51906,37.55717],[-7.5201,37.55775],[-7.52059,37.55797],[-7.52072,37.55785],[-7.52096,37.55803],[-7.5209,37.55808],[-7.52129,37.55839],[-7.52135,37.55833],[-7.5214,37.55836],[-7.52129,37.55846],[-7.52141,37.55854],[-7.52138,37.55857],[-7.52201,37.55925],[-7.52196,37.55929]]]},"properties":{"dam_id":"way/87078962","osm_type":"way","osm_id":87078962,"country":"PT","name":"Barragem do Chança","uso":"desconhecido"}},{"type":"Feature","geometry":{"type":"Polygon","coordinates":[[[-7.70961,37.12934],[-7.7089,37.12908],[-7.70874,37.12904],[-7.70884,37.12897],[-7.70925,37.1289],[-7.70942,37.12901],[-7.70962,37.12925],[-7.70961,37.12934]]]},"properties":{"dam_id":"way/92053909","osm_type":"way","osm_id":92053909,"country":"PT","name":"Bacia de Retenção do Reservatório de Santo Estêvão","uso":"desconhecido"}},{"type":"Feature","geometry":{"type":"LineString","coordinates":[[-8.69035,37.11051],[-8.69052,37.11019]]},"properties":{"dam_id":"way/92989208","osm_type":"way","osm_id":92989208,"country":"PT","name":"Barragem Romana da Fonte Coberta","uso":"desconhecido"}},{"type":"Feature","geometry":{"type":"Polygon","coordinates":[[[-7.08219,40.72842],[-7.08152,40.72652],[-7.08172,40.72642],[-7.08177,40.72643],[-7.08173,40.72639],[-7.08147,40.72652],[-7.08157,40.72638],[-7.08154,40.72636],[-7.08138,40.72645],[-7.08135,40.72643],[-7.08145,40.7263],[-7.08143,40.72628],[-7.08126,40.72637],[-7.08135,40.72624],[-7.08133,40.7262],[-7.08084,40.72629],[-7.08079,40.72636],[-7.08096,40.72644],[-7.08107,40.7266],[-7.08053,40.72706],[-7.08059,40.7271],[-7.08064,40.72708],[-7.08102,40.72678],[-7.08123,40.72736],[-7.0819,40.72842],[-7.08219,40.72842]]]},"properties":{"dam_id":"way/93117805","osm_type":"way","osm_id":93117805,"country":"PT","name":"Barragem de Vascoveiro","uso":"abastecimento"}},{"type":"Feature","geometry":{"type":"Polygon","coordinates":[[[-7.09754,40.33219],[-7.09696,40.33271],[-7.09665,40.33308],[-7.09559,40.33393],[-7.09435,40.33482],[-7.09425,40.33518],[-7.09416,40.33534],[-7.09353,40.33583],[-7.09286,40.33586],[-7.09267,40.33558],[-7.0926,40.33561],[-7.09277,40.33589],[-7.09281,40.33602],[-7.09279,40.33621],[-7.09203,40.33608],[-7.09199,40.33617],[-7.09276,40.33632],[-7.09272,40.33661],[-7.0925,40.33655],[-7.09178,40.33656],[-7.09126,40.33651],[-7.08965,40.3362],[-7.08911,40.33605],[-7.08917,40.33592],[-7.08894,40.33575],[-7.0891,40.33563],[-7.08878,40.33559],[-7.0888,40.33551],[-7.08922,40.33553],[-7.08944,40.33521],[-7.08961,40.33509],[-7.08997,40.33492],[-7.09509,40.33329],[-7.09557,40.33309],[-7.09548,40.33292],[-7.09572,40.33274],[-7.09612,40.33252],[-7.09672,40.33234],[-7.09692,40.33212],[-7.09713,40.33174],[-7.09735,40.33119],[-7.09746,40.33064],[-7.09773,40.33051],[-7.09792,40.331],[-7.09792,40.33169],[-7.09754,40.33219]]]},"properties":{"dam_id":"way/93254639","osm_type":"way","osm_id":93254639,"country":"PT","name":"Barragem de Sabugal","uso":"desconhecido"}},{"type":"Feature","geometry":{"type":"Polygon","coordinates":[[[-7.49291,37.47072],[-7.4928,37.47071],[-7.49268,37.47062],[-7.4928,37.47061],[-7.49273,37.47056],[-7.49274,37.47054],[-7.49285,37.47056],[-7.49276,37.47049],[-7.49277,37.47041],[-7.49345,37.46959],[-7.49363,37.46954],[-7.49376,37.46968],[-7.49381,37.46988],[-7.49395,37.47004],[-7.494,37.47014],[-7.49399,37.47024],[-7.49388,37.47032],[-7.4934,37.47041],[-7.49296,37.47067],[-7.49378,37.47111],[-7.49373,37.47115],[-7.49291,37.47072]]]},"properties":{"dam_id":"way/93359466","osm_type":"way","osm_id":93359466,"country":"PT","name":"Barragem de Alcoutim","uso":"abastecimento"}},{"type":"Feature","geometry":{"type":"Polygon","coordinates":[[[-7.64139,37.3679],[-7.64187,37.36701],[-7.64155,37.36727],[-7.64121,37.36745],[-7.64113,37.36755],[-7.64124,37.36778],[-7.64139,37.3679]]]},"properties":{"dam_id":"way/93456269","osm_type":"way","osm_id":93456269,"country":"PT","name":null,"uso":"desconhecido"}},{"type":"Feature","geometry":{"type":"LineString","coordinates":[[-7.75273,37.37926],[-7.75206,37.37979]]},"properties":{"dam_id":"way/93489455","osm_type":"way","osm_id":93489455,"country":"PT","name":null,"uso":"desconhecido"}},{"type":"Feature","geometry":{"type":"Polygon","coordinates":[[[-6.77232,41.9616],[-6.77171,41.96133],[-6.77102,41.96093],[-6.77107,41.96089],[-6.77139,41.96107],[-6.77166,41.96115],[-6.77195,41.96129],[-6.77194,41.96134],[-6.77199,41.96139],[-6.77236,41.96155],[-6.77232,41.9616]]]},"properties":{"dam_id":"way/93885427","osm_type":"way","osm_id":93885427,"country":"PT","name":"Barragem de Serra Serrada","uso":"hidroelétrica"}},{"type":"Feature","geometry":{"type":"Polygon","coordinates":[[[-7.85104,37.43165],[-7.85093,37.43161],[-7.8507,37.43103],[-7.85063,37.43075],[-7.85077,37.43062],[-7.85084,37.4304],[-7.85052,37.42992],[-7.85058,37.42987],[-7.85112,37.43027],[-7.85122,37.43038],[-7.85104,37.43165]]]},"properties":{"dam_id":"way/94698771","osm_type":"way","osm_id":94698771,"country":"PT","name":"Barragem do Pessegueiro","uso":"desconhecido"}},{"type":"Feature","geometry":{"type":"Polygon","coordinates":[[[-7.73951,37.41631],[-7.73919,37.41614],[-7.7392,37.41589],[-7.73929,37.41566],[-7.73968,37.41554],[-7.73988,37.41555],[-7.73979,37.41562],[-7.73966,37.41602],[-7.73965,37.41631],[-7.73951,37.41631]]]},"properties":{"dam_id":"way/94712346","osm_type":"way","osm_id":94712346,"country":"PT","name":null,"uso":"desconhecido"}},{"type":"Feature","geometry":{"type":"Polygon","coordinates":[[[-7.74456,37.46168],[-7.74403,37.46206],[-7.74433,37.4622],[-7.74455,37.46202],[-7.74456,37.46168]]]},"properties":{"dam_id":"way/94746918","osm_type":"way","osm_id":94746918,"country":"PT","name":null,"uso":"desconhecido"}},{"type":"Feature","geometry":{"type":"LineString","coordinates":[[-8.9051,37.11535],[-8.90428,37.11554]]},"properties":{"dam_id":"way/94843471","osm_type":"way","osm_id":94843471,"country":"PT","name":null,"uso":"desconhecido"}},{"type":"Feature","geometry":{"type":"LineString","coordinates":[[-8.90035,37.12274],[-8.90061,37.12297]]},"properties":{"dam_id":"way/94843484","osm_type":"way","osm_id":94843484,"country":"PT","name":null,"uso":"desconhecido"}},{"type":"Feature","geometry":{"type":"LineString","coordinates":[[-8.7851,37.21785],[-8.785,37.21762]]},"properties":{"dam_id":"way/95033233","osm_type":"way","osm_id":95033233,"country":"PT","name":null,"uso":"desconhecido"}},{"type":"Feature","geometry":{"type":"LineString","coordinates":[[-8.75228,37.17973],[-8.75188,37.17979]]},"properties":{"dam_id":"way/95033235","osm_type":"way","osm_id":95033235,"country":"PT","name":null,"uso":"desconhecido"}},{"type":"Feature","geometry":{"type":"LineString","coordinates":[[-7.57735,37.49001],[-7.57662,37.48966]]},"properties":{"dam_id":"way/95127345","osm_type":"way","osm_id":95127345,"country":"PT","name":null,"uso":"desconhecido"}},{"type":"Feature","geometry":{"type":"LineString","coordinates":[[-8.83317,37.19695],[-8.83345,37.19669]]},"properties":{"dam_id":"way/95469568","osm_type":"way","osm_id":95469568,"country":"PT","name":null,"uso":"desconhecido"}},{"type":"Feature","geometry":{"type":"LineString","coordinates":[[-8.63702,37.19233],[-8.63621,37.19201]]},"properties":{"dam_id":"way/95469666","osm_type":"way","osm_id":95469666,"country":"PT","name":null,"uso":"desconhecido"}},{"type":"Feature","geometry":{"type":"LineString","coordinates":[[-8.71241,37.18981],[-8.7124,37.18961],[-8.71229,37.18929]]},"properties":{"dam_id":"way/95671971","osm_type":"way","osm_id":95671971,"country":"PT","name":null,"uso":"desconhecido"}},{"type":"Feature","geometry":{"type":"LineString","coordinates":[[-8.66572,37.16956],[-8.66564,37.16928]]},"properties":{"dam_id":"way/95743680","osm_type":"way","osm_id":95743680,"country":"PT","name":null,"uso":"desconhecido"}},{"type":"Feature","geometry":{"type":"Polygon","coordinates":[[[-8.44376,37.51243],[-8.4431,37.51201],[-8.44276,37.51189],[-8.44272,37.51191],[-8.44254,37.51185],[-8.44246,37.51186],[-8.44168,37.51161],[-8.44139,37.51158],[-8.44116,37.51251],[-8.44103,37.51264],[-8.44082,37.51263],[-8.44076,37.51267],[-8.44068,37.51271],[-8.44062,37.51283],[-8.44063,37.51287],[-8.44381,37.51515],[-8.44398,37.51513],[-8.44405,37.51516],[-8.4441,37.51522],[-8.44417,37.51523],[-8.44432,37.51511],[-8.44444,37.51514],[-8.44466,37.51512],[-8.44465,37.51502],[-8.4445,37.51498],[-8.4446,37.51491],[-8.44454,37.51459],[-8.44424,37.51433],[-8.44423,37.51398],[-8.44412,37.51365],[-8.44426,37.51322],[-8.44403,37.51303],[-8.4439,37.51284],[-8.44376,37.51243]]]},"properties":{"dam_id":"way/95944609","osm_type":"way","osm_id":95944609,"country":"PT","name":"Barragem de Santa Clara","uso":"desconhecido"}},{"type":"Feature","geometry":{"type":"Polygon","coordinates":[[[-7.55137,39.47885],[-7.55279,39.47759],[-7.55314,39.47735],[-7.55312,39.47733],[-7.55328,39.47728],[-7.55326,39.47726],[-7.5533,39.47723],[-7.55333,39.47726],[-7.55355,39.47715],[-7.55437,39.47688],[-7.55438,39.47692],[-7.55401,39.47704],[-7.55371,39.4773],[-7.55333,39.4775],[-7.5533,39.47746],[-7.55325,39.47748],[-7.55289,39.47772],[-7.55257,39.47793],[-7.55146,39.47892],[-7.55137,39.47885]]]},"properties":{"dam_id":"way/96187494","osm_type":"way","osm_id":96187494,"country":"PT","name":"Barragem de Póvoa e Meadas","uso":"hidroelétrica"}},{"type":"Feature","geometry":{"type":"Polygon","coordinates":[[[-7.55803,40.02052],[-7.55809,40.02064],[-7.5561,40.02168],[-7.55615,40.02178],[-7.5561,40.02175],[-7.55607,40.02163],[-7.55605,40.02173],[-7.55597,40.02164],[-7.55593,40.02175],[-7.55586,40.02166],[-7.55584,40.02166],[-7.55587,40.02177],[-7.55557,40.02193],[-7.55552,40.02181],[-7.5557,40.02156],[-7.55556,40.02073],[-7.55564,40.02072],[-7.55573,40.02102],[-7.55584,40.021],[-7.55576,40.02071],[-7.55578,40.02068],[-7.55612,40.0207],[-7.55737,40.02048],[-7.55803,40.02052]]]},"properties":{"dam_id":"way/96239056","osm_type":"way","osm_id":96239056,"country":"PT","name":"Barragem do Pisco","uso":"desconhecido"}},{"type":"Feature","geometry":{"type":"Polygon","coordinates":[[[-7.81273,39.5647],[-7.81276,39.5647],[-7.81278,39.56494],[-7.81306,39.56491],[-7.81307,39.56502],[-7.81332,39.56495],[-7.81358,39.5648],[-7.81364,39.56488],[-7.81324,39.5651],[-7.81292,39.56512],[-7.81292,39.56514],[-7.81266,39.56514],[-7.81262,39.5652],[-7.81252,39.5652],[-7.8124,39.56559],[-7.81236,39.56559],[-7.81231,39.56572],[-7.81229,39.56585],[-7.81253,39.56584],[-7.81254,39.56596],[-7.8122,39.566],[-7.81201,39.56426],[-7.81198,39.56424],[-7.81201,39.56423],[-7.812,39.56418],[-7.81197,39.56416],[-7.812,39.56415],[-7.81197,39.56388],[-7.81208,39.56388],[-7.81214,39.56405],[-7.81224,39.56415],[-7.81338,39.56417],[-7.81338,39.56424],[-7.81228,39.56423],[-7.81248,39.56442],[-7.81249,39.56457],[-7.81357,39.5645],[-7.81358,39.56452],[-7.81272,39.56458],[-7.81273,39.5647]]]},"properties":{"dam_id":"way/96330297","osm_type":"way","osm_id":96330297,"country":"PT","name":"Barragem de Pracana","uso":"hidroelétrica"}},{"type":"Feature","geometry":{"type":"LineString","coordinates":[[-7.60877,40.32593],[-7.60839,40.32605],[-7.60825,40.32634],[-7.60861,40.32692]]},"properties":{"dam_id":"way/96687154","osm_type":"way","osm_id":96687154,"country":"PT","name":null,"uso":"desconhecido"}},{"type":"Feature","geometry":{"type":"Polygon","coordinates":[[[-7.84823,40.1891],[-7.84775,40.18915],[-7.84754,40.18913],[-7.84738,40.18906],[-7.8473,40.18909],[-7.84734,40.18903],[-7.84718,40.18882],[-7.8471,40.18854],[-7.84719,40.18853],[-7.84723,40.18869],[-7.84741,40.18884],[-7.84763,40.18897],[-7.84797,40.18906],[-7.84825,40.18901],[-7.84827,40.18905],[-7.84844,40.18902],[-7.84846,40.18911],[-7.84824,40.18915],[-7.84823,40.1891]]]},"properties":{"dam_id":"way/96787150","osm_type":"way","osm_id":96787150,"country":"PT","name":"Barragem do Alto Ceira","uso":"hidroelétrica"}},{"type":"Feature","geometry":{"type":"Polygon","coordinates":[[[-8.19758,40.34023],[-8.19756,40.34021],[-8.19765,40.34015],[-8.19769,40.34017],[-8.19785,40.34016],[-8.19832,40.33987],[-8.19835,40.33974],[-8.19844,40.33972],[-8.19844,40.33975],[-8.1985,40.33977],[-8.1979,40.34016],[-8.19788,40.34015],[-8.19741,40.34056],[-8.19736,40.34067],[-8.19735,40.34078],[-8.19748,40.34105],[-8.19762,40.34118],[-8.19774,40.34124],[-8.19774,40.34152],[-8.198,40.34153],[-8.19783,40.34185],[-8.19782,40.34202],[-8.19771,40.34203],[-8.19768,40.34175],[-8.1975,40.34135],[-8.19714,40.34064],[-8.197,40.34048],[-8.19638,40.34009],[-8.19617,40.34003],[-8.19485,40.33987],[-8.19451,40.33978],[-8.19448,40.33981],[-8.19431,40.33974],[-8.19443,40.33955],[-8.19462,40.33963],[-8.19457,40.3397],[-8.19492,40.33975],[-8.19532,40.33975],[-8.19563,40.33987],[-8.19603,40.33991],[-8.19649,40.33938],[-8.19662,40.33945],[-8.19678,40.33936],[-8.19683,40.33941],[-8.1968,40.33942],[-8.19685,40.33951],[-8.19673,40.33956],[-8.19677,40.33964],[-8.19661,40.33982],[-8.19665,40.33982],[-8.19678,40.3399],[-8.19681,40.33994],[-8.19677,40.33999],[-8.19728,40.34032],[-8.19732,40.34029],[-8.19737,40.34032],[-8.19758,40.34023]]]},"properties":{"dam_id":"way/96917700","osm_type":"way","osm_id":96917700,"country":"PT","name":"Barragem da Aguieira","uso":"hidroelétrica"}},{"type":"Feature","geometry":{"type":"Polygon","coordinates":[[[-8.32055,39.544],[-8.32027,39.54403],[-8.32016,39.54392],[-8.31956,39.54368],[-8.31958,39.54365],[-8.31919,39.54349],[-8.31883,39.54323],[-8.31879,39.54325],[-8.31869,39.54314],[-8.31873,39.54312],[-8.3187,39.54309],[-8.31866,39.54311],[-8.3186,39.54302],[-8.31864,39.543],[-8.31859,39.54293],[-8.31855,39.54294],[-8.31851,39.54284],[-8.31854,39.54283],[-8.31851,39.54276],[-8.31848,39.54277],[-8.31845,39.54266],[-8.31848,39.54266],[-8.31845,39.54244],[-8.31838,39.54241],[-8.31842,39.54237],[-8.31851,39.54198],[-8.31848,39.54193],[-8.31856,39.54192],[-8.31886,39.54149],[-8.31904,39.54134],[-8.31915,39.54141],[-8.31888,39.54164],[-8.31886,39.54174],[-8.31891,39.54188],[-8.31902,39.54203],[-8.31915,39.54211],[-8.3195,39.54209],[-8.31955,39.54218],[-8.31938,39.54224],[-8.31944,39.54234],[-8.31924,39.5424],[-8.31955,39.5428],[-8.31946,39.54286],[-8.31952,39.54293],[-8.31939,39.54299],[-8.31952,39.54313],[-8.31952,39.54344],[-8.31957,39.54351],[-8.31972,39.54356],[-8.32028,39.54366],[-8.32031,39.54371],[-8.32026,39.5438],[-8.32055,39.544]]]},"properties":{"dam_id":"way/98711367","osm_type":"way","osm_id":98711367,"country":"PT","name":"Barragem de Castelo do Bode","uso":"hidroelétrica"}},{"type":"Feature","geometry":{"type":"Polygon","coordinates":[[[-7.6136,39.53917],[-7.61313,39.53881],[-7.61307,39.53874],[-7.61303,39.53877],[-7.61288,39.53897],[-7.61297,39.539],[-7.61312,39.53886],[-7.61316,39.53895],[-7.61334,39.53909],[-7.61341,39.53909],[-7.61358,39.53919],[-7.6136,39.53917]]]},"properties":{"dam_id":"way/99806564","osm_type":"way","osm_id":99806564,"country":"PT","name":"Dique do Racheiro","uso":"hidroelétrica"}},{"type":"Feature","geometry":{"type":"Polygon","coordinates":[[[-8.5647,37.19864],[-8.56395,37.19884],[-8.56336,37.199],[-8.56334,37.19882],[-8.56345,37.19858],[-8.56368,37.19843],[-8.56374,37.19845],[-8.56385,37.19831],[-8.56383,37.19846],[-8.56386,37.19848],[-8.56388,37.19847],[-8.56394,37.1983],[-8.56419,37.19842],[-8.5644,37.19846],[-8.56479,37.19846],[-8.56483,37.19855],[-8.5647,37.19864]]]},"properties":{"dam_id":"way/103693972","osm_type":"way","osm_id":103693972,"country":"PT","name":null,"uso":"desconhecido"}},{"type":"Feature","geometry":{"type":"Polygon","coordinates":[[[-8.35332,40.85011],[-8.35306,40.84991],[-8.35195,40.8508],[-8.3522,40.85095],[-8.35332,40.85011]]]},"properties":{"dam_id":"way/105611893","osm_type":"way","osm_id":105611893,"country":"PT","name":"Barragem Engenheiro Duarte Pacheco","uso":"regadio"}},{"type":"Feature","geometry":{"type":"Polygon","coordinates":[[[-7.48541,41.84086],[-7.48426,41.84161],[-7.48412,41.84151],[-7.48443,41.84116],[-7.48494,41.84076],[-7.48592,41.83943],[-7.48653,41.83913],[-7.48677,41.83918],[-7.48541,41.84086]]]},"properties":{"dam_id":"way/107568794","osm_type":"way","osm_id":107568794,"country":"PT","name":"Barragem de Rego do Milho","uso":"regadio"}},{"type":"Feature","geometry":{"type":"Polygon","coordinates":[[[-7.52123,41.73218],[-7.52114,41.732],[-7.52144,41.73176],[-7.52209,41.73164],[-7.52217,41.73152],[-7.52251,41.73161],[-7.52368,41.73145],[-7.5237,41.73155],[-7.52355,41.73161],[-7.52123,41.73218]]]},"properties":{"dam_id":"way/107571431","osm_type":"way","osm_id":107571431,"country":"PT","name":"Barragem de Vale de Anta","uso":"regadio"}},{"type":"Feature","geometry":{"type":"Polygon","coordinates":[[[-7.71923,37.57482],[-7.71856,37.57425],[-7.71853,37.57427],[-7.7192,37.57484],[-7.71923,37.57482]]]},"properties":{"dam_id":"way/111616726","osm_type":"way","osm_id":111616726,"country":"PT","name":null,"uso":"desconhecido"}},{"type":"Feature","geometry":{"type":"Polygon","coordinates":[[[-9.42167,38.7646],[-9.42206,38.76399],[-9.42204,38.76394],[-9.42231,38.76386],[-9.42235,38.76388],[-9.42236,38.76384],[-9.42295,38.76366],[-9.42292,38.76359],[-9.42196,38.76391],[-9.42157,38.76456],[-9.42167,38.7646]]]},"properties":{"dam_id":"way/117857647","osm_type":"way","osm_id":117857647,"country":"PT","name":"Barragem do Rio da Mula","uso":"abastecimento"}},{"type":"Feature","geometry":{"type":"LineString","coordinates":[[-7.61088,40.36449],[-7.61066,40.36444]]},"properties":{"dam_id":"way/122301313","osm_type":"way","osm_id":122301313,"country":"PT","name":"Barragem dos Conchos","uso":"desconhecido"}},{"type":"Feature","geometry":{"type":"Polygon","coordinates":[[[-8.21953,39.85286],[-8.21929,39.85293],[-8.21906,39.85307],[-8.21891,39.85321],[-8.21879,39.85339],[-8.21873,39.85361],[-8.21874,39.8538],[-8.21882,39.854],[-8.21894,39.85416],[-8.21875,39.85426],[-8.21847,39.8542],[-8.21813,39.85409],[-8.21808,39.85417],[-8.21854,39.85435],[-8.21922,39.85448],[-8.21926,39.8544],[-8.2191,39.85425],[-8.21896,39.854],[-8.21904,39.85394],[-8.21903,39.85361],[-8.21906,39.85358],[-8.2189,39.85355],[-8.21884,39.85346],[-8.21891,39.85335],[-8.219,39.85333],[-8.21915,39.85336],[-8.21942,39.85309],[-8.21943,39.853],[-8.21991,39.85284],[-8.21987,39.85274],[-8.21962,39.85269],[-8.21953,39.85286]]]},"properties":{"dam_id":"way/122783388","osm_type":"way","osm_id":122783388,"country":"PT","name":"Barragem da Bouçã","uso":"hidroelétrica"}},{"type":"Feature","geometry":{"type":"LineString","coordinates":[[-7.60118,40.37981],[-7.60121,40.38036]]},"properties":{"dam_id":"way/123721914","osm_type":"way","osm_id":123721914,"country":"PT","name":null,"uso":"desconhecido"}},{"type":"Feature","geometry":{"type":"LineString","coordinates":[[-7.34969,40.52569],[-7.3493,40.52577]]},"properties":{"dam_id":"way/125802473","osm_type":"way","osm_id":125802473,"country":"PT","name":"Barragem do Pateiro","uso":"hidroelétrica"}},{"type":"Feature","geometry":{"type":"Polygon","coordinates":[[[-7.36425,40.95334],[-7.36255,40.95286],[-7.36227,40.95278],[-7.36223,40.95289],[-7.36324,40.95316],[-7.36318,40.95328],[-7.36339,40.95334],[-7.36345,40.95321],[-7.36421,40.95342],[-7.36425,40.95334]]]},"properties":{"dam_id":"way/126679934","osm_type":"way","osm_id":126679934,"country":"PT","name":"Barragem das Antas","uso":"desconhecido"}},{"type":"Feature","geometry":{"type":"LineString","coordinates":[[-7.37296,41.16006],[-7.37262,41.16006],[-7.37252,41.15983],[-7.3722,41.15983],[-7.37215,41.16023],[-7.37236,41.16024],[-7.3724,41.16051],[-7.37251,41.16065],[-7.3726,41.16151],[-7.3727,41.16152],[-7.37273,41.16178],[-7.37292,41.16173],[-7.37305,41.16222],[-7.37308,41.16274],[-7.37338,41.16274],[-7.37339,41.16218],[-7.37351,41.16154]]},"properties":{"dam_id":"way/127204981","osm_type":"way","osm_id":127204981,"country":"PT","name":null,"uso":"hidroelétrica"}},{"type":"Feature","geometry":{"type":"Polygon","coordinates":[[[-7.77674,41.12138],[-7.77659,41.12104],[-7.77628,41.12072],[-7.77611,41.12062],[-7.77576,41.1205],[-7.77538,41.12047],[-7.77538,41.12039],[-7.77504,41.12039],[-7.77504,41.12019],[-7.775,41.12019],[-7.775,41.12046],[-7.77486,41.12045],[-7.77487,41.12063],[-7.77507,41.12062],[-7.77521,41.12127],[-7.77531,41.12127],[-7.77526,41.12088],[-7.77528,41.12062],[-7.77533,41.12062],[-7.77533,41.12051],[-7.77551,41.12051],[-7.7759,41.12059],[-7.77626,41.12077],[-7.77653,41.12107],[-7.77663,41.12126],[-7.77666,41.1214],[-7.77674,41.12138]]]},"properties":{"dam_id":"way/127882730","osm_type":"way","osm_id":127882730,"country":"PT","name":"Barragem de Varosa","uso":"hidroelétrica"}},{"type":"Feature","geometry":{"type":"Polygon","coordinates":[[[-8.42732,41.606],[-8.42736,41.60602],[-8.42739,41.60598],[-8.42749,41.60602],[-8.42763,41.60585],[-8.4273,41.6057],[-8.42712,41.60589],[-8.42724,41.60596],[-8.42657,41.60672],[-8.42666,41.60676],[-8.42732,41.606]]]},"properties":{"dam_id":"way/129239960","osm_type":"way","osm_id":129239960,"country":"PT","name":"Barragem da Ponte do Bico","uso":"desconhecido"}},{"type":"Feature","geometry":{"type":"LineString","coordinates":[[-16.96888,32.73245],[-16.96856,32.73253]]},"properties":{"dam_id":"way/130882348","osm_type":"way","osm_id":130882348,"country":"PT","name":null,"uso":"desconhecido"}},{"type":"Feature","geometry":{"type":"LineString","coordinates":[[-8.02458,38.8628],[-8.02262,38.86316]]},"properties":{"dam_id":"way/131648045","osm_type":"way","osm_id":131648045,"country":"PT","name":null,"uso":"desconhecido"}},{"type":"Feature","geometry":{"type":"Polygon","coordinates":[[[-7.01433,40.0453],[-7.01447,40.04536],[-7.01495,40.04538],[-7.01504,40.0454],[-7.01503,40.04543],[-7.01526,40.04553],[-7.01553,40.0456],[-7.01515,40.04557],[-7.0148,40.04549],[-7.01453,40.04541],[-7.01433,40.0453]]]},"properties":{"dam_id":"way/132202113","osm_type":"way","osm_id":132202113,"country":"PT","name":"Barragem de Penha Garcia","uso":"desconhecido"}},{"type":"Feature","geometry":{"type":"Polygon","coordinates":[[[-7.1294,41.48057],[-7.12923,41.4807],[-7.12793,41.4814],[-7.12785,41.48164],[-7.1279,41.48172],[-7.12888,41.48191],[-7.12894,41.48198],[-7.12905,41.48192],[-7.129,41.48188],[-7.12941,41.48167],[-7.1297,41.48105],[-7.13,41.48185],[-7.13007,41.48192],[-7.13014,41.4819],[-7.13008,41.48183],[-7.12978,41.48098],[-7.1297,41.48051],[-7.1294,41.48057]]]},"properties":{"dam_id":"way/133041171","osm_type":"way","osm_id":133041171,"country":"PT","name":"Barragem de Vale Madeiro","uso":"regadio"}},{"type":"Feature","geometry":{"type":"Polygon","coordinates":[[[-7.90363,39.81653],[-7.90358,39.81655],[-7.90404,39.81733],[-7.9041,39.81731],[-7.90403,39.8172],[-7.90404,39.81702],[-7.9042,39.81696],[-7.90419,39.81694],[-7.9041,39.81697],[-7.90408,39.81694],[-7.90416,39.81689],[-7.90405,39.81693],[-7.90398,39.81682],[-7.90408,39.81676],[-7.90395,39.81681],[-7.90374,39.81669],[-7.90363,39.81653]]]},"properties":{"dam_id":"way/133730341","osm_type":"way","osm_id":133730341,"country":"PT","name":"Barragem de Corgas","uso":"abastecimento"}},{"type":"Feature","geometry":{"type":"Polygon","coordinates":[[[-7.3844,40.21402],[-7.38324,40.21413],[-7.38268,40.21441],[-7.38265,40.21458],[-7.38197,40.21505],[-7.38209,40.21517],[-7.38446,40.21415],[-7.3844,40.21402]]]},"properties":{"dam_id":"way/133893443","osm_type":"way","osm_id":133893443,"country":"PT","name":"Barragem da Capinha","uso":"desconhecido"}},{"type":"Feature","geometry":{"type":"Polygon","coordinates":[[[-7.02687,41.33155],[-7.02714,41.33151],[-7.02731,41.3314],[-7.02735,41.33134],[-7.02736,41.33118],[-7.02708,41.3306],[-7.02709,41.33045],[-7.02724,41.33018],[-7.02697,41.32981],[-7.02584,41.32946],[-7.02567,41.32951],[-7.02541,41.32963],[-7.02522,41.3297],[-7.02629,41.33099],[-7.02687,41.33155]]]},"properties":{"dam_id":"way/137108898","osm_type":"way","osm_id":137108898,"country":"PT","name":"Barragem de Santa Justa","uso":"regadio"}},{"type":"Feature","geometry":{"type":"Polygon","coordinates":[[[-7.38219,39.35026],[-7.38222,39.35012],[-7.38232,39.35016],[-7.38231,39.35006],[-7.38235,39.35003],[-7.38243,39.3501],[-7.38251,39.3501],[-7.38252,39.35018],[-7.38552,39.35031],[-7.38541,39.35042],[-7.38512,39.35054],[-7.38488,39.35069],[-7.3841,39.3509],[-7.38353,39.35089],[-7.38306,39.35063],[-7.38269,39.35048],[-7.38261,39.35039],[-7.38219,39.35026]]]},"properties":{"dam_id":"way/141796434","osm_type":"way","osm_id":141796434,"country":"PT","name":"Barragem da Apartadura","uso":"desconhecido"}},{"type":"Feature","geometry":{"type":"Polygon","coordinates":[[[-16.31112,33.08996],[-16.31063,33.09002],[-16.31058,33.09019],[-16.31055,33.09016],[-16.31066,33.0897],[-16.31095,33.08961],[-16.31117,33.0899],[-16.31111,33.08991],[-16.31112,33.08996]]]},"properties":{"dam_id":"way/143130252","osm_type":"way","osm_id":143130252,"country":"PT","name":null,"uso":"desconhecido"}},{"type":"Feature","geometry":{"type":"Polygon","coordinates":[[[-16.30767,33.08141],[-16.30798,33.0812],[-16.30752,33.08092],[-16.3074,33.08123],[-16.30767,33.08141]]]},"properties":{"dam_id":"way/143130255","osm_type":"way","osm_id":143130255,"country":"PT","name":null,"uso":"desconhecido"}},{"type":"Feature","geometry":{"type":"Polygon","coordinates":[[[-6.83872,41.13259],[-6.8392,41.13239],[-6.83958,41.13229],[-6.83992,41.13224],[-6.83992,41.13213],[-6.83999,41.13221],[-6.84003,41.13232],[-6.83991,41.13233],[-6.8396,41.13249],[-6.83967,41.13261],[-6.83935,41.13269],[-6.83929,41.13263],[-6.83915,41.13265],[-6.83909,41.13262],[-6.83885,41.13265],[-6.83872,41.13274],[-6.83858,41.13262],[-6.83861,41.13257],[-6.83872,41.13259]]]},"properties":{"dam_id":"way/143421370","osm_type":"way","osm_id":143421370,"country":"PT","name":"Barragem da Ferradosa","uso":"abastecimento"}},{"type":"Feature","geometry":{"type":"LineString","coordinates":[[-7.82999,39.07269],[-7.82833,39.07177],[-7.82783,39.07164]]},"properties":{"dam_id":"way/146173847","osm_type":"way","osm_id":146173847,"country":"PT","name":null,"uso":"desconhecido"}},{"type":"Feature","geometry":{"type":"LineString","coordinates":[[-7.59029,40.39885],[-7.58918,40.3992],[-7.58883,40.39939],[-7.58866,40.39953],[-7.58846,40.39975],[-7.58818,40.40058]]},"properties":{"dam_id":"way/146384860","osm_type":"way","osm_id":146384860,"country":"PT","name":null,"uso":"hidroelétrica"}},{"type":"Feature","geometry":{"type":"Polygon","coordinates":[[[-7.53571,40.98676],[-7.53421,40.98669],[-7.53417,40.98706],[-7.53437,40.98795],[-7.53447,40.98796],[-7.53437,40.98689],[-7.53464,40.98707],[-7.53489,40.98714],[-7.53501,40.98725],[-7.53515,40.98729],[-7.53535,40.98729],[-7.53568,40.98735],[-7.53606,40.98715],[-7.53645,40.98706],[-7.53683,40.98701],[-7.53695,40.98703],[-7.53698,40.98691],[-7.53571,40.98676]]]},"properties":{"dam_id":"way/147544190","osm_type":"way","osm_id":147544190,"country":"PT","name":"Barragem de Vilar-Tabuaço","uso":"hidroelétrica"}},{"type":"Feature","geometry":{"type":"Polygon","coordinates":[[[-8.10621,38.67643],[-8.10591,38.6765],[-8.10143,38.67684],[-8.10138,38.67668],[-8.10215,38.67654],[-8.10412,38.67637],[-8.10621,38.67634],[-8.10621,38.67643]]]},"properties":{"dam_id":"way/148316452","osm_type":"way","osm_id":148316452,"country":"PT","name":null,"uso":"desconhecido"}},{"type":"Feature","geometry":{"type":"LineString","coordinates":[[-7.95344,39.79571],[-7.95334,39.79574],[-7.95321,39.79571],[-7.95317,39.79561],[-7.95323,39.79554]]},"properties":{"dam_id":"way/153813387","osm_type":"way","osm_id":153813387,"country":"PT","name":"Represa do Malhadal","uso":"desconhecido"}},{"type":"Feature","geometry":{"type":"Polygon","coordinates":[[[-8.36262,40.70662],[-8.36195,40.70644],[-8.36188,40.7064],[-8.36202,40.70631],[-8.36199,40.70637],[-8.36202,40.70638],[-8.36205,40.70634],[-8.36203,40.70638],[-8.36216,40.70642],[-8.36224,40.7063],[-8.36219,40.70643],[-8.36263,40.70659],[-8.36262,40.70662]]]},"properties":{"dam_id":"way/155605943","osm_type":"way","osm_id":155605943,"country":"PT","name":"Açude da Grela","uso":"hidroelétrica"}},{"type":"Feature","geometry":{"type":"Polygon","coordinates":[[[-7.86979,39.21894],[-7.8697,39.21901],[-7.86845,39.2184],[-7.86881,39.21846],[-7.86922,39.21847],[-7.86967,39.21875],[-7.86979,39.21894]]]},"properties":{"dam_id":"way/156783037","osm_type":"way","osm_id":156783037,"country":"PT","name":null,"uso":"desconhecido"}},{"type":"Feature","geometry":{"type":"Polygon","coordinates":[[[-7.04293,39.06577],[-7.04313,39.06567],[-7.04305,39.06555],[-7.04186,39.06526],[-7.04178,39.06531],[-7.04178,39.06539],[-7.04211,39.06565],[-7.04249,39.06578],[-7.04273,39.06582],[-7.04293,39.06577]]]},"properties":{"dam_id":"way/157031656","osm_type":"way","osm_id":157031656,"country":"PT","name":null,"uso":"desconhecido"}},{"type":"Feature","geometry":{"type":"Polygon","coordinates":[[[-8.20915,38.97014],[-8.2091,38.97014],[-8.20904,38.96845],[-8.20896,38.96843],[-8.20903,38.9684],[-8.20901,38.96833],[-8.20926,38.9683],[-8.2093,38.96992],[-8.20914,38.96992],[-8.20915,38.97014]]]},"properties":{"dam_id":"way/157072917","osm_type":"way","osm_id":157072917,"country":"PT","name":"Açude do Furadouro","uso":"regadio"}},{"type":"Feature","geometry":{"type":"Polygon","coordinates":[[[-8.21317,38.77151],[-8.21466,38.77245],[-8.21472,38.77275],[-8.21464,38.77317],[-8.21449,38.77337],[-8.21436,38.77341],[-8.21414,38.77341],[-8.21392,38.77327],[-8.21413,38.77301],[-8.21432,38.77307],[-8.21442,38.77273],[-8.21439,38.77262],[-8.21332,38.77189],[-8.21314,38.77181],[-8.21292,38.77177],[-8.21279,38.77181],[-8.21257,38.77197],[-8.21244,38.77199],[-8.21223,38.77192],[-8.21196,38.77169],[-8.21205,38.77153],[-8.2121,38.77153],[-8.21251,38.77175],[-8.21281,38.77151],[-8.21295,38.77147],[-8.21317,38.77151]]]},"properties":{"dam_id":"way/157214866","osm_type":"way","osm_id":157214866,"country":"PT","name":null,"uso":"desconhecido"}},{"type":"Feature","geometry":{"type":"Polygon","coordinates":[[[-8.21632,38.79632],[-8.21604,38.79631],[-8.21481,38.79851],[-8.21511,38.79851],[-8.21582,38.79827],[-8.21653,38.79672],[-8.21632,38.79632]]]},"properties":{"dam_id":"way/157214872","osm_type":"way","osm_id":157214872,"country":"PT","name":"Barragem de Tabueira","uso":"desconhecido"}},{"type":"Feature","geometry":{"type":"LineString","coordinates":[[-8.19161,38.83914],[-8.19093,38.8393],[-8.1908,38.83946]]},"properties":{"dam_id":"way/157366921","osm_type":"way","osm_id":157366921,"country":"PT","name":"Barragem do Peso","uso":"desconhecido"}},{"type":"Feature","geometry":{"type":"LineString","coordinates":[[-8.6279,37.221],[-8.62743,37.22061]]},"properties":{"dam_id":"way/157741722","osm_type":"way","osm_id":157741722,"country":"PT","name":null,"uso":"desconhecido"}},{"type":"Feature","geometry":{"type":"LineString","coordinates":[[-8.64146,37.22345],[-8.64089,37.22329]]},"properties":{"dam_id":"way/157773605","osm_type":"way","osm_id":157773605,"country":"PT","name":null,"uso":"desconhecido"}},{"type":"Feature","geometry":{"type":"LineString","coordinates":[[-8.64269,37.23025],[-8.64253,37.23023],[-8.64231,37.23025]]},"properties":{"dam_id":"way/157854861","osm_type":"way","osm_id":157854861,"country":"PT","name":null,"uso":"desconhecido"}},{"type":"Feature","geometry":{"type":"Polygon","coordinates":[[[-7.9191,38.28481],[-7.91945,38.28495],[-7.91967,38.28497],[-7.9197,38.28493],[-7.91966,38.28485],[-7.91876,38.28393],[-7.9183,38.28356],[-7.91764,38.28298],[-7.91649,38.28216],[-7.91591,38.2817],[-7.9152,38.28123],[-7.91442,38.28058],[-7.91418,38.28025],[-7.91246,38.27912],[-7.91163,38.27831],[-7.91148,38.27796],[-7.91123,38.27792],[-7.91048,38.27824],[-7.91015,38.27845],[-7.90997,38.27864],[-7.91013,38.2788],[-7.91024,38.27882],[-7.91421,38.28148],[-7.91906,38.28475],[-7.9191,38.28481]]]},"properties":{"dam_id":"way/157888567","osm_type":"way","osm_id":157888567,"country":"PT","name":"Barragem do Alvito","uso":"desconhecido"}},{"type":"Feature","geometry":{"type":"LineString","coordinates":[[-8.63143,37.21511],[-8.63142,37.21548]]},"properties":{"dam_id":"way/157904199","osm_type":"way","osm_id":157904199,"country":"PT","name":null,"uso":"desconhecido"}},{"type":"Feature","geometry":{"type":"LineString","coordinates":[[-8.70278,37.17507],[-8.70241,37.17524]]},"properties":{"dam_id":"way/157912284","osm_type":"way","osm_id":157912284,"country":"PT","name":null,"uso":"desconhecido"}},{"type":"Feature","geometry":{"type":"Polygon","coordinates":[[[-7.7889,41.2704],[-7.78892,41.27019],[-7.78889,41.26986],[-7.78893,41.26984],[-7.78888,41.26983],[-7.78867,41.26943],[-7.78875,41.26937],[-7.78875,41.26932],[-7.78868,41.26931],[-7.78855,41.26945],[-7.78859,41.26949],[-7.78859,41.26961],[-7.78854,41.26981],[-7.78827,41.26985],[-7.78854,41.26982],[-7.7886,41.27004],[-7.78832,41.27008],[-7.78832,41.27009],[-7.7886,41.27006],[-7.78878,41.27024],[-7.78882,41.27031],[-7.7888,41.27039],[-7.7889,41.2704]]]},"properties":{"dam_id":"way/158740918","osm_type":"way","osm_id":158740918,"country":"PT","name":"Barragem do Sordo","uso":"desconhecido"}},{"type":"Feature","geometry":{"type":"Polygon","coordinates":[[[-7.58539,38.05802],[-7.586,38.05829],[-7.58819,38.05902],[-7.58868,38.05916],[-7.58864,38.05924],[-7.58597,38.05835],[-7.5857,38.05829],[-7.58569,38.05889],[-7.58574,38.05918],[-7.5862,38.05989],[-7.58615,38.06029],[-7.586,38.06072],[-7.58572,38.06112],[-7.5856,38.06139],[-7.5852,38.06294],[-7.58501,38.06296],[-7.58501,38.06231],[-7.58539,38.0584],[-7.58532,38.05839],[-7.5851,38.05827],[-7.58509,38.05822],[-7.58524,38.05818],[-7.58533,38.05819],[-7.58539,38.05802]]]},"properties":{"dam_id":"way/159046178","osm_type":"way","osm_id":159046178,"country":"PT","name":"Barragem de Brinches","uso":"regadio"}},{"type":"Feature","geometry":{"type":"Polygon","coordinates":[[[-7.73901,38.46356],[-7.73871,38.46385],[-7.73843,38.46435],[-7.73811,38.4643],[-7.73808,38.46435],[-7.73816,38.46438],[-7.73814,38.46441],[-7.73805,38.46438],[-7.73805,38.46451],[-7.73824,38.46462],[-7.73805,38.46501],[-7.73818,38.46504],[-7.73871,38.46462],[-7.73895,38.46433],[-7.73916,38.46364],[-7.73914,38.46355],[-7.73901,38.46356]]]},"properties":{"dam_id":"way/159052940","osm_type":"way","osm_id":159052940,"country":"PT","name":null,"uso":"desconhecido"}},{"type":"Feature","geometry":{"type":"Polygon","coordinates":[[[-7.29333,38.29754],[-7.29317,38.29758],[-7.2924,38.29743],[-7.29193,38.29737],[-7.29088,38.29681],[-7.29083,38.29673],[-7.29097,38.2967],[-7.2932,38.29746],[-7.29333,38.29754]]]},"properties":{"dam_id":"way/159532474","osm_type":"way","osm_id":159532474,"country":"PT","name":null,"uso":"desconhecido"}},{"type":"Feature","geometry":{"type":"Polygon","coordinates":[[[-8.69891,37.20148],[-8.69884,37.20148],[-8.69872,37.20158],[-8.69852,37.20192],[-8.69838,37.20203],[-8.6981,37.20212],[-8.69772,37.20213],[-8.6976,37.20218],[-8.6975,37.20209],[-8.69748,37.20203],[-8.69754,37.202],[-8.69777,37.20203],[-8.69811,37.20203],[-8.69833,37.20198],[-8.69861,37.20158],[-8.69864,37.2014],[-8.6987,37.20135],[-8.69889,37.20139],[-8.69891,37.20148]]]},"properties":{"dam_id":"way/159677144","osm_type":"way","osm_id":159677144,"country":"PT","name":"Barragem de Odeáxere","uso":"desconhecido"}},{"type":"Feature","geometry":{"type":"Polygon","coordinates":[[[-7.85877,40.09002],[-7.85853,40.09002],[-7.85836,40.08998],[-7.85834,40.09001],[-7.85816,40.08993],[-7.85818,40.08989],[-7.85809,40.08981],[-7.85796,40.08962],[-7.85794,40.08938],[-7.85778,40.08935],[-7.85765,40.08921],[-7.85763,40.08913],[-7.85768,40.08895],[-7.85772,40.08896],[-7.85773,40.08907],[-7.8579,40.08922],[-7.85798,40.08919],[-7.85801,40.08906],[-7.858,40.08927],[-7.85812,40.08907],[-7.85815,40.08908],[-7.85802,40.08954],[-7.85806,40.08968],[-7.85812,40.08975],[-7.85841,40.08993],[-7.85878,40.08996],[-7.85877,40.09002]]]},"properties":{"dam_id":"way/159769740","osm_type":"way","osm_id":159769740,"country":"PT","name":"Barragem de Santa Luzia","uso":"hidroelétrica"}},{"type":"Feature","geometry":{"type":"Polygon","coordinates":[[[-8.66241,40.6455],[-8.66216,40.64568],[-8.66207,40.64561],[-8.66232,40.64543],[-8.66241,40.6455]]]},"properties":{"dam_id":"way/160226698","osm_type":"way","osm_id":160226698,"country":"PT","name":null,"uso":"desconhecido"}},{"type":"Feature","geometry":{"type":"Polygon","coordinates":[[[-7.7896,38.85043],[-7.78936,38.85027],[-7.78899,38.85008],[-7.7886,38.84987],[-7.78853,38.84988],[-7.7896,38.85043]]]},"properties":{"dam_id":"way/161749681","osm_type":"way","osm_id":161749681,"country":"PT","name":null,"uso":"desconhecido"}},{"type":"Feature","geometry":{"type":"Polygon","coordinates":[[[-8.83607,38.68615],[-8.83608,38.6862],[-8.83585,38.68624],[-8.83573,38.68635],[-8.83567,38.68651],[-8.83568,38.68659],[-8.83582,38.68677],[-8.83592,38.68681],[-8.83603,38.68681],[-8.83602,38.68711],[-8.83614,38.68754],[-8.83653,38.6882],[-8.83667,38.68906],[-8.83711,38.6897],[-8.83639,38.69071],[-8.83567,38.69127],[-8.83597,38.69169],[-8.83578,38.69185],[-8.83555,38.69165],[-8.8355,38.69156],[-8.83541,38.69122],[-8.83573,38.69078],[-8.83666,38.68976],[-8.83662,38.68956],[-8.83593,38.68812],[-8.83585,38.68772],[-8.83551,38.68693],[-8.83563,38.68691],[-8.83524,38.68618],[-8.83607,38.68615]]]},"properties":{"dam_id":"way/161919783","osm_type":"way","osm_id":161919783,"country":"PT","name":"Barragem de Venda Velha","uso":"desconhecido"}},{"type":"Feature","geometry":{"type":"LineString","coordinates":[[-7.12444,41.69835],[-7.12427,41.69835],[-7.12419,41.69839]]},"properties":{"dam_id":"way/162923571","osm_type":"way","osm_id":162923571,"country":"PT","name":null,"uso":"desconhecido"}},{"type":"Feature","geometry":{"type":"LineString","coordinates":[[-7.12462,41.68806],[-7.12433,41.68804]]},"properties":{"dam_id":"way/162923572","osm_type":"way","osm_id":162923572,"country":"PT","name":null,"uso":"desconhecido"}},{"type":"Feature","geometry":{"type":"LineString","coordinates":[[-7.12603,41.69198],[-7.12587,41.69204]]},"properties":{"dam_id":"way/162923577","osm_type":"way","osm_id":162923577,"country":"PT","name":null,"uso":"desconhecido"}},{"type":"Feature","geometry":{"type":"LineString","coordinates":[[-7.14857,41.66285],[-7.14853,41.66301],[-7.14856,41.66313],[-7.14854,41.66327]]},"properties":{"dam_id":"way/163318186","osm_type":"way","osm_id":163318186,"country":"PT","name":null,"uso":"desconhecido"}},{"type":"Feature","geometry":{"type":"Polygon","coordinates":[[[-8.11361,38.18396],[-8.11432,38.18417],[-8.11514,38.1852],[-8.11608,38.18627],[-8.11594,38.18639],[-8.1159,38.18658],[-8.11649,38.18729],[-8.11708,38.18743],[-8.11724,38.18735],[-8.11684,38.18655],[-8.11645,38.18616],[-8.11634,38.1862],[-8.11616,38.18616],[-8.11606,38.18606],[-8.11601,38.18595],[-8.11612,38.18586],[-8.11607,38.1858],[-8.11593,38.18584],[-8.11579,38.18577],[-8.11574,38.18564],[-8.11576,38.18552],[-8.11585,38.18548],[-8.11578,38.18538],[-8.11569,38.18541],[-8.11555,38.18541],[-8.11545,38.18531],[-8.11541,38.18523],[-8.11542,38.18512],[-8.11545,38.18507],[-8.11565,38.18497],[-8.11556,38.18487],[-8.11536,38.185],[-8.11521,38.18501],[-8.1151,38.18494],[-8.11506,38.18481],[-8.11513,38.18473],[-8.11533,38.1846],[-8.11527,38.18455],[-8.11506,38.18465],[-8.11492,38.18465],[-8.11483,38.18459],[-8.11476,38.18447],[-8.1148,38.1843],[-8.11495,38.18402],[-8.11502,38.18376],[-8.11498,38.18357],[-8.11509,38.18273],[-8.11496,38.18275],[-8.11488,38.18354],[-8.11477,38.18373],[-8.11469,38.184],[-8.11448,38.18404],[-8.11413,38.18392],[-8.1136,38.18386],[-8.11361,38.18396]]]},"properties":{"dam_id":"way/163602519","osm_type":"way","osm_id":163602519,"country":"PT","name":"Barragem de Odivelas","uso":"regadio"}},{"type":"Feature","geometry":{"type":"LineString","coordinates":[[-7.59229,41.87004],[-7.59215,41.86992]]},"properties":{"dam_id":"way/165066319","osm_type":"way","osm_id":165066319,"country":"PT","name":null,"uso":"desconhecido"}},{"type":"Feature","geometry":{"type":"LineString","coordinates":[[-7.90175,41.75874],[-7.90165,41.75877]]},"properties":{"dam_id":"way/165119976","osm_type":"way","osm_id":165119976,"country":"PT","name":null,"uso":"desconhecido"}},{"type":"Feature","geometry":{"type":"LineString","coordinates":[[-7.88079,41.73326],[-7.8807,41.73334]]},"properties":{"dam_id":"way/165755576","osm_type":"way","osm_id":165755576,"country":"PT","name":null,"uso":"hidroelétrica"}},{"type":"Feature","geometry":{"type":"LineString","coordinates":[[-7.41719,41.40872],[-7.41702,41.40865],[-7.41692,41.40856]]},"properties":{"dam_id":"way/165789746","osm_type":"way","osm_id":165789746,"country":"PT","name":null,"uso":"desconhecido"}},{"type":"Feature","geometry":{"type":"Polygon","coordinates":[[[-8.20307,41.87224],[-8.20358,41.87201],[-8.2036,41.87196],[-8.20363,41.87197],[-8.20361,41.87147],[-8.20355,41.87147],[-8.20366,41.87138],[-8.2042,41.87112],[-8.20426,41.87119],[-8.2042,41.87124],[-8.20409,41.87127],[-8.20371,41.87146],[-8.2037,41.87169],[-8.2038,41.87172],[-8.20382,41.87177],[-8.20369,41.87205],[-8.2035,41.87216],[-8.20335,41.8722],[-8.20317,41.87229],[-8.20307,41.87224]]]},"properties":{"dam_id":"way/1247333904","osm_type":"way","osm_id":1247333904,"country":"PT","name":"Descarregador de Cheias","uso":"hidroelétrica"}},{"type":"Feature","geometry":{"type":"Polygon","coordinates":[[[-7.65319,40.77224],[-7.65323,40.77235],[-7.65302,40.77244],[-7.65297,40.77253],[-7.65297,40.77261],[-7.65304,40.77245],[-7.65314,40.77239],[-7.65326,40.77236],[-7.65319,40.77224]]]},"properties":{"dam_id":"way/166682681","osm_type":"way","osm_id":166682681,"country":"PT","name":null,"uso":"desconhecido"}},{"type":"Feature","geometry":{"type":"Polygon","coordinates":[[[-7.32294,40.26021],[-7.32245,40.26046],[-7.3223,40.26043],[-7.3223,40.2603],[-7.32237,40.26018],[-7.32332,40.25853],[-7.32357,40.2585],[-7.32361,40.25857],[-7.32329,40.25958],[-7.32294,40.26021]]]},"properties":{"dam_id":"way/167250753","osm_type":"way","osm_id":167250753,"country":"PT","name":null,"uso":"desconhecido"}},{"type":"Feature","geometry":{"type":"Polygon","coordinates":[[[-7.28623,40.25705],[-7.28637,40.25698],[-7.28614,40.25663],[-7.28528,40.25653],[-7.28496,40.25672],[-7.28497,40.25695],[-7.28623,40.25705]]]},"properties":{"dam_id":"way/167253411","osm_type":"way","osm_id":167253411,"country":"PT","name":null,"uso":"desconhecido"}},{"type":"Feature","geometry":{"type":"Polygon","coordinates":[[[-7.66986,41.05852],[-7.67367,41.05741],[-7.67382,41.0575],[-7.67349,41.05799],[-7.67233,41.05884],[-7.67165,41.05899],[-7.67015,41.05862],[-7.67007,41.05863],[-7.67156,41.05936],[-7.67154,41.05939],[-7.67003,41.05868],[-7.67,41.0587],[-7.66979,41.05855],[-7.66991,41.05856],[-7.66986,41.05852]]]},"properties":{"dam_id":"way/168239425","osm_type":"way","osm_id":168239425,"country":"PT","name":"Barragem de Lumiares","uso":"regadio"}},{"type":"Feature","geometry":{"type":"Polygon","coordinates":[[[-7.53521,39.13563],[-7.53469,39.13577],[-7.53418,39.13604],[-7.53407,39.13619],[-7.53423,39.13619],[-7.53435,39.1361],[-7.53511,39.13573],[-7.53521,39.13563]]]},"properties":{"dam_id":"way/171273450","osm_type":"way","osm_id":171273450,"country":"PT","name":null,"uso":"desconhecido"}},{"type":"Feature","geometry":{"type":"Polygon","coordinates":[[[-7.65923,37.15943],[-7.65919,37.15939],[-7.65929,37.15933],[-7.66006,37.15931],[-7.6601,37.15937],[-7.65931,37.15939],[-7.65923,37.15943]]]},"properties":{"dam_id":"way/172325244","osm_type":"way","osm_id":172325244,"country":"PT","name":null,"uso":"desconhecido"}},{"type":"Feature","geometry":{"type":"Polygon","coordinates":[[[-7.79084,40.0794],[-7.79076,40.07944],[-7.78975,40.0799],[-7.78998,40.07987],[-7.79002,40.07993],[-7.79066,40.07965],[-7.79075,40.07974],[-7.79074,40.07962],[-7.79069,40.07956],[-7.79087,40.07943],[-7.79084,40.0794]]]},"properties":{"dam_id":"way/173151696","osm_type":"way","osm_id":173151696,"country":"PT","name":"Barragem de Porto das Vacas","uso":"hidroelétrica"}},{"type":"Feature","geometry":{"type":"Polygon","coordinates":[[[-8.19322,41.00292],[-8.19307,41.0029],[-8.19316,41.00272],[-8.1931,41.0027],[-8.19318,41.00254],[-8.19324,41.00255],[-8.19323,41.00261],[-8.19328,41.00262],[-8.19335,41.00258],[-8.19343,41.00264],[-8.19334,41.00274],[-8.19324,41.00271],[-8.19323,41.00273],[-8.19332,41.00275],[-8.19322,41.00292]]]},"properties":{"dam_id":"way/175089206","osm_type":"way","osm_id":175089206,"country":"PT","name":"Mini-Hidrica do Ardena de Nespereira","uso":"desconhecido"}},{"type":"Feature","geometry":{"type":"Polygon","coordinates":[[[-7.63241,38.57864],[-7.63228,38.57808],[-7.63212,38.57818],[-7.63148,38.57959],[-7.63161,38.57965],[-7.63214,38.57951],[-7.63241,38.57864]]]},"properties":{"dam_id":"way/176922705","osm_type":"way","osm_id":176922705,"country":"PT","name":null,"uso":"desconhecido"}},{"type":"Feature","geometry":{"type":"Polygon","coordinates":[[[-7.65178,38.62077],[-7.65137,38.62048],[-7.65161,38.6196],[-7.65181,38.61962],[-7.65178,38.62077]]]},"properties":{"dam_id":"way/176933408","osm_type":"way","osm_id":176933408,"country":"PT","name":null,"uso":"desconhecido"}},{"type":"Feature","geometry":{"type":"Polygon","coordinates":[[[-8.24788,40.30067],[-8.2478,40.30068],[-8.24783,40.30066],[-8.24759,40.29951],[-8.24732,40.29954],[-8.24731,40.29949],[-8.24761,40.29946],[-8.24768,40.2997],[-8.24765,40.29971],[-8.24769,40.29988],[-8.24772,40.29989],[-8.24769,40.2999],[-8.24772,40.30007],[-8.24775,40.30007],[-8.24773,40.30009],[-8.24776,40.30027],[-8.2478,40.30026],[-8.24788,40.30067]]]},"properties":{"dam_id":"way/180835563","osm_type":"way","osm_id":180835563,"country":"PT","name":"Açude de Penacova","uso":"hidroelétrica"}},{"type":"Feature","geometry":{"type":"Polygon","coordinates":[[[-7.00799,39.9281],[-7.00781,39.92814],[-7.00767,39.9281],[-7.00769,39.92797],[-7.00788,39.92773],[-7.00904,39.92695],[-7.00952,39.92705],[-7.00952,39.92723],[-7.00937,39.92735],[-7.00933,39.92728],[-7.00915,39.92729],[-7.00796,39.92791],[-7.00799,39.9281]]]},"properties":{"dam_id":"way/182072309","osm_type":"way","osm_id":182072309,"country":"PT","name":null,"uso":"desconhecido"}},{"type":"Feature","geometry":{"type":"Polygon","coordinates":[[[-7.74974,41.28653],[-7.74945,41.28621],[-7.74941,41.28623],[-7.74934,41.28616],[-7.74932,41.28617],[-7.74971,41.28654],[-7.74974,41.28653]]]},"properties":{"dam_id":"way/182284926","osm_type":"way","osm_id":182284926,"country":"PT","name":"Barragem do Terragido","uso":"hidroelétrica"}},{"type":"Feature","geometry":{"type":"Polygon","coordinates":[[[-7.96374,39.55362],[-7.96383,39.55387],[-7.96389,39.55394],[-7.96405,39.55403],[-7.96414,39.55404],[-7.9642,39.5541],[-7.96427,39.55404],[-7.96416,39.55399],[-7.9641,39.554],[-7.96394,39.5539],[-7.96387,39.5538],[-7.96384,39.5536],[-7.96374,39.55362]]]},"properties":{"dam_id":"way/182566848","osm_type":"way","osm_id":182566848,"country":"PT","name":null,"uso":"desconhecido"}},{"type":"Feature","geometry":{"type":"Polygon","coordinates":[[[-7.58229,39.51591],[-7.58174,39.51554],[-7.58142,39.51507],[-7.58136,39.51481],[-7.58142,39.51482],[-7.58148,39.51507],[-7.58179,39.51548],[-7.58207,39.51561],[-7.58207,39.51568],[-7.58232,39.5156],[-7.58236,39.51569],[-7.58218,39.51577],[-7.58236,39.51589],[-7.58229,39.51591]]]},"properties":{"dam_id":"way/182567006","osm_type":"way","osm_id":182567006,"country":"PT","name":"Barragem do Poio","uso":"hidroelétrica"}},{"type":"Feature","geometry":{"type":"Polygon","coordinates":[[[-7.56913,39.5063],[-7.56929,39.5064],[-7.56984,39.50661],[-7.56952,39.50652],[-7.56929,39.50642],[-7.56913,39.5063]]]},"properties":{"dam_id":"way/182567142","osm_type":"way","osm_id":182567142,"country":"PT","name":null,"uso":"desconhecido"}},{"type":"Feature","geometry":{"type":"Polygon","coordinates":[[[-7.11315,39.86623],[-7.11309,39.86643],[-7.11226,39.86684],[-7.112,39.8668],[-7.11194,39.86675],[-7.11197,39.86669],[-7.11296,39.8662],[-7.113,39.8661],[-7.11315,39.86623]]]},"properties":{"dam_id":"way/182691375","osm_type":"way","osm_id":182691375,"country":"PT","name":null,"uso":"desconhecido"}},{"type":"Feature","geometry":{"type":"Polygon","coordinates":[[[-7.19542,39.78583],[-7.19535,39.78571],[-7.19536,39.78548],[-7.19546,39.78517],[-7.19557,39.78507],[-7.19537,39.7851],[-7.19506,39.7855],[-7.19517,39.78589],[-7.19542,39.78583]]]},"properties":{"dam_id":"way/182705383","osm_type":"way","osm_id":182705383,"country":"PT","name":"Barragem do Gonçalão","uso":"desconhecido"}},{"type":"Feature","geometry":{"type":"LineString","coordinates":[[-7.52532,40.92545],[-7.5251,40.92605]]},"properties":{"dam_id":"way/182911266","osm_type":"way","osm_id":182911266,"country":"PT","name":null,"uso":"hidroelétrica"}},{"type":"Feature","geometry":{"type":"Polygon","coordinates":[[[-7.18371,39.87327],[-7.18447,39.87456],[-7.18462,39.87453],[-7.18447,39.87381],[-7.18435,39.87361],[-7.18417,39.87341],[-7.18386,39.87323],[-7.18371,39.87327]]]},"properties":{"dam_id":"way/182984936","osm_type":"way","osm_id":182984936,"country":"PT","name":null,"uso":"desconhecido"}},{"type":"Feature","geometry":{"type":"Polygon","coordinates":[[[-7.18411,39.86708],[-7.18384,39.86731],[-7.1838,39.86747],[-7.18381,39.86779],[-7.18389,39.86792],[-7.18397,39.86799],[-7.18391,39.86803],[-7.18381,39.86801],[-7.18368,39.86788],[-7.18361,39.86769],[-7.1836,39.86752],[-7.18365,39.86734],[-7.18376,39.86721],[-7.18407,39.86703],[-7.18411,39.86708]]]},"properties":{"dam_id":"way/182984937","osm_type":"way","osm_id":182984937,"country":"PT","name":null,"uso":"desconhecido"}},{"type":"Feature","geometry":{"type":"Polygon","coordinates":[[[-7.1044,39.91937],[-7.1041,39.91977],[-7.10406,39.91977],[-7.10404,39.91973],[-7.10409,39.91957],[-7.1042,39.91942],[-7.10434,39.91931],[-7.10454,39.91921],[-7.10455,39.91926],[-7.1044,39.91937]]]},"properties":{"dam_id":"way/183423388","osm_type":"way","osm_id":183423388,"country":"PT","name":null,"uso":"desconhecido"}},{"type":"Feature","geometry":{"type":"Polygon","coordinates":[[[-7.1134,39.91995],[-7.11377,39.91965],[-7.11356,39.9196],[-7.11279,39.91963],[-7.11277,39.91969],[-7.11249,39.91984],[-7.112,39.91988],[-7.11161,39.92016],[-7.11133,39.92078],[-7.11135,39.9208],[-7.11297,39.91997],[-7.11317,39.91993],[-7.1134,39.91995]]]},"properties":{"dam_id":"way/183423389","osm_type":"way","osm_id":183423389,"country":"PT","name":null,"uso":"desconhecido"}},{"type":"Feature","geometry":{"type":"Polygon","coordinates":[[[-8.24887,40.30971],[-8.2493,40.31032],[-8.24951,40.31024],[-8.24947,40.31018],[-8.24933,40.31018],[-8.24924,40.31001],[-8.2493,40.30999],[-8.24918,40.30983],[-8.2492,40.3098],[-8.24905,40.30961],[-8.24948,40.30944],[-8.24946,40.3094],[-8.24896,40.30961],[-8.24885,40.30945],[-8.24894,40.30941],[-8.24892,40.30938],[-8.24882,40.30941],[-8.24871,40.30925],[-8.24922,40.30905],[-8.2492,40.30903],[-8.24899,40.30911],[-8.2488,40.30884],[-8.24878,40.30862],[-8.24844,40.30866],[-8.2483,40.30873],[-8.24807,40.30876],[-8.24818,40.30883],[-8.24837,40.30911],[-8.24837,40.30914],[-8.24843,40.3092],[-8.24842,40.30922],[-8.24849,40.30927],[-8.24847,40.3093],[-8.24858,40.30931],[-8.24869,40.30947],[-8.24865,40.30951],[-8.24871,40.30951],[-8.24882,40.30967],[-8.24881,40.30972],[-8.24887,40.30971]]]},"properties":{"dam_id":"way/183579885","osm_type":"way","osm_id":183579885,"country":"PT","name":"Barragem da Raiva","uso":"hidroelétrica"}},{"type":"Feature","geometry":{"type":"Polygon","coordinates":[[[-8.35369,41.81229],[-8.35374,41.81193],[-8.35363,41.81188],[-8.35399,41.81187],[-8.35388,41.81193],[-8.35382,41.81217],[-8.35381,41.81259],[-8.35395,41.81258],[-8.35395,41.81261],[-8.35381,41.81262],[-8.35382,41.81272],[-8.35396,41.81271],[-8.35397,41.81274],[-8.35383,41.81275],[-8.35385,41.81284],[-8.35397,41.81283],[-8.35398,41.81286],[-8.35407,41.81288],[-8.35459,41.81284],[-8.35459,41.81286],[-8.35387,41.81293],[-8.35392,41.81305],[-8.35418,41.81316],[-8.35369,41.81324],[-8.35361,41.81317],[-8.3537,41.81315],[-8.35378,41.81303],[-8.35374,41.81289],[-8.35363,41.8129],[-8.35373,41.81285],[-8.35372,41.81276],[-8.35365,41.81274],[-8.35371,41.81272],[-8.3537,41.81263],[-8.35363,41.81261],[-8.35369,41.8126],[-8.35369,41.8125],[-8.35352,41.81249],[-8.35356,41.81245],[-8.35356,41.81235],[-8.35352,41.81232],[-8.35355,41.81229],[-8.35369,41.81229]]]},"properties":{"dam_id":"way/183714045","osm_type":"way","osm_id":183714045,"country":"PT","name":"Barragem de Touvedo","uso":"hidroelétrica"}},{"type":"Feature","geometry":{"type":"Polygon","coordinates":[[[-7.50646,37.65966],[-7.50653,37.65948],[-7.50638,37.65908],[-7.50607,37.65923],[-7.506,37.65934],[-7.50553,37.65968],[-7.5057,37.65984],[-7.50576,37.65983],[-7.50578,37.65987],[-7.50646,37.65966]]]},"properties":{"dam_id":"way/184209939","osm_type":"way","osm_id":184209939,"country":"PT","name":null,"uso":"desconhecido"}},{"type":"Feature","geometry":{"type":"LineString","coordinates":[[-7.50863,37.65446],[-7.50831,37.65413]]},"properties":{"dam_id":"way/184209944","osm_type":"way","osm_id":184209944,"country":"PT","name":null,"uso":"desconhecido"}},{"type":"Feature","geometry":{"type":"Polygon","coordinates":[[[-7.49476,37.67253],[-7.49536,37.67298],[-7.49538,37.67295],[-7.49483,37.67248],[-7.49427,37.67206],[-7.49421,37.67207],[-7.49476,37.67253]]]},"properties":{"dam_id":"way/184463568","osm_type":"way","osm_id":184463568,"country":"PT","name":"Barragem da Tapada Pequena","uso":"desconhecido"}},{"type":"Feature","geometry":{"type":"Polygon","coordinates":[[[-8.16445,41.50325],[-8.16334,41.50358],[-8.16331,41.50351],[-8.16343,41.50339],[-8.16339,41.50331],[-8.16352,41.50327],[-8.16354,41.50331],[-8.16374,41.50326],[-8.16369,41.50318],[-8.16372,41.50317],[-8.16376,41.50324],[-8.16423,41.50311],[-8.16445,41.50321],[-8.16445,41.50325]]]},"properties":{"dam_id":"way/184819825","osm_type":"way","osm_id":184819825,"country":"PT","name":"Barragem de Queimadela","uso":"desconhecido"}},{"type":"Feature","geometry":{"type":"Polygon","coordinates":[[[-8.08235,37.93058],[-8.08216,37.93096],[-8.08168,37.93174],[-8.0816,37.93275],[-8.08131,37.93389],[-8.08111,37.93621],[-8.08104,37.93625],[-8.08086,37.93496],[-8.08099,37.93386],[-8.08083,37.93046],[-8.08115,37.93045],[-8.08116,37.93021],[-8.0811,37.93017],[-8.08116,37.93008],[-8.0811,37.93004],[-8.0811,37.92999],[-8.08116,37.92994],[-8.0811,37.9299],[-8.08111,37.92985],[-8.08116,37.92981],[-8.08111,37.92976],[-8.08111,37.92972],[-8.08116,37.92967],[-8.08111,37.92963],[-8.08117,37.92953],[-8.08112,37.9295],[-8.08112,37.92945],[-8.08117,37.9294],[-8.08112,37.92937],[-8.08117,37.92927],[-8.08112,37.92923],[-8.08117,37.92913],[-8.08113,37.92909],[-8.08113,37.92904],[-8.08117,37.929],[-8.08118,37.92871],[-8.08124,37.92871],[-8.08124,37.92902],[-8.08127,37.92909],[-8.08124,37.92915],[-8.08131,37.92923],[-8.08127,37.92923],[-8.08123,37.92928],[-8.08128,37.92932],[-8.08134,37.92932],[-8.08136,37.92935],[-8.08128,37.92935],[-8.08123,37.9294],[-8.08127,37.92946],[-8.08136,37.92946],[-8.08136,37.92949],[-8.08127,37.92949],[-8.08123,37.92953],[-8.08127,37.92959],[-8.08133,37.92959],[-8.08133,37.92962],[-8.08127,37.92962],[-8.08123,37.92968],[-8.0814,37.92968],[-8.0814,37.92994],[-8.08122,37.92994],[-8.08127,37.93],[-8.08135,37.93],[-8.08135,37.93003],[-8.08127,37.93003],[-8.08122,37.93007],[-8.08126,37.93013],[-8.08134,37.93012],[-8.08134,37.93018],[-8.08125,37.93018],[-8.08132,37.9302],[-8.08132,37.93029],[-8.08232,37.93027],[-8.08238,37.9303],[-8.08239,37.93036],[-8.08235,37.93058]]]},"properties":{"dam_id":"way/184849578","osm_type":"way","osm_id":184849578,"country":"PT","name":"Barragem do Roxo","uso":"hidroelétrica"}},{"type":"Feature","geometry":{"type":"Polygon","coordinates":[[[-7.6373,39.87961],[-7.63709,39.87962],[-7.63724,39.8793],[-7.63799,39.8785],[-7.63826,39.87829],[-7.63831,39.87836],[-7.63741,39.87941],[-7.6373,39.87961]]]},"properties":{"dam_id":"way/184969505","osm_type":"way","osm_id":184969505,"country":"PT","name":null,"uso":"desconhecido"}},{"type":"Feature","geometry":{"type":"LineString","coordinates":[[-8.3725,40.45389],[-8.37254,40.45371],[-8.37252,40.45361]]},"properties":{"dam_id":"way/185353647","osm_type":"way","osm_id":185353647,"country":"PT","name":null,"uso":"desconhecido"}},{"type":"Feature","geometry":{"type":"Polygon","coordinates":[[[-8.36486,40.42554],[-8.36443,40.42509],[-8.36524,40.42485],[-8.36531,40.42494],[-8.36486,40.42554]]]},"properties":{"dam_id":"way/185353652","osm_type":"way","osm_id":185353652,"country":"PT","name":"Barragem do Porcão","uso":"desconhecido"}},{"type":"Feature","geometry":{"type":"LineString","coordinates":[[-7.28254,41.5572],[-7.28244,41.55713]]},"properties":{"dam_id":"way/186776124","osm_type":"way","osm_id":186776124,"country":"PT","name":null,"uso":"desconhecido"}},{"type":"Feature","geometry":{"type":"Polygon","coordinates":[[[-7.12188,39.01391],[-7.1217,39.01282],[-7.12156,39.01269],[-7.12139,39.01267],[-7.12133,39.01272],[-7.12154,39.01415],[-7.1217,39.01411],[-7.12188,39.01391]]]},"properties":{"dam_id":"way/188126118","osm_type":"way","osm_id":188126118,"country":"PT","name":null,"uso":"desconhecido"}},{"type":"Feature","geometry":{"type":"Polygon","coordinates":[[[-7.15996,41.39456],[-7.1599,41.39431],[-7.1597,41.39425],[-7.1593,41.3966],[-7.15914,41.3968],[-7.1582,41.39708],[-7.15831,41.39719],[-7.15862,41.39717],[-7.1591,41.39701],[-7.15938,41.39688],[-7.15955,41.39668],[-7.15964,41.39644],[-7.16041,41.396],[-7.16055,41.39519],[-7.15996,41.39456]]]},"properties":{"dam_id":"way/189255368","osm_type":"way","osm_id":189255368,"country":"PT","name":"Barragem do Cachão","uso":"desconhecido"}},{"type":"Feature","geometry":{"type":"Polygon","coordinates":[[[-7.49203,41.30792],[-7.49176,41.3077],[-7.49128,41.30781],[-7.49173,41.30758],[-7.49163,41.30749],[-7.49186,41.30737],[-7.49182,41.30733],[-7.49052,41.30802],[-7.49041,41.30805],[-7.49047,41.30813],[-7.49037,41.30819],[-7.4905,41.30834],[-7.49212,41.30899],[-7.49231,41.30888],[-7.49221,41.30882],[-7.49214,41.30814],[-7.49203,41.30792]]]},"properties":{"dam_id":"way/189613054","osm_type":"way","osm_id":189613054,"country":"PT","name":"Barragem de Vila Chã","uso":"abastecimento"}},{"type":"Feature","geometry":{"type":"Polygon","coordinates":[[[-8.1964,38.05999],[-8.19562,38.06028],[-8.19549,38.06028],[-8.19431,38.06064],[-8.19427,38.06054],[-8.19454,38.06037],[-8.19578,38.05989],[-8.19627,38.05967],[-8.1968,38.05939],[-8.19746,38.05894],[-8.19758,38.0589],[-8.19767,38.05898],[-8.19732,38.05938],[-8.19672,38.05971],[-8.19666,38.05982],[-8.1964,38.05999]]]},"properties":{"dam_id":"way/189850371","osm_type":"way","osm_id":189850371,"country":"PT","name":null,"uso":"desconhecido"}},{"type":"Feature","geometry":{"type":"LineString","coordinates":[[-8.07437,38.06691],[-8.07797,38.06632]]},"properties":{"dam_id":"way/190246814","osm_type":"way","osm_id":190246814,"country":"PT","name":null,"uso":"desconhecido"}},{"type":"Feature","geometry":{"type":"Polygon","coordinates":[[[-8.07366,38.0092],[-8.07384,38.00911],[-8.0741,38.00905],[-8.07464,38.00875],[-8.0751,38.00844],[-8.07507,38.00837],[-8.07483,38.00832],[-8.07161,38.00853],[-8.07138,38.00852],[-8.07093,38.00844],[-8.07078,38.00848],[-8.0707,38.00855],[-8.07103,38.00873],[-8.07188,38.00894],[-8.07366,38.0092]]]},"properties":{"dam_id":"way/190293576","osm_type":"way","osm_id":190293576,"country":"PT","name":null,"uso":"desconhecido"}},{"type":"Feature","geometry":{"type":"LineString","coordinates":[[-8.45313,40.76325],[-8.45341,40.76322],[-8.45365,40.76314],[-8.45348,40.76279],[-8.45338,40.76266],[-8.4535,40.76262]]},"properties":{"dam_id":"way/192165249","osm_type":"way","osm_id":192165249,"country":"PT","name":null,"uso":"desconhecido"}},{"type":"Feature","geometry":{"type":"LineString","coordinates":[[-8.45981,40.74379],[-8.46,40.74381]]},"properties":{"dam_id":"way/192165484","osm_type":"way","osm_id":192165484,"country":"PT","name":null,"uso":"desconhecido"}},{"type":"Feature","geometry":{"type":"Polygon","coordinates":[[[-7.51637,39.81525],[-7.51646,39.81513],[-7.51639,39.81649],[-7.51633,39.81651],[-7.51637,39.81525]]]},"properties":{"dam_id":"way/195985090","osm_type":"way","osm_id":195985090,"country":"PT","name":null,"uso":"desconhecido"}},{"type":"Feature","geometry":{"type":"LineString","coordinates":[[-8.14468,39.74604],[-8.14459,39.74604],[-8.1445,39.74586],[-8.14439,39.74578],[-8.14417,39.74573],[-8.14393,39.74578],[-8.14379,39.74588],[-8.14353,39.74588]]},"properties":{"dam_id":"way/197274099","osm_type":"way","osm_id":197274099,"country":"PT","name":null,"uso":"desconhecido"}},{"type":"Feature","geometry":{"type":"Polygon","coordinates":[[[-8.35823,39.6086],[-8.35899,39.60827],[-8.35896,39.60822],[-8.35794,39.60863],[-8.35788,39.60854],[-8.35774,39.60861],[-8.35759,39.60863],[-8.35761,39.60867],[-8.35777,39.60868],[-8.35771,39.60872],[-8.35782,39.60873],[-8.35775,39.60878],[-8.35777,39.6088],[-8.35787,39.60878],[-8.3578,39.60882],[-8.35779,39.60887],[-8.35793,39.60877],[-8.35913,39.60943],[-8.35925,39.60947],[-8.35931,39.60944],[-8.35966,39.60949],[-8.35973,39.60939],[-8.35947,39.60927],[-8.35931,39.60904],[-8.35924,39.60883],[-8.35925,39.60857],[-8.35917,39.60865],[-8.35909,39.60861],[-8.35917,39.60853],[-8.35885,39.60852],[-8.35881,39.60854],[-8.35841,39.60858],[-8.35837,39.60861],[-8.35823,39.6086]]]},"properties":{"dam_id":"way/198485138","osm_type":"way","osm_id":198485138,"country":"PT","name":"Barragem do Carril","uso":"desconhecido"}},{"type":"Feature","geometry":{"type":"Polygon","coordinates":[[[-8.28561,37.899],[-8.28558,37.89911],[-8.28551,37.89916],[-8.28536,37.89921],[-8.28502,37.89927],[-8.28484,37.89924],[-8.28467,37.89928],[-8.28409,37.89925],[-8.28389,37.89913],[-8.28386,37.89906],[-8.28561,37.899]]]},"properties":{"dam_id":"way/199371594","osm_type":"way","osm_id":199371594,"country":"PT","name":null,"uso":"desconhecido"}},{"type":"Feature","geometry":{"type":"LineString","coordinates":[[-6.81034,41.13658],[-6.80992,41.13638]]},"properties":{"dam_id":"way/200477568","osm_type":"way","osm_id":200477568,"country":"PT","name":null,"uso":"desconhecido"}},{"type":"Feature","geometry":{"type":"Polygon","coordinates":[[[-7.6338,41.0425],[-7.63311,41.04243],[-7.63303,41.04244],[-7.63334,41.04254],[-7.63357,41.04255],[-7.63368,41.04253],[-7.63368,41.04262],[-7.63375,41.04263],[-7.6338,41.0425]]]},"properties":{"dam_id":"way/204991569","osm_type":"way","osm_id":204991569,"country":"PT","name":null,"uso":"desconhecido"}},{"type":"Feature","geometry":{"type":"Polygon","coordinates":[[[-6.80495,41.04742],[-6.80464,41.04712],[-6.80453,41.04696],[-6.80448,41.04678],[-6.80413,41.04676],[-6.80396,41.04667],[-6.80398,41.04656],[-6.80381,41.04652],[-6.80347,41.04655],[-6.8033,41.0466],[-6.80329,41.04667],[-6.80336,41.04672],[-6.8039,41.04688],[-6.80397,41.04709],[-6.80391,41.04711],[-6.80392,41.04714],[-6.804,41.04715],[-6.80411,41.04734],[-6.80405,41.04737],[-6.80406,41.0474],[-6.80414,41.04739],[-6.80429,41.04756],[-6.80424,41.04762],[-6.80433,41.04762],[-6.80449,41.04777],[-6.80448,41.04784],[-6.80456,41.04783],[-6.80475,41.04797],[-6.80481,41.04789],[-6.80475,41.04781],[-6.80478,41.04768],[-6.80485,41.04758],[-6.80481,41.04755],[-6.80495,41.04742]]]},"properties":{"dam_id":"way/207255601","osm_type":"way","osm_id":207255601,"country":"PT","name":"Salto de Saucelle","uso":"hidroelétrica"}},{"type":"Feature","geometry":{"type":"Polygon","coordinates":[[[-7.50592,39.02701],[-7.50521,39.02704],[-7.50536,39.02711],[-7.50546,39.02711],[-7.50574,39.0271],[-7.50592,39.02704],[-7.50592,39.02701]]]},"properties":{"dam_id":"way/208465363","osm_type":"way","osm_id":208465363,"country":"PT","name":null,"uso":"desconhecido"}},{"type":"Feature","geometry":{"type":"Polygon","coordinates":[[[-7.49541,39.01643],[-7.49543,39.01604],[-7.49537,39.01602],[-7.49534,39.0164],[-7.49541,39.01643]]]},"properties":{"dam_id":"way/208465364","osm_type":"way","osm_id":208465364,"country":"PT","name":null,"uso":"desconhecido"}},{"type":"Feature","geometry":{"type":"LineString","coordinates":[[-8.26516,37.79039],[-8.26347,37.78784]]},"properties":{"dam_id":"way/215485112","osm_type":"way","osm_id":215485112,"country":"PT","name":null,"uso":"desconhecido"}},{"type":"Feature","geometry":{"type":"Polygon","coordinates":[[[-6.68704,41.21172],[-6.68661,41.21197],[-6.6864,41.21225],[-6.68643,41.21251],[-6.68615,41.21242],[-6.68597,41.21233],[-6.68594,41.21235],[-6.68594,41.21242],[-6.6859,41.21237],[-6.68594,41.21229],[-6.68583,41.2122],[-6.68574,41.21225],[-6.68581,41.21218],[-6.68571,41.21207],[-6.68561,41.21211],[-6.68568,41.21204],[-6.68561,41.21193],[-6.68551,41.21196],[-6.68559,41.2119],[-6.68554,41.21179],[-6.68544,41.2118],[-6.68553,41.21176],[-6.6855,41.21164],[-6.6854,41.21164],[-6.68549,41.21161],[-6.68549,41.21154],[-6.68539,41.21153],[-6.6855,41.2115],[-6.68551,41.21139],[-6.68541,41.21136],[-6.68552,41.21134],[-6.68556,41.21123],[-6.68548,41.21119],[-6.68548,41.21114],[-6.68553,41.21119],[-6.68557,41.21118],[-6.68571,41.21097],[-6.68596,41.21074],[-6.68614,41.21088],[-6.68679,41.21106],[-6.68679,41.21127],[-6.68704,41.21172]]]},"properties":{"dam_id":"way/215669321","osm_type":"way","osm_id":215669321,"country":"PT","name":"Salto de Aldeadávila","uso":"hidroelétrica"}},{"type":"Feature","geometry":{"type":"Polygon","coordinates":[[[-7.7251,37.38174],[-7.72501,37.38164],[-7.72395,37.38194],[-7.72402,37.38208],[-7.72437,37.38223],[-7.72478,37.38214],[-7.72497,37.3818],[-7.72508,37.38199],[-7.72504,37.38241],[-7.72508,37.38241],[-7.72513,37.38195],[-7.7251,37.38174]]]},"properties":{"dam_id":"way/215819226","osm_type":"way","osm_id":215819226,"country":"PT","name":"Barragem de Vaqueiros","uso":"regadio"}},{"type":"Feature","geometry":{"type":"Polygon","coordinates":[[[-8.33907,40.44186],[-8.33895,40.4418],[-8.33869,40.44166],[-8.33873,40.44165],[-8.33891,40.44174],[-8.33903,40.44161],[-8.33913,40.44167],[-8.33902,40.4418],[-8.33908,40.44183],[-8.33907,40.44186]]]},"properties":{"dam_id":"way/216630769","osm_type":"way","osm_id":216630769,"country":"PT","name":"Barragem do Saidinho","uso":"desconhecido"}},{"type":"Feature","geometry":{"type":"Polygon","coordinates":[[[-7.59253,37.44285],[-7.5922,37.44307],[-7.59151,37.44366],[-7.58972,37.44507],[-7.58983,37.44517],[-7.59107,37.44456],[-7.59148,37.44415],[-7.59239,37.44317],[-7.59259,37.44289],[-7.59253,37.44285]]]},"properties":{"dam_id":"way/219469520","osm_type":"way","osm_id":219469520,"country":"PT","name":"Barragem do Pereiro","uso":"desconhecido"}},{"type":"Feature","geometry":{"type":"Polygon","coordinates":[[[-8.70992,41.88041],[-8.71,41.8805],[-8.70997,41.88052],[-8.71001,41.88056],[-8.71016,41.88049],[-8.7101,41.88042],[-8.71001,41.88047],[-8.7098,41.88024],[-8.70975,41.88026],[-8.70981,41.88033],[-8.70984,41.88031],[-8.70989,41.88041],[-8.70992,41.88041]]]},"properties":{"dam_id":"way/221657552","osm_type":"way","osm_id":221657552,"country":"PT","name":"Barragem de Covas","uso":"desconhecido"}},{"type":"Feature","geometry":{"type":"LineString","coordinates":[[-8.07445,41.71677],[-8.07434,41.71651]]},"properties":{"dam_id":"way/224284059","osm_type":"way","osm_id":224284059,"country":"PT","name":null,"uso":"desconhecido"}},{"type":"Feature","geometry":{"type":"Polygon","coordinates":[[[-8.5942,37.14176],[-8.59413,37.14196],[-8.59437,37.14207],[-8.59432,37.14212],[-8.59435,37.14214],[-8.59445,37.14203],[-8.59458,37.14209],[-8.59451,37.14222],[-8.59455,37.14219],[-8.59635,37.143],[-8.59659,37.14275],[-8.59645,37.14275],[-8.59639,37.14279],[-8.59469,37.14199],[-8.59472,37.14194],[-8.59461,37.14206],[-8.59448,37.14199],[-8.59453,37.14188],[-8.5942,37.14176]]]},"properties":{"dam_id":"way/233409755","osm_type":"way","osm_id":233409755,"country":"PT","name":null,"uso":"desconhecido"}},{"type":"Feature","geometry":{"type":"LineString","coordinates":[[-8.53892,37.17599],[-8.53857,37.17661]]},"properties":{"dam_id":"way/233541526","osm_type":"way","osm_id":233541526,"country":"PT","name":null,"uso":"desconhecido"}},{"type":"Feature","geometry":{"type":"LineString","coordinates":[[-8.50411,37.1799],[-8.50354,37.18002]]},"properties":{"dam_id":"way/233647053","osm_type":"way","osm_id":233647053,"country":"PT","name":null,"uso":"desconhecido"}},{"type":"Feature","geometry":{"type":"LineString","coordinates":[[-8.50883,37.17841],[-8.50931,37.17834]]},"properties":{"dam_id":"way/233647065","osm_type":"way","osm_id":233647065,"country":"PT","name":null,"uso":"desconhecido"}},{"type":"Feature","geometry":{"type":"LineString","coordinates":[[-8.49582,37.18391],[-8.49539,37.18444]]},"properties":{"dam_id":"way/233647068","osm_type":"way","osm_id":233647068,"country":"PT","name":null,"uso":"desconhecido"}},{"type":"Feature","geometry":{"type":"LineString","coordinates":[[-8.52071,37.17684],[-8.52,37.1768]]},"properties":{"dam_id":"way/233647072","osm_type":"way","osm_id":233647072,"country":"PT","name":null,"uso":"desconhecido"}},{"type":"Feature","geometry":{"type":"LineString","coordinates":[[-8.51511,37.17764],[-8.51444,37.17766]]},"properties":{"dam_id":"way/233647083","osm_type":"way","osm_id":233647083,"country":"PT","name":null,"uso":"desconhecido"}},{"type":"Feature","geometry":{"type":"Polygon","coordinates":[[[-7.63788,40.36856],[-7.63794,40.36861],[-7.6383,40.36832],[-7.63835,40.36819],[-7.63852,40.36814],[-7.63874,40.36789],[-7.63898,40.36783],[-7.63917,40.36787],[-7.63915,40.3679],[-7.63896,40.36788],[-7.63878,40.36793],[-7.63868,40.36803],[-7.63864,40.36817],[-7.63849,40.36817],[-7.63839,40.36823],[-7.63835,40.3683],[-7.63836,40.3684],[-7.63832,40.36841],[-7.6383,40.36835],[-7.63795,40.36864],[-7.63786,40.36858],[-7.63788,40.36856]]]},"properties":{"dam_id":"way/233966768","osm_type":"way","osm_id":233966768,"country":"PT","name":"Barragem do Covão do Forno","uso":"desconhecido"}},{"type":"Feature","geometry":{"type":"Polygon","coordinates":[[[-7.06904,40.01765],[-7.06795,40.01697],[-7.06798,40.01694],[-7.0681,40.01693],[-7.0687,40.01731],[-7.0691,40.0176],[-7.06904,40.01765]]]},"properties":{"dam_id":"way/239611478","osm_type":"way","osm_id":239611478,"country":"PT","name":null,"uso":"desconhecido"}},{"type":"Feature","geometry":{"type":"Polygon","coordinates":[[[-7.054,40.01574],[-7.05351,40.01481],[-7.05348,40.01476],[-7.05379,40.01489],[-7.05388,40.01503],[-7.05394,40.01514],[-7.054,40.01574]]]},"properties":{"dam_id":"way/239611479","osm_type":"way","osm_id":239611479,"country":"PT","name":null,"uso":"desconhecido"}},{"type":"Feature","geometry":{"type":"Polygon","coordinates":[[[-7.97707,39.0151],[-7.97654,39.01437],[-7.97633,39.0143],[-7.9753,39.01581],[-7.97539,39.01583],[-7.9767,39.01562],[-7.97707,39.0151]]]},"properties":{"dam_id":"way/239858078","osm_type":"way","osm_id":239858078,"country":"PT","name":"Barragem de Maranhão","uso":"hidroelétrica"}},{"type":"Feature","geometry":{"type":"Polygon","coordinates":[[[-7.01117,41.22662],[-7.01153,41.22727],[-7.0122,41.22811],[-7.01252,41.22775],[-7.01267,41.22772],[-7.01288,41.22782],[-7.01285,41.22786],[-7.0127,41.22783],[-7.01263,41.22786],[-7.01231,41.22819],[-7.0123,41.22836],[-7.01241,41.22848],[-7.01277,41.22864],[-7.01292,41.22865],[-7.01305,41.22861],[-7.01341,41.22819],[-7.01338,41.22812],[-7.01331,41.22807],[-7.01335,41.22803],[-7.01352,41.22814],[-7.01354,41.22826],[-7.01323,41.22863],[-7.01438,41.22878],[-7.01479,41.2288],[-7.01528,41.22877],[-7.01513,41.22896],[-7.01506,41.22895],[-7.01396,41.22904],[-7.01338,41.22899],[-7.01291,41.22888],[-7.0129,41.22897],[-7.01288,41.22898],[-7.01283,41.22892],[-7.01286,41.22887],[-7.01269,41.22881],[-7.01263,41.22888],[-7.01258,41.22888],[-7.01262,41.22878],[-7.01248,41.22872],[-7.01242,41.22877],[-7.01236,41.22878],[-7.01239,41.22867],[-7.01227,41.22861],[-7.01216,41.22866],[-7.0122,41.22857],[-7.01207,41.22849],[-7.01201,41.22852],[-7.01192,41.22851],[-7.01193,41.22847],[-7.01201,41.22845],[-7.01156,41.22803],[-7.01127,41.22756],[-7.01116,41.22723],[-7.01112,41.22698],[-7.01101,41.22685],[-7.01117,41.22662]]]},"properties":{"dam_id":"way/244597222","osm_type":"way","osm_id":244597222,"country":"PT","name":"Barragem do Baixo Sabor - Escalão de Montante","uso":"hidroelétrica"}},{"type":"Feature","geometry":{"type":"Polygon","coordinates":[[[-7.09361,41.20247],[-7.09399,41.2023],[-7.09396,41.20225],[-7.09351,41.20244],[-7.09305,41.20181],[-7.0934,41.20166],[-7.09336,41.2016],[-7.09306,41.20173],[-7.09303,41.20169],[-7.09294,41.20172],[-7.09253,41.20144],[-7.09222,41.20116],[-7.09209,41.20119],[-7.09374,41.20337],[-7.09385,41.20326],[-7.09361,41.20247]]]},"properties":{"dam_id":"way/244605021","osm_type":"way","osm_id":244605021,"country":"PT","name":"Barragem do Feiticeiro","uso":"hidroelétrica"}},{"type":"Feature","geometry":{"type":"Polygon","coordinates":[[[-7.13148,41.24398],[-7.13142,41.24386],[-7.13134,41.2438],[-7.13116,41.24387],[-7.13074,41.24426],[-7.1305,41.2443],[-7.12999,41.24432],[-7.12981,41.24436],[-7.12971,41.24444],[-7.12967,41.24461],[-7.12979,41.24494],[-7.12987,41.24549],[-7.12986,41.24574],[-7.12982,41.24585],[-7.12954,41.24597],[-7.12847,41.24588],[-7.12833,41.2459],[-7.12831,41.24596],[-7.1287,41.24609],[-7.12819,41.24647],[-7.12811,41.24662],[-7.12807,41.24693],[-7.12791,41.24741],[-7.12735,41.24783],[-7.127,41.24804],[-7.1266,41.24864],[-7.12667,41.24869],[-7.12697,41.24855],[-7.12705,41.24847],[-7.12712,41.24847],[-7.1277,41.24798],[-7.12773,41.24787],[-7.12785,41.24779],[-7.12816,41.24778],[-7.12822,41.24772],[-7.12813,41.24757],[-7.12827,41.24753],[-7.12973,41.24629],[-7.1298,41.24628],[-7.12993,41.24639],[-7.13001,41.24634],[-7.13006,41.24626],[-7.13045,41.24631],[-7.13049,41.24629],[-7.13052,41.24623],[-7.13046,41.24617],[-7.13004,41.2461],[-7.13011,41.24602],[-7.13011,41.24586],[-7.13019,41.2458],[-7.13148,41.24398]]]},"properties":{"dam_id":"way/244674466","osm_type":"way","osm_id":244674466,"country":"PT","name":"Barragem de Ribeiro Grande e Arco","uso":"regadio"}},{"type":"Feature","geometry":{"type":"Polygon","coordinates":[[[-7.19298,41.24607],[-7.19291,41.24548],[-7.1926,41.24495],[-7.1925,41.24468],[-7.19235,41.24474],[-7.19256,41.24496],[-7.19278,41.24533],[-7.19285,41.24548],[-7.19289,41.24585],[-7.19272,41.24567],[-7.1925,41.24532],[-7.1923,41.24533],[-7.19216,41.24536],[-7.19125,41.24596],[-7.19123,41.24612],[-7.19298,41.24618],[-7.19325,41.24647],[-7.19331,41.24644],[-7.19298,41.24607]]]},"properties":{"dam_id":"way/244698863","osm_type":"way","osm_id":244698863,"country":"PT","name":"Barragem de Valtorno/Mourão","uso":"desconhecido"}},{"type":"Feature","geometry":{"type":"Polygon","coordinates":[[[-7.41512,39.6943],[-7.41488,39.69429],[-7.41485,39.69432],[-7.41505,39.69435],[-7.41513,39.69434],[-7.41512,39.6943]]]},"properties":{"dam_id":"way/251224325","osm_type":"way","osm_id":251224325,"country":"PT","name":null,"uso":"desconhecido"}},{"type":"Feature","geometry":{"type":"Polygon","coordinates":[[[-7.69458,40.39546],[-7.69434,40.39544],[-7.69409,40.39535],[-7.69411,40.39532],[-7.6942,40.39535],[-7.69424,40.39533],[-7.69437,40.39537],[-7.69455,40.39539],[-7.69459,40.39542],[-7.69458,40.39546]]]},"properties":{"dam_id":"way/252112770","osm_type":"way","osm_id":252112770,"country":"PT","name":"Barragem da Ponte de Jugais","uso":"hidroelétrica"}},{"type":"Feature","geometry":{"type":"LineString","coordinates":[[-8.26289,40.86981],[-8.26262,40.86983]]},"properties":{"dam_id":"way/252690313","osm_type":"way","osm_id":252690313,"country":"PT","name":null,"uso":"desconhecido"}},{"type":"Feature","geometry":{"type":"Polygon","coordinates":[[[-7.41318,40.95691],[-7.41331,40.9569],[-7.4133,40.95688],[-7.41316,40.95688],[-7.41314,40.95693],[-7.41308,40.95694],[-7.41299,40.95688],[-7.41297,40.95693],[-7.41291,40.95695],[-7.41283,40.95689],[-7.4128,40.95693],[-7.41274,40.95695],[-7.41268,40.95693],[-7.41266,40.95688],[-7.41263,40.95693],[-7.41257,40.95695],[-7.41251,40.95693],[-7.41249,40.95688],[-7.41247,40.95693],[-7.41241,40.95695],[-7.41232,40.95689],[-7.4123,40.95693],[-7.41224,40.95695],[-7.41215,40.95689],[-7.41213,40.95693],[-7.41207,40.95695],[-7.41201,40.95693],[-7.41198,40.95689],[-7.41184,40.95688],[-7.41185,40.95692],[-7.41197,40.95692],[-7.41207,40.95698],[-7.41215,40.95695],[-7.41224,40.95698],[-7.41232,40.95695],[-7.41241,40.95697],[-7.41249,40.95694],[-7.41257,40.95697],[-7.41266,40.95694],[-7.41274,40.95697],[-7.41282,40.95695],[-7.41308,40.95697],[-7.41316,40.95694],[-7.41318,40.95691]]]},"properties":{"dam_id":"way/254938452","osm_type":"way","osm_id":254938452,"country":"PT","name":"Barragem da Dama","uso":"desconhecido"}},{"type":"Feature","geometry":{"type":"LineString","coordinates":[[-8.4288,41.36432],[-8.42864,41.36437],[-8.42832,41.36422]]},"properties":{"dam_id":"way/271032005","osm_type":"way","osm_id":271032005,"country":"PT","name":null,"uso":"hidroelétrica"}},{"type":"Feature","geometry":{"type":"LineString","coordinates":[[-8.41351,41.37379],[-8.41393,41.37393],[-8.41404,41.3737],[-8.41414,41.37373]]},"properties":{"dam_id":"way/271032007","osm_type":"way","osm_id":271032007,"country":"PT","name":null,"uso":"desconhecido"}},{"type":"Feature","geometry":{"type":"LineString","coordinates":[[-6.52553,41.50021],[-6.52541,41.49987]]},"properties":{"dam_id":"way/277946234","osm_type":"way","osm_id":277946234,"country":"PT","name":"Barragem","uso":"desconhecido"}},{"type":"Feature","geometry":{"type":"LineString","coordinates":[[-8.17157,42.0151],[-8.17169,42.01499],[-8.17171,42.01487]]},"properties":{"dam_id":"way/284193217","osm_type":"way","osm_id":284193217,"country":"PT","name":"Trilho Castrejo","uso":"desconhecido"}},{"type":"Feature","geometry":{"type":"Polygon","coordinates":[[[-7.71945,39.92263],[-7.71952,39.92254],[-7.71969,39.92251],[-7.71972,39.92244],[-7.71966,39.92236],[-7.71968,39.92226],[-7.71963,39.92224],[-7.71941,39.92262],[-7.71945,39.92263]]]},"properties":{"dam_id":"way/288570400","osm_type":"way","osm_id":288570400,"country":"PT","name":null,"uso":"desconhecido"}},{"type":"Feature","geometry":{"type":"Polygon","coordinates":[[[-7.78037,38.36029],[-7.77901,38.35956],[-7.77881,38.35971],[-7.77877,38.3599],[-7.77891,38.36004],[-7.77926,38.36021],[-7.78004,38.36041],[-7.78024,38.36043],[-7.78037,38.36029]]]},"properties":{"dam_id":"way/291322004","osm_type":"way","osm_id":291322004,"country":"PT","name":null,"uso":"desconhecido"}},{"type":"Feature","geometry":{"type":"Polygon","coordinates":[[[-7.77596,38.35293],[-7.77495,38.35259],[-7.77469,38.35255],[-7.77469,38.35265],[-7.77483,38.35283],[-7.77565,38.35307],[-7.7759,38.3531],[-7.77605,38.35308],[-7.77609,38.35302],[-7.77596,38.35293]]]},"properties":{"dam_id":"way/291322010","osm_type":"way","osm_id":291322010,"country":"PT","name":null,"uso":"desconhecido"}},{"type":"Feature","geometry":{"type":"LineString","coordinates":[[-7.91658,38.23361],[-7.91606,38.23334],[-7.91589,38.23329]]},"properties":{"dam_id":"way/291399482","osm_type":"way","osm_id":291399482,"country":"PT","name":"Barragem romana de Nossa Senhora da Represa","uso":"desconhecido"}},{"type":"Feature","geometry":{"type":"Polygon","coordinates":[[[-8.39275,38.41818],[-8.3928,38.41744],[-8.39214,38.41706],[-8.392,38.41704],[-8.392,38.41709],[-8.39192,38.41708],[-8.39181,38.41878],[-8.39147,38.41885],[-8.39147,38.41898],[-8.39178,38.41905],[-8.39179,38.41913],[-8.39197,38.41931],[-8.39207,38.41955],[-8.39209,38.4197],[-8.39203,38.41991],[-8.39188,38.41982],[-8.39181,38.41982],[-8.39167,38.41963],[-8.39171,38.41957],[-8.39164,38.41949],[-8.39152,38.41952],[-8.3915,38.41958],[-8.39126,38.41969],[-8.39117,38.41967],[-8.39111,38.41969],[-8.39111,38.41979],[-8.39121,38.41983],[-8.39135,38.42002],[-8.39134,38.42012],[-8.3914,38.42015],[-8.39152,38.42012],[-8.39153,38.42005],[-8.39176,38.41995],[-8.3919,38.42],[-8.39191,38.42008],[-8.39209,38.4201],[-8.39222,38.41958],[-8.39221,38.41946],[-8.39197,38.41882],[-8.39223,38.41859],[-8.39233,38.41844],[-8.39253,38.41829],[-8.39275,38.41818]]]},"properties":{"dam_id":"way/291679214","osm_type":"way","osm_id":291679214,"country":"PT","name":"Barragem do Pego do Altar","uso":"desconhecido"}},{"type":"Feature","geometry":{"type":"Polygon","coordinates":[[[-7.50905,38.94719],[-7.50807,38.94822],[-7.50846,38.94904],[-7.50846,38.94911],[-7.50836,38.94912],[-7.5083,38.94902],[-7.50791,38.94825],[-7.50783,38.9483],[-7.50796,38.94894],[-7.50788,38.94903],[-7.50798,38.94908],[-7.50787,38.94923],[-7.50727,38.9494],[-7.5069,38.94931],[-7.50655,38.94913],[-7.50717,38.94852],[-7.50753,38.94808],[-7.50757,38.94797],[-7.50806,38.9478],[-7.50883,38.94709],[-7.50905,38.94719]]]},"properties":{"dam_id":"way/292748931","osm_type":"way","osm_id":292748931,"country":"PT","name":"Barragem de Veiros","uso":"regadio"}},{"type":"Feature","geometry":{"type":"Polygon","coordinates":[[[-8.40732,39.6199],[-8.40663,39.62011],[-8.40652,39.62045],[-8.40661,39.62048],[-8.40673,39.62017],[-8.4073,39.62],[-8.40736,39.61995],[-8.40732,39.6199]]]},"properties":{"dam_id":"way/301860116","osm_type":"way","osm_id":301860116,"country":"PT","name":"Açude da Fábrica de Fiação de Tomar","uso":"desconhecido"}},{"type":"Feature","geometry":{"type":"LineString","coordinates":[[-8.29086,41.99553],[-8.29089,41.99554]]},"properties":{"dam_id":"way/303365293","osm_type":"way","osm_id":303365293,"country":"PT","name":null,"uso":"desconhecido"}},{"type":"Feature","geometry":{"type":"LineString","coordinates":[[-8.28121,41.99467],[-8.28111,41.99481]]},"properties":{"dam_id":"way/303588149","osm_type":"way","osm_id":303588149,"country":"PT","name":null,"uso":"desconhecido"}},{"type":"Feature","geometry":{"type":"Polygon","coordinates":[[[-7.14738,38.99763],[-7.14724,38.99755],[-7.1471,38.99765],[-7.14637,38.99833],[-7.14517,38.99928],[-7.14471,38.99899],[-7.14514,38.99929],[-7.14494,38.99947],[-7.14453,38.99922],[-7.14493,38.9995],[-7.14482,38.99967],[-7.14426,39.00028],[-7.14404,39.00046],[-7.14379,39.00073],[-7.14357,39.00063],[-7.14346,39.00066],[-7.14335,39.00073],[-7.14307,39.00119],[-7.14147,39.00268],[-7.14076,39.00342],[-7.14022,39.00415],[-7.14037,39.00421],[-7.14063,39.00394],[-7.14073,39.00396],[-7.14083,39.00392],[-7.14132,39.0035],[-7.14314,39.00177],[-7.14335,39.00161],[-7.14377,39.00139],[-7.14392,39.00128],[-7.14399,39.00117],[-7.14402,39.00104],[-7.14387,39.00087],[-7.14738,38.99763]]]},"properties":{"dam_id":"way/304068101","osm_type":"way","osm_id":304068101,"country":"PT","name":"Barragem do Caia","uso":"hidroelétrica"}},{"type":"Feature","geometry":{"type":"LineString","coordinates":[[-8.16494,41.99498],[-8.16541,41.99518]]},"properties":{"dam_id":"way/310348473","osm_type":"way","osm_id":310348473,"country":"PT","name":"Presa de Dorna","uso":"desconhecido"}},{"type":"Feature","geometry":{"type":"LineString","coordinates":[[-8.17715,41.99753],[-8.17728,41.99743],[-8.17729,41.99729]]},"properties":{"dam_id":"way/310348486","osm_type":"way","osm_id":310348486,"country":"PT","name":null,"uso":"desconhecido"}},{"type":"Feature","geometry":{"type":"LineString","coordinates":[[-8.22637,40.81685],[-8.22636,40.81655]]},"properties":{"dam_id":"way/317178842","osm_type":"way","osm_id":317178842,"country":"PT","name":null,"uso":"desconhecido"}},{"type":"Feature","geometry":{"type":"Polygon","coordinates":[[[-6.95657,41.36816],[-6.95691,41.36822],[-6.95672,41.36837],[-6.95509,41.3691],[-6.95498,41.36915],[-6.95495,41.36921],[-6.95535,41.37021],[-6.95521,41.37167],[-6.95523,41.37185],[-6.95569,41.37274],[-6.95578,41.37282],[-6.95591,41.37288],[-6.95664,41.37309],[-6.9567,41.37318],[-6.95661,41.37324],[-6.95656,41.37322],[-6.95653,41.37326],[-6.956,41.37316],[-6.95572,41.37308],[-6.9555,41.37293],[-6.95477,41.37194],[-6.95474,41.37174],[-6.95482,41.3708],[-6.95491,41.37032],[-6.95455,41.36935],[-6.95455,41.36919],[-6.95523,41.3683],[-6.95528,41.36818],[-6.95657,41.36816]]]},"properties":{"dam_id":"way/317384156","osm_type":"way","osm_id":317384156,"country":"PT","name":"Barragem da Estevinha","uso":"desconhecido"}},{"type":"Feature","geometry":{"type":"LineString","coordinates":[[-8.03677,41.6066],[-8.03666,41.60648],[-8.03657,41.60645]]},"properties":{"dam_id":"way/317956762","osm_type":"way","osm_id":317956762,"country":"PT","name":null,"uso":"desconhecido"}},{"type":"Feature","geometry":{"type":"LineString","coordinates":[[-7.97005,41.36042],[-7.96998,41.3606]]},"properties":{"dam_id":"way/319533496","osm_type":"way","osm_id":319533496,"country":"PT","name":null,"uso":"desconhecido"}},{"type":"Feature","geometry":{"type":"LineString","coordinates":[[-8.8992,37.10876],[-8.89929,37.10854],[-8.89817,37.10829]]},"properties":{"dam_id":"way/321883371","osm_type":"way","osm_id":321883371,"country":"PT","name":null,"uso":"desconhecido"}},{"type":"Feature","geometry":{"type":"LineString","coordinates":[[-8.63954,37.2157],[-8.63887,37.21603]]},"properties":{"dam_id":"way/324110904","osm_type":"way","osm_id":324110904,"country":"PT","name":null,"uso":"desconhecido"}},{"type":"Feature","geometry":{"type":"LineString","coordinates":[[-8.63781,37.21167],[-8.63755,37.21202]]},"properties":{"dam_id":"way/324110930","osm_type":"way","osm_id":324110930,"country":"PT","name":null,"uso":"desconhecido"}},{"type":"Feature","geometry":{"type":"Polygon","coordinates":[[[-7.33969,40.87792],[-7.33962,40.87796],[-7.33954,40.87838],[-7.33997,40.87883],[-7.34001,40.87882],[-7.3403,40.87892],[-7.34058,40.87917],[-7.34066,40.8792],[-7.34073,40.87918],[-7.34081,40.87927],[-7.34088,40.87925],[-7.34098,40.87916],[-7.34081,40.87916],[-7.34079,40.87914],[-7.34089,40.87911],[-7.34091,40.87908],[-7.34084,40.87912],[-7.34076,40.87911],[-7.33969,40.87792]]]},"properties":{"dam_id":"way/324335081","osm_type":"way","osm_id":324335081,"country":"PT","name":"Barragem de Teja","uso":"abastecimento"}},{"type":"Feature","geometry":{"type":"LineString","coordinates":[[-8.53624,37.20213],[-8.53572,37.20161]]},"properties":{"dam_id":"way/324745818","osm_type":"way","osm_id":324745818,"country":"PT","name":null,"uso":"desconhecido"}},{"type":"Feature","geometry":{"type":"LineString","coordinates":[[-8.5708,37.21001],[-8.56798,37.20929]]},"properties":{"dam_id":"way/324861530","osm_type":"way","osm_id":324861530,"country":"PT","name":null,"uso":"desconhecido"}},{"type":"Feature","geometry":{"type":"LineString","coordinates":[[-8.73453,37.21132],[-8.73436,37.21114],[-8.73425,37.21114]]},"properties":{"dam_id":"way/326216181","osm_type":"way","osm_id":326216181,"country":"PT","name":null,"uso":"desconhecido"}},{"type":"Feature","geometry":{"type":"LineString","coordinates":[[-8.74199,37.22322],[-8.74164,37.22309],[-8.74149,37.22311]]},"properties":{"dam_id":"way/326216196","osm_type":"way","osm_id":326216196,"country":"PT","name":null,"uso":"desconhecido"}},{"type":"Feature","geometry":{"type":"LineString","coordinates":[[-8.73855,37.21892],[-8.73904,37.219]]},"properties":{"dam_id":"way/326216200","osm_type":"way","osm_id":326216200,"country":"PT","name":null,"uso":"desconhecido"}},{"type":"Feature","geometry":{"type":"LineString","coordinates":[[-8.74002,37.18815],[-8.73948,37.18814]]},"properties":{"dam_id":"way/326216203","osm_type":"way","osm_id":326216203,"country":"PT","name":null,"uso":"desconhecido"}},{"type":"Feature","geometry":{"type":"LineString","coordinates":[[-8.73731,37.22953],[-8.73717,37.2293],[-8.73703,37.22923]]},"properties":{"dam_id":"way/326216273","osm_type":"way","osm_id":326216273,"country":"PT","name":null,"uso":"desconhecido"}},{"type":"Feature","geometry":{"type":"LineString","coordinates":[[-8.74385,37.21354],[-8.74377,37.21342]]},"properties":{"dam_id":"way/326216276","osm_type":"way","osm_id":326216276,"country":"PT","name":null,"uso":"desconhecido"}},{"type":"Feature","geometry":{"type":"LineString","coordinates":[[-8.72163,37.17835],[-8.72122,37.17823]]},"properties":{"dam_id":"way/326216307","osm_type":"way","osm_id":326216307,"country":"PT","name":null,"uso":"desconhecido"}},{"type":"Feature","geometry":{"type":"LineString","coordinates":[[-8.73835,37.21582],[-8.73793,37.21571]]},"properties":{"dam_id":"way/326216310","osm_type":"way","osm_id":326216310,"country":"PT","name":null,"uso":"desconhecido"}},{"type":"Feature","geometry":{"type":"LineString","coordinates":[[-8.72553,37.1808],[-8.7249,37.1805]]},"properties":{"dam_id":"way/326216337","osm_type":"way","osm_id":326216337,"country":"PT","name":null,"uso":"desconhecido"}},{"type":"Feature","geometry":{"type":"LineString","coordinates":[[-8.74017,37.21011],[-8.73993,37.21011],[-8.73958,37.21022]]},"properties":{"dam_id":"way/326216353","osm_type":"way","osm_id":326216353,"country":"PT","name":null,"uso":"desconhecido"}},{"type":"Feature","geometry":{"type":"LineString","coordinates":[[-8.67752,37.186],[-8.67714,37.1863]]},"properties":{"dam_id":"way/326247578","osm_type":"way","osm_id":326247578,"country":"PT","name":null,"uso":"desconhecido"}},{"type":"Feature","geometry":{"type":"LineString","coordinates":[[-8.67735,37.17772],[-8.67656,37.1774]]},"properties":{"dam_id":"way/326247758","osm_type":"way","osm_id":326247758,"country":"PT","name":null,"uso":"desconhecido"}},{"type":"Feature","geometry":{"type":"LineString","coordinates":[[-8.63421,37.19955],[-8.63386,37.19958]]},"properties":{"dam_id":"way/327410870","osm_type":"way","osm_id":327410870,"country":"PT","name":null,"uso":"desconhecido"}},{"type":"Feature","geometry":{"type":"LineString","coordinates":[[-8.54003,38.23926],[-8.54011,38.23877]]},"properties":{"dam_id":"way/328124447","osm_type":"way","osm_id":328124447,"country":"PT","name":null,"uso":"desconhecido"}},{"type":"Feature","geometry":{"type":"LineString","coordinates":[[-8.53048,38.23327],[-8.53042,38.23333],[-8.52989,38.23332],[-8.52977,38.23326]]},"properties":{"dam_id":"way/328131881","osm_type":"way","osm_id":328131881,"country":"PT","name":null,"uso":"desconhecido"}},{"type":"Feature","geometry":{"type":"LineString","coordinates":[[-8.63016,37.21148],[-8.62981,37.21134]]},"properties":{"dam_id":"way/328563512","osm_type":"way","osm_id":328563512,"country":"PT","name":null,"uso":"desconhecido"}},{"type":"Feature","geometry":{"type":"LineString","coordinates":[[-8.63924,37.20613],[-8.63944,37.2058]]},"properties":{"dam_id":"way/328563515","osm_type":"way","osm_id":328563515,"country":"PT","name":null,"uso":"desconhecido"}},{"type":"Feature","geometry":{"type":"Polygon","coordinates":[[[-6.8915,40.86254],[-6.89133,40.86263],[-6.8912,40.86249],[-6.89112,40.86252],[-6.89123,40.86268],[-6.89024,40.86326],[-6.88577,40.8648],[-6.88585,40.86504],[-6.8868,40.865],[-6.88814,40.86462],[-6.88829,40.86439],[-6.88898,40.86414],[-6.88896,40.86402],[-6.89159,40.86294],[-6.8915,40.86254]]]},"properties":{"dam_id":"way/330014973","osm_type":"way","osm_id":330014973,"country":"PT","name":"Barragem de Santa Maria de Aguiar","uso":"desconhecido"}},{"type":"Feature","geometry":{"type":"Polygon","coordinates":[[[-6.88941,40.80505],[-6.88883,40.80531],[-6.88889,40.80541],[-6.88972,40.80525],[-6.89057,40.80524],[-6.89109,40.80509],[-6.89143,40.80519],[-6.89091,40.80593],[-6.89103,40.80599],[-6.89197,40.80456],[-6.89195,40.8045],[-6.89189,40.80453],[-6.89187,40.80448],[-6.89165,40.80439],[-6.8915,40.8044],[-6.88941,40.80505]]]},"properties":{"dam_id":"way/330016947","osm_type":"way","osm_id":330016947,"country":"PT","name":"Barragem da Vermiosa","uso":"regadio"}},{"type":"Feature","geometry":{"type":"LineString","coordinates":[[-6.97854,40.96979],[-6.97861,40.96881]]},"properties":{"dam_id":"way/330807887","osm_type":"way","osm_id":330807887,"country":"PT","name":null,"uso":"desconhecido"}},{"type":"Feature","geometry":{"type":"LineString","coordinates":[[-6.99696,38.11428],[-6.99662,38.11417]]},"properties":{"dam_id":"way/331980588","osm_type":"way","osm_id":331980588,"country":"PT","name":null,"uso":"desconhecido"}},{"type":"Feature","geometry":{"type":"Polygon","coordinates":[[[-8.31774,39.26095],[-8.31778,39.26092],[-8.31778,39.26079],[-8.31767,39.26075],[-8.31765,39.26092],[-8.31774,39.26095]]]},"properties":{"dam_id":"way/334240310","osm_type":"way","osm_id":334240310,"country":"PT","name":null,"uso":"desconhecido"}},{"type":"Feature","geometry":{"type":"LineString","coordinates":[[-8.80824,37.14315],[-8.80868,37.14314]]},"properties":{"dam_id":"way/336313679","osm_type":"way","osm_id":336313679,"country":"PT","name":null,"uso":"desconhecido"}},{"type":"Feature","geometry":{"type":"LineString","coordinates":[[-7.15986,40.55916],[-7.15922,40.55844]]},"properties":{"dam_id":"way/338346298","osm_type":"way","osm_id":338346298,"country":"PT","name":null,"uso":"desconhecido"}},{"type":"Feature","geometry":{"type":"Polygon","coordinates":[[[-8.29644,38.24902],[-8.29584,38.24793],[-8.29572,38.24755],[-8.29522,38.24696],[-8.29489,38.24677],[-8.29437,38.24661],[-8.29398,38.24634],[-8.29383,38.24643],[-8.29637,38.24918],[-8.29652,38.2491],[-8.29644,38.24902]]]},"properties":{"dam_id":"way/340422063","osm_type":"way","osm_id":340422063,"country":"PT","name":"Barragem de Vale do Gaio","uso":"hidroelétrica"}},{"type":"Feature","geometry":{"type":"Polygon","coordinates":[[[-7.48224,39.96898],[-7.48158,39.9689],[-7.48133,39.96877],[-7.48088,39.96871],[-7.48022,39.96877],[-7.47962,39.96878],[-7.47922,39.96871],[-7.47874,39.96872],[-7.47685,39.96882],[-7.47685,39.96896],[-7.47742,39.96907],[-7.4847,39.96953],[-7.48523,39.96942],[-7.4852,39.96936],[-7.48412,39.96927],[-7.48252,39.96896],[-7.48224,39.96898]]]},"properties":{"dam_id":"way/340901437","osm_type":"way","osm_id":340901437,"country":"PT","name":"Barragem da Marateca","uso":"desconhecido"}},{"type":"Feature","geometry":{"type":"Polygon","coordinates":[[[-7.07632,39.87459],[-7.07545,39.87337],[-7.0745,39.87263],[-7.07595,39.87257],[-7.07595,39.87252],[-7.07448,39.87259],[-7.07438,39.87245],[-7.07415,39.87244],[-7.07406,39.87255],[-7.07408,39.87259],[-7.07427,39.87259],[-7.07427,39.87267],[-7.07409,39.87268],[-7.07407,39.87273],[-7.07421,39.87271],[-7.0744,39.87279],[-7.07593,39.87486],[-7.07619,39.87509],[-7.07635,39.87506],[-7.07621,39.87487],[-7.07632,39.87459]]]},"properties":{"dam_id":"way/341204547","osm_type":"way","osm_id":341204547,"country":"PT","name":"Barragem de Toulica","uso":"desconhecido"}},{"type":"Feature","geometry":{"type":"Polygon","coordinates":[[[-7.42276,41.21877],[-7.42262,41.21871],[-7.4227,41.2186],[-7.42264,41.21857],[-7.42255,41.21867],[-7.42242,41.21859],[-7.42253,41.2185],[-7.42248,41.21845],[-7.42236,41.21854],[-7.42226,41.21845],[-7.4224,41.21837],[-7.42238,41.21833],[-7.42227,41.21838],[-7.42275,41.2179],[-7.42287,41.21786],[-7.42299,41.21787],[-7.42301,41.21784],[-7.42286,41.21776],[-7.42277,41.21778],[-7.42234,41.21816],[-7.42224,41.21811],[-7.42209,41.21777],[-7.42202,41.21778],[-7.42194,41.21767],[-7.42205,41.21766],[-7.42202,41.21745],[-7.42159,41.21749],[-7.42161,41.21771],[-7.42179,41.21769],[-7.42198,41.21828],[-7.42193,41.21832],[-7.42201,41.21833],[-7.42208,41.21846],[-7.42201,41.21852],[-7.42213,41.21852],[-7.42224,41.21863],[-7.42222,41.2187],[-7.42231,41.21868],[-7.42243,41.21876],[-7.42243,41.21885],[-7.42253,41.21882],[-7.42269,41.21888],[-7.4227,41.21896],[-7.42278,41.21891],[-7.42294,41.21895],[-7.42294,41.21902],[-7.42298,41.21905],[-7.42305,41.21896],[-7.42322,41.21898],[-7.42325,41.21903],[-7.4233,41.21898],[-7.42372,41.21896],[-7.42396,41.21903],[-7.42408,41.21887],[-7.42391,41.21881],[-7.42326,41.21874],[-7.42333,41.21859],[-7.42355,41.21833],[-7.42357,41.21823],[-7.42353,41.21823],[-7.42311,41.21875],[-7.42301,41.21871],[-7.42298,41.21884],[-7.42285,41.2188],[-7.42291,41.21869],[-7.42283,41.21866],[-7.42276,41.21877]]]},"properties":{"dam_id":"way/343540727","osm_type":"way","osm_id":343540727,"country":"PT","name":"Barragem de Foz Tua","uso":"hidroelétrica"}},{"type":"Feature","geometry":{"type":"Polygon","coordinates":[[[-8.0034,37.5278],[-8.00329,37.52778],[-8.00228,37.52752],[-8.00231,37.52747],[-8.003,37.52765],[-8.00339,37.52775],[-8.0034,37.5278]]]},"properties":{"dam_id":"way/344603390","osm_type":"way","osm_id":344603390,"country":"PT","name":null,"uso":"desconhecido"}},{"type":"Feature","geometry":{"type":"Polygon","coordinates":[[[-7.60314,37.99398],[-7.60301,37.99393],[-7.60311,37.99364],[-7.60564,37.9905],[-7.60568,37.9905],[-7.60572,37.99055],[-7.60574,37.9905],[-7.6058,37.9906],[-7.60582,37.99059],[-7.6058,37.99048],[-7.60582,37.99047],[-7.6059,37.99056],[-7.60586,37.99043],[-7.60593,37.99061],[-7.60598,37.99087],[-7.60643,37.99193],[-7.6063,37.99196],[-7.6059,37.99088],[-7.60577,37.99168],[-7.6058,37.99192],[-7.60501,37.99258],[-7.60382,37.99344],[-7.60314,37.99398]]]},"properties":{"dam_id":"way/349671296","osm_type":"way","osm_id":349671296,"country":"PT","name":"Barragem de Serpa","uso":"regadio"}},{"type":"Feature","geometry":{"type":"LineString","coordinates":[[-9.00448,39.17579],[-9.00361,39.17542]]},"properties":{"dam_id":"way/349909766","osm_type":"way","osm_id":349909766,"country":"PT","name":null,"uso":"desconhecido"}},{"type":"Feature","geometry":{"type":"LineString","coordinates":[[-8.97472,39.12806],[-8.97251,39.12823]]},"properties":{"dam_id":"way/349910246","osm_type":"way","osm_id":349910246,"country":"PT","name":null,"uso":"desconhecido"}},{"type":"Feature","geometry":{"type":"Polygon","coordinates":[[[-9.03036,39.38477],[-9.03054,39.38478],[-9.03149,39.38433],[-9.03187,39.38421],[-9.03222,39.38401],[-9.03197,39.38391],[-9.03202,39.38378],[-9.03195,39.38358],[-9.03163,39.38328],[-9.03135,39.38331],[-9.03111,39.38327],[-9.03031,39.38439],[-9.03014,39.38457],[-9.0302,39.38467],[-9.03036,39.38477]]]},"properties":{"dam_id":"way/355417591","osm_type":"way","osm_id":355417591,"country":"PT","name":"Barragem de Alvorninha","uso":"desconhecido"}},{"type":"Feature","geometry":{"type":"LineString","coordinates":[[-7.96038,41.77305],[-7.96001,41.77291],[-7.95916,41.77276],[-7.95885,41.7728]]},"properties":{"dam_id":"way/358670282","osm_type":"way","osm_id":358670282,"country":"PT","name":null,"uso":"hidroelétrica"}},{"type":"Feature","geometry":{"type":"Polygon","coordinates":[[[-8.68877,38.99696],[-8.68844,38.99706],[-8.68812,38.9973],[-8.68792,38.99753],[-8.68781,38.99753],[-8.68798,38.99695],[-8.68817,38.99679],[-8.68876,38.99602],[-8.68877,38.99595],[-8.68907,38.99582],[-8.68915,38.9959],[-8.68905,38.99617],[-8.68913,38.99624],[-8.68917,38.99646],[-8.68877,38.99696]]]},"properties":{"dam_id":"way/360412363","osm_type":"way","osm_id":360412363,"country":"PT","name":"Barragem de Magos","uso":"regadio"}},{"type":"Feature","geometry":{"type":"Polygon","coordinates":[[[-8.80612,38.77471],[-8.80598,38.77468],[-8.80582,38.77476],[-8.80575,38.775],[-8.80588,38.77528],[-8.80752,38.77747],[-8.80764,38.77742],[-8.80706,38.77647],[-8.80611,38.77504],[-8.80612,38.77471]]]},"properties":{"dam_id":"way/360413885","osm_type":"way","osm_id":360413885,"country":"PT","name":"Barragem de Michões","uso":"desconhecido"}},{"type":"Feature","geometry":{"type":"Polygon","coordinates":[[[-7.65726,39.68818],[-7.65749,39.68815],[-7.65792,39.68781],[-7.658,39.68763],[-7.65782,39.68734],[-7.65773,39.68709],[-7.65761,39.68696],[-7.65774,39.68693],[-7.65773,39.68689],[-7.65755,39.68691],[-7.6575,39.68686],[-7.65718,39.68692],[-7.65671,39.68695],[-7.65673,39.687],[-7.65682,39.68701],[-7.65674,39.68704],[-7.65674,39.68707],[-7.65684,39.68708],[-7.65676,39.68713],[-7.65686,39.68713],[-7.65678,39.68717],[-7.65677,39.68724],[-7.65726,39.68818]]]},"properties":{"dam_id":"way/361963260","osm_type":"way","osm_id":361963260,"country":"PT","name":"Barragem do Açafal","uso":"regadio"}},{"type":"Feature","geometry":{"type":"Polygon","coordinates":[[[-8.53782,41.54915],[-8.53756,41.54933],[-8.53747,41.54925],[-8.53743,41.54927],[-8.53749,41.54921],[-8.53732,41.54907],[-8.53725,41.54912],[-8.53694,41.54887],[-8.537,41.54883],[-8.53691,41.54876],[-8.53685,41.5488],[-8.53676,41.54873],[-8.53718,41.54843],[-8.53729,41.54852],[-8.53714,41.54861],[-8.53722,41.54867],[-8.53734,41.54863],[-8.53711,41.5488],[-8.53723,41.5489],[-8.53731,41.54885],[-8.53733,41.54886],[-8.53725,41.54892],[-8.53737,41.54902],[-8.53747,41.54897],[-8.53739,41.54903],[-8.53753,41.54915],[-8.53777,41.54898],[-8.53786,41.54886],[-8.53791,41.54887],[-8.53774,41.54908],[-8.53782,41.54915]]]},"properties":{"dam_id":"way/361991590","osm_type":"way","osm_id":361991590,"country":"PT","name":"Barragem de Penide","uso":"hidroelétrica"}},{"type":"Feature","geometry":{"type":"Polygon","coordinates":[[[-8.29546,37.72784],[-8.29543,37.72777],[-8.29531,37.72771],[-8.29513,37.72767],[-8.28834,37.72753],[-8.28831,37.72745],[-8.28833,37.72721],[-8.28826,37.72705],[-8.28818,37.72698],[-8.28832,37.72695],[-8.28788,37.72696],[-8.28773,37.72688],[-8.28758,37.72694],[-8.28723,37.7269],[-8.28734,37.72693],[-8.28706,37.72702],[-8.287,37.72714],[-8.28722,37.72751],[-8.28726,37.72769],[-8.28724,37.72775],[-8.28422,37.72919],[-8.28387,37.72947],[-8.2839,37.72954],[-8.28399,37.72956],[-8.28439,37.72949],[-8.28483,37.72932],[-8.28585,37.72883],[-8.28604,37.72878],[-8.28662,37.72875],[-8.28688,37.72879],[-8.28699,37.72874],[-8.2872,37.72863],[-8.28724,37.72857],[-8.28757,37.72781],[-8.28788,37.72773],[-8.28817,37.72772],[-8.28898,37.72818],[-8.28939,37.72831],[-8.28957,37.72842],[-8.28982,37.72868],[-8.28998,37.72879],[-8.29068,37.72882],[-8.29078,37.72881],[-8.29168,37.72847],[-8.29237,37.72843],[-8.29284,37.72833],[-8.29392,37.7283],[-8.2946,37.72816],[-8.29546,37.72784]]]},"properties":{"dam_id":"way/366046184","osm_type":"way","osm_id":366046184,"country":"PT","name":"Barragem do Monte da Rocha","uso":"desconhecido"}},{"type":"Feature","geometry":{"type":"Polygon","coordinates":[[[-8.00886,37.55396],[-8.00878,37.55394],[-8.00807,37.5542],[-8.00798,37.55442],[-8.00793,37.55477],[-8.008,37.55479],[-8.00886,37.55396]]]},"properties":{"dam_id":"way/368648292","osm_type":"way","osm_id":368648292,"country":"PT","name":null,"uso":"desconhecido"}},{"type":"Feature","geometry":{"type":"Polygon","coordinates":[[[-7.83428,38.19746],[-7.83414,38.19729],[-7.83339,38.19703],[-7.83314,38.19703],[-7.83276,38.1971],[-7.83253,38.19717],[-7.83247,38.19724],[-7.83428,38.19746]]]},"properties":{"dam_id":"way/368688512","osm_type":"way","osm_id":368688512,"country":"PT","name":null,"uso":"desconhecido"}},{"type":"Feature","geometry":{"type":"Polygon","coordinates":[[[-7.84024,38.19584],[-7.84009,38.19563],[-7.83989,38.19559],[-7.83902,38.19575],[-7.83887,38.19588],[-7.83906,38.19594],[-7.84024,38.19584]]]},"properties":{"dam_id":"way/368688944","osm_type":"way","osm_id":368688944,"country":"PT","name":null,"uso":"desconhecido"}},{"type":"Feature","geometry":{"type":"Polygon","coordinates":[[[-7.84881,38.16973],[-7.84958,38.17003],[-7.8496,38.1699],[-7.84925,38.16963],[-7.84565,38.16788],[-7.8455,38.16793],[-7.84561,38.16815],[-7.84679,38.16874],[-7.84692,38.16884],[-7.84692,38.16896],[-7.84688,38.16904],[-7.84702,38.16911],[-7.84735,38.16902],[-7.84752,38.16908],[-7.84881,38.16973]]]},"properties":{"dam_id":"way/368691191","osm_type":"way","osm_id":368691191,"country":"PT","name":null,"uso":"desconhecido"}},{"type":"Feature","geometry":{"type":"Polygon","coordinates":[[[-8.10315,37.70708],[-8.10288,37.70661],[-8.10286,37.7065],[-8.10274,37.70642],[-8.10268,37.70645],[-8.10266,37.70652],[-8.1029,37.70705],[-8.10299,37.70712],[-8.10308,37.70713],[-8.10315,37.70708]]]},"properties":{"dam_id":"way/368740808","osm_type":"way","osm_id":368740808,"country":"PT","name":null,"uso":"desconhecido"}},{"type":"Feature","geometry":{"type":"Polygon","coordinates":[[[-8.02491,37.63203],[-8.02541,37.63242],[-8.02531,37.63241],[-8.02517,37.63232],[-8.02495,37.63212],[-8.02491,37.63203]]]},"properties":{"dam_id":"way/368767478","osm_type":"way","osm_id":368767478,"country":"PT","name":null,"uso":"desconhecido"}},{"type":"Feature","geometry":{"type":"Polygon","coordinates":[[[-8.08294,37.49032],[-8.08286,37.49038],[-8.08295,37.49049],[-8.08315,37.49056],[-8.08337,37.4906],[-8.08355,37.49059],[-8.08384,37.49043],[-8.08387,37.49037],[-8.08294,37.49032]]]},"properties":{"dam_id":"way/368767485","osm_type":"way","osm_id":368767485,"country":"PT","name":null,"uso":"desconhecido"}},{"type":"Feature","geometry":{"type":"Polygon","coordinates":[[[-8.08133,37.49391],[-8.08138,37.49396],[-8.0815,37.49395],[-8.08182,37.4939],[-8.08198,37.49382],[-8.08192,37.49372],[-8.08133,37.49391]]]},"properties":{"dam_id":"way/368767491","osm_type":"way","osm_id":368767491,"country":"PT","name":null,"uso":"desconhecido"}},{"type":"Feature","geometry":{"type":"Polygon","coordinates":[[[-8.08149,37.49737],[-8.08152,37.49743],[-8.0821,37.49746],[-8.08213,37.4973],[-8.0821,37.49726],[-8.08149,37.49737]]]},"properties":{"dam_id":"way/368767496","osm_type":"way","osm_id":368767496,"country":"PT","name":null,"uso":"desconhecido"}},{"type":"Feature","geometry":{"type":"Polygon","coordinates":[[[-8.06016,37.49629],[-8.06002,37.49628],[-8.0599,37.49632],[-8.06021,37.49675],[-8.06036,37.49705],[-8.06049,37.49722],[-8.06067,37.49734],[-8.06102,37.49746],[-8.06168,37.49776],[-8.06165,37.49769],[-8.06168,37.49762],[-8.06162,37.49755],[-8.06149,37.49751],[-8.06016,37.49629]]]},"properties":{"dam_id":"way/368767503","osm_type":"way","osm_id":368767503,"country":"PT","name":null,"uso":"desconhecido"}},{"type":"Feature","geometry":{"type":"Polygon","coordinates":[[[-8.09058,37.50291],[-8.09117,37.50373],[-8.09119,37.50386],[-8.09113,37.50389],[-8.091,37.50379],[-8.09047,37.50313],[-8.09023,37.50289],[-8.09012,37.50267],[-8.09005,37.50204],[-8.09007,37.5016],[-8.09014,37.50154],[-8.09034,37.50216],[-8.09042,37.50254],[-8.09058,37.50291]]]},"properties":{"dam_id":"way/368767512","osm_type":"way","osm_id":368767512,"country":"PT","name":null,"uso":"desconhecido"}},{"type":"Feature","geometry":{"type":"Polygon","coordinates":[[[-8.05144,37.71488],[-8.05165,37.71539],[-8.05153,37.71545],[-8.05144,37.71541],[-8.05137,37.71531],[-8.05132,37.71504],[-8.05137,37.71489],[-8.05144,37.71488]]]},"properties":{"dam_id":"way/369159966","osm_type":"way","osm_id":369159966,"country":"PT","name":null,"uso":"desconhecido"}},{"type":"Feature","geometry":{"type":"Polygon","coordinates":[[[-8.02425,37.7115],[-8.02338,37.71192],[-8.02331,37.71183],[-8.02339,37.71171],[-8.0236,37.7116],[-8.02383,37.71143],[-8.02413,37.71145],[-8.02425,37.7115]]]},"properties":{"dam_id":"way/369160001","osm_type":"way","osm_id":369160001,"country":"PT","name":null,"uso":"desconhecido"}},{"type":"Feature","geometry":{"type":"Polygon","coordinates":[[[-8.0186,37.70905],[-8.01863,37.70899],[-8.01852,37.70893],[-8.01816,37.7089],[-8.01799,37.70896],[-8.01797,37.70907],[-8.01801,37.70925],[-8.01798,37.7094],[-8.01807,37.70943],[-8.0186,37.70905]]]},"properties":{"dam_id":"way/369160007","osm_type":"way","osm_id":369160007,"country":"PT","name":null,"uso":"desconhecido"}},{"type":"Feature","geometry":{"type":"Polygon","coordinates":[[[-7.71468,39.59568],[-7.71466,39.59567],[-7.71481,39.59545],[-7.71479,39.59544],[-7.71489,39.59534],[-7.71493,39.59534],[-7.71468,39.59568]]]},"properties":{"dam_id":"way/369744142","osm_type":"way","osm_id":369744142,"country":"PT","name":null,"uso":"hidroelétrica"}},{"type":"Feature","geometry":{"type":"Polygon","coordinates":[[[-7.99738,39.4778],[-7.99751,39.47821],[-7.99741,39.47824],[-7.99742,39.47827],[-7.99748,39.47827],[-7.99752,39.4784],[-7.99745,39.47844],[-7.99753,39.47845],[-7.99758,39.4786],[-7.99751,39.47863],[-7.99759,39.47864],[-7.99763,39.47879],[-7.99757,39.47882],[-7.99765,39.47884],[-7.99769,39.47899],[-7.99762,39.47902],[-7.9977,39.47903],[-7.99774,39.47917],[-7.99767,39.47921],[-7.99775,39.47922],[-7.99779,39.47938],[-7.99774,39.47941],[-7.99781,39.47942],[-7.99785,39.47957],[-7.99779,39.47961],[-7.99786,39.47962],[-7.9979,39.47977],[-7.99784,39.4798],[-7.99792,39.47981],[-7.99796,39.47997],[-7.99789,39.48001],[-7.99797,39.48001],[-7.99801,39.48016],[-7.99795,39.4802],[-7.99803,39.48021],[-7.99807,39.48035],[-7.998,39.48036],[-7.99796,39.48041],[-7.99802,39.48045],[-7.9981,39.48044],[-7.99813,39.48056],[-7.99806,39.48057],[-7.99803,39.48062],[-7.99813,39.48064],[-7.99826,39.48112],[-7.998,39.48119],[-7.99783,39.48134],[-7.99784,39.48138],[-7.99863,39.48124],[-7.99862,39.48121],[-7.99872,39.48119],[-7.99855,39.48059],[-7.99871,39.48056],[-7.99881,39.48053],[-7.99881,39.4805],[-7.99869,39.48051],[-7.99868,39.48047],[-7.99852,39.48049],[-7.99848,39.48036],[-7.99881,39.4803],[-7.99876,39.48012],[-7.99884,39.48011],[-7.99882,39.48004],[-7.99813,39.48014],[-7.99809,39.47999],[-7.99829,39.47993],[-7.99808,39.47995],[-7.99803,39.47979],[-7.99824,39.47973],[-7.99802,39.47974],[-7.99798,39.4796],[-7.99818,39.47953],[-7.99797,39.47955],[-7.99792,39.4794],[-7.99813,39.47935],[-7.99846,39.47936],[-8.00077,39.47924],[-8.00076,39.47912],[-7.99844,39.47928],[-7.99791,39.47935],[-7.99787,39.47921],[-7.99807,39.47914],[-7.99785,39.47916],[-7.99781,39.47901],[-7.99801,39.47895],[-7.9978,39.47897],[-7.99776,39.47882],[-7.99796,39.47877],[-7.99795,39.47874],[-7.99774,39.47877],[-7.9977,39.47863],[-7.9979,39.47856],[-7.99769,39.47858],[-7.99765,39.47843],[-7.99785,39.47837],[-7.99764,39.47838],[-7.9976,39.47825],[-7.9978,39.47818],[-7.99767,39.47819],[-7.99748,39.47778],[-7.99738,39.4778]]]},"properties":{"dam_id":"way/369746884","osm_type":"way","osm_id":369746884,"country":"PT","name":"Barragem de Belver","uso":"hidroelétrica"}},{"type":"Feature","geometry":{"type":"Polygon","coordinates":[[[-7.92005,38.13495],[-7.92066,38.13522],[-7.9207,38.13515],[-7.92014,38.1348],[-7.91961,38.1346],[-7.91823,38.13445],[-7.91702,38.13438],[-7.91651,38.13441],[-7.91603,38.13455],[-7.91611,38.13465],[-7.91662,38.13452],[-7.9169,38.13451],[-7.91867,38.13469],[-7.91874,38.13473],[-7.91886,38.13495],[-7.919,38.13497],[-7.91913,38.13481],[-7.91929,38.13475],[-7.9195,38.13476],[-7.92007,38.1349],[-7.92005,38.13495]]]},"properties":{"dam_id":"way/373146565","osm_type":"way","osm_id":373146565,"country":"PT","name":null,"uso":"desconhecido"}},{"type":"Feature","geometry":{"type":"LineString","coordinates":[[-7.21594,37.99222],[-7.21568,37.9927]]},"properties":{"dam_id":"way/374350504","osm_type":"way","osm_id":374350504,"country":"PT","name":null,"uso":"desconhecido"}},{"type":"Feature","geometry":{"type":"LineString","coordinates":[[-7.20289,37.99801],[-7.20253,37.99785]]},"properties":{"dam_id":"way/374350516","osm_type":"way","osm_id":374350516,"country":"PT","name":null,"uso":"desconhecido"}},{"type":"Feature","geometry":{"type":"LineString","coordinates":[[-7.14551,37.99582],[-7.14553,37.99573],[-7.14546,37.99557]]},"properties":{"dam_id":"way/374350526","osm_type":"way","osm_id":374350526,"country":"PT","name":null,"uso":"desconhecido"}},{"type":"Feature","geometry":{"type":"LineString","coordinates":[[-7.11764,38.02389],[-7.1172,38.02372]]},"properties":{"dam_id":"way/374350527","osm_type":"way","osm_id":374350527,"country":"PT","name":null,"uso":"desconhecido"}},{"type":"Feature","geometry":{"type":"LineString","coordinates":[[-7.16627,38.05707],[-7.16603,38.0568]]},"properties":{"dam_id":"way/374351375","osm_type":"way","osm_id":374351375,"country":"PT","name":null,"uso":"desconhecido"}},{"type":"Feature","geometry":{"type":"LineString","coordinates":[[-7.10243,38.03188],[-7.10221,38.03204]]},"properties":{"dam_id":"way/374351382","osm_type":"way","osm_id":374351382,"country":"PT","name":null,"uso":"desconhecido"}},{"type":"Feature","geometry":{"type":"LineString","coordinates":[[-7.11997,38.0341],[-7.11957,38.03407]]},"properties":{"dam_id":"way/374355225","osm_type":"way","osm_id":374355225,"country":"PT","name":null,"uso":"desconhecido"}},{"type":"Feature","geometry":{"type":"LineString","coordinates":[[-7.20056,38.05291],[-7.19999,38.05253]]},"properties":{"dam_id":"way/374355234","osm_type":"way","osm_id":374355234,"country":"PT","name":null,"uso":"desconhecido"}},{"type":"Feature","geometry":{"type":"LineString","coordinates":[[-7.24562,38.0103],[-7.24549,38.00998]]},"properties":{"dam_id":"way/374356946","osm_type":"way","osm_id":374356946,"country":"PT","name":null,"uso":"desconhecido"}},{"type":"Feature","geometry":{"type":"LineString","coordinates":[[-7.25775,38.00347],[-7.25721,38.00355]]},"properties":{"dam_id":"way/374358051","osm_type":"way","osm_id":374358051,"country":"PT","name":null,"uso":"desconhecido"}},{"type":"Feature","geometry":{"type":"LineString","coordinates":[[-7.22432,38.00346],[-7.22413,38.00335],[-7.2239,38.00337]]},"properties":{"dam_id":"way/374358056","osm_type":"way","osm_id":374358056,"country":"PT","name":null,"uso":"desconhecido"}},{"type":"Feature","geometry":{"type":"LineString","coordinates":[[-7.27441,38.00619],[-7.27423,38.00577]]},"properties":{"dam_id":"way/374359201","osm_type":"way","osm_id":374359201,"country":"PT","name":null,"uso":"desconhecido"}},{"type":"Feature","geometry":{"type":"LineString","coordinates":[[-6.99934,39.87745],[-6.99827,39.87711]]},"properties":{"dam_id":"way/374656209","osm_type":"way","osm_id":374656209,"country":"PT","name":null,"uso":"desconhecido"}},{"type":"Feature","geometry":{"type":"LineString","coordinates":[[-6.96326,39.94267],[-6.96314,39.94279],[-6.96274,39.94359],[-6.96269,39.94377],[-6.96269,39.9439]]},"properties":{"dam_id":"way/374674818","osm_type":"way","osm_id":374674818,"country":"PT","name":null,"uso":"desconhecido"}},{"type":"Feature","geometry":{"type":"LineString","coordinates":[[-6.91727,39.95623],[-6.91731,39.95553]]},"properties":{"dam_id":"way/374674829","osm_type":"way","osm_id":374674829,"country":"PT","name":null,"uso":"desconhecido"}},{"type":"Feature","geometry":{"type":"LineString","coordinates":[[-7.74423,38.03132],[-7.7423,38.03262]]},"properties":{"dam_id":"way/374720436","osm_type":"way","osm_id":374720436,"country":"PT","name":null,"uso":"desconhecido"}},{"type":"Feature","geometry":{"type":"LineString","coordinates":[[-7.57439,37.91128],[-7.57304,37.91128]]},"properties":{"dam_id":"way/374744353","osm_type":"way","osm_id":374744353,"country":"PT","name":null,"uso":"desconhecido"}},{"type":"Feature","geometry":{"type":"Polygon","coordinates":[[[-7.65561,38.01362],[-7.65547,38.01349],[-7.65548,38.01322],[-7.65584,38.01303],[-7.65591,38.01295],[-7.65738,38.0125],[-7.6575,38.01253],[-7.65755,38.01264],[-7.65745,38.01273],[-7.65569,38.01361],[-7.65561,38.01362]]]},"properties":{"dam_id":"way/374746784","osm_type":"way","osm_id":374746784,"country":"PT","name":null,"uso":"desconhecido"}},{"type":"Feature","geometry":{"type":"LineString","coordinates":[[-7.30835,39.14573],[-7.30889,39.14502]]},"properties":{"dam_id":"way/374946265","osm_type":"way","osm_id":374946265,"country":"PT","name":null,"uso":"desconhecido"}},{"type":"Feature","geometry":{"type":"LineString","coordinates":[[-7.33826,39.13434],[-7.33805,39.13432],[-7.33757,39.13411],[-7.33705,39.13375],[-7.33665,39.13334],[-7.33641,39.13301]]},"properties":{"dam_id":"way/374946275","osm_type":"way","osm_id":374946275,"country":"PT","name":null,"uso":"desconhecido"}},{"type":"Feature","geometry":{"type":"LineString","coordinates":[[-7.30929,39.13433],[-7.30883,39.13431],[-7.30845,39.13401]]},"properties":{"dam_id":"way/374946284","osm_type":"way","osm_id":374946284,"country":"PT","name":null,"uso":"desconhecido"}},{"type":"Feature","geometry":{"type":"LineString","coordinates":[[-7.38083,39.11661],[-7.38063,39.11654],[-7.38034,39.11651],[-7.38018,39.11655]]},"properties":{"dam_id":"way/374948355","osm_type":"way","osm_id":374948355,"country":"PT","name":null,"uso":"desconhecido"}},{"type":"Feature","geometry":{"type":"LineString","coordinates":[[-7.41364,39.09607],[-7.41286,39.09571]]},"properties":{"dam_id":"way/374948362","osm_type":"way","osm_id":374948362,"country":"PT","name":null,"uso":"desconhecido"}},{"type":"Feature","geometry":{"type":"LineString","coordinates":[[-7.18408,39.85921],[-7.18411,39.85837]]},"properties":{"dam_id":"way/375501075","osm_type":"way","osm_id":375501075,"country":"PT","name":null,"uso":"desconhecido"}},{"type":"Feature","geometry":{"type":"Polygon","coordinates":[[[-7.49688,40.08447],[-7.49679,40.08447],[-7.49632,40.08443],[-7.49659,40.08437],[-7.49666,40.08422],[-7.49672,40.08422],[-7.49671,40.08436],[-7.49688,40.08447]]]},"properties":{"dam_id":"way/375541366","osm_type":"way","osm_id":375541366,"country":"PT","name":null,"uso":"desconhecido"}},{"type":"Feature","geometry":{"type":"LineString","coordinates":[[-7.42323,38.5882],[-7.42296,38.58812],[-7.4227,38.58798],[-7.42248,38.5878]]},"properties":{"dam_id":"way/376528810","osm_type":"way","osm_id":376528810,"country":"PT","name":null,"uso":"desconhecido"}},{"type":"Feature","geometry":{"type":"Polygon","coordinates":[[[-7.42755,38.57831],[-7.42696,38.57783],[-7.42638,38.57726],[-7.42631,38.57732],[-7.42671,38.57805],[-7.42737,38.57843],[-7.42755,38.57831]]]},"properties":{"dam_id":"way/376528886","osm_type":"way","osm_id":376528886,"country":"PT","name":null,"uso":"desconhecido"}},{"type":"Feature","geometry":{"type":"LineString","coordinates":[[-7.3988,38.58592],[-7.39741,38.58633]]},"properties":{"dam_id":"way/376528890","osm_type":"way","osm_id":376528890,"country":"PT","name":null,"uso":"desconhecido"}},{"type":"Feature","geometry":{"type":"LineString","coordinates":[[-7.41608,38.57943],[-7.41566,38.57763]]},"properties":{"dam_id":"way/376528895","osm_type":"way","osm_id":376528895,"country":"PT","name":null,"uso":"desconhecido"}},{"type":"Feature","geometry":{"type":"LineString","coordinates":[[-7.45714,38.57527],[-7.45666,38.57491]]},"properties":{"dam_id":"way/376529288","osm_type":"way","osm_id":376529288,"country":"PT","name":null,"uso":"desconhecido"}},{"type":"Feature","geometry":{"type":"LineString","coordinates":[[-8.42673,39.19977],[-8.42584,39.19998]]},"properties":{"dam_id":"way/377250421","osm_type":"way","osm_id":377250421,"country":"PT","name":null,"uso":"desconhecido"}},{"type":"Feature","geometry":{"type":"LineString","coordinates":[[-6.2211,41.59445],[-6.22076,41.59446]]},"properties":{"dam_id":"way/377620018","osm_type":"way","osm_id":377620018,"country":"PT","name":null,"uso":"desconhecido"}},{"type":"Feature","geometry":{"type":"LineString","coordinates":[[-6.37542,41.39969],[-6.37505,41.39954],[-6.37478,41.39957]]},"properties":{"dam_id":"way/377627561","osm_type":"way","osm_id":377627561,"country":"PT","name":null,"uso":"desconhecido"}},{"type":"Feature","geometry":{"type":"LineString","coordinates":[[-7.58213,37.69861],[-7.58164,37.69883]]},"properties":{"dam_id":"way/377691864","osm_type":"way","osm_id":377691864,"country":"PT","name":null,"uso":"desconhecido"}},{"type":"Feature","geometry":{"type":"Polygon","coordinates":[[[-7.94684,37.87937],[-7.94686,37.87925],[-7.94752,37.87923],[-7.94916,37.87952],[-7.95083,37.87992],[-7.95085,37.88008],[-7.94684,37.87937]]]},"properties":{"dam_id":"way/377693960","osm_type":"way","osm_id":377693960,"country":"PT","name":"Barragem dos Grous","uso":"regadio"}},{"type":"Feature","geometry":{"type":"LineString","coordinates":[[-8.00193,37.83384],[-8.00101,37.83382]]},"properties":{"dam_id":"way/377693961","osm_type":"way","osm_id":377693961,"country":"PT","name":null,"uso":"desconhecido"}},{"type":"Feature","geometry":{"type":"LineString","coordinates":[[-8.06393,37.87757],[-8.06306,37.87801]]},"properties":{"dam_id":"way/377693970","osm_type":"way","osm_id":377693970,"country":"PT","name":null,"uso":"desconhecido"}},{"type":"Feature","geometry":{"type":"Polygon","coordinates":[[[-7.9275,37.87861],[-7.92745,37.87851],[-7.9275,37.87833],[-7.92795,37.87787],[-7.92849,37.87769],[-7.92977,37.87734],[-7.92989,37.87747],[-7.92791,37.87849],[-7.92791,37.87856],[-7.92777,37.8786],[-7.92766,37.87855],[-7.9275,37.87861]]]},"properties":{"dam_id":"way/377693985","osm_type":"way","osm_id":377693985,"country":"PT","name":null,"uso":"desconhecido"}},{"type":"Feature","geometry":{"type":"Polygon","coordinates":[[[-7.90286,37.89385],[-7.90122,37.89383],[-7.90114,37.89372],[-7.90197,37.89357],[-7.90287,37.89363],[-7.90286,37.89385]]]},"properties":{"dam_id":"way/377694069","osm_type":"way","osm_id":377694069,"country":"PT","name":null,"uso":"desconhecido"}},{"type":"Feature","geometry":{"type":"LineString","coordinates":[[-7.89914,37.89931],[-7.89853,37.89851]]},"properties":{"dam_id":"way/377694071","osm_type":"way","osm_id":377694071,"country":"PT","name":null,"uso":"desconhecido"}},{"type":"Feature","geometry":{"type":"LineString","coordinates":[[-7.7946,39.24984],[-7.79453,39.24963],[-7.79437,39.24934]]},"properties":{"dam_id":"way/377731376","osm_type":"way","osm_id":377731376,"country":"PT","name":null,"uso":"desconhecido"}},{"type":"Feature","geometry":{"type":"Polygon","coordinates":[[[-7.79383,39.25427],[-7.7939,39.25277],[-7.79424,39.2531],[-7.79403,39.25423],[-7.79383,39.25427]]]},"properties":{"dam_id":"way/377731387","osm_type":"way","osm_id":377731387,"country":"PT","name":null,"uso":"desconhecido"}},{"type":"Feature","geometry":{"type":"LineString","coordinates":[[-7.79497,39.2598],[-7.79498,39.25918]]},"properties":{"dam_id":"way/377731403","osm_type":"way","osm_id":377731403,"country":"PT","name":null,"uso":"desconhecido"}},{"type":"Feature","geometry":{"type":"LineString","coordinates":[[-7.84561,39.19429],[-7.84451,39.19336]]},"properties":{"dam_id":"way/377731411","osm_type":"way","osm_id":377731411,"country":"PT","name":null,"uso":"desconhecido"}},{"type":"Feature","geometry":{"type":"LineString","coordinates":[[-7.77957,39.25017],[-7.77905,39.25075]]},"properties":{"dam_id":"way/377731432","osm_type":"way","osm_id":377731432,"country":"PT","name":null,"uso":"desconhecido"}},{"type":"Feature","geometry":{"type":"LineString","coordinates":[[-7.78135,39.28429],[-7.78056,39.28462]]},"properties":{"dam_id":"way/377733431","osm_type":"way","osm_id":377733431,"country":"PT","name":null,"uso":"desconhecido"}},{"type":"Feature","geometry":{"type":"LineString","coordinates":[[-7.37824,38.48759],[-7.37822,38.4866]]},"properties":{"dam_id":"way/378367614","osm_type":"way","osm_id":378367614,"country":"PT","name":null,"uso":"desconhecido"}},{"type":"Feature","geometry":{"type":"LineString","coordinates":[[-7.38183,38.50807],[-7.38138,38.50769]]},"properties":{"dam_id":"way/378367615","osm_type":"way","osm_id":378367615,"country":"PT","name":null,"uso":"desconhecido"}},{"type":"Feature","geometry":{"type":"LineString","coordinates":[[-7.36846,38.48821],[-7.36747,38.48857]]},"properties":{"dam_id":"way/378367619","osm_type":"way","osm_id":378367619,"country":"PT","name":null,"uso":"desconhecido"}},{"type":"Feature","geometry":{"type":"LineString","coordinates":[[-7.52194,38.60084],[-7.52164,38.60032]]},"properties":{"dam_id":"way/378371327","osm_type":"way","osm_id":378371327,"country":"PT","name":null,"uso":"desconhecido"}},{"type":"Feature","geometry":{"type":"LineString","coordinates":[[-7.11829,39.96392],[-7.11971,39.96503]]},"properties":{"dam_id":"way/379461595","osm_type":"way","osm_id":379461595,"country":"PT","name":null,"uso":"desconhecido"}},{"type":"Feature","geometry":{"type":"Polygon","coordinates":[[[-7.64302,40.37228],[-7.64305,40.37231],[-7.64312,40.37221],[-7.64316,40.37223],[-7.64318,40.37219],[-7.6432,40.37189],[-7.64324,40.37181],[-7.6432,40.37181],[-7.64315,40.37189],[-7.64311,40.37217],[-7.64302,40.37228]]]},"properties":{"dam_id":"way/384084790","osm_type":"way","osm_id":384084790,"country":"PT","name":"Barragem do Covão do Curral","uso":"desconhecido"}},{"type":"Feature","geometry":{"type":"LineString","coordinates":[[-8.41118,38.06355],[-8.41108,38.06327],[-8.41107,38.06311]]},"properties":{"dam_id":"way/384569441","osm_type":"way","osm_id":384569441,"country":"PT","name":null,"uso":"desconhecido"}},{"type":"Feature","geometry":{"type":"Polygon","coordinates":[[[-8.10977,38.95477],[-8.10976,38.95445],[-8.10968,38.95432],[-8.10966,38.95434],[-8.10974,38.95446],[-8.10975,38.95455],[-8.10967,38.95457],[-8.10891,38.95463],[-8.10794,38.95481],[-8.10796,38.95491],[-8.10976,38.95502],[-8.10985,38.95509],[-8.10982,38.95491],[-8.10977,38.9549],[-8.10977,38.95481],[-8.10995,38.9548],[-8.10996,38.95487],[-8.11,38.95487],[-8.10999,38.9548],[-8.11017,38.95478],[-8.11017,38.95486],[-8.11022,38.95485],[-8.11021,38.95478],[-8.11039,38.95477],[-8.1104,38.95485],[-8.11044,38.95484],[-8.11043,38.95477],[-8.11062,38.95476],[-8.11066,38.95497],[-8.11053,38.95498],[-8.11053,38.955],[-8.11069,38.95499],[-8.11072,38.95505],[-8.1107,38.95486],[-8.11087,38.95485],[-8.11086,38.95474],[-8.11113,38.95472],[-8.11112,38.95468],[-8.10977,38.95477]]]},"properties":{"dam_id":"way/384892537","osm_type":"way","osm_id":384892537,"country":"PT","name":"Barragem do Gameiro","uso":"hidroelétrica"}},{"type":"Feature","geometry":{"type":"LineString","coordinates":[[-8.36425,41.01556],[-8.36397,41.01556]]},"properties":{"dam_id":"way/389455853","osm_type":"way","osm_id":389455853,"country":"PT","name":"Açude","uso":"desconhecido"}},{"type":"Feature","geometry":{"type":"LineString","coordinates":[[-8.35839,41.00738],[-8.35816,41.00751]]},"properties":{"dam_id":"way/389456588","osm_type":"way","osm_id":389456588,"country":"PT","name":"Açude","uso":"desconhecido"}},{"type":"Feature","geometry":{"type":"Polygon","coordinates":[[[-7.33539,41.00804],[-7.33513,41.00786],[-7.33601,41.00688],[-7.33591,41.00688],[-7.3339,41.00874],[-7.33395,41.00878],[-7.33452,41.0083],[-7.33498,41.00805],[-7.33523,41.00821],[-7.33539,41.00804]]]},"properties":{"dam_id":"way/396635197","osm_type":"way","osm_id":396635197,"country":"PT","name":"Barragem de Ranhados","uso":"regadio"}},{"type":"Feature","geometry":{"type":"Polygon","coordinates":[[[-6.9829,41.86638],[-6.98303,41.86627],[-6.98261,41.86584],[-6.98173,41.86564],[-6.98121,41.86602],[-6.9813,41.86609],[-6.98132,41.86607],[-6.9829,41.86638]]]},"properties":{"dam_id":"way/396930684","osm_type":"way","osm_id":396930684,"country":"PT","name":"Barragem de Prada","uso":"regadio"}},{"type":"Feature","geometry":{"type":"LineString","coordinates":[[-7.9174,37.40857],[-7.91745,37.4086],[-7.91768,37.40854],[-7.91771,37.40865],[-7.91756,37.40874],[-7.9176,37.40878],[-7.91768,37.40879],[-7.91769,37.40882],[-7.91773,37.40882]]},"properties":{"dam_id":"way/397432186","osm_type":"way","osm_id":397432186,"country":"PT","name":null,"uso":"desconhecido"}},{"type":"Feature","geometry":{"type":"LineString","coordinates":[[-8.61284,37.81292],[-8.61195,37.81315]]},"properties":{"dam_id":"way/399104193","osm_type":"way","osm_id":399104193,"country":"PT","name":null,"uso":"desconhecido"}},{"type":"Feature","geometry":{"type":"LineString","coordinates":[[-8.6397,37.81122],[-8.63926,37.81063]]},"properties":{"dam_id":"way/399107742","osm_type":"way","osm_id":399107742,"country":"PT","name":null,"uso":"desconhecido"}},{"type":"Feature","geometry":{"type":"Polygon","coordinates":[[[-7.56056,40.82122],[-7.55993,40.82094],[-7.56064,40.82119],[-7.5611,40.82147],[-7.56105,40.82147],[-7.56056,40.82122]]]},"properties":{"dam_id":"way/401983917","osm_type":"way","osm_id":401983917,"country":"PT","name":"Barragem Carvalhal do Eiró","uso":"desconhecido"}},{"type":"Feature","geometry":{"type":"LineString","coordinates":[[-8.7076,37.83816],[-8.70729,37.83628]]},"properties":{"dam_id":"way/402228014","osm_type":"way","osm_id":402228014,"country":"PT","name":null,"uso":"desconhecido"}},{"type":"Feature","geometry":{"type":"LineString","coordinates":[[-8.69202,37.83396],[-8.69179,37.83351]]},"properties":{"dam_id":"way/402228015","osm_type":"way","osm_id":402228015,"country":"PT","name":null,"uso":"desconhecido"}},{"type":"Feature","geometry":{"type":"LineString","coordinates":[[-8.29671,40.0299],[-8.29593,40.02957]]},"properties":{"dam_id":"way/403723211","osm_type":"way","osm_id":403723211,"country":"PT","name":null,"uso":"desconhecido"}},{"type":"Feature","geometry":{"type":"LineString","coordinates":[[-8.29897,40.02587],[-8.29926,40.0256]]},"properties":{"dam_id":"way/403723290","osm_type":"way","osm_id":403723290,"country":"PT","name":null,"uso":"desconhecido"}},{"type":"Feature","geometry":{"type":"LineString","coordinates":[[-8.69909,37.82894],[-8.69886,37.82698]]},"properties":{"dam_id":"way/404706155","osm_type":"way","osm_id":404706155,"country":"PT","name":null,"uso":"desconhecido"}},{"type":"Feature","geometry":{"type":"LineString","coordinates":[[-8.70936,37.84644],[-8.70921,37.84633],[-8.70894,37.84589],[-8.7089,37.84575]]},"properties":{"dam_id":"way/404706164","osm_type":"way","osm_id":404706164,"country":"PT","name":null,"uso":"desconhecido"}},{"type":"Feature","geometry":{"type":"Polygon","coordinates":[[[-8.69866,37.84991],[-8.69873,37.8498],[-8.69884,37.8498],[-8.69871,37.84992],[-8.69864,37.85019],[-8.69865,37.85026],[-8.69861,37.85019],[-8.69866,37.84991]]]},"properties":{"dam_id":"way/404706165","osm_type":"way","osm_id":404706165,"country":"PT","name":null,"uso":"desconhecido"}},{"type":"Feature","geometry":{"type":"LineString","coordinates":[[-8.59152,37.78713],[-8.59172,37.78662]]},"properties":{"dam_id":"way/404730290","osm_type":"way","osm_id":404730290,"country":"PT","name":null,"uso":"desconhecido"}},{"type":"Feature","geometry":{"type":"LineString","coordinates":[[-8.58541,37.7912],[-8.58538,37.79077]]},"properties":{"dam_id":"way/404919418","osm_type":"way","osm_id":404919418,"country":"PT","name":null,"uso":"desconhecido"}},{"type":"Feature","geometry":{"type":"LineString","coordinates":[[-8.59839,37.79235],[-8.59806,37.79214]]},"properties":{"dam_id":"way/404942171","osm_type":"way","osm_id":404942171,"country":"PT","name":null,"uso":"desconhecido"}},{"type":"Feature","geometry":{"type":"LineString","coordinates":[[-8.57638,37.80244],[-8.57587,37.80255]]},"properties":{"dam_id":"way/404942174","osm_type":"way","osm_id":404942174,"country":"PT","name":null,"uso":"desconhecido"}},{"type":"Feature","geometry":{"type":"LineString","coordinates":[[-8.76585,37.79503],[-8.76565,37.79425]]},"properties":{"dam_id":"way/405172489","osm_type":"way","osm_id":405172489,"country":"PT","name":null,"uso":"desconhecido"}},{"type":"Feature","geometry":{"type":"LineString","coordinates":[[-8.52084,37.79322],[-8.51968,37.79241]]},"properties":{"dam_id":"way/405289679","osm_type":"way","osm_id":405289679,"country":"PT","name":null,"uso":"desconhecido"}},{"type":"Feature","geometry":{"type":"LineString","coordinates":[[-8.50347,37.74608],[-8.50258,37.74528]]},"properties":{"dam_id":"way/405322852","osm_type":"way","osm_id":405322852,"country":"PT","name":null,"uso":"desconhecido"}},{"type":"Feature","geometry":{"type":"LineString","coordinates":[[-8.54426,37.79048],[-8.54395,37.78997]]},"properties":{"dam_id":"way/405440866","osm_type":"way","osm_id":405440866,"country":"PT","name":null,"uso":"desconhecido"}},{"type":"Feature","geometry":{"type":"LineString","coordinates":[[-8.54355,37.8265],[-8.54233,37.82645]]},"properties":{"dam_id":"way/405970293","osm_type":"way","osm_id":405970293,"country":"PT","name":null,"uso":"desconhecido"}},{"type":"Feature","geometry":{"type":"LineString","coordinates":[[-8.55695,37.82779],[-8.55604,37.82804]]},"properties":{"dam_id":"way/405970300","osm_type":"way","osm_id":405970300,"country":"PT","name":null,"uso":"desconhecido"}},{"type":"Feature","geometry":{"type":"LineString","coordinates":[[-8.54885,37.81005],[-8.54822,37.81026]]},"properties":{"dam_id":"way/406052153","osm_type":"way","osm_id":406052153,"country":"PT","name":null,"uso":"desconhecido"}},{"type":"Feature","geometry":{"type":"LineString","coordinates":[[-8.55372,37.80571],[-8.55347,37.80573]]},"properties":{"dam_id":"way/406052156","osm_type":"way","osm_id":406052156,"country":"PT","name":null,"uso":"desconhecido"}},{"type":"Feature","geometry":{"type":"Polygon","coordinates":[[[-8.54301,37.80312],[-8.54301,37.80306],[-8.5431,37.80301],[-8.54334,37.80339],[-8.54341,37.80342],[-8.54341,37.80348],[-8.54334,37.80348],[-8.5432,37.80341],[-8.54301,37.80312]]]},"properties":{"dam_id":"way/406144848","osm_type":"way","osm_id":406144848,"country":"PT","name":null,"uso":"desconhecido"}},{"type":"Feature","geometry":{"type":"LineString","coordinates":[[-8.74969,37.71468],[-8.74967,37.71401]]},"properties":{"dam_id":"way/408520174","osm_type":"way","osm_id":408520174,"country":"PT","name":null,"uso":"desconhecido"}},{"type":"Feature","geometry":{"type":"LineString","coordinates":[[-8.72503,37.7133],[-8.72468,37.71334]]},"properties":{"dam_id":"way/408826156","osm_type":"way","osm_id":408826156,"country":"PT","name":null,"uso":"desconhecido"}},{"type":"Feature","geometry":{"type":"LineString","coordinates":[[-8.53548,37.74921],[-8.53529,37.74914],[-8.53499,37.74911]]},"properties":{"dam_id":"way/410945911","osm_type":"way","osm_id":410945911,"country":"PT","name":null,"uso":"desconhecido"}},{"type":"Feature","geometry":{"type":"LineString","coordinates":[[-8.52092,37.70192],[-8.52065,37.7019]]},"properties":{"dam_id":"way/413419918","osm_type":"way","osm_id":413419918,"country":"PT","name":null,"uso":"desconhecido"}},{"type":"Feature","geometry":{"type":"LineString","coordinates":[[-8.51758,37.70794],[-8.5178,37.70735]]},"properties":{"dam_id":"way/413419919","osm_type":"way","osm_id":413419919,"country":"PT","name":null,"uso":"desconhecido"}},{"type":"Feature","geometry":{"type":"LineString","coordinates":[[-8.51769,37.71119],[-8.51734,37.71096]]},"properties":{"dam_id":"way/413419924","osm_type":"way","osm_id":413419924,"country":"PT","name":null,"uso":"desconhecido"}},{"type":"Feature","geometry":{"type":"Polygon","coordinates":[[[-8.51634,37.71509],[-8.51627,37.71506],[-8.51667,37.71483],[-8.51666,37.71487],[-8.51634,37.71509]]]},"properties":{"dam_id":"way/413419925","osm_type":"way","osm_id":413419925,"country":"PT","name":null,"uso":"desconhecido"}},{"type":"Feature","geometry":{"type":"LineString","coordinates":[[-8.42555,37.74937],[-8.42405,37.74939]]},"properties":{"dam_id":"way/414003885","osm_type":"way","osm_id":414003885,"country":"PT","name":null,"uso":"desconhecido"}},{"type":"Feature","geometry":{"type":"LineString","coordinates":[[-8.50365,37.70245],[-8.50381,37.70271]]},"properties":{"dam_id":"way/418478198","osm_type":"way","osm_id":418478198,"country":"PT","name":null,"uso":"desconhecido"}},{"type":"Feature","geometry":{"type":"LineString","coordinates":[[-7.39138,38.78294],[-7.39178,38.78331]]},"properties":{"dam_id":"way/436472827","osm_type":"way","osm_id":436472827,"country":"PT","name":null,"uso":"desconhecido"}},{"type":"Feature","geometry":{"type":"LineString","coordinates":[[-7.73897,39.47206],[-7.73923,39.47213],[-7.73944,39.47229],[-7.73978,39.47266]]},"properties":{"dam_id":"way/437307860","osm_type":"way","osm_id":437307860,"country":"PT","name":null,"uso":"desconhecido"}},{"type":"Feature","geometry":{"type":"LineString","coordinates":[[-7.79837,39.43831],[-7.79772,39.43821]]},"properties":{"dam_id":"way/437307863","osm_type":"way","osm_id":437307863,"country":"PT","name":null,"uso":"desconhecido"}},{"type":"Feature","geometry":{"type":"LineString","coordinates":[[-7.79375,39.43566],[-7.79318,39.43535]]},"properties":{"dam_id":"way/437307866","osm_type":"way","osm_id":437307866,"country":"PT","name":null,"uso":"desconhecido"}},{"type":"Feature","geometry":{"type":"LineString","coordinates":[[-7.51291,40.01076],[-7.51248,40.01047],[-7.51176,40.0102],[-7.51126,40.01027],[-7.51115,40.01049],[-7.51101,40.01096]]},"properties":{"dam_id":"way/443388581","osm_type":"way","osm_id":443388581,"country":"PT","name":null,"uso":"desconhecido"}},{"type":"Feature","geometry":{"type":"LineString","coordinates":[[-7.99573,41.27718],[-7.99532,41.27727],[-7.99524,41.27724]]},"properties":{"dam_id":"way/444597296","osm_type":"way","osm_id":444597296,"country":"PT","name":null,"uso":"desconhecido"}},{"type":"Feature","geometry":{"type":"LineString","coordinates":[[-8.00495,41.2706],[-8.00495,41.27055],[-8.00482,41.27061]]},"properties":{"dam_id":"way/444597299","osm_type":"way","osm_id":444597299,"country":"PT","name":null,"uso":"desconhecido"}},{"type":"Feature","geometry":{"type":"Polygon","coordinates":[[[-8.49801,41.09583],[-8.49817,41.09604],[-8.49851,41.09594],[-8.4985,41.09592],[-8.49829,41.09593],[-8.49829,41.09589],[-8.49822,41.09584],[-8.49828,41.09576],[-8.49804,41.09555],[-8.49778,41.09562],[-8.49773,41.09558],[-8.49777,41.09563],[-8.49773,41.09566],[-8.49777,41.09572],[-8.49781,41.09571],[-8.49801,41.09583]]]},"properties":{"dam_id":"way/449268416","osm_type":"way","osm_id":449268416,"country":"PT","name":"Estação Elevatória do Sousa","uso":"desconhecido"}},{"type":"Feature","geometry":{"type":"LineString","coordinates":[[-7.07234,41.35207],[-7.07245,41.35208],[-7.07259,41.35215],[-7.07267,41.35229],[-7.07267,41.3524]]},"properties":{"dam_id":"way/454372504","osm_type":"way","osm_id":454372504,"country":"PT","name":null,"uso":"desconhecido"}},{"type":"Feature","geometry":{"type":"Polygon","coordinates":[[[-8.47822,38.91075],[-8.47987,38.90975],[-8.48116,38.90898],[-8.4806,38.90871],[-8.48065,38.90885],[-8.48062,38.90897],[-8.4805,38.90908],[-8.47825,38.91047],[-8.47795,38.91045],[-8.47822,38.91075]]]},"properties":{"dam_id":"way/458355574","osm_type":"way","osm_id":458355574,"country":"PT","name":"Barragem","uso":"desconhecido"}},{"type":"Feature","geometry":{"type":"LineString","coordinates":[[-8.72058,37.24266],[-8.72083,37.24243],[-8.72124,37.24217]]},"properties":{"dam_id":"way/461185616","osm_type":"way","osm_id":461185616,"country":"PT","name":null,"uso":"desconhecido"}},{"type":"Feature","geometry":{"type":"LineString","coordinates":[[-9.24243,39.37957],[-9.2424,39.3796]]},"properties":{"dam_id":"way/462549183","osm_type":"way","osm_id":462549183,"country":"PT","name":null,"uso":"desconhecido"}},{"type":"Feature","geometry":{"type":"LineString","coordinates":[[-8.92572,37.08897],[-8.92572,37.08882],[-8.92583,37.08844]]},"properties":{"dam_id":"way/462610451","osm_type":"way","osm_id":462610451,"country":"PT","name":null,"uso":"desconhecido"}},{"type":"Feature","geometry":{"type":"LineString","coordinates":[[-8.86398,37.0916],[-8.86368,37.09094]]},"properties":{"dam_id":"way/462846594","osm_type":"way","osm_id":462846594,"country":"PT","name":null,"uso":"desconhecido"}},{"type":"Feature","geometry":{"type":"Polygon","coordinates":[[[-8.61502,39.50478],[-8.61531,39.50452],[-8.61535,39.50457],[-8.61543,39.50453],[-8.61536,39.50445],[-8.6154,39.50444],[-8.61538,39.50441],[-8.61517,39.50454],[-8.61497,39.50471],[-8.61502,39.50478]]]},"properties":{"dam_id":"way/473428533","osm_type":"way","osm_id":473428533,"country":"PT","name":"Barragem da Nascente do Almonda","uso":"desconhecido"}},{"type":"Feature","geometry":{"type":"LineString","coordinates":[[-9.21823,39.30034],[-9.21828,39.30028]]},"properties":{"dam_id":"way/476684502","osm_type":"way","osm_id":476684502,"country":"PT","name":null,"uso":"desconhecido"}},{"type":"Feature","geometry":{"type":"LineString","coordinates":[[-8.31856,37.2684],[-8.31801,37.2683]]},"properties":{"dam_id":"way/485063697","osm_type":"way","osm_id":485063697,"country":"PT","name":null,"uso":"desconhecido"}},{"type":"Feature","geometry":{"type":"LineString","coordinates":[[-7.60956,38.55111],[-7.6089,38.55098]]},"properties":{"dam_id":"way/488060506","osm_type":"way","osm_id":488060506,"country":"PT","name":null,"uso":"desconhecido"}},{"type":"Feature","geometry":{"type":"LineString","coordinates":[[-7.44581,38.50687],[-7.44418,38.5065]]},"properties":{"dam_id":"way/488096433","osm_type":"way","osm_id":488096433,"country":"PT","name":null,"uso":"desconhecido"}},{"type":"Feature","geometry":{"type":"LineString","coordinates":[[-7.43,38.49241],[-7.42926,38.49268]]},"properties":{"dam_id":"way/488096436","osm_type":"way","osm_id":488096436,"country":"PT","name":null,"uso":"desconhecido"}},{"type":"Feature","geometry":{"type":"LineString","coordinates":[[-8.72296,37.16541],[-8.72263,37.16535]]},"properties":{"dam_id":"way/489751567","osm_type":"way","osm_id":489751567,"country":"PT","name":null,"uso":"desconhecido"}},{"type":"Feature","geometry":{"type":"LineString","coordinates":[[-8.73518,37.16123],[-8.73475,37.16115]]},"properties":{"dam_id":"way/489751571","osm_type":"way","osm_id":489751571,"country":"PT","name":null,"uso":"desconhecido"}},{"type":"Feature","geometry":{"type":"LineString","coordinates":[[-8.72731,37.16435],[-8.72669,37.1646]]},"properties":{"dam_id":"way/489751573","osm_type":"way","osm_id":489751573,"country":"PT","name":null,"uso":"desconhecido"}},{"type":"Feature","geometry":{"type":"LineString","coordinates":[[-8.71918,37.17459],[-8.71953,37.17466]]},"properties":{"dam_id":"way/489752830","osm_type":"way","osm_id":489752830,"country":"PT","name":null,"uso":"desconhecido"}},{"type":"Feature","geometry":{"type":"LineString","coordinates":[[-8.71443,37.25148],[-8.71489,37.25178]]},"properties":{"dam_id":"way/489755747","osm_type":"way","osm_id":489755747,"country":"PT","name":null,"uso":"desconhecido"}},{"type":"Feature","geometry":{"type":"LineString","coordinates":[[-8.71091,37.24666],[-8.71064,37.24676]]},"properties":{"dam_id":"way/489755756","osm_type":"way","osm_id":489755756,"country":"PT","name":null,"uso":"desconhecido"}},{"type":"Feature","geometry":{"type":"LineString","coordinates":[[-8.71561,37.23572],[-8.71527,37.23581]]},"properties":{"dam_id":"way/489755768","osm_type":"way","osm_id":489755768,"country":"PT","name":null,"uso":"desconhecido"}},{"type":"Feature","geometry":{"type":"LineString","coordinates":[[-8.72562,37.22713],[-8.72523,37.22714]]},"properties":{"dam_id":"way/489755771","osm_type":"way","osm_id":489755771,"country":"PT","name":null,"uso":"desconhecido"}},{"type":"Feature","geometry":{"type":"Polygon","coordinates":[[[-7.55769,38.10044],[-7.5589,38.09996],[-7.55944,38.09983],[-7.56072,38.09919],[-7.56142,38.09862],[-7.56204,38.09828],[-7.56339,38.09699],[-7.56386,38.09627],[-7.56408,38.09631],[-7.56428,38.09624],[-7.56417,38.09575],[-7.56406,38.09551],[-7.56395,38.09529],[-7.56378,38.09508],[-7.56361,38.09498],[-7.56355,38.09501],[-7.56365,38.09525],[-7.56352,38.0951],[-7.56359,38.09529],[-7.56344,38.09513],[-7.56351,38.09532],[-7.56335,38.09513],[-7.56331,38.09514],[-7.56347,38.09536],[-7.56336,38.09541],[-7.56102,38.09823],[-7.56037,38.09889],[-7.55985,38.09918],[-7.5582,38.09989],[-7.5576,38.1002],[-7.55745,38.10032],[-7.55769,38.10044]]]},"properties":{"dam_id":"way/491134811","osm_type":"way","osm_id":491134811,"country":"PT","name":"Barragem da Amoreira","uso":"desconhecido"}},{"type":"Feature","geometry":{"type":"Polygon","coordinates":[[[-7.39193,38.07584],[-7.39658,38.07141],[-7.39686,38.07124],[-7.397,38.07134],[-7.39528,38.07356],[-7.39205,38.07607],[-7.39165,38.07644],[-7.39142,38.07656],[-7.3912,38.07662],[-7.39064,38.0766],[-7.39059,38.0764],[-7.39117,38.07638],[-7.39142,38.07632],[-7.39187,38.076],[-7.39193,38.07584]]]},"properties":{"dam_id":"way/491478695","osm_type":"way","osm_id":491478695,"country":"PT","name":"Barragem de Furta Galinhas","uso":"desconhecido"}},{"type":"Feature","geometry":{"type":"LineString","coordinates":[[-8.44755,37.67651],[-8.44851,37.67619]]},"properties":{"dam_id":"way/495365172","osm_type":"way","osm_id":495365172,"country":"PT","name":null,"uso":"desconhecido"}},{"type":"Feature","geometry":{"type":"LineString","coordinates":[[-9.39696,38.76796],[-9.39747,38.76738],[-9.39758,38.76735]]},"properties":{"dam_id":"way/497895298","osm_type":"way","osm_id":497895298,"country":"PT","name":null,"uso":"desconhecido"}},{"type":"Feature","geometry":{"type":"LineString","coordinates":[[-7.57274,37.16234],[-7.57267,37.16233],[-7.57262,37.16235]]},"properties":{"dam_id":"way/499849301","osm_type":"way","osm_id":499849301,"country":"PT","name":null,"uso":"desconhecido"}},{"type":"Feature","geometry":{"type":"Polygon","coordinates":[[[-8.11621,39.53767],[-8.11688,39.53824],[-8.11698,39.53823],[-8.11703,39.53817],[-8.11699,39.53811],[-8.11721,39.53767],[-8.11724,39.53726],[-8.1171,39.53728],[-8.11706,39.53718],[-8.11709,39.53713],[-8.11706,39.53711],[-8.11702,39.53703],[-8.11683,39.53697],[-8.11624,39.53692],[-8.11611,39.53686],[-8.11593,39.53684],[-8.11577,39.53686],[-8.11605,39.53743],[-8.11621,39.53767]]]},"properties":{"dam_id":"way/502073645","osm_type":"way","osm_id":502073645,"country":"PT","name":null,"uso":"desconhecido"}},{"type":"Feature","geometry":{"type":"Polygon","coordinates":[[[-7.75583,38.09249],[-7.75478,38.09265],[-7.75384,38.0927],[-7.75284,38.09265],[-7.75146,38.09225],[-7.74905,38.09042],[-7.74885,38.09022],[-7.74855,38.08961],[-7.74844,38.08953],[-7.74852,38.08945],[-7.74871,38.08957],[-7.74865,38.08961],[-7.74876,38.08968],[-7.74965,38.08982],[-7.7504,38.09035],[-7.75248,38.09173],[-7.75284,38.09228],[-7.75306,38.09233],[-7.7533,38.09228],[-7.75334,38.09241],[-7.75373,38.09231],[-7.75501,38.09237],[-7.75556,38.09237],[-7.75584,38.09234],[-7.75583,38.09249]]]},"properties":{"dam_id":"way/503888905","osm_type":"way","osm_id":503888905,"country":"PT","name":null,"uso":"desconhecido"}},{"type":"Feature","geometry":{"type":"Polygon","coordinates":[[[-8.42571,38.0447],[-8.42559,38.04451],[-8.42558,38.04439],[-8.4257,38.04426],[-8.42545,38.04426],[-8.42577,38.04419],[-8.4258,38.04421],[-8.42578,38.04426],[-8.42571,38.04426],[-8.42573,38.04474],[-8.42558,38.04474],[-8.42558,38.0447],[-8.42571,38.0447]]]},"properties":{"dam_id":"way/505036482","osm_type":"way","osm_id":505036482,"country":"PT","name":"Barragem da Tapada","uso":"abastecimento"}},{"type":"Feature","geometry":{"type":"Polygon","coordinates":[[[-8.42464,38.03816],[-8.42509,38.03686],[-8.42538,38.03692],[-8.42492,38.03822],[-8.42464,38.03816]]]},"properties":{"dam_id":"way/505218282","osm_type":"way","osm_id":505218282,"country":"PT","name":null,"uso":"desconhecido"}},{"type":"Feature","geometry":{"type":"Polygon","coordinates":[[[-7.50827,37.66869],[-7.50815,37.66875],[-7.50757,37.66894],[-7.50706,37.66906],[-7.5068,37.66906],[-7.50669,37.66918],[-7.50544,37.66928],[-7.50546,37.66938],[-7.50703,37.66937],[-7.50754,37.6693],[-7.50839,37.66899],[-7.50844,37.6689],[-7.50836,37.66883],[-7.50838,37.66876],[-7.50827,37.66869]]]},"properties":{"dam_id":"way/505952763","osm_type":"way","osm_id":505952763,"country":"PT","name":"Barragem da Tapada Grande","uso":"desconhecido"}},{"type":"Feature","geometry":{"type":"Polygon","coordinates":[[[-8.42312,38.03265],[-8.423,38.03263],[-8.42315,38.03211],[-8.42326,38.03212],[-8.42312,38.03265]]]},"properties":{"dam_id":"way/506005547","osm_type":"way","osm_id":506005547,"country":"PT","name":null,"uso":"desconhecido"}},{"type":"Feature","geometry":{"type":"Polygon","coordinates":[[[-6.80484,41.95241],[-6.80142,41.95244],[-6.80143,41.95231],[-6.80163,41.9523],[-6.80165,41.95233],[-6.80209,41.95236],[-6.80285,41.95217],[-6.80318,41.95212],[-6.80392,41.95184],[-6.80395,41.95173],[-6.80406,41.9517],[-6.80411,41.9517],[-6.80411,41.95176],[-6.80423,41.95176],[-6.80423,41.95183],[-6.80485,41.9523],[-6.80484,41.95241]]]},"properties":{"dam_id":"way/506284205","osm_type":"way","osm_id":506284205,"country":"PT","name":"Barragem de Veiguinhas","uso":"abastecimento"}},{"type":"Feature","geometry":{"type":"Polygon","coordinates":[[[-6.77707,41.95618],[-6.77693,41.9557],[-6.77701,41.95571],[-6.77715,41.95583],[-6.7772,41.95604],[-6.77711,41.95606],[-6.77712,41.95615],[-6.77707,41.95618]]]},"properties":{"dam_id":"way/506287896","osm_type":"way","osm_id":506287896,"country":"PT","name":"Açude da Gralha","uso":"hidroelétrica"}},{"type":"Feature","geometry":{"type":"Polygon","coordinates":[[[-7.65209,38.83957],[-7.65235,38.83958],[-7.65231,38.8395],[-7.65094,38.83867],[-7.65112,38.83902],[-7.65209,38.83957]]]},"properties":{"dam_id":"way/506295700","osm_type":"way","osm_id":506295700,"country":"PT","name":null,"uso":"desconhecido"}},{"type":"Feature","geometry":{"type":"Polygon","coordinates":[[[-7.7063,40.38438],[-7.7062,40.38451],[-7.70625,40.38464],[-7.70638,40.3847],[-7.70651,40.38469],[-7.70639,40.38464],[-7.7063,40.38455],[-7.7063,40.38438]]]},"properties":{"dam_id":"way/506903187","osm_type":"way","osm_id":506903187,"country":"PT","name":"Presa da Ponte de Jugais","uso":"hidroelétrica"}},{"type":"Feature","geometry":{"type":"Polygon","coordinates":[[[-7.83135,37.87888],[-7.82959,37.87941],[-7.82943,37.87969],[-7.83006,37.87969],[-7.83137,37.87921],[-7.83161,37.87898],[-7.83135,37.87888]]]},"properties":{"dam_id":"way/507116850","osm_type":"way","osm_id":507116850,"country":"PT","name":"Barragem da Lapa","uso":"desconhecido"}},{"type":"Feature","geometry":{"type":"Polygon","coordinates":[[[-7.94052,38.00985],[-7.9398,38.00965],[-7.93942,38.00959],[-7.93868,38.00954],[-7.93838,38.00955],[-7.93803,38.00962],[-7.93726,38.00992],[-7.93544,38.01094],[-7.93552,38.01103],[-7.93646,38.01056],[-7.93753,38.01009],[-7.93791,38.01001],[-7.94041,38.00999],[-7.94074,38.00991],[-7.94072,38.00984],[-7.94052,38.00985]]]},"properties":{"dam_id":"way/507427841","osm_type":"way","osm_id":507427841,"country":"PT","name":null,"uso":"desconhecido"}},{"type":"Feature","geometry":{"type":"Polygon","coordinates":[[[-7.87812,37.85136],[-7.87818,37.85131],[-7.87815,37.85119],[-7.8778,37.85081],[-7.87751,37.8508],[-7.87745,37.85089],[-7.87751,37.85105],[-7.87793,37.85133],[-7.87804,37.85136],[-7.87812,37.85136]]]},"properties":{"dam_id":"way/507674382","osm_type":"way","osm_id":507674382,"country":"PT","name":null,"uso":"desconhecido"}},{"type":"Feature","geometry":{"type":"Polygon","coordinates":[[[-7.69655,39.32666],[-7.69604,39.3268],[-7.69583,39.32689],[-7.69551,39.32696],[-7.69557,39.32698],[-7.69552,39.32701],[-7.69538,39.32695],[-7.69526,39.32682],[-7.69537,39.32692],[-7.69784,39.32544],[-7.698,39.32537],[-7.69805,39.32545],[-7.69752,39.32585],[-7.69732,39.32608],[-7.69695,39.32639],[-7.69655,39.32666]]]},"properties":{"dam_id":"way/510874249","osm_type":"way","osm_id":510874249,"country":"PT","name":null,"uso":"desconhecido"}},{"type":"Feature","geometry":{"type":"LineString","coordinates":[[-8.25813,37.25526],[-8.25815,37.25516],[-8.25805,37.25502]]},"properties":{"dam_id":"way/515560596","osm_type":"way","osm_id":515560596,"country":"PT","name":null,"uso":"desconhecido"}},{"type":"Feature","geometry":{"type":"Polygon","coordinates":[[[-8.45052,37.88844],[-8.45067,37.88837],[-8.44971,37.88686],[-8.44955,37.88662],[-8.44943,37.88656],[-8.44931,37.88655],[-8.45052,37.88844]]]},"properties":{"dam_id":"way/515956749","osm_type":"way","osm_id":515956749,"country":"PT","name":null,"uso":"desconhecido"}},{"type":"Feature","geometry":{"type":"Polygon","coordinates":[[[-6.97985,41.40009],[-6.97996,41.39989],[-6.97986,41.39986],[-6.97958,41.39992],[-6.97911,41.39992],[-6.97896,41.39995],[-6.97876,41.4001],[-6.97861,41.40031],[-6.97829,41.40051],[-6.97809,41.40056],[-6.9774,41.40049],[-6.97718,41.40073],[-6.97717,41.40136],[-6.97724,41.40145],[-6.97725,41.40191],[-6.97734,41.40194],[-6.97748,41.40195],[-6.97872,41.40052],[-6.97985,41.40009]]]},"properties":{"dam_id":"way/525440592","osm_type":"way","osm_id":525440592,"country":"PT","name":"Barragem de Sambade","uso":"desconhecido"}},{"type":"Feature","geometry":{"type":"LineString","coordinates":[[-8.33893,37.31207],[-8.33822,37.31173]]},"properties":{"dam_id":"way/527109106","osm_type":"way","osm_id":527109106,"country":"PT","name":null,"uso":"desconhecido"}},{"type":"Feature","geometry":{"type":"LineString","coordinates":[[-8.59875,37.46286],[-8.59841,37.4625]]},"properties":{"dam_id":"way/527151448","osm_type":"way","osm_id":527151448,"country":"PT","name":null,"uso":"desconhecido"}},{"type":"Feature","geometry":{"type":"LineString","coordinates":[[-7.52518,40.5039],[-7.52539,40.5039],[-7.5255,40.50394],[-7.52563,40.50408],[-7.52563,40.50425]]},"properties":{"dam_id":"way/528775918","osm_type":"way","osm_id":528775918,"country":"PT","name":null,"uso":"desconhecido"}},{"type":"Feature","geometry":{"type":"LineString","coordinates":[[-7.53795,40.50348],[-7.53826,40.50347],[-7.5384,40.50355],[-7.53847,40.50369]]},"properties":{"dam_id":"way/528775941","osm_type":"way","osm_id":528775941,"country":"PT","name":null,"uso":"desconhecido"}},{"type":"Feature","geometry":{"type":"Polygon","coordinates":[[[-7.43188,38.94123],[-7.43229,38.9409],[-7.43295,38.94013],[-7.43283,38.94001],[-7.43261,38.94006],[-7.4324,38.94028],[-7.43086,38.94151],[-7.43077,38.94154],[-7.43079,38.94166],[-7.4309,38.94167],[-7.43188,38.94123]]]},"properties":{"dam_id":"way/532089979","osm_type":"way","osm_id":532089979,"country":"PT","name":null,"uso":"desconhecido"}},{"type":"Feature","geometry":{"type":"Polygon","coordinates":[[[-7.00298,41.10466],[-7.0026,41.10511],[-7.00233,41.10562],[-7.0025,41.10565],[-7.00258,41.10544],[-7.00278,41.10536],[-7.00311,41.10547],[-7.00317,41.10535],[-7.00285,41.10525],[-7.00291,41.10513],[-7.00324,41.10523],[-7.00329,41.10514],[-7.00291,41.10502],[-7.00293,41.10489],[-7.00309,41.10472],[-7.00298,41.10466]]]},"properties":{"dam_id":"way/532580033","osm_type":"way","osm_id":532580033,"country":"PT","name":"Barragem das Olgas","uso":"desconhecido"}},{"type":"Feature","geometry":{"type":"Polygon","coordinates":[[[-7.61085,40.36392],[-7.61089,40.36395],[-7.61093,40.36392],[-7.61089,40.36389],[-7.61085,40.36392]]]},"properties":{"dam_id":"way/532632579","osm_type":"way","osm_id":532632579,"country":"PT","name":"Captação do Covão dos Conchos","uso":"desconhecido"}},{"type":"Feature","geometry":{"type":"Polygon","coordinates":[[[-6.81825,41.78659],[-6.81783,41.78574],[-6.81798,41.7856],[-6.81811,41.78559],[-6.8198,41.78642],[-6.82006,41.78649],[-6.82033,41.78649],[-6.82043,41.7866],[-6.82043,41.78675],[-6.82009,41.78675],[-6.81903,41.78693],[-6.81825,41.78659]]]},"properties":{"dam_id":"way/532643122","osm_type":"way","osm_id":532643122,"country":"PT","name":"Barragem de Gostei","uso":"regadio"}},{"type":"Feature","geometry":{"type":"Polygon","coordinates":[[[-6.95513,41.8248],[-6.95483,41.82504],[-6.9547,41.82494],[-6.95471,41.8249],[-6.95467,41.82484],[-6.95439,41.82496],[-6.9541,41.82493],[-6.9541,41.82507],[-6.95404,41.82508],[-6.95399,41.82497],[-6.95401,41.8249],[-6.95395,41.82487],[-6.954,41.82482],[-6.9543,41.82484],[-6.95442,41.82481],[-6.95467,41.8247],[-6.95503,41.82472],[-6.95513,41.8248]]]},"properties":{"dam_id":"way/532643123","osm_type":"way","osm_id":532643123,"country":"PT","name":"Barragem de Nunes","uso":"hidroelétrica"}},{"type":"Feature","geometry":{"type":"Polygon","coordinates":[[[-6.90069,41.44715],[-6.9005,41.44712],[-6.90042,41.44701],[-6.90051,41.44613],[-6.90109,41.44563],[-6.90028,41.44546],[-6.90032,41.44536],[-6.90195,41.44577],[-6.90206,41.44586],[-6.90224,41.44617],[-6.90224,41.44636],[-6.90194,41.44612],[-6.90069,41.44715]]]},"properties":{"dam_id":"way/532707343","osm_type":"way","osm_id":532707343,"country":"PT","name":"Barragem de Camba","uso":"desconhecido"}},{"type":"Feature","geometry":{"type":"Polygon","coordinates":[[[-6.65998,41.39501],[-6.65986,41.395],[-6.65946,41.39477],[-6.65943,41.3945],[-6.65942,41.39436],[-6.65973,41.39401],[-6.65986,41.39399],[-6.65998,41.39501]]]},"properties":{"dam_id":"way/533043308","osm_type":"way","osm_id":533043308,"country":"PT","name":"Barragem de Bastelos","uso":"abastecimento"}},{"type":"Feature","geometry":{"type":"Polygon","coordinates":[[[-6.47086,41.30143],[-6.47086,41.30135],[-6.47096,41.30136],[-6.47097,41.30126],[-6.47049,41.30095],[-6.47061,41.30081],[-6.4711,41.30061],[-6.47112,41.30047],[-6.47059,41.30079],[-6.4704,41.3007],[-6.47034,41.30066],[-6.47037,41.30063],[-6.47026,41.30053],[-6.47019,41.3004],[-6.47014,41.30041],[-6.47011,41.30021],[-6.47072,41.30002],[-6.47068,41.29993],[-6.47052,41.29982],[-6.4703,41.30004],[-6.46985,41.30019],[-6.46976,41.2999],[-6.4698,41.29973],[-6.46979,41.29951],[-6.46968,41.29947],[-6.46964,41.29953],[-6.46956,41.29954],[-6.46943,41.29975],[-6.46953,41.29977],[-6.46944,41.29999],[-6.46941,41.30022],[-6.46934,41.30029],[-6.4694,41.30031],[-6.46945,41.30052],[-6.4694,41.30057],[-6.46947,41.30058],[-6.46956,41.30077],[-6.46954,41.30083],[-6.4696,41.30083],[-6.46966,41.30089],[-6.46963,41.30094],[-6.46969,41.30094],[-6.46988,41.3011],[-6.46987,41.30116],[-6.46994,41.30114],[-6.47017,41.30127],[-6.47018,41.30132],[-6.47029,41.30132],[-6.4706,41.3014],[-6.47086,41.30143]]]},"properties":{"dam_id":"way/533091902","osm_type":"way","osm_id":533091902,"country":"PT","name":"Barragem de Bemposta","uso":"hidroelétrica"}},{"type":"Feature","geometry":{"type":"Polygon","coordinates":[[[-6.27688,41.4983],[-6.27684,41.49811],[-6.27687,41.49799],[-6.27695,41.49786],[-6.27709,41.49775],[-6.27713,41.49777],[-6.27697,41.49806],[-6.27694,41.49829],[-6.27688,41.4983]]]},"properties":{"dam_id":"way/533176123","osm_type":"way","osm_id":533176123,"country":"PT","name":null,"uso":"hidroelétrica"}},{"type":"Feature","geometry":{"type":"Polygon","coordinates":[[[-8.19335,42.15634],[-8.1925,42.15539],[-8.19201,42.15435],[-8.19271,42.15417],[-8.19296,42.15472],[-8.19316,42.15466],[-8.19339,42.15466],[-8.193,42.15479],[-8.19327,42.15521],[-8.19379,42.15579],[-8.19404,42.15567],[-8.19408,42.15567],[-8.19408,42.15571],[-8.19398,42.15579],[-8.19414,42.15598],[-8.19335,42.15634]]]},"properties":{"dam_id":"way/533221133","osm_type":"way","osm_id":533221133,"country":"PT","name":"Presa da Frieira","uso":"desconhecido"}},{"type":"Feature","geometry":{"type":"LineString","coordinates":[[-8.36149,41.35481],[-8.36044,41.3547]]},"properties":{"dam_id":"way/536138784","osm_type":"way","osm_id":536138784,"country":"PT","name":null,"uso":"desconhecido"}},{"type":"Feature","geometry":{"type":"Polygon","coordinates":[[[-7.604,38.49615],[-7.60259,38.49554],[-7.60159,38.49528],[-7.59998,38.49514],[-7.59956,38.49512],[-7.59972,38.49526],[-7.60176,38.49595],[-7.60244,38.49613],[-7.60395,38.49622],[-7.604,38.49615]]]},"properties":{"dam_id":"way/540101445","osm_type":"way","osm_id":540101445,"country":"PT","name":null,"uso":"desconhecido"}},{"type":"Feature","geometry":{"type":"Polygon","coordinates":[[[-7.27182,41.09144],[-7.27183,41.09166],[-7.27173,41.09167],[-7.27174,41.09163],[-7.27165,41.0916],[-7.27148,41.09136],[-7.27143,41.0914],[-7.27124,41.09128],[-7.27119,41.09132],[-7.27113,41.09129],[-7.27127,41.0912],[-7.2709,41.09105],[-7.27091,41.09108],[-7.27082,41.09111],[-7.27075,41.09106],[-7.2708,41.09099],[-7.27117,41.09097],[-7.27143,41.09103],[-7.27156,41.0911],[-7.27171,41.09123],[-7.27182,41.09144]]]},"properties":{"dam_id":"way/542145814","osm_type":"way","osm_id":542145814,"country":"PT","name":"Barragem de Catapereiro","uso":"hidroelétrica"}},{"type":"Feature","geometry":{"type":"Polygon","coordinates":[[[-7.048,41.39007],[-7.04814,41.38984],[-7.04886,41.38968],[-7.05041,41.39029],[-7.05036,41.39009],[-7.05054,41.39008],[-7.05054,41.39038],[-7.05067,41.39109],[-7.05089,41.3912],[-7.05074,41.39131],[-7.05066,41.39132],[-7.05055,41.39127],[-7.05045,41.39115],[-7.048,41.39007]]]},"properties":{"dam_id":"way/542145825","osm_type":"way","osm_id":542145825,"country":"PT","name":"Barragem da Burga","uso":"regadio"}},{"type":"Feature","geometry":{"type":"Polygon","coordinates":[[[-7.05058,41.33478],[-7.05089,41.33486],[-7.05151,41.33547],[-7.05153,41.33595],[-7.05178,41.33672],[-7.05066,41.33747],[-7.05045,41.33727],[-7.05085,41.33715],[-7.05116,41.33694],[-7.05114,41.33671],[-7.05137,41.33665],[-7.05134,41.3366],[-7.05121,41.33662],[-7.05113,41.3366],[-7.0511,41.33654],[-7.05116,41.33641],[-7.05094,41.33631],[-7.05075,41.3361],[-7.05058,41.33478]]]},"properties":{"dam_id":"way/542145835","osm_type":"way","osm_id":542145835,"country":"PT","name":"Barragem de Salgueiro","uso":"regadio"}},{"type":"Feature","geometry":{"type":"Polygon","coordinates":[[[-6.92558,40.38638],[-6.92549,40.38629],[-6.92538,40.38604],[-6.92547,40.38595],[-6.92529,40.38576],[-6.9253,40.38518],[-6.92514,40.38509],[-6.92471,40.38503],[-6.9236,40.38379],[-6.92353,40.38361],[-6.92355,40.38346],[-6.92349,40.38347],[-6.9234,40.38362],[-6.92331,40.3836],[-6.92335,40.38332],[-6.92316,40.38334],[-6.92318,40.38354],[-6.92323,40.38365],[-6.92304,40.38419],[-6.92356,40.38478],[-6.9246,40.38529],[-6.92538,40.38649],[-6.92558,40.38638]]]},"properties":{"dam_id":"way/542145876","osm_type":"way","osm_id":542145876,"country":"PT","name":"Barragem de Alfaiates","uso":"regadio"}},{"type":"Feature","geometry":{"type":"Polygon","coordinates":[[[-8.67828,41.88453],[-8.6782,41.88443],[-8.67799,41.88413],[-8.67825,41.88412],[-8.67845,41.88445],[-8.67828,41.88453]]]},"properties":{"dam_id":"way/542145888","osm_type":"way","osm_id":542145888,"country":"PT","name":"Barragem de Pagade","uso":"desconhecido"}},{"type":"Feature","geometry":{"type":"Polygon","coordinates":[[[-7.79321,40.63398],[-7.79312,40.63379],[-7.79309,40.63377],[-7.79313,40.63376],[-7.79314,40.6337],[-7.79309,40.63369],[-7.79314,40.63368],[-7.79309,40.63358],[-7.79322,40.63341],[-7.79326,40.63343],[-7.79321,40.63359],[-7.79352,40.6336],[-7.79351,40.63363],[-7.79325,40.63362],[-7.79325,40.63368],[-7.79351,40.63368],[-7.79351,40.63371],[-7.79324,40.63371],[-7.79324,40.63376],[-7.79351,40.63377],[-7.79351,40.63379],[-7.79319,40.63379],[-7.79325,40.63395],[-7.79321,40.63398]]]},"properties":{"dam_id":"way/542145890","osm_type":"way","osm_id":542145890,"country":"PT","name":"Barragem de Fagilde","uso":"desconhecido"}},{"type":"Feature","geometry":{"type":"Polygon","coordinates":[[[-7.32277,41.82393],[-7.3221,41.82259],[-7.32213,41.82254],[-7.32222,41.82257],[-7.32295,41.82256],[-7.32313,41.82324],[-7.32309,41.82381],[-7.32323,41.82412],[-7.32309,41.82434],[-7.32292,41.82448],[-7.32282,41.82421],[-7.32277,41.82393]]]},"properties":{"dam_id":"way/542175940","osm_type":"way","osm_id":542175940,"country":"PT","name":"Barragem de Mairos","uso":"regadio"}},{"type":"Feature","geometry":{"type":"Polygon","coordinates":[[[-7.27973,41.2312],[-7.27991,41.23122],[-7.28037,41.23018],[-7.2811,41.22777],[-7.28077,41.22755],[-7.28072,41.22759],[-7.28085,41.22771],[-7.27973,41.2312]]]},"properties":{"dam_id":"way/542175941","osm_type":"way","osm_id":542175941,"country":"PT","name":"Barragem de Fonte Longa","uso":"abastecimento"}},{"type":"Feature","geometry":{"type":"Polygon","coordinates":[[[-6.92513,41.19123],[-6.92502,41.19122],[-6.92485,41.19113],[-6.92422,41.1902],[-6.92477,41.19011],[-6.92633,41.18844],[-6.92664,41.18854],[-6.92511,41.19116],[-6.92513,41.19123]]]},"properties":{"dam_id":"way/542176010","osm_type":"way","osm_id":542176010,"country":"PT","name":"Barragem de Vale de Ferreiros","uso":"abastecimento"}},{"type":"Feature","geometry":{"type":"Polygon","coordinates":[[[-7.93272,40.89302],[-7.93252,40.89278],[-7.93261,40.89274],[-7.9328,40.89299],[-7.93272,40.89302]]]},"properties":{"dam_id":"way/542456373","osm_type":"way","osm_id":542456373,"country":"PT","name":null,"uso":"desconhecido"}},{"type":"Feature","geometry":{"type":"Polygon","coordinates":[[[-7.01577,40.79805],[-7.01484,40.79823],[-7.01484,40.79826],[-7.01456,40.79832],[-7.01472,40.79854],[-7.01503,40.79841],[-7.01502,40.79837],[-7.01552,40.79825],[-7.01554,40.79816],[-7.01577,40.7981],[-7.01577,40.79805]]]},"properties":{"dam_id":"way/542456384","osm_type":"way","osm_id":542456384,"country":"PT","name":"Açude do Vale de Madeira","uso":"hidroelétrica"}},{"type":"Feature","geometry":{"type":"Polygon","coordinates":[[[-7.01896,40.80287],[-7.01832,40.80247],[-7.01819,40.80257],[-7.01876,40.80295],[-7.01896,40.80287]]]},"properties":{"dam_id":"way/542456387","osm_type":"way","osm_id":542456387,"country":"PT","name":"Barragem de Senhora de Monforte","uso":"hidroelétrica"}},{"type":"Feature","geometry":{"type":"Polygon","coordinates":[[[-8.17889,39.15846],[-8.17864,39.15752],[-8.17825,39.15588],[-8.17862,39.15608],[-8.17904,39.15818],[-8.17889,39.15846]]]},"properties":{"dam_id":"way/542456394","osm_type":"way","osm_id":542456394,"country":"PT","name":"Barragem de Salgueiro","uso":"regadio"}},{"type":"Feature","geometry":{"type":"Polygon","coordinates":[[[-6.85652,40.48071],[-6.85654,40.4808],[-6.85508,40.48072],[-6.85511,40.48061],[-6.85652,40.48071]]]},"properties":{"dam_id":"way/542456402","osm_type":"way","osm_id":542456402,"country":"PT","name":null,"uso":"desconhecido"}},{"type":"Feature","geometry":{"type":"Polygon","coordinates":[[[-7.17304,41.29535],[-7.17281,41.29546],[-7.17151,41.29424],[-7.17136,41.29398],[-7.1713,41.29361],[-7.17137,41.29326],[-7.17217,41.2923],[-7.17421,41.29051],[-7.17432,41.29059],[-7.17165,41.29327],[-7.17154,41.29357],[-7.17159,41.29383],[-7.1717,41.29408],[-7.17304,41.29535]]]},"properties":{"dam_id":"way/542456411","osm_type":"way","osm_id":542456411,"country":"PT","name":"Barragem do Peneireiro","uso":"abastecimento"}},{"type":"Feature","geometry":{"type":"Polygon","coordinates":[[[-7.86112,40.77557],[-7.86228,40.77558],[-7.86225,40.77591],[-7.86114,40.77693],[-7.86041,40.7769],[-7.86043,40.77677],[-7.86049,40.77672],[-7.86064,40.77669],[-7.86089,40.77673],[-7.861,40.77566],[-7.86112,40.77563],[-7.86099,40.77559],[-7.86112,40.77557]]]},"properties":{"dam_id":"way/542492826","osm_type":"way","osm_id":542492826,"country":"PT","name":"Barragem de Várzea de Calde","uso":"regadio"}},{"type":"Feature","geometry":{"type":"Polygon","coordinates":[[[-8.22711,40.67545],[-8.22663,40.67497],[-8.22667,40.67494],[-8.22681,40.67508],[-8.22685,40.67505],[-8.22707,40.67528],[-8.22703,40.67531],[-8.22715,40.67543],[-8.22711,40.67545]]]},"properties":{"dam_id":"way/542492842","osm_type":"way","osm_id":542492842,"country":"PT","name":"Barragem de Cercosa","uso":"hidroelétrica"}},{"type":"Feature","geometry":{"type":"Polygon","coordinates":[[[-8.30225,40.65028],[-8.30215,40.65022],[-8.30213,40.65016],[-8.30207,40.65014],[-8.30209,40.65012],[-8.3019,40.65005],[-8.30205,40.64981],[-8.30237,40.64991],[-8.30219,40.65022],[-8.30225,40.65028]]]},"properties":{"dam_id":"way/542492848","osm_type":"way","osm_id":542492848,"country":"PT","name":null,"uso":"desconhecido"}},{"type":"Feature","geometry":{"type":"Polygon","coordinates":[[[-8.1929,40.6981],[-8.1918,40.69778],[-8.19184,40.69771],[-8.19232,40.6978],[-8.19245,40.69775],[-8.19243,40.69782],[-8.19263,40.69787],[-8.19269,40.69784],[-8.19269,40.69794],[-8.19294,40.69803],[-8.1929,40.6981]]]},"properties":{"dam_id":"way/542492852","osm_type":"way","osm_id":542492852,"country":"PT","name":"Barragem das Caínhas","uso":"desconhecido"}},{"type":"Feature","geometry":{"type":"Polygon","coordinates":[[[-8.11738,39.33602],[-8.11737,39.3361],[-8.11682,39.33607],[-8.11652,39.33602],[-8.1165,39.33595],[-8.11684,39.336],[-8.11738,39.33602]]]},"properties":{"dam_id":"way/542749219","osm_type":"way","osm_id":542749219,"country":"PT","name":"Barragem de Vale das Casas","uso":"desconhecido"}},{"type":"Feature","geometry":{"type":"Polygon","coordinates":[[[-7.61932,38.34502],[-7.61932,38.34513],[-7.61923,38.3452],[-7.61774,38.3446],[-7.61743,38.34431],[-7.61684,38.34392],[-7.6179,38.34306],[-7.61792,38.34316],[-7.61786,38.34321],[-7.61789,38.34324],[-7.61797,38.3432],[-7.61797,38.34324],[-7.6189,38.34453],[-7.61932,38.34502]]]},"properties":{"dam_id":"way/542798051","osm_type":"way","osm_id":542798051,"country":"PT","name":null,"uso":"desconhecido"}},{"type":"Feature","geometry":{"type":"Polygon","coordinates":[[[-7.65505,38.37271],[-7.655,38.37284],[-7.65394,38.37284],[-7.65384,38.37245],[-7.65398,38.37232],[-7.65505,38.37271]]]},"properties":{"dam_id":"way/542798060","osm_type":"way","osm_id":542798060,"country":"PT","name":null,"uso":"desconhecido"}},{"type":"Feature","geometry":{"type":"Polygon","coordinates":[[[-7.61262,38.3412],[-7.61362,38.3407],[-7.61365,38.34055],[-7.61343,38.34052],[-7.61285,38.34057],[-7.6121,38.34056],[-7.61068,38.34045],[-7.61047,38.34047],[-7.61042,38.34063],[-7.61192,38.3412],[-7.61262,38.3412]]]},"properties":{"dam_id":"way/542798136","osm_type":"way","osm_id":542798136,"country":"PT","name":null,"uso":"desconhecido"}},{"type":"Feature","geometry":{"type":"Polygon","coordinates":[[[-7.59371,38.33153],[-7.59235,38.33139],[-7.59184,38.33109],[-7.59146,38.33017],[-7.59171,38.33011],[-7.59373,38.33128],[-7.59387,38.33137],[-7.59371,38.33153]]]},"properties":{"dam_id":"way/542798147","osm_type":"way","osm_id":542798147,"country":"PT","name":"Barragem Alamos III","uso":"desconhecido"}},{"type":"Feature","geometry":{"type":"Polygon","coordinates":[[[-7.73422,38.3739],[-7.73513,38.37346],[-7.73518,38.37365],[-7.73437,38.3741],[-7.7337,38.37424],[-7.73262,38.37402],[-7.73203,38.37403],[-7.73161,38.37393],[-7.73046,38.37346],[-7.72987,38.37302],[-7.72915,38.37239],[-7.72911,38.37232],[-7.72898,38.37235],[-7.72891,38.37216],[-7.72906,38.37158],[-7.72906,38.37126],[-7.72841,38.37229],[-7.72824,38.37224],[-7.72904,38.37099],[-7.72905,38.37106],[-7.72922,38.37112],[-7.72934,38.37121],[-7.73039,38.37304],[-7.73057,38.37321],[-7.73097,38.37337],[-7.73361,38.37396],[-7.73396,38.37397],[-7.73422,38.3739]]]},"properties":{"dam_id":"way/542798162","osm_type":"way","osm_id":542798162,"country":"PT","name":"Barragem do Loureiro","uso":"regadio"}},{"type":"Feature","geometry":{"type":"Polygon","coordinates":[[[-7.63879,38.36443],[-7.6387,38.36454],[-7.63771,38.36439],[-7.63801,38.36339],[-7.63818,38.36334],[-7.63857,38.3641],[-7.63875,38.36437],[-7.63874,38.36441],[-7.63879,38.36443]]]},"properties":{"dam_id":"way/542798178","osm_type":"way","osm_id":542798178,"country":"PT","name":null,"uso":"desconhecido"}},{"type":"Feature","geometry":{"type":"Polygon","coordinates":[[[-7.62019,39.67956],[-7.61989,39.67942],[-7.61967,39.67943],[-7.6188,39.67974],[-7.61861,39.67987],[-7.61862,39.68017],[-7.62019,39.67956]]]},"properties":{"dam_id":"way/543419031","osm_type":"way","osm_id":543419031,"country":"PT","name":null,"uso":"desconhecido"}},{"type":"Feature","geometry":{"type":"Polygon","coordinates":[[[-7.58398,39.6778],[-7.58385,39.6775],[-7.58361,39.67709],[-7.58338,39.67679],[-7.58413,39.67735],[-7.58398,39.6778]]]},"properties":{"dam_id":"way/543419033","osm_type":"way","osm_id":543419033,"country":"PT","name":null,"uso":"desconhecido"}},{"type":"Feature","geometry":{"type":"Polygon","coordinates":[[[-7.60386,39.68544],[-7.60387,39.6853],[-7.60271,39.68494],[-7.60206,39.68482],[-7.60201,39.68512],[-7.60386,39.68544]]]},"properties":{"dam_id":"way/543419037","osm_type":"way","osm_id":543419037,"country":"PT","name":null,"uso":"desconhecido"}},{"type":"Feature","geometry":{"type":"Polygon","coordinates":[[[-7.6107,39.68651],[-7.61545,39.68599],[-7.61543,39.68585],[-7.61326,39.68571],[-7.61224,39.68574],[-7.61121,39.68593],[-7.61059,39.68618],[-7.61034,39.68653],[-7.61045,39.68656],[-7.61053,39.68643],[-7.61051,39.6866],[-7.61064,39.68648],[-7.61061,39.68662],[-7.6107,39.68651]]]},"properties":{"dam_id":"way/543419050","osm_type":"way","osm_id":543419050,"country":"PT","name":"Barragem da Coutada","uso":"desconhecido"}},{"type":"Feature","geometry":{"type":"Polygon","coordinates":[[[-9.31798,39.33475],[-9.31723,39.33483],[-9.31654,39.33513],[-9.31644,39.33504],[-9.31681,39.33472],[-9.31843,39.33369],[-9.31855,39.33365],[-9.31876,39.3337],[-9.31879,39.33379],[-9.31887,39.33373],[-9.31887,39.3338],[-9.3189,39.33381],[-9.31896,39.33374],[-9.31896,39.33381],[-9.31898,39.33382],[-9.31888,39.33395],[-9.31868,39.3346],[-9.31859,39.33459],[-9.3185,39.33444],[-9.31798,39.33475]]]},"properties":{"dam_id":"way/543419067","osm_type":"way","osm_id":543419067,"country":"PT","name":"Barragem de São Domingos","uso":"desconhecido"}},{"type":"Feature","geometry":{"type":"Polygon","coordinates":[[[-8.16496,40.24649],[-8.16483,40.24623],[-8.16486,40.24622],[-8.16428,40.24572],[-8.16383,40.24561],[-8.16326,40.24565],[-8.16311,40.24569],[-8.16314,40.24573],[-8.16281,40.24584],[-8.16269,40.24567],[-8.16303,40.24556],[-8.16305,40.24559],[-8.16337,40.2455],[-8.16367,40.24546],[-8.16402,40.24547],[-8.16419,40.24552],[-8.16434,40.24559],[-8.16466,40.24581],[-8.16495,40.24618],[-8.16498,40.24617],[-8.16516,40.24643],[-8.16496,40.24649]]]},"properties":{"dam_id":"way/543419083","osm_type":"way","osm_id":543419083,"country":"PT","name":"Barragem das Fronhas","uso":"hidroelétrica"}},{"type":"Feature","geometry":{"type":"Polygon","coordinates":[[[-8.31736,38.75357],[-8.31642,38.75362],[-8.31519,38.75341],[-8.3145,38.75319],[-8.31442,38.75334],[-8.31423,38.75334],[-8.31423,38.75311],[-8.31339,38.75267],[-8.31335,38.75247],[-8.31341,38.75234],[-8.3158,38.75335],[-8.31628,38.75349],[-8.31711,38.75347],[-8.31734,38.75338],[-8.31736,38.75357]]]},"properties":{"dam_id":"way/543491317","osm_type":"way","osm_id":543491317,"country":"PT","name":null,"uso":"desconhecido"}},{"type":"Feature","geometry":{"type":"Polygon","coordinates":[[[-8.30367,38.75965],[-8.30365,38.75955],[-8.30357,38.7595],[-8.30378,38.75953],[-8.30389,38.75971],[-8.3039,38.75985],[-8.30382,38.75989],[-8.30531,38.76161],[-8.30509,38.76171],[-8.30365,38.75997],[-8.30361,38.75999],[-8.30358,38.76006],[-8.30389,38.76066],[-8.30406,38.76123],[-8.30439,38.7615],[-8.30442,38.76189],[-8.30437,38.76191],[-8.30428,38.76189],[-8.30425,38.76195],[-8.30435,38.76198],[-8.30432,38.76203],[-8.30402,38.76208],[-8.304,38.76241],[-8.30357,38.76273],[-8.30329,38.76261],[-8.30328,38.76017],[-8.30337,38.76005],[-8.30341,38.75982],[-8.30334,38.7598],[-8.30337,38.75974],[-8.30352,38.75965],[-8.30367,38.75965]]]},"properties":{"dam_id":"way/543491318","osm_type":"way","osm_id":543491318,"country":"PT","name":"Barragem de Freixeirinha","uso":"regadio"}},{"type":"Feature","geometry":{"type":"Polygon","coordinates":[[[-7.92865,38.70008],[-7.92893,38.70011],[-7.92893,38.70022],[-7.92789,38.70052],[-7.92388,38.70087],[-7.92274,38.70073],[-7.92177,38.7008],[-7.92168,38.70069],[-7.92274,38.70063],[-7.92295,38.70056],[-7.92865,38.70008]]]},"properties":{"dam_id":"way/543491324","osm_type":"way","osm_id":543491324,"country":"PT","name":"Barragem do Divor","uso":"regadio"}},{"type":"Feature","geometry":{"type":"Polygon","coordinates":[[[-8.78604,38.84294],[-8.78265,38.84599],[-8.78237,38.84588],[-8.78231,38.84616],[-8.78227,38.84617],[-8.78214,38.84583],[-8.78209,38.84582],[-8.78206,38.84623],[-8.78201,38.84624],[-8.78212,38.84628],[-8.78236,38.84655],[-8.7837,38.84577],[-8.78375,38.84572],[-8.78369,38.84567],[-8.78373,38.84563],[-8.78381,38.84567],[-8.78391,38.84558],[-8.78499,38.84418],[-8.78611,38.84298],[-8.78604,38.84294]]]},"properties":{"dam_id":"way/543718335","osm_type":"way","osm_id":543718335,"country":"PT","name":"Barragem de Vale do Cobrão","uso":"regadio"}},{"type":"Feature","geometry":{"type":"Polygon","coordinates":[[[-8.75968,38.82406],[-8.75953,38.82398],[-8.75778,38.82417],[-8.75737,38.82409],[-8.75736,38.82397],[-8.75956,38.82375],[-8.75968,38.82377],[-8.75968,38.82381],[-8.75983,38.82389],[-8.75968,38.82406]]]},"properties":{"dam_id":"way/543718337","osm_type":"way","osm_id":543718337,"country":"PT","name":null,"uso":"desconhecido"}},{"type":"Feature","geometry":{"type":"Polygon","coordinates":[[[-8.11489,38.85626],[-8.11477,38.85637],[-8.11399,38.85746],[-8.11377,38.85757],[-8.11319,38.85768],[-8.11275,38.85755],[-8.11253,38.85758],[-8.11235,38.85746],[-8.11223,38.85746],[-8.11212,38.85756],[-8.11237,38.85786],[-8.11278,38.85774],[-8.11306,38.85781],[-8.11406,38.85759],[-8.11435,38.85724],[-8.11465,38.85709],[-8.11496,38.85669],[-8.11493,38.85629],[-8.11489,38.85626]]]},"properties":{"dam_id":"way/543902559","osm_type":"way","osm_id":543902559,"country":"PT","name":"Barragem de Vale de Figueira","uso":"regadio"}},{"type":"Feature","geometry":{"type":"Polygon","coordinates":[[[-8.61888,38.58918],[-8.61921,38.58925],[-8.6195,38.58914],[-8.61714,38.58505],[-8.61676,38.58474],[-8.61636,38.58487],[-8.61672,38.58504],[-8.61891,38.58895],[-8.61888,38.58918]]]},"properties":{"dam_id":"way/543902578","osm_type":"way","osm_id":543902578,"country":"PT","name":"Barragem de Vale das Bicas","uso":"desconhecido"}},{"type":"Feature","geometry":{"type":"Polygon","coordinates":[[[-8.18475,38.79527],[-8.18553,38.79491],[-8.18597,38.79446],[-8.18647,38.79372],[-8.18627,38.79361],[-8.18478,38.79508],[-8.18475,38.79527]]]},"properties":{"dam_id":"way/543902586","osm_type":"way","osm_id":543902586,"country":"PT","name":null,"uso":"desconhecido"}},{"type":"Feature","geometry":{"type":"Polygon","coordinates":[[[-8.49726,37.88051],[-8.49821,37.88273],[-8.49816,37.88283],[-8.49808,37.88285],[-8.49774,37.88262],[-8.49747,37.88239],[-8.49706,37.88179],[-8.49697,37.88138],[-8.49691,37.88081],[-8.49692,37.88051],[-8.49725,37.87996],[-8.49744,37.88005],[-8.49727,37.88033],[-8.49726,37.88051]]]},"properties":{"dam_id":"way/544005995","osm_type":"way","osm_id":544005995,"country":"PT","name":"Barragem de Fonte Serne","uso":"regadio"}},{"type":"Feature","geometry":{"type":"Polygon","coordinates":[[[-8.32459,37.90361],[-8.32513,37.90374],[-8.3248,37.90482],[-8.32413,37.90755],[-8.32363,37.9074],[-8.32459,37.90361]]]},"properties":{"dam_id":"way/544006010","osm_type":"way","osm_id":544006010,"country":"PT","name":"Barragem da Daroeira","uso":"regadio"}},{"type":"Feature","geometry":{"type":"Polygon","coordinates":[[[-8.02835,37.8859],[-8.02802,37.8861],[-8.02807,37.88617],[-8.02776,37.88822],[-8.02768,37.88837],[-8.02787,37.88834],[-8.02812,37.88816],[-8.02822,37.88805],[-8.0281,37.88789],[-8.02824,37.88754],[-8.02839,37.88626],[-8.02854,37.88612],[-8.02835,37.8859]]]},"properties":{"dam_id":"way/544006025","osm_type":"way","osm_id":544006025,"country":"PT","name":null,"uso":"desconhecido"}},{"type":"Feature","geometry":{"type":"Polygon","coordinates":[[[-8.01909,38.00604],[-8.0192,38.00592],[-8.01761,38.00525],[-8.01754,38.0054],[-8.01909,38.00604]]]},"properties":{"dam_id":"way/544006040","osm_type":"way","osm_id":544006040,"country":"PT","name":null,"uso":"desconhecido"}},{"type":"Feature","geometry":{"type":"Polygon","coordinates":[[[-7.48864,37.25368],[-7.48854,37.25358],[-7.48776,37.25362],[-7.48744,37.25359],[-7.48702,37.25362],[-7.48701,37.25349],[-7.48776,37.25327],[-7.48793,37.25304],[-7.48872,37.25302],[-7.48874,37.25362],[-7.48864,37.25368]]]},"properties":{"dam_id":"way/544239019","osm_type":"way","osm_id":544239019,"country":"PT","name":"Barragem da Caroucha","uso":"regadio"}},{"type":"Feature","geometry":{"type":"Polygon","coordinates":[[[-8.84851,37.31297],[-8.8485,37.31319],[-8.84822,37.31347],[-8.8474,37.31361],[-8.84651,37.31331],[-8.84851,37.31297]]]},"properties":{"dam_id":"way/544239020","osm_type":"way","osm_id":544239020,"country":"PT","name":"Barragem de Vale da Telha","uso":"abastecimento"}},{"type":"Feature","geometry":{"type":"Polygon","coordinates":[[[-7.92435,37.55965],[-7.9248,37.56024],[-7.92529,37.56129],[-7.92615,37.5627],[-7.92632,37.56329],[-7.92727,37.56458],[-7.92781,37.56497],[-7.92814,37.56529],[-7.92845,37.56551],[-7.92862,37.56568],[-7.92963,37.56617],[-7.93017,37.56637],[-7.93034,37.56633],[-7.93053,37.56635],[-7.93058,37.56633],[-7.93116,37.56635],[-7.93179,37.56645],[-7.93348,37.56706],[-7.93413,37.56722],[-7.93479,37.56744],[-7.93623,37.56801],[-7.93659,37.56809],[-7.93708,37.56812],[-7.93749,37.5681],[-7.9377,37.56805],[-7.938,37.56785],[-7.93821,37.56748],[-7.93838,37.56732],[-7.93856,37.56699],[-7.93874,37.56689],[-7.93868,37.56676],[-7.93877,37.56657],[-7.93896,37.56633],[-7.9391,37.56606],[-7.93934,37.56529],[-7.9394,37.56448],[-7.93941,37.56443],[-7.93946,37.56439],[-7.93981,37.56445],[-7.94069,37.56443],[-7.94208,37.56458],[-7.94371,37.56443],[-7.94456,37.5642],[-7.94588,37.56357],[-7.94636,37.56305],[-7.94656,37.56246],[-7.94654,37.5618],[-7.94474,37.5579],[-7.94435,37.55773],[-7.94226,37.55727],[-7.94199,37.55744],[-7.94426,37.55793],[-7.94444,37.55802],[-7.94456,37.55815],[-7.94468,37.55836],[-7.94506,37.55959],[-7.94585,37.56124],[-7.94622,37.56183],[-7.94624,37.56226],[-7.94611,37.56282],[-7.94525,37.56338],[-7.94428,37.56387],[-7.94243,37.56412],[-7.94058,37.56422],[-7.93964,37.56409],[-7.939,37.56409],[-7.93778,37.56741],[-7.93752,37.56754],[-7.93704,37.56766],[-7.93653,37.56755],[-7.93219,37.56581],[-7.92854,37.56472],[-7.92749,37.56432],[-7.92702,37.56334],[-7.92643,37.56177],[-7.92568,37.56036],[-7.92493,37.55956],[-7.92487,37.5594],[-7.92435,37.55965]]]},"properties":{"dam_id":"way/544239034","osm_type":"way","osm_id":544239034,"country":"PT","name":"Barragem de Cerro do Lobo","uso":"desconhecido"}},{"type":"Feature","geometry":{"type":"Polygon","coordinates":[[[-8.4449,37.58296],[-8.44499,37.58288],[-8.44492,37.58276],[-8.44427,37.58225],[-8.44354,37.58229],[-8.44347,37.5824],[-8.44343,37.58239],[-8.44332,37.58257],[-8.44323,37.58254],[-8.44333,37.58236],[-8.44328,37.58235],[-8.44314,37.58241],[-8.44291,37.58312],[-8.44282,37.58319],[-8.44298,37.58315],[-8.44304,37.58316],[-8.44315,37.58327],[-8.4449,37.58296]]]},"properties":{"dam_id":"way/544239068","osm_type":"way","osm_id":544239068,"country":"PT","name":"Barragem de Corte Brique","uso":"regadio"}},{"type":"Feature","geometry":{"type":"Polygon","coordinates":[[[-7.60924,38.53999],[-7.60892,38.53998],[-7.60886,38.54009],[-7.60878,38.54008],[-7.60877,38.54004],[-7.60885,38.54004],[-7.60885,38.53997],[-7.60864,38.53981],[-7.60874,38.53951],[-7.60806,38.53876],[-7.60631,38.53807],[-7.60637,38.5379],[-7.60747,38.53748],[-7.60787,38.53773],[-7.60818,38.53807],[-7.60882,38.53925],[-7.60895,38.53928],[-7.60904,38.53786],[-7.609,38.5376],[-7.60931,38.53763],[-7.60917,38.53948],[-7.60925,38.53983],[-7.60924,38.53999]]]},"properties":{"dam_id":"way/544335019","osm_type":"way","osm_id":544335019,"country":"PT","name":"Barragem da Vigia","uso":"abastecimento"}},{"type":"Feature","geometry":{"type":"Polygon","coordinates":[[[-7.4759,38.05306],[-7.47461,38.05611],[-7.47483,38.05616],[-7.47597,38.05442],[-7.47638,38.05372],[-7.47667,38.05297],[-7.47701,38.05336],[-7.47718,38.05327],[-7.47614,38.0523],[-7.47594,38.05221],[-7.47583,38.0523],[-7.47594,38.05263],[-7.47594,38.05285],[-7.4759,38.05306]]]},"properties":{"dam_id":"way/544335048","osm_type":"way","osm_id":544335048,"country":"PT","name":"Barragem de Pias","uso":"desconhecido"}},{"type":"Feature","geometry":{"type":"Polygon","coordinates":[[[-7.34462,38.50887],[-7.34455,38.50876],[-7.34386,38.50809],[-7.3434,38.50808],[-7.34342,38.50802],[-7.34381,38.50801],[-7.34464,38.50856],[-7.3447,38.50886],[-7.34462,38.50887]]]},"properties":{"dam_id":"way/544335057","osm_type":"way","osm_id":544335057,"country":"PT","name":null,"uso":"desconhecido"}},{"type":"Feature","geometry":{"type":"Polygon","coordinates":[[[-7.34342,38.50459],[-7.34393,38.50429],[-7.34419,38.50402],[-7.3442,38.50381],[-7.34407,38.50353],[-7.34386,38.50331],[-7.34357,38.50325],[-7.34355,38.5033],[-7.34383,38.50338],[-7.34397,38.50354],[-7.34407,38.50382],[-7.34406,38.50402],[-7.34389,38.50422],[-7.34339,38.50454],[-7.34342,38.50459]]]},"properties":{"dam_id":"way/544335072","osm_type":"way","osm_id":544335072,"country":"PT","name":null,"uso":"desconhecido"}},{"type":"Feature","geometry":{"type":"Polygon","coordinates":[[[-7.35155,38.49763],[-7.35163,38.49752],[-7.35149,38.49742],[-7.35108,38.49697],[-7.35078,38.49694],[-7.35042,38.49711],[-7.35038,38.49722],[-7.3505,38.49723],[-7.35148,38.49754],[-7.35155,38.49763]]]},"properties":{"dam_id":"way/544335075","osm_type":"way","osm_id":544335075,"country":"PT","name":null,"uso":"desconhecido"}},{"type":"Feature","geometry":{"type":"Polygon","coordinates":[[[-7.35486,38.51341],[-7.35523,38.51298],[-7.35454,38.51183],[-7.35447,38.51195],[-7.35368,38.51186],[-7.35342,38.51167],[-7.35297,38.51119],[-7.35251,38.51101],[-7.35218,38.51119],[-7.35249,38.5112],[-7.35276,38.51134],[-7.35441,38.51282],[-7.35479,38.51312],[-7.35486,38.51341]]]},"properties":{"dam_id":"way/544335088","osm_type":"way","osm_id":544335088,"country":"PT","name":"Barragem de Roucanito","uso":"desconhecido"}},{"type":"Feature","geometry":{"type":"Polygon","coordinates":[[[-7.89671,38.08832],[-7.89646,38.08866],[-7.89664,38.08872],[-7.89678,38.08866],[-7.89812,38.08679],[-7.89867,38.0858],[-7.89872,38.08485],[-7.89909,38.08553],[-7.89922,38.08546],[-7.89852,38.08426],[-7.89839,38.08431],[-7.8984,38.08435],[-7.89848,38.08434],[-7.89858,38.0845],[-7.89846,38.08456],[-7.8985,38.08463],[-7.8982,38.08578],[-7.89671,38.08832]]]},"properties":{"dam_id":"way/544335083","osm_type":"way","osm_id":544335083,"country":"PT","name":"Barragem de Namorada","uso":"desconhecido"}},{"type":"Feature","geometry":{"type":"Polygon","coordinates":[[[-7.71161,38.51181],[-7.71082,38.51222],[-7.71007,38.51259],[-7.71001,38.5125],[-7.7105,38.51218],[-7.71041,38.51206],[-7.7107,38.51192],[-7.71076,38.51199],[-7.71118,38.51186],[-7.71121,38.51188],[-7.71154,38.51172],[-7.71161,38.51181]]]},"properties":{"dam_id":"way/544335085","osm_type":"way","osm_id":544335085,"country":"PT","name":"Barragem de Monte Novo","uso":"desconhecido"}},{"type":"Feature","geometry":{"type":"Polygon","coordinates":[[[-7.46537,37.99273],[-7.46588,37.99284],[-7.46582,37.99298],[-7.46535,37.99303],[-7.46487,37.99329],[-7.46438,37.99398],[-7.46395,37.99422],[-7.464,37.99463],[-7.46332,37.99472],[-7.4633,37.99465],[-7.46222,37.9948],[-7.46181,37.99463],[-7.46197,37.99466],[-7.46223,37.99477],[-7.46236,37.99476],[-7.46235,37.9947],[-7.46224,37.99469],[-7.46205,37.9946],[-7.46191,37.99447],[-7.46198,37.99436],[-7.46208,37.99435],[-7.46217,37.9944],[-7.46241,37.99458],[-7.46252,37.99456],[-7.46421,37.99318],[-7.46464,37.9929],[-7.46508,37.99277],[-7.46537,37.99273]]]},"properties":{"dam_id":"way/544335105","osm_type":"way","osm_id":544335105,"country":"PT","name":"Barragem do Enxoé","uso":"abastecimento"}},{"type":"Feature","geometry":{"type":"LineString","coordinates":[[-8.27885,40.44918],[-8.2787,40.44917],[-8.27859,40.44911]]},"properties":{"dam_id":"way/546459971","osm_type":"way","osm_id":546459971,"country":"PT","name":null,"uso":"desconhecido"}},{"type":"Feature","geometry":{"type":"LineString","coordinates":[[-7.94059,40.04709],[-7.94042,40.04714]]},"properties":{"dam_id":"way/552105699","osm_type":"way","osm_id":552105699,"country":"PT","name":null,"uso":"desconhecido"}},{"type":"Feature","geometry":{"type":"LineString","coordinates":[[-7.03191,40.60019],[-7.0323,40.59997],[-7.03263,40.59995]]},"properties":{"dam_id":"way/552129732","osm_type":"way","osm_id":552129732,"country":"PT","name":null,"uso":"desconhecido"}},{"type":"Feature","geometry":{"type":"LineString","coordinates":[[-7.39465,40.03432],[-7.39375,40.03578]]},"properties":{"dam_id":"way/552909442","osm_type":"way","osm_id":552909442,"country":"PT","name":null,"uso":"desconhecido"}},{"type":"Feature","geometry":{"type":"LineString","coordinates":[[-8.36411,38.73522],[-8.36362,38.73559],[-8.36293,38.73566]]},"properties":{"dam_id":"way/555124398","osm_type":"way","osm_id":555124398,"country":"PT","name":null,"uso":"desconhecido"}},{"type":"Feature","geometry":{"type":"LineString","coordinates":[[-8.5037,38.15384],[-8.50002,38.15384]]},"properties":{"dam_id":"way/555203696","osm_type":"way","osm_id":555203696,"country":"PT","name":null,"uso":"desconhecido"}},{"type":"Feature","geometry":{"type":"Polygon","coordinates":[[[-9.24439,38.79319],[-9.24448,38.79321],[-9.2445,38.79317],[-9.24449,38.79326],[-9.24438,38.79325],[-9.24439,38.79319]]]},"properties":{"dam_id":"way/558128430","osm_type":"way","osm_id":558128430,"country":"PT","name":"Antiga Barragem Romana de Belas","uso":"desconhecido"}},{"type":"Feature","geometry":{"type":"LineString","coordinates":[[-7.47621,39.01166],[-7.47473,39.01045]]},"properties":{"dam_id":"way/558594380","osm_type":"way","osm_id":558594380,"country":"PT","name":null,"uso":"desconhecido"}},{"type":"Feature","geometry":{"type":"LineString","coordinates":[[-8.37199,38.80883],[-8.37129,38.80865]]},"properties":{"dam_id":"way/560190469","osm_type":"way","osm_id":560190469,"country":"PT","name":null,"uso":"desconhecido"}},{"type":"Feature","geometry":{"type":"LineString","coordinates":[[-8.3673,38.67094],[-8.36644,38.66974]]},"properties":{"dam_id":"way/566444266","osm_type":"way","osm_id":566444266,"country":"PT","name":null,"uso":"desconhecido"}},{"type":"Feature","geometry":{"type":"Polygon","coordinates":[[[-8.02119,38.77563],[-8.02108,38.77559],[-8.02096,38.77564],[-8.02077,38.77552],[-8.02065,38.77528],[-8.02062,38.77491],[-8.02068,38.77489],[-8.02119,38.77563]]]},"properties":{"dam_id":"way/570076824","osm_type":"way","osm_id":570076824,"country":"PT","name":null,"uso":"desconhecido"}},{"type":"Feature","geometry":{"type":"Polygon","coordinates":[[[-8.01983,38.78114],[-8.02033,38.78007],[-8.02035,38.77995],[-8.02028,38.77995],[-8.01969,38.78122],[-8.01983,38.78114]]]},"properties":{"dam_id":"way/570076825","osm_type":"way","osm_id":570076825,"country":"PT","name":null,"uso":"desconhecido"}},{"type":"Feature","geometry":{"type":"Polygon","coordinates":[[[-7.30261,40.61771],[-7.30255,40.61751],[-7.3026,40.61753],[-7.30265,40.61763],[-7.30261,40.61771]]]},"properties":{"dam_id":"way/576512096","osm_type":"way","osm_id":576512096,"country":"PT","name":null,"uso":"desconhecido"}},{"type":"Feature","geometry":{"type":"Polygon","coordinates":[[[-7.04211,40.01523],[-7.04047,40.0146],[-7.04023,40.01451],[-7.04031,40.01441],[-7.04128,40.01463],[-7.04201,40.0149],[-7.04217,40.01517],[-7.04211,40.01523]]]},"properties":{"dam_id":"way/576888400","osm_type":"way","osm_id":576888400,"country":"PT","name":null,"uso":"desconhecido"}},{"type":"Feature","geometry":{"type":"Polygon","coordinates":[[[-7.19326,39.82378],[-7.19306,39.82365],[-7.19226,39.82423],[-7.19217,39.82443],[-7.19225,39.8245],[-7.19326,39.82378]]]},"properties":{"dam_id":"way/578173383","osm_type":"way","osm_id":578173383,"country":"PT","name":null,"uso":"desconhecido"}},{"type":"Feature","geometry":{"type":"LineString","coordinates":[[-8.42277,40.82446],[-8.42267,40.82446]]},"properties":{"dam_id":"way/581938507","osm_type":"way","osm_id":581938507,"country":"PT","name":null,"uso":"desconhecido"}},{"type":"Feature","geometry":{"type":"Polygon","coordinates":[[[-7.28922,40.65296],[-7.28927,40.65295],[-7.28926,40.65294],[-7.28922,40.65296]]]},"properties":{"dam_id":"way/582962034","osm_type":"way","osm_id":582962034,"country":"PT","name":null,"uso":"desconhecido"}},{"type":"Feature","geometry":{"type":"Polygon","coordinates":[[[-7.61793,38.09844],[-7.61977,38.09873],[-7.61986,38.09875],[-7.61971,38.09886],[-7.61882,38.09935],[-7.61877,38.09926],[-7.61943,38.09889],[-7.61931,38.09888],[-7.61873,38.09898],[-7.61866,38.09893],[-7.6184,38.09886],[-7.61833,38.09876],[-7.61818,38.09866],[-7.6179,38.09854],[-7.61793,38.09844]]]},"properties":{"dam_id":"way/585495168","osm_type":"way","osm_id":585495168,"country":"PT","name":"Barragem da Orada","uso":"hidroelétrica"}},{"type":"Feature","geometry":{"type":"LineString","coordinates":[[-31.16046,39.46231],[-31.15966,39.46221]]},"properties":{"dam_id":"way/597748357","osm_type":"way","osm_id":597748357,"country":"PT","name":null,"uso":"hidroelétrica"}},{"type":"Feature","geometry":{"type":"Polygon","coordinates":[[[-7.77116,38.39158],[-7.77103,38.39162],[-7.77085,38.39156],[-7.77064,38.39139],[-7.77022,38.39077],[-7.77013,38.39015],[-7.77019,38.38973],[-7.77025,38.38962],[-7.77036,38.38959],[-7.77041,38.38966],[-7.77069,38.39118],[-7.77105,38.39154],[-7.7712,38.39154],[-7.77116,38.39158]]]},"properties":{"dam_id":"way/597756187","osm_type":"way","osm_id":597756187,"country":"PT","name":null,"uso":"desconhecido"}},{"type":"Feature","geometry":{"type":"Polygon","coordinates":[[[-8.00652,38.45995],[-8.00654,38.45999],[-8.00785,38.46006],[-8.00828,38.46006],[-8.01131,38.45962],[-8.01129,38.45955],[-8.00657,38.4599],[-8.00652,38.45995]]]},"properties":{"dam_id":"way/599892803","osm_type":"way","osm_id":599892803,"country":"PT","name":null,"uso":"desconhecido"}},{"type":"Feature","geometry":{"type":"Polygon","coordinates":[[[-7.91067,38.16947],[-7.90919,38.1706],[-7.90808,38.17164],[-7.90826,38.17165],[-7.90918,38.1709],[-7.90952,38.17091],[-7.90965,38.17079],[-7.90956,38.17058],[-7.90959,38.1705],[-7.91083,38.16949],[-7.91067,38.16947]]]},"properties":{"dam_id":"way/606502399","osm_type":"way","osm_id":606502399,"country":"PT","name":null,"uso":"desconhecido"}},{"type":"Feature","geometry":{"type":"Polygon","coordinates":[[[-7.02944,41.18168],[-7.02952,41.18177],[-7.02951,41.18193],[-7.02871,41.18204],[-7.02873,41.18191],[-7.02887,41.18192],[-7.02933,41.18186],[-7.02941,41.18182],[-7.02946,41.18175],[-7.02944,41.18168]]]},"properties":{"dam_id":"way/618068232","osm_type":"way","osm_id":618068232,"country":"PT","name":null,"uso":"desconhecido"}},{"type":"Feature","geometry":{"type":"LineString","coordinates":[[-7.88517,37.35239],[-7.88562,37.35181]]},"properties":{"dam_id":"way/620683284","osm_type":"way","osm_id":620683284,"country":"PT","name":null,"uso":"desconhecido"}},{"type":"Feature","geometry":{"type":"Polygon","coordinates":[[[-7.35406,41.03148],[-7.35357,41.03135],[-7.35369,41.03127],[-7.35397,41.03134],[-7.35406,41.03148]]]},"properties":{"dam_id":"way/622458061","osm_type":"way","osm_id":622458061,"country":"PT","name":null,"uso":"desconhecido"}},{"type":"Feature","geometry":{"type":"Polygon","coordinates":[[[-7.39536,41.03502],[-7.39546,41.03503],[-7.39554,41.03501],[-7.39555,41.03489],[-7.39552,41.03488],[-7.39551,41.03495],[-7.39536,41.03502]]]},"properties":{"dam_id":"way/622458227","osm_type":"way","osm_id":622458227,"country":"PT","name":null,"uso":"desconhecido"}},{"type":"Feature","geometry":{"type":"Polygon","coordinates":[[[-9.03033,39.24849],[-9.03056,39.24853],[-9.03059,39.24862],[-9.0289,39.24897],[-9.02905,39.24877],[-9.03033,39.24849]]]},"properties":{"dam_id":"way/626625528","osm_type":"way","osm_id":626625528,"country":"PT","name":null,"uso":"desconhecido"}},{"type":"Feature","geometry":{"type":"LineString","coordinates":[[-8.45403,37.4286],[-8.45405,37.42853],[-8.45399,37.42847],[-8.45398,37.42838],[-8.45404,37.4283],[-8.45414,37.42826]]},"properties":{"dam_id":"way/627633488","osm_type":"way","osm_id":627633488,"country":"PT","name":null,"uso":"desconhecido"}},{"type":"Feature","geometry":{"type":"Polygon","coordinates":[[[-6.99785,41.08933],[-6.9982,41.08921],[-6.99821,41.08909],[-6.99814,41.08898],[-6.99751,41.08877],[-6.99749,41.08868],[-6.99742,41.08865],[-6.99733,41.08841],[-6.99737,41.08835],[-6.99729,41.08828],[-6.99685,41.08852],[-6.99671,41.08864],[-6.99679,41.08874],[-6.99694,41.08879],[-6.99696,41.08891],[-6.99713,41.08911],[-6.99785,41.08933]]]},"properties":{"dam_id":"way/630183666","osm_type":"way","osm_id":630183666,"country":"PT","name":"Barragem do Arroio","uso":"desconhecido"}},{"type":"Feature","geometry":{"type":"Polygon","coordinates":[[[-8.17847,39.05538],[-8.1786,39.05524],[-8.17747,39.05357],[-8.17655,39.05292],[-8.17489,39.05297],[-8.17469,39.05307],[-8.17511,39.05337],[-8.17668,39.05439],[-8.17789,39.05513],[-8.17847,39.05538]]]},"properties":{"dam_id":"way/637214676","osm_type":"way","osm_id":637214676,"country":"PT","name":"Barragem de Montargil","uso":"hidroelétrica"}},{"type":"Feature","geometry":{"type":"Polygon","coordinates":[[[-6.18869,41.57592],[-6.1888,41.57591],[-6.18882,41.57595],[-6.18957,41.57583],[-6.18956,41.57579],[-6.18985,41.57575],[-6.18961,41.57533],[-6.1893,41.57537],[-6.18926,41.57526],[-6.18886,41.57532],[-6.18888,41.57537],[-6.18867,41.57541],[-6.18868,41.57546],[-6.18854,41.57548],[-6.18848,41.57574],[-6.18857,41.57575],[-6.18852,41.57586],[-6.18866,41.57586],[-6.18869,41.57592]]]},"properties":{"dam_id":"way/647259841","osm_type":"way","osm_id":647259841,"country":"PT","name":"Presa del Arroyo de la Ribera","uso":"hidroelétrica"}},{"type":"Feature","geometry":{"type":"LineString","coordinates":[[-8.24484,40.59789],[-8.24483,40.59743]]},"properties":{"dam_id":"way/653133217","osm_type":"way","osm_id":653133217,"country":"PT","name":null,"uso":"hidroelétrica"}},{"type":"Feature","geometry":{"type":"LineString","coordinates":[[-8.26067,40.59675],[-8.26096,40.59668],[-8.26103,40.59687]]},"properties":{"dam_id":"way/653133219","osm_type":"way","osm_id":653133219,"country":"PT","name":null,"uso":"desconhecido"}},{"type":"Feature","geometry":{"type":"LineString","coordinates":[[-8.06766,40.5758],[-8.06792,40.5759],[-8.06799,40.57571],[-8.06815,40.5756]]},"properties":{"dam_id":"way/653627872","osm_type":"way","osm_id":653627872,"country":"PT","name":null,"uso":"desconhecido"}},{"type":"Feature","geometry":{"type":"LineString","coordinates":[[-7.52424,38.66642],[-7.524,38.66623],[-7.52403,38.66621],[-7.52328,38.66564]]},"properties":{"dam_id":"way/656281045","osm_type":"way","osm_id":656281045,"country":"PT","name":null,"uso":"desconhecido"}},{"type":"Feature","geometry":{"type":"Polygon","coordinates":[[[-17.11859,32.75259],[-17.11864,32.75265],[-17.11898,32.75246],[-17.11896,32.75243],[-17.11906,32.75237],[-17.11948,32.75285],[-17.12051,32.75407],[-17.12061,32.75437],[-17.12058,32.75456],[-17.12048,32.75479],[-17.12031,32.75496],[-17.1201,32.75507],[-17.11946,32.75521],[-17.11915,32.75523],[-17.11877,32.75523],[-17.11769,32.75512],[-17.11786,32.75509],[-17.11788,32.75504],[-17.11755,32.75509],[-17.11745,32.75508],[-17.1172,32.75498],[-17.11705,32.75486],[-17.11711,32.75516],[-17.11874,32.75536],[-17.11916,32.75537],[-17.11957,32.75535],[-17.12004,32.75525],[-17.12025,32.7552],[-17.12049,32.75507],[-17.12067,32.75488],[-17.1208,32.75469],[-17.12088,32.7545],[-17.12089,32.75433],[-17.12081,32.75379],[-17.12072,32.75364],[-17.12038,32.75348],[-17.11945,32.75255],[-17.11909,32.75223],[-17.11859,32.75259]]]},"properties":{"dam_id":"way/659769166","osm_type":"way","osm_id":659769166,"country":"PT","name":"Barragem do Pico da Urze","uso":"desconhecido"}},{"type":"Feature","geometry":{"type":"Polygon","coordinates":[[[-8.34226,37.7961],[-8.34239,37.79599],[-8.34266,37.79595],[-8.34348,37.79628],[-8.34414,37.79683],[-8.3442,37.79731],[-8.34407,37.79733],[-8.34387,37.79721],[-8.34392,37.79713],[-8.34406,37.79701],[-8.34247,37.79607],[-8.34226,37.7961]]]},"properties":{"dam_id":"way/666869439","osm_type":"way","osm_id":666869439,"country":"PT","name":null,"uso":"desconhecido"}},{"type":"Feature","geometry":{"type":"Polygon","coordinates":[[[-8.35978,37.78555],[-8.35995,37.78566],[-8.36013,37.78585],[-8.35998,37.78606],[-8.35972,37.7862],[-8.35931,37.7862],[-8.35898,37.78616],[-8.35976,37.78572],[-8.3598,37.78561],[-8.35978,37.78555]]]},"properties":{"dam_id":"way/666869440","osm_type":"way","osm_id":666869440,"country":"PT","name":null,"uso":"desconhecido"}},{"type":"Feature","geometry":{"type":"Polygon","coordinates":[[[-8.3232,37.79427],[-8.32288,37.79424],[-8.32281,37.7941],[-8.323,37.79396],[-8.32386,37.79429],[-8.32388,37.79505],[-8.32353,37.79548],[-8.32293,37.79548],[-8.32281,37.79531],[-8.32335,37.79522],[-8.32357,37.79496],[-8.32358,37.79462],[-8.32346,37.79443],[-8.3232,37.79427]]]},"properties":{"dam_id":"way/666869453","osm_type":"way","osm_id":666869453,"country":"PT","name":null,"uso":"desconhecido"}},{"type":"Feature","geometry":{"type":"Polygon","coordinates":[[[-8.32902,37.79727],[-8.32911,37.79716],[-8.32958,37.79749],[-8.32985,37.79785],[-8.3297,37.79798],[-8.32902,37.79727]]]},"properties":{"dam_id":"way/666869456","osm_type":"way","osm_id":666869456,"country":"PT","name":null,"uso":"desconhecido"}},{"type":"Feature","geometry":{"type":"LineString","coordinates":[[-8.12716,40.67933],[-8.12744,40.67998]]},"properties":{"dam_id":"way/667710309","osm_type":"way","osm_id":667710309,"country":"PT","name":null,"uso":"desconhecido"}},{"type":"Feature","geometry":{"type":"LineString","coordinates":[[-8.62551,37.20273],[-8.62466,37.20288]]},"properties":{"dam_id":"way/668130572","osm_type":"way","osm_id":668130572,"country":"PT","name":null,"uso":"desconhecido"}},{"type":"Feature","geometry":{"type":"Polygon","coordinates":[[[-8.81,38.99289],[-8.80965,38.99283],[-8.80966,38.99281],[-8.81,38.99289]]]},"properties":{"dam_id":"way/669361544","osm_type":"way","osm_id":669361544,"country":"PT","name":null,"uso":"desconhecido"}},{"type":"Feature","geometry":{"type":"LineString","coordinates":[[-8.5929,37.32199],[-8.59364,37.32289],[-8.59375,37.32284]]},"properties":{"dam_id":"way/674302210","osm_type":"way","osm_id":674302210,"country":"PT","name":null,"uso":"desconhecido"}},{"type":"Feature","geometry":{"type":"LineString","coordinates":[[-7.01644,39.01574],[-7.0163,39.01584],[-7.0161,39.01626],[-7.01584,39.01656],[-7.01585,39.01668]]},"properties":{"dam_id":"way/682964276","osm_type":"way","osm_id":682964276,"country":"PT","name":null,"uso":"desconhecido"}},{"type":"Feature","geometry":{"type":"Polygon","coordinates":[[[-8.35409,40.71425],[-8.35398,40.71427],[-8.35389,40.71402],[-8.35381,40.71389],[-8.35322,40.71402],[-8.35333,40.71432],[-8.35268,40.71445],[-8.35266,40.71438],[-8.35249,40.71442],[-8.35253,40.71456],[-8.35204,40.71465],[-8.35206,40.7147],[-8.3527,40.71457],[-8.35271,40.71461],[-8.35338,40.71448],[-8.35372,40.71441],[-8.35371,40.71437],[-8.35411,40.71429],[-8.35409,40.71425]]]},"properties":{"dam_id":"way/689172311","osm_type":"way","osm_id":689172311,"country":"PT","name":"Barragem de Ermida","uso":"hidroelétrica"}},{"type":"Feature","geometry":{"type":"Polygon","coordinates":[[[-8.32073,40.74379],[-8.32061,40.74389],[-8.32094,40.74393],[-8.32098,40.74381],[-8.32087,40.74379],[-8.32088,40.74371],[-8.3208,40.74354],[-8.32085,40.74333],[-8.32071,40.74324],[-8.32069,40.74311],[-8.32108,40.743],[-8.32104,40.74293],[-8.32073,40.74301],[-8.32055,40.74266],[-8.32085,40.74257],[-8.32083,40.74252],[-8.32034,40.74263],[-8.32031,40.74251],[-8.32037,40.7425],[-8.32012,40.74223],[-8.32008,40.74206],[-8.31999,40.74193],[-8.32004,40.74173],[-8.31993,40.74171],[-8.31984,40.7421],[-8.31947,40.74209],[-8.31938,40.74203],[-8.31925,40.74209],[-8.31937,40.7422],[-8.31947,40.74213],[-8.31984,40.74214],[-8.31986,40.74216],[-8.31989,40.74257],[-8.31985,40.74258],[-8.31991,40.74275],[-8.31988,40.74278],[-8.31997,40.74279],[-8.32001,40.74291],[-8.31994,40.74295],[-8.32003,40.74295],[-8.32008,40.74305],[-8.32001,40.7431],[-8.3201,40.74309],[-8.32016,40.7432],[-8.3201,40.74325],[-8.32019,40.74324],[-8.32046,40.74355],[-8.32073,40.74379]]]},"properties":{"dam_id":"way/689172314","osm_type":"way","osm_id":689172314,"country":"PT","name":"Barragem de Ribeiradio","uso":"hidroelétrica"}},{"type":"Feature","geometry":{"type":"Polygon","coordinates":[[[-7.48712,37.33123],[-7.48739,37.3312],[-7.48808,37.33182],[-7.48833,37.33171],[-7.48796,37.33123],[-7.48786,37.33102],[-7.4879,37.33085],[-7.48748,37.33045],[-7.48684,37.33031],[-7.48658,37.33035],[-7.48657,37.33044],[-7.48668,37.3308],[-7.48664,37.33097],[-7.4862,37.33127],[-7.48608,37.33145],[-7.48611,37.33157],[-7.48676,37.3314],[-7.48712,37.33123]]]},"properties":{"dam_id":"way/690666048","osm_type":"way","osm_id":690666048,"country":"PT","name":"Dique da Portela","uso":"desconhecido"}},{"type":"Feature","geometry":{"type":"Polygon","coordinates":[[[-7.48642,37.32563],[-7.48664,37.32566],[-7.48571,37.32824],[-7.48559,37.3287],[-7.4854,37.32878],[-7.48517,37.32825],[-7.48499,37.32746],[-7.48503,37.32726],[-7.48528,37.32656],[-7.48599,37.32587],[-7.4861,37.32578],[-7.48642,37.32563]]]},"properties":{"dam_id":"way/690666054","osm_type":"way","osm_id":690666054,"country":"PT","name":"Barragem de Odeleite","uso":"desconhecido"}},{"type":"Feature","geometry":{"type":"Polygon","coordinates":[[[-8.29318,37.48526],[-8.29314,37.48537],[-8.29277,37.48535],[-8.2927,37.48524],[-8.29318,37.48526]]]},"properties":{"dam_id":"way/692213137","osm_type":"way","osm_id":692213137,"country":"PT","name":null,"uso":"desconhecido"}},{"type":"Feature","geometry":{"type":"Polygon","coordinates":[[[-8.66837,37.18803],[-8.66837,37.18746],[-8.66821,37.18746],[-8.66788,37.18759],[-8.66789,37.18784],[-8.66827,37.18803],[-8.66837,37.18803]]]},"properties":{"dam_id":"way/694102518","osm_type":"way","osm_id":694102518,"country":"PT","name":null,"uso":"desconhecido"}},{"type":"Feature","geometry":{"type":"Polygon","coordinates":[[[-7.25469,38.23177],[-7.25347,38.22986],[-7.25344,38.22977],[-7.25353,38.22977],[-7.25355,38.2296],[-7.25452,38.22967],[-7.2551,38.22998],[-7.25454,38.23089],[-7.25484,38.23155],[-7.25469,38.23177]]]},"properties":{"dam_id":"way/697772004","osm_type":"way","osm_id":697772004,"country":"PT","name":null,"uso":"desconhecido"}},{"type":"Feature","geometry":{"type":"Polygon","coordinates":[[[-7.79966,38.65248],[-7.79948,38.65256],[-7.79691,38.65316],[-7.79669,38.65318],[-7.79652,38.65314],[-7.79752,38.65249],[-7.79781,38.65241],[-7.79797,38.65239],[-7.79944,38.65239],[-7.79963,38.65243],[-7.79966,38.65248]]]},"properties":{"dam_id":"way/708214931","osm_type":"way","osm_id":708214931,"country":"PT","name":null,"uso":"desconhecido"}},{"type":"Feature","geometry":{"type":"LineString","coordinates":[[-25.48094,37.78938],[-25.48099,37.78931]]},"properties":{"dam_id":"way/735447957","osm_type":"way","osm_id":735447957,"country":"PT","name":null,"uso":"hidroelétrica"}},{"type":"Feature","geometry":{"type":"LineString","coordinates":[[-8.17307,38.09108],[-8.17293,38.09331]]},"properties":{"dam_id":"way/743748234","osm_type":"way","osm_id":743748234,"country":"PT","name":null,"uso":"desconhecido"}},{"type":"Feature","geometry":{"type":"LineString","coordinates":[[-7.88907,38.58585],[-7.88805,38.58606]]},"properties":{"dam_id":"way/744393177","osm_type":"way","osm_id":744393177,"country":"PT","name":null,"uso":"desconhecido"}},{"type":"Feature","geometry":{"type":"Polygon","coordinates":[[[-8.75688,37.8936],[-8.76322,37.90061],[-8.76355,37.90138],[-8.76372,37.90213],[-8.76369,37.90248],[-8.76355,37.90296],[-8.76308,37.90371],[-8.76192,37.90459],[-8.75308,37.90969],[-8.7522,37.91023],[-8.75188,37.91047],[-8.75204,37.91057],[-8.75315,37.91],[-8.75455,37.90919],[-8.75615,37.90835],[-8.7567,37.90809],[-8.75743,37.90762],[-8.7595,37.90657],[-8.76077,37.90586],[-8.76193,37.90525],[-8.7627,37.90489],[-8.7634,37.90447],[-8.76379,37.90418],[-8.76417,37.90421],[-8.76437,37.90407],[-8.76464,37.90382],[-8.76479,37.9036],[-8.765,37.90306],[-8.7647,37.90298],[-8.76473,37.90271],[-8.76444,37.9014],[-8.76404,37.90057],[-8.76156,37.89799],[-8.75927,37.89574],[-8.7572,37.89348],[-8.75694,37.89331],[-8.75676,37.89341],[-8.75688,37.8936]]]},"properties":{"dam_id":"way/750018679","osm_type":"way","osm_id":750018679,"country":"PT","name":"Barragem de Morgavel","uso":"abastecimento"}},{"type":"Feature","geometry":{"type":"Polygon","coordinates":[[[-7.81399,39.06502],[-7.81412,39.06506],[-7.81476,39.06509],[-7.81453,39.0659],[-7.81431,39.06591],[-7.81422,39.06587],[-7.81405,39.06587],[-7.81405,39.0659],[-7.81414,39.06591],[-7.81433,39.06599],[-7.81456,39.06625],[-7.81463,39.06601],[-7.81469,39.06607],[-7.81497,39.06504],[-7.81455,39.065],[-7.81434,39.06503],[-7.81402,39.06499],[-7.81399,39.06502]]]},"properties":{"dam_id":"way/761769054","osm_type":"way","osm_id":761769054,"country":"PT","name":null,"uso":"desconhecido"}},{"type":"Feature","geometry":{"type":"Polygon","coordinates":[[[-8.57817,38.15494],[-8.5782,38.15491],[-8.57844,38.15509],[-8.57841,38.15512],[-8.57835,38.15507],[-8.57833,38.15509],[-8.57833,38.15506],[-8.57825,38.15504],[-8.57824,38.15499],[-8.5782,38.15499],[-8.57822,38.15497],[-8.57817,38.15494]]]},"properties":{"dam_id":"way/762618584","osm_type":"way","osm_id":762618584,"country":"PT","name":"Barragem Romana do Pego da Moura","uso":"desconhecido"}},{"type":"Feature","geometry":{"type":"LineString","coordinates":[[-6.6936,41.80078],[-6.69341,41.80039],[-6.69335,41.80034],[-6.69338,41.80031],[-6.69329,41.80022]]},"properties":{"dam_id":"way/766539817","osm_type":"way","osm_id":766539817,"country":"PT","name":"Minihidrica de Gimonde","uso":"desconhecido"}},{"type":"Feature","geometry":{"type":"Polygon","coordinates":[[[-7.73054,41.57293],[-7.73119,41.57286],[-7.7314,41.57281],[-7.73142,41.57283],[-7.73143,41.57285],[-7.73135,41.57288],[-7.73138,41.57293],[-7.73129,41.57296],[-7.73055,41.57308],[-7.73053,41.57311],[-7.73069,41.57347],[-7.7309,41.57377],[-7.73093,41.57377],[-7.73147,41.57403],[-7.73179,41.57368],[-7.73192,41.57373],[-7.7322,41.57398],[-7.73222,41.57406],[-7.73243,41.57403],[-7.73225,41.57326],[-7.73226,41.57312],[-7.73242,41.5732],[-7.73242,41.57331],[-7.7326,41.57382],[-7.7327,41.57391],[-7.73272,41.57398],[-7.73301,41.57389],[-7.73306,41.57407],[-7.73298,41.57417],[-7.73285,41.57419],[-7.73287,41.57428],[-7.73283,41.57432],[-7.73273,41.57429],[-7.73267,41.57413],[-7.73211,41.57421],[-7.73174,41.57423],[-7.73119,41.57414],[-7.73105,41.57431],[-7.73098,41.57433],[-7.73084,41.57424],[-7.73076,41.57424],[-7.73073,41.57417],[-7.7309,41.57399],[-7.73066,41.57377],[-7.73057,41.57365],[-7.73044,41.57339],[-7.73037,41.57314],[-7.73027,41.57316],[-7.73026,41.57312],[-7.73036,41.57311],[-7.73033,41.57297],[-7.73012,41.573],[-7.73003,41.57293],[-7.73005,41.57289],[-7.73022,41.57285],[-7.73027,41.57277],[-7.73048,41.57274],[-7.73054,41.57293]]]},"properties":{"dam_id":"way/768086191","osm_type":"way","osm_id":768086191,"country":"PT","name":"Barragem do Alto Tâmega","uso":"hidroelétrica"}},{"type":"Feature","geometry":{"type":"Polygon","coordinates":[[[-7.51847,37.9698],[-7.51537,37.9719],[-7.51521,37.97212],[-7.51517,37.97223],[-7.51523,37.97228],[-7.51553,37.97221],[-7.51578,37.97208],[-7.517,37.97167],[-7.5182,37.97086],[-7.51856,37.97037],[-7.5187,37.97009],[-7.51926,37.96947],[-7.51937,37.96939],[-7.51931,37.96934],[-7.51929,37.96935],[-7.5192,37.96926],[-7.519,37.96938],[-7.51915,37.9695],[-7.51847,37.9698]]]},"properties":{"dam_id":"way/770828926","osm_type":"way","osm_id":770828926,"country":"PT","name":"Barragem da Lage","uso":"desconhecido"}},{"type":"Feature","geometry":{"type":"Polygon","coordinates":[[[-8.2731,41.85376],[-8.27295,41.85464],[-8.27294,41.85466],[-8.27297,41.85466],[-8.27298,41.85464],[-8.27314,41.85377],[-8.2731,41.85376]]]},"properties":{"dam_id":"way/783602930","osm_type":"way","osm_id":783602930,"country":"PT","name":null,"uso":"desconhecido"}},{"type":"Feature","geometry":{"type":"LineString","coordinates":[[-7.53026,37.92922],[-7.53,37.92925],[-7.52957,37.92923],[-7.52937,37.92919],[-7.52925,37.92913],[-7.52897,37.92886]]},"properties":{"dam_id":"way/790441136","osm_type":"way","osm_id":790441136,"country":"PT","name":null,"uso":"desconhecido"}},{"type":"Feature","geometry":{"type":"Polygon","coordinates":[[[-7.05622,39.70667],[-7.05598,39.70832],[-7.05616,39.70833],[-7.05646,39.70786],[-7.05646,39.70743],[-7.0567,39.70671],[-7.05637,39.70649],[-7.05622,39.70667]]]},"properties":{"dam_id":"way/805054965","osm_type":"way","osm_id":805054965,"country":"PT","name":null,"uso":"desconhecido"}},{"type":"Feature","geometry":{"type":"Polygon","coordinates":[[[-8.28656,40.78554],[-8.28669,40.78547],[-8.28666,40.78538],[-8.2866,40.78536],[-8.28656,40.78554]]]},"properties":{"dam_id":"way/805346526","osm_type":"way","osm_id":805346526,"country":"PT","name":"Barragem de Souto Mau","uso":"desconhecido"}},{"type":"Feature","geometry":{"type":"LineString","coordinates":[[-8.18573,38.68012],[-8.18533,38.67836],[-8.18525,38.67821]]},"properties":{"dam_id":"way/805388837","osm_type":"way","osm_id":805388837,"country":"PT","name":null,"uso":"desconhecido"}},{"type":"Feature","geometry":{"type":"Polygon","coordinates":[[[-7.78524,38.8674],[-7.78529,38.86725],[-7.78559,38.86716],[-7.78562,38.86705],[-7.78545,38.86687],[-7.7853,38.86686],[-7.78523,38.86691],[-7.78507,38.86726],[-7.7851,38.86735],[-7.78516,38.86741],[-7.78524,38.8674]]]},"properties":{"dam_id":"way/806108651","osm_type":"way","osm_id":806108651,"country":"PT","name":null,"uso":"desconhecido"}},{"type":"Feature","geometry":{"type":"Polygon","coordinates":[[[-9.16145,38.78655],[-9.16119,38.78636],[-9.16119,38.78633],[-9.16144,38.78646],[-9.16148,38.78644],[-9.16148,38.78652],[-9.16145,38.78655]]]},"properties":{"dam_id":"way/818750662","osm_type":"way","osm_id":818750662,"country":"PT","name":null,"uso":"desconhecido"}},{"type":"Feature","geometry":{"type":"LineString","coordinates":[[-8.40296,41.35835],[-8.40337,41.35839]]},"properties":{"dam_id":"way/836231669","osm_type":"way","osm_id":836231669,"country":"PT","name":null,"uso":"desconhecido"}},{"type":"Feature","geometry":{"type":"Polygon","coordinates":[[[-8.48808,39.6748],[-8.4881,39.67486],[-8.48812,39.67475],[-8.4882,39.67463],[-8.48817,39.67461],[-8.48808,39.6748]]]},"properties":{"dam_id":"way/850042348","osm_type":"way","osm_id":850042348,"country":"PT","name":"Açude da Sabacheira","uso":"desconhecido"}},{"type":"Feature","geometry":{"type":"Polygon","coordinates":[[[-8.40952,39.6439],[-8.40916,39.64392],[-8.40915,39.64388],[-8.4095,39.64387],[-8.40952,39.6439]]]},"properties":{"dam_id":"way/855543388","osm_type":"way","osm_id":855543388,"country":"PT","name":null,"uso":"desconhecido"}},{"type":"Feature","geometry":{"type":"Polygon","coordinates":[[[-7.91327,37.86133],[-7.91294,37.86093],[-7.9129,37.86094],[-7.91287,37.86097],[-7.91328,37.86151],[-7.91323,37.86154],[-7.91326,37.86158],[-7.9135,37.86136],[-7.91459,37.86076],[-7.91499,37.86063],[-7.91547,37.86061],[-7.91585,37.86063],[-7.91583,37.86053],[-7.9149,37.86047],[-7.91388,37.86061],[-7.91327,37.86133]]]},"properties":{"dam_id":"way/859982667","osm_type":"way","osm_id":859982667,"country":"PT","name":null,"uso":"desconhecido"}},{"type":"Feature","geometry":{"type":"Polygon","coordinates":[[[-8.0542,39.83177],[-8.05402,39.83217],[-8.05405,39.83217],[-8.05422,39.83184],[-8.05423,39.83178],[-8.0542,39.83177]]]},"properties":{"dam_id":"way/872710000","osm_type":"way","osm_id":872710000,"country":"PT","name":null,"uso":"desconhecido"}},{"type":"Feature","geometry":{"type":"Polygon","coordinates":[[[-8.06863,41.10297],[-8.06858,41.10275],[-8.06845,41.10276],[-8.06851,41.10299],[-8.06863,41.10297]]]},"properties":{"dam_id":"way/879308461","osm_type":"way","osm_id":879308461,"country":"PT","name":"Barragem do Ribadouro","uso":"desconhecido"}},{"type":"Feature","geometry":{"type":"Polygon","coordinates":[[[-8.03736,40.81141],[-8.03723,40.81146],[-8.03708,40.81119],[-8.03721,40.81115],[-8.03736,40.81141]]]},"properties":{"dam_id":"way/885069441","osm_type":"way","osm_id":885069441,"country":"PT","name":"Açude de Águas Frias","uso":"desconhecido"}},{"type":"Feature","geometry":{"type":"Polygon","coordinates":[[[-7.80991,39.1945],[-7.80981,39.19412],[-7.809,39.19416],[-7.80878,39.19437],[-7.80875,39.1946],[-7.80991,39.1945]]]},"properties":{"dam_id":"way/886063818","osm_type":"way","osm_id":886063818,"country":"PT","name":null,"uso":"desconhecido"}},{"type":"Feature","geometry":{"type":"Polygon","coordinates":[[[-8.03602,41.35124],[-8.03582,41.35118],[-8.03563,41.35113],[-8.0359,41.35095],[-8.036,41.35097],[-8.03602,41.35124]]]},"properties":{"dam_id":"way/887605678","osm_type":"way","osm_id":887605678,"country":"PT","name":null,"uso":"desconhecido"}},{"type":"Feature","geometry":{"type":"Polygon","coordinates":[[[-7.08441,40.80722],[-7.08445,40.80715],[-7.08256,40.80648],[-7.08251,40.80656],[-7.08441,40.80722]]]},"properties":{"dam_id":"way/888860109","osm_type":"way","osm_id":888860109,"country":"PT","name":"Câmara de Carga","uso":"desconhecido"}},{"type":"Feature","geometry":{"type":"Polygon","coordinates":[[[-8.21235,40.45689],[-8.21186,40.45667],[-8.21124,40.45613],[-8.21264,40.45636],[-8.21235,40.45689]]]},"properties":{"dam_id":"way/892616335","osm_type":"way","osm_id":892616335,"country":"PT","name":"Barragem do Lapão","uso":"desconhecido"}},{"type":"Feature","geometry":{"type":"Polygon","coordinates":[[[-6.98871,40.0714],[-6.98783,40.07171],[-6.98762,40.07183],[-6.98765,40.07197],[-6.98805,40.07253],[-6.98825,40.07278],[-6.98843,40.07284],[-6.98819,40.07284],[-6.98804,40.07279],[-6.98764,40.07225],[-6.98746,40.07195],[-6.98744,40.07185],[-6.98773,40.07171],[-6.98866,40.07138],[-6.98871,40.0714]]]},"properties":{"dam_id":"way/895532881","osm_type":"way","osm_id":895532881,"country":"PT","name":"Barragem de Vale Feitoso","uso":"desconhecido"}},{"type":"Feature","geometry":{"type":"Polygon","coordinates":[[[-7.08401,40.14049],[-7.08321,40.14011],[-7.08337,40.1399],[-7.08416,40.14022],[-7.08401,40.14049]]]},"properties":{"dam_id":"way/895536236","osm_type":"way","osm_id":895536236,"country":"PT","name":"Barragem da Bazágueda","uso":"desconhecido"}},{"type":"Feature","geometry":{"type":"LineString","coordinates":[[-7.57194,39.82285],[-7.57209,39.82276],[-7.57178,39.82225],[-7.57159,39.82223]]},"properties":{"dam_id":"way/897525067","osm_type":"way","osm_id":897525067,"country":"PT","name":null,"uso":"desconhecido"}},{"type":"Feature","geometry":{"type":"LineString","coordinates":[[-7.52963,39.81885],[-7.52993,39.8191],[-7.52995,39.81923],[-7.52901,39.8198],[-7.52856,39.81952],[-7.52825,39.81937]]},"properties":{"dam_id":"way/897528649","osm_type":"way","osm_id":897528649,"country":"PT","name":null,"uso":"desconhecido"}},{"type":"Feature","geometry":{"type":"Polygon","coordinates":[[[-7.7661,38.04359],[-7.76694,38.04323],[-7.76705,38.04329],[-7.76686,38.04352],[-7.76359,38.04605],[-7.76335,38.0462],[-7.76322,38.04609],[-7.76435,38.04481],[-7.76439,38.04469],[-7.76477,38.04435],[-7.7653,38.0439],[-7.76576,38.0437],[-7.7661,38.04359]]]},"properties":{"dam_id":"way/905475106","osm_type":"way","osm_id":905475106,"country":"PT","name":null,"uso":"desconhecido"}},{"type":"Feature","geometry":{"type":"Polygon","coordinates":[[[-7.9346,40.93299],[-7.93438,40.93258],[-7.93433,40.93249],[-7.93442,40.93256],[-7.93449,40.93269],[-7.93457,40.93267],[-7.93467,40.93285],[-7.93459,40.93287],[-7.9346,40.93299]]]},"properties":{"dam_id":"way/908903920","osm_type":"way","osm_id":908903920,"country":"PT","name":null,"uso":"desconhecido"}},{"type":"Feature","geometry":{"type":"Polygon","coordinates":[[[-7.58219,40.83204],[-7.58141,40.83185],[-7.58045,40.83161],[-7.58079,40.8315],[-7.58208,40.8318],[-7.58219,40.83204]]]},"properties":{"dam_id":"way/908913551","osm_type":"way","osm_id":908913551,"country":"PT","name":"Barragem da Fumadinha","uso":"desconhecido"}},{"type":"Feature","geometry":{"type":"Polygon","coordinates":[[[-7.65366,39.39551],[-7.65396,39.39523],[-7.65395,39.39506],[-7.65615,39.39306],[-7.65624,39.39302],[-7.65638,39.39306],[-7.65622,39.39327],[-7.65571,39.39381],[-7.65521,39.39429],[-7.65368,39.39557],[-7.65366,39.39551]]]},"properties":{"dam_id":"way/909474079","osm_type":"way","osm_id":909474079,"country":"PT","name":null,"uso":"desconhecido"}},{"type":"Feature","geometry":{"type":"Polygon","coordinates":[[[-7.66248,39.41026],[-7.66221,39.41033],[-7.6621,39.41047],[-7.66219,39.41032],[-7.66229,39.41028],[-7.66248,39.41026]]]},"properties":{"dam_id":"way/909475600","osm_type":"way","osm_id":909475600,"country":"PT","name":null,"uso":"desconhecido"}},{"type":"Feature","geometry":{"type":"LineString","coordinates":[[-8.13988,40.6434],[-8.13948,40.64332]]},"properties":{"dam_id":"way/935843610","osm_type":"way","osm_id":935843610,"country":"PT","name":"Barragem de Meruge","uso":"desconhecido"}},{"type":"Feature","geometry":{"type":"Polygon","coordinates":[[[-6.94619,41.83701],[-6.9462,41.83707],[-6.94612,41.83716],[-6.9461,41.83729],[-6.94597,41.83741],[-6.94596,41.83753],[-6.94592,41.83754],[-6.94592,41.83745],[-6.94579,41.83746],[-6.94569,41.83742],[-6.9457,41.83745],[-6.94564,41.83744],[-6.94566,41.8374],[-6.94563,41.83738],[-6.94558,41.83747],[-6.94549,41.83749],[-6.94556,41.83733],[-6.94562,41.83735],[-6.94567,41.83724],[-6.94575,41.83726],[-6.94569,41.83738],[-6.94581,41.83742],[-6.94594,41.83741],[-6.94607,41.83728],[-6.9461,41.83715],[-6.94619,41.83701]]]},"properties":{"dam_id":"way/948934142","osm_type":"way","osm_id":948934142,"country":"PT","name":"Barragem das Trutas","uso":"desconhecido"}},{"type":"Feature","geometry":{"type":"Polygon","coordinates":[[[-7.23898,40.1513],[-7.23594,40.14983],[-7.23578,40.14999],[-7.23587,40.14972],[-7.236,40.14972],[-7.23673,40.14999],[-7.23711,40.15017],[-7.23798,40.15067],[-7.23897,40.15116],[-7.23904,40.15125],[-7.23898,40.1513]]]},"properties":{"dam_id":"way/956298399","osm_type":"way","osm_id":956298399,"country":"PT","name":null,"uso":"desconhecido"}},{"type":"Feature","geometry":{"type":"LineString","coordinates":[[-7.25478,40.15355],[-7.25414,40.15328],[-7.25392,40.15325],[-7.25208,40.15391],[-7.25052,40.15452],[-7.25057,40.15463],[-7.25106,40.15469]]},"properties":{"dam_id":"way/956298400","osm_type":"way","osm_id":956298400,"country":"PT","name":null,"uso":"desconhecido"}},{"type":"Feature","geometry":{"type":"Polygon","coordinates":[[[-8.38886,39.63387],[-8.38892,39.63387],[-8.38893,39.63377],[-8.38886,39.63361],[-8.38862,39.6333],[-8.38855,39.63325],[-8.38842,39.63327],[-8.38841,39.63335],[-8.38845,39.63331],[-8.38856,39.63331],[-8.3888,39.63363],[-8.38886,39.63387]]]},"properties":{"dam_id":"way/971241339","osm_type":"way","osm_id":971241339,"country":"PT","name":null,"uso":"desconhecido"}},{"type":"Feature","geometry":{"type":"Polygon","coordinates":[[[-8.15653,40.83294],[-8.15672,40.83283],[-8.15675,40.83274],[-8.15641,40.83294],[-8.15653,40.83294]]]},"properties":{"dam_id":"way/980127761","osm_type":"way","osm_id":980127761,"country":"PT","name":"Barragem \"A Pioneira\"","uso":"desconhecido"}},{"type":"Feature","geometry":{"type":"Polygon","coordinates":[[[-8.03665,38.50039],[-8.03374,38.49986],[-8.0327,38.49922],[-8.03273,38.49918],[-8.03388,38.49975],[-8.03535,38.50001],[-8.03532,38.50008],[-8.03666,38.50036],[-8.03665,38.50039]]]},"properties":{"dam_id":"way/982838817","osm_type":"way","osm_id":982838817,"country":"PT","name":"Barragem de Nossa Senhora da Tourega","uso":"desconhecido"}},{"type":"Feature","geometry":{"type":"LineString","coordinates":[[-8.41664,39.06874],[-8.41731,39.06811],[-8.41748,39.06783],[-8.41751,39.06766]]},"properties":{"dam_id":"way/996044127","osm_type":"way","osm_id":996044127,"country":"PT","name":null,"uso":"desconhecido"}},{"type":"Feature","geometry":{"type":"Polygon","coordinates":[[[-8.46466,39.09806],[-8.46488,39.09762],[-8.46401,39.09488],[-8.46405,39.09481],[-8.46417,39.09485],[-8.4646,39.09591],[-8.46505,39.09745],[-8.46508,39.09774],[-8.46485,39.09786],[-8.46466,39.09806]]]},"properties":{"dam_id":"way/996044138","osm_type":"way","osm_id":996044138,"country":"PT","name":null,"uso":"desconhecido"}},{"type":"Feature","geometry":{"type":"LineString","coordinates":[[-8.56068,39.05966],[-8.56159,39.05975]]},"properties":{"dam_id":"way/996044793","osm_type":"way","osm_id":996044793,"country":"PT","name":null,"uso":"desconhecido"}},{"type":"Feature","geometry":{"type":"Polygon","coordinates":[[[-7.59659,40.31135],[-7.59645,40.31136],[-7.59637,40.31141],[-7.59616,40.3118],[-7.59562,40.31258],[-7.5954,40.31283],[-7.59526,40.3133],[-7.59535,40.31369],[-7.59553,40.31385],[-7.59642,40.31417],[-7.59576,40.31395],[-7.59574,40.31397],[-7.59554,40.3139],[-7.59555,40.31388],[-7.59526,40.31368],[-7.59518,40.31349],[-7.59503,40.31343],[-7.59502,40.3133],[-7.5951,40.31317],[-7.59512,40.31304],[-7.59509,40.31289],[-7.59511,40.31286],[-7.59506,40.31272],[-7.59528,40.31257],[-7.5953,40.31248],[-7.59544,40.31224],[-7.59549,40.31206],[-7.59573,40.31189],[-7.59629,40.31139],[-7.59644,40.31131],[-7.59655,40.3113],[-7.59659,40.31135]]]},"properties":{"dam_id":"way/1000208605","osm_type":"way","osm_id":1000208605,"country":"PT","name":"Barragem de Covão do Ferro","uso":"hidroelétrica"}},{"type":"Feature","geometry":{"type":"Polygon","coordinates":[[[-7.06334,40.0042],[-7.06357,40.00361],[-7.06353,40.00357],[-7.06337,40.00358],[-7.06328,40.00406],[-7.06318,40.00422],[-7.06334,40.0042]]]},"properties":{"dam_id":"way/1007583911","osm_type":"way","osm_id":1007583911,"country":"PT","name":null,"uso":"desconhecido"}},{"type":"Feature","geometry":{"type":"LineString","coordinates":[[-7.30291,38.97781],[-7.30307,38.97853],[-7.30307,38.97908]]},"properties":{"dam_id":"way/1008133793","osm_type":"way","osm_id":1008133793,"country":"PT","name":null,"uso":"desconhecido"}},{"type":"Feature","geometry":{"type":"Polygon","coordinates":[[[-7.95405,40.75918],[-7.95407,40.75907],[-7.95368,40.75901],[-7.95369,40.7591],[-7.95385,40.75913],[-7.95388,40.75917],[-7.95405,40.75918]]]},"properties":{"dam_id":"way/1022603163","osm_type":"way","osm_id":1022603163,"country":"PT","name":"Açude do Aproveitamento Hidroelétrico de Ribafeita","uso":"hidroelétrica"}},{"type":"Feature","geometry":{"type":"Polygon","coordinates":[[[-7.86476,39.63816],[-7.86475,39.63812],[-7.86422,39.6383],[-7.86419,39.63827],[-7.86416,39.63828],[-7.8642,39.63831],[-7.86427,39.6383],[-7.86476,39.63816]]]},"properties":{"dam_id":"way/1029698879","osm_type":"way","osm_id":1029698879,"country":"PT","name":null,"uso":"desconhecido"}},{"type":"Feature","geometry":{"type":"Polygon","coordinates":[[[-7.86364,39.63316],[-7.86358,39.63319],[-7.86303,39.6332],[-7.86356,39.63317],[-7.8636,39.63315],[-7.86364,39.63316]]]},"properties":{"dam_id":"way/1029850151","osm_type":"way","osm_id":1029850151,"country":"PT","name":null,"uso":"desconhecido"}},{"type":"Feature","geometry":{"type":"LineString","coordinates":[[-7.76355,39.42793],[-7.76384,39.42786],[-7.76416,39.42684],[-7.76399,39.42656]]},"properties":{"dam_id":"way/1037172102","osm_type":"way","osm_id":1037172102,"country":"PT","name":null,"uso":"desconhecido"}},{"type":"Feature","geometry":{"type":"LineString","coordinates":[[-8.69757,39.10334],[-8.69735,39.10347],[-8.69698,39.10351],[-8.69252,39.10483],[-8.69216,39.10488],[-8.692,39.10483]]},"properties":{"dam_id":"way/1044310183","osm_type":"way","osm_id":1044310183,"country":"PT","name":"Barragem de Muge","uso":"desconhecido"}},{"type":"Feature","geometry":{"type":"Polygon","coordinates":[[[-8.41646,38.64324],[-8.41637,38.64321],[-8.41641,38.64311],[-8.4162,38.64309],[-8.41624,38.64317],[-8.41614,38.6432],[-8.41621,38.64328],[-8.41642,38.64415],[-8.41648,38.6442],[-8.41656,38.64419],[-8.41662,38.64392],[-8.41646,38.64324]]]},"properties":{"dam_id":"way/1047531915","osm_type":"way","osm_id":1047531915,"country":"PT","name":null,"uso":"desconhecido"}},{"type":"Feature","geometry":{"type":"Polygon","coordinates":[[[-8.4156,38.6498],[-8.4154,38.64966],[-8.41543,38.64962],[-8.41594,38.64963],[-8.41643,38.64982],[-8.41659,38.65003],[-8.41654,38.65011],[-8.41648,38.65011],[-8.4156,38.6498]]]},"properties":{"dam_id":"way/1047531916","osm_type":"way","osm_id":1047531916,"country":"PT","name":null,"uso":"desconhecido"}},{"type":"Feature","geometry":{"type":"LineString","coordinates":[[-8.62973,38.38244],[-8.62887,38.38246]]},"properties":{"dam_id":"way/1050319022","osm_type":"way","osm_id":1050319022,"country":"PT","name":null,"uso":"desconhecido"}},{"type":"Feature","geometry":{"type":"Polygon","coordinates":[[[-7.07994,40.80286],[-7.07984,40.80279],[-7.07991,40.80276],[-7.08001,40.80287],[-7.07994,40.80291],[-7.07985,40.80306],[-7.0796,40.80311],[-7.07971,40.80322],[-7.07968,40.80324],[-7.07947,40.80311],[-7.07994,40.80286]]]},"properties":{"dam_id":"way/1051175673","osm_type":"way","osm_id":1051175673,"country":"PT","name":"Açude das Cabras","uso":"desconhecido"}},{"type":"Feature","geometry":{"type":"Polygon","coordinates":[[[-7.09453,40.79985],[-7.09515,40.79999],[-7.09494,40.80003],[-7.09467,40.79998],[-7.09453,40.79985]]]},"properties":{"dam_id":"way/1051175674","osm_type":"way","osm_id":1051175674,"country":"PT","name":"Açude da Pêga","uso":"desconhecido"}},{"type":"Feature","geometry":{"type":"Polygon","coordinates":[[[-7.11104,41.71793],[-7.11104,41.71796],[-7.11147,41.71808],[-7.11149,41.71804],[-7.1116,41.71807],[-7.11159,41.71809],[-7.11152,41.71807],[-7.11144,41.71824],[-7.1114,41.71823],[-7.11146,41.71811],[-7.11103,41.718],[-7.11095,41.71811],[-7.11101,41.71799],[-7.11096,41.71797],[-7.11097,41.71795],[-7.11102,41.71796],[-7.11104,41.71793]]]},"properties":{"dam_id":"way/1051431060","osm_type":"way","osm_id":1051431060,"country":"PT","name":"Barragem de Torga","uso":"desconhecido"}},{"type":"Feature","geometry":{"type":"LineString","coordinates":[[-7.17135,38.92242],[-7.1712,38.9223],[-7.17116,38.92218],[-7.17121,38.92202],[-7.17135,38.9219]]},"properties":{"dam_id":"way/1051809871","osm_type":"way","osm_id":1051809871,"country":"PT","name":null,"uso":"desconhecido"}},{"type":"Feature","geometry":{"type":"Polygon","coordinates":[[[-7.84799,38.85992],[-7.84827,38.8595],[-7.84832,38.85908],[-7.84809,38.85855],[-7.84793,38.85854],[-7.84794,38.85989],[-7.84799,38.85992]]]},"properties":{"dam_id":"way/1061528012","osm_type":"way","osm_id":1061528012,"country":"PT","name":null,"uso":"desconhecido"}},{"type":"Feature","geometry":{"type":"Polygon","coordinates":[[[-8.48706,39.54032],[-8.48675,39.54008],[-8.48692,39.53992],[-8.48726,39.54017],[-8.48706,39.54032]]]},"properties":{"dam_id":"way/1065890227","osm_type":"way","osm_id":1065890227,"country":"PT","name":"Charca de Irrigação","uso":"desconhecido"}},{"type":"Feature","geometry":{"type":"LineString","coordinates":[[-7.42503,39.94752],[-7.4252,39.94658]]},"properties":{"dam_id":"way/1079812272","osm_type":"way","osm_id":1079812272,"country":"PT","name":null,"uso":"desconhecido"}},{"type":"Feature","geometry":{"type":"LineString","coordinates":[[-8.39483,42.07395],[-8.39455,42.07411],[-8.39448,42.0741]]},"properties":{"dam_id":"way/1081260389","osm_type":"way","osm_id":1081260389,"country":"PT","name":null,"uso":"desconhecido"}},{"type":"Feature","geometry":{"type":"LineString","coordinates":[[-7.99827,41.6528],[-7.99844,41.65258],[-7.99867,41.65251]]},"properties":{"dam_id":"way/1085687512","osm_type":"way","osm_id":1085687512,"country":"PT","name":null,"uso":"desconhecido"}},{"type":"Feature","geometry":{"type":"Polygon","coordinates":[[[-7.53711,41.23574],[-7.53706,41.23572],[-7.53715,41.23557],[-7.53721,41.23557],[-7.53711,41.23574]]]},"properties":{"dam_id":"way/1090192387","osm_type":"way","osm_id":1090192387,"country":"PT","name":null,"uso":"desconhecido"}},{"type":"Feature","geometry":{"type":"LineString","coordinates":[[-7.95699,41.60823],[-7.95703,41.60835]]},"properties":{"dam_id":"way/1097350130","osm_type":"way","osm_id":1097350130,"country":"PT","name":null,"uso":"desconhecido"}},{"type":"Feature","geometry":{"type":"LineString","coordinates":[[-8.178,42.02065],[-8.17784,42.02069],[-8.17762,42.02067]]},"properties":{"dam_id":"way/1102908500","osm_type":"way","osm_id":1102908500,"country":"PT","name":null,"uso":"desconhecido"}},{"type":"Feature","geometry":{"type":"LineString","coordinates":[[-7.85408,37.53996],[-7.85269,37.54111]]},"properties":{"dam_id":"way/1108108143","osm_type":"way","osm_id":1108108143,"country":"PT","name":null,"uso":"desconhecido"}},{"type":"Feature","geometry":{"type":"LineString","coordinates":[[-7.40671,38.50965],[-7.40391,38.50983]]},"properties":{"dam_id":"way/1112664901","osm_type":"way","osm_id":1112664901,"country":"PT","name":null,"uso":"desconhecido"}},{"type":"Feature","geometry":{"type":"LineString","coordinates":[[-7.50032,38.66349],[-7.50126,38.66308]]},"properties":{"dam_id":"way/1119142424","osm_type":"way","osm_id":1119142424,"country":"PT","name":null,"uso":"desconhecido"}},{"type":"Feature","geometry":{"type":"LineString","coordinates":[[-8.65701,41.66947],[-8.65674,41.66939]]},"properties":{"dam_id":"way/1120963211","osm_type":"way","osm_id":1120963211,"country":"PT","name":null,"uso":"desconhecido"}},{"type":"Feature","geometry":{"type":"LineString","coordinates":[[-8.66382,41.6572],[-8.66357,41.65718]]},"properties":{"dam_id":"way/1120964960","osm_type":"way","osm_id":1120964960,"country":"PT","name":null,"uso":"desconhecido"}},{"type":"Feature","geometry":{"type":"LineString","coordinates":[[-7.50901,39.23637],[-7.50918,39.23641],[-7.50954,39.23692],[-7.50945,39.23716]]},"properties":{"dam_id":"way/1121720193","osm_type":"way","osm_id":1121720193,"country":"PT","name":null,"uso":"desconhecido"}},{"type":"Feature","geometry":{"type":"LineString","coordinates":[[-7.50166,38.61495],[-7.5023,38.61544]]},"properties":{"dam_id":"way/1121893663","osm_type":"way","osm_id":1121893663,"country":"PT","name":null,"uso":"desconhecido"}},{"type":"Feature","geometry":{"type":"LineString","coordinates":[[-8.68345,37.41769],[-8.6833,37.4174]]},"properties":{"dam_id":"way/1145478690","osm_type":"way","osm_id":1145478690,"country":"PT","name":null,"uso":"desconhecido"}},{"type":"Feature","geometry":{"type":"LineString","coordinates":[[-8.39185,41.74801],[-8.3919,41.74806]]},"properties":{"dam_id":"way/1156075716","osm_type":"way","osm_id":1156075716,"country":"PT","name":null,"uso":"desconhecido"}},{"type":"Feature","geometry":{"type":"Polygon","coordinates":[[[-7.13605,38.88082],[-7.13603,38.88175],[-7.13606,38.88203],[-7.13603,38.88203],[-7.13603,38.88206],[-7.13606,38.88206],[-7.13606,38.88213],[-7.13601,38.88214],[-7.13601,38.88219],[-7.13606,38.88219],[-7.13607,38.88226],[-7.13604,38.88226],[-7.13607,38.88241],[-7.13604,38.88241],[-7.13604,38.88245],[-7.13607,38.88245],[-7.13609,38.88291],[-7.13639,38.88324],[-7.13727,38.88318],[-7.13639,38.88323],[-7.13612,38.88291],[-7.1361,38.88237],[-7.13613,38.88235],[-7.1361,38.88233],[-7.13609,38.88225],[-7.13613,38.88223],[-7.13609,38.88221],[-7.13609,38.88212],[-7.13613,38.8821],[-7.13609,38.88208],[-7.13609,38.88199],[-7.13613,38.88197],[-7.13608,38.88195],[-7.13608,38.88186],[-7.13612,38.88184],[-7.13608,38.88182],[-7.13605,38.88082]]]},"properties":{"dam_id":"way/1157075878","osm_type":"way","osm_id":1157075878,"country":"PT","name":null,"uso":"desconhecido"}},{"type":"Feature","geometry":{"type":"Polygon","coordinates":[[[-7.1356,38.8781],[-7.13619,38.877],[-7.13659,38.87667],[-7.13704,38.87649],[-7.13658,38.87666],[-7.13652,38.87661],[-7.13647,38.87665],[-7.13652,38.87669],[-7.13618,38.87699],[-7.1356,38.8781]]]},"properties":{"dam_id":"way/1157075888","osm_type":"way","osm_id":1157075888,"country":"PT","name":null,"uso":"desconhecido"}},{"type":"Feature","geometry":{"type":"LineString","coordinates":[[-8.68411,41.88317],[-8.68412,41.8831],[-8.68399,41.88289],[-8.68387,41.88283]]},"properties":{"dam_id":"way/1174945084","osm_type":"way","osm_id":1174945084,"country":"PT","name":null,"uso":"desconhecido"}},{"type":"Feature","geometry":{"type":"LineString","coordinates":[[-9.41155,38.79093],[-9.41142,38.79111],[-9.4113,38.79117],[-9.4112,38.79115]]},"properties":{"dam_id":"way/1193432383","osm_type":"way","osm_id":1193432383,"country":"PT","name":null,"uso":"desconhecido"}},{"type":"Feature","geometry":{"type":"LineString","coordinates":[[-9.41743,38.78651],[-9.41741,38.78655]]},"properties":{"dam_id":"way/1193432401","osm_type":"way","osm_id":1193432401,"country":"PT","name":null,"uso":"desconhecido"}},{"type":"Feature","geometry":{"type":"LineString","coordinates":[[-9.41982,38.79138],[-9.41967,38.79143],[-9.41951,38.79139],[-9.41953,38.79134],[-9.41943,38.79137],[-9.4193,38.79131]]},"properties":{"dam_id":"way/1193495987","osm_type":"way","osm_id":1193495987,"country":"PT","name":null,"uso":"desconhecido"}},{"type":"Feature","geometry":{"type":"LineString","coordinates":[[-7.55306,39.68938],[-7.55284,39.68946],[-7.55284,39.68956],[-7.55236,39.68961]]},"properties":{"dam_id":"way/1194002401","osm_type":"way","osm_id":1194002401,"country":"PT","name":"Barragem Romana da Lameira","uso":"desconhecido"}},{"type":"Feature","geometry":{"type":"LineString","coordinates":[[-8.08619,40.44651],[-8.0861,40.44646]]},"properties":{"dam_id":"way/1204026735","osm_type":"way","osm_id":1204026735,"country":"PT","name":null,"uso":"desconhecido"}},{"type":"Feature","geometry":{"type":"LineString","coordinates":[[-9.1629,38.6665],[-9.16297,38.66627]]},"properties":{"dam_id":"way/1211622073","osm_type":"way","osm_id":1211622073,"country":"PT","name":null,"uso":"desconhecido"}},{"type":"Feature","geometry":{"type":"LineString","coordinates":[[-7.75313,41.22569],[-7.75297,41.22556]]},"properties":{"dam_id":"way/1225538850","osm_type":"way","osm_id":1225538850,"country":"PT","name":null,"uso":"desconhecido"}},{"type":"Feature","geometry":{"type":"LineString","coordinates":[[-7.28804,38.91063],[-7.28297,38.91023]]},"properties":{"dam_id":"way/1226027303","osm_type":"way","osm_id":1226027303,"country":"PT","name":null,"uso":"desconhecido"}},{"type":"Feature","geometry":{"type":"Polygon","coordinates":[[[-7.81323,41.56975],[-7.81247,41.56963],[-7.8125,41.56952],[-7.81279,41.56957],[-7.8128,41.56953],[-7.81284,41.56954],[-7.81283,41.56958],[-7.81295,41.5696],[-7.81296,41.56956],[-7.81299,41.56956],[-7.81298,41.5696],[-7.81308,41.56962],[-7.81315,41.56933],[-7.81323,41.56934],[-7.81313,41.56969],[-7.81324,41.56971],[-7.81323,41.56975]]]},"properties":{"dam_id":"way/1226762939","osm_type":"way","osm_id":1226762939,"country":"PT","name":"Aproveitamento Hidroelétrico de Bragadas","uso":"desconhecido"}},{"type":"Feature","geometry":{"type":"Polygon","coordinates":[[[-7.73957,41.62098],[-7.73979,41.62089],[-7.73966,41.62072],[-7.73969,41.62071],[-7.7396,41.62059],[-7.73954,41.62062],[-7.73948,41.62055],[-7.73947,41.62042],[-7.73931,41.6204],[-7.7392,41.62049],[-7.73957,41.62098]]]},"properties":{"dam_id":"way/1226762940","osm_type":"way","osm_id":1226762940,"country":"PT","name":"Central Hidroelétrica de Canedo","uso":"hidroelétrica"}},{"type":"Feature","geometry":{"type":"LineString","coordinates":[[-7.56623,38.01516],[-7.56681,38.01663]]},"properties":{"dam_id":"way/1226968249","osm_type":"way","osm_id":1226968249,"country":"PT","name":null,"uso":"desconhecido"}},{"type":"Feature","geometry":{"type":"Polygon","coordinates":[[[-7.17736,41.22882],[-7.1774,41.22899],[-7.17686,41.2293],[-7.17611,41.2294],[-7.17547,41.22925],[-7.17543,41.22908],[-7.17736,41.22882]]]},"properties":{"dam_id":"way/1227564916","osm_type":"way","osm_id":1227564916,"country":"PT","name":"Barragem de Palameiro","uso":"desconhecido"}},{"type":"Feature","geometry":{"type":"Polygon","coordinates":[[[-7.01711,41.26654],[-7.01702,41.26638],[-7.01572,41.26681],[-7.01581,41.26696],[-7.01711,41.26654]]]},"properties":{"dam_id":"way/1227564917","osm_type":"way","osm_id":1227564917,"country":"PT","name":"Barragem do Salgueiral","uso":"desconhecido"}},{"type":"Feature","geometry":{"type":"Polygon","coordinates":[[[-7.96403,41.24737],[-7.96426,41.24718],[-7.96417,41.24712],[-7.96394,41.24731],[-7.96403,41.24737]]]},"properties":{"dam_id":"way/1227567398","osm_type":"way","osm_id":1227567398,"country":"PT","name":"Mini Hídrica de Candemil","uso":"desconhecido"}},{"type":"Feature","geometry":{"type":"Polygon","coordinates":[[[-8.41351,41.23115],[-8.41342,41.23106],[-8.41378,41.23086],[-8.4139,41.23099],[-8.41378,41.23106],[-8.4137,41.23097],[-8.41354,41.23106],[-8.41358,41.2311],[-8.41351,41.23115]]]},"properties":{"dam_id":"way/1227567403","osm_type":"way","osm_id":1227567403,"country":"PT","name":"Barragem do Rio Ferreira","uso":"desconhecido"}},{"type":"Feature","geometry":{"type":"Polygon","coordinates":[[[-8.43203,41.12765],[-8.43197,41.12759],[-8.43239,41.12733],[-8.43246,41.1274],[-8.43203,41.12765]]]},"properties":{"dam_id":"way/1227567407","osm_type":"way","osm_id":1227567407,"country":"PT","name":"Barragem da Senhora do Salto","uso":"desconhecido"}},{"type":"Feature","geometry":{"type":"Polygon","coordinates":[[[-8.58337,41.91468],[-8.58311,41.91438],[-8.58302,41.91442],[-8.58329,41.91472],[-8.58337,41.91468]]]},"properties":{"dam_id":"way/1227604655","osm_type":"way","osm_id":1227604655,"country":"PT","name":"Minihídrica de Paus","uso":"desconhecido"}},{"type":"Feature","geometry":{"type":"Polygon","coordinates":[[[-8.44897,41.35825],[-8.44894,41.35822],[-8.44922,41.35803],[-8.44893,41.35821],[-8.44887,41.35816],[-8.44899,41.35807],[-8.44885,41.35814],[-8.44879,41.35809],[-8.44889,41.35801],[-8.44878,41.35807],[-8.44853,41.35784],[-8.44847,41.35788],[-8.44895,41.35833],[-8.44897,41.35825]]]},"properties":{"dam_id":"way/1227604663","osm_type":"way","osm_id":1227604663,"country":"PT","name":"Barragem da Boavista","uso":"hidroelétrica"}},{"type":"Feature","geometry":{"type":"Polygon","coordinates":[[[-7.92471,40.29375],[-7.92457,40.29328],[-7.92472,40.29325],[-7.92479,40.29358],[-7.9249,40.29357],[-7.92493,40.29367],[-7.925,40.29365],[-7.92525,40.29351],[-7.92543,40.2933],[-7.92547,40.29332],[-7.9254,40.29343],[-7.92514,40.29362],[-7.92502,40.29368],[-7.92471,40.29375]]]},"properties":{"dam_id":"way/1227632937","osm_type":"way","osm_id":1227632937,"country":"PT","name":"Açude de Alva","uso":"hidroelétrica"}},{"type":"Feature","geometry":{"type":"Polygon","coordinates":[[[-7.74603,41.05403],[-7.74598,41.05398],[-7.74634,41.05382],[-7.74638,41.05387],[-7.74603,41.05403]]]},"properties":{"dam_id":"way/1227685546","osm_type":"way","osm_id":1227685546,"country":"PT","name":"Açude da Ucanha","uso":"desconhecido"}},{"type":"Feature","geometry":{"type":"Polygon","coordinates":[[[-8.00217,40.7608],[-8.00247,40.76048],[-8.00253,40.76052],[-8.00223,40.76083],[-8.00217,40.7608]]]},"properties":{"dam_id":"way/1227778546","osm_type":"way","osm_id":1227778546,"country":"PT","name":"Açude de São Pedro do Sul","uso":"desconhecido"}},{"type":"Feature","geometry":{"type":"Polygon","coordinates":[[[-8.30749,40.64574],[-8.30738,40.64558],[-8.30762,40.64553],[-8.30783,40.64572],[-8.30749,40.64574]]]},"properties":{"dam_id":"way/1227781361","osm_type":"way","osm_id":1227781361,"country":"PT","name":"Alude de Talhadas","uso":"desconhecido"}},{"type":"Feature","geometry":{"type":"Polygon","coordinates":[[[-8.17238,40.56243],[-8.17252,40.56227],[-8.17236,40.56231],[-8.17234,40.56238],[-8.17238,40.56243]]]},"properties":{"dam_id":"way/1227809569","osm_type":"way","osm_id":1227809569,"country":"PT","name":null,"uso":"hidroelétrica"}},{"type":"Feature","geometry":{"type":"LineString","coordinates":[[-7.81796,40.53018],[-7.81796,40.53009],[-7.81792,40.53007],[-7.81783,40.53017],[-7.81771,40.53014]]},"properties":{"dam_id":"way/1227811043","osm_type":"way","osm_id":1227811043,"country":"PT","name":null,"uso":"hidroelétrica"}},{"type":"Feature","geometry":{"type":"Polygon","coordinates":[[[-8.52841,37.18253],[-8.52852,37.18258],[-8.52867,37.1828],[-8.52863,37.18318],[-8.52841,37.184],[-8.52818,37.18414],[-8.52816,37.1842],[-8.52808,37.18418],[-8.52808,37.18413],[-8.52804,37.18408],[-8.52841,37.18253]]]},"properties":{"dam_id":"way/1231387473","osm_type":"way","osm_id":1231387473,"country":"PT","name":"Barragem do Morgado de Arge","uso":"desconhecido"}},{"type":"Feature","geometry":{"type":"Polygon","coordinates":[[[-7.45197,37.90756],[-7.45162,37.90722],[-7.44976,37.9054],[-7.44988,37.90533],[-7.45024,37.90568],[-7.45132,37.90644],[-7.45211,37.90747],[-7.45197,37.90756]]]},"properties":{"dam_id":"way/1232230350","osm_type":"way","osm_id":1232230350,"country":"PT","name":"Barragem do Facho I","uso":"desconhecido"}},{"type":"Feature","geometry":{"type":"Polygon","coordinates":[[[-7.44119,37.9],[-7.44132,37.90003],[-7.44119,37.90058],[-7.44058,37.90129],[-7.44047,37.90126],[-7.44119,37.9]]]},"properties":{"dam_id":"way/1232230351","osm_type":"way","osm_id":1232230351,"country":"PT","name":"Barragem do Facho II","uso":"desconhecido"}},{"type":"Feature","geometry":{"type":"Polygon","coordinates":[[[-7.98356,38.08152],[-7.98245,38.08226],[-7.98123,38.08301],[-7.98041,38.08341],[-7.97986,38.08365],[-7.97979,38.08359],[-7.98007,38.08331],[-7.98325,38.08116],[-7.98309,38.08099],[-7.98305,38.08098],[-7.98309,38.08098],[-7.98321,38.08111],[-7.98314,38.08094],[-7.98331,38.08107],[-7.98324,38.0809],[-7.98339,38.08104],[-7.98331,38.08091],[-7.98333,38.08086],[-7.98337,38.08086],[-7.98333,38.08075],[-7.9837,38.08018],[-7.98493,38.08065],[-7.98449,38.0815],[-7.98383,38.08179],[-7.98372,38.08162],[-7.98366,38.08166],[-7.98356,38.08152]]]},"properties":{"dam_id":"way/1232241102","osm_type":"way","osm_id":1232241102,"country":"PT","name":"Barragem do Pisão","uso":"regadio"}},{"type":"Feature","geometry":{"type":"Polygon","coordinates":[[[-8.49973,38.2636],[-8.49984,38.26372],[-8.50036,38.26383],[-8.50107,38.26329],[-8.50125,38.26301],[-8.50138,38.26275],[-8.50131,38.26236],[-8.50116,38.26224],[-8.50097,38.26218],[-8.5008,38.26205],[-8.50087,38.26187],[-8.50084,38.26182],[-8.50061,38.26187],[-8.50015,38.26206],[-8.50048,38.2621],[-8.5009,38.26232],[-8.50099,38.26247],[-8.50101,38.26271],[-8.5004,38.2632],[-8.49973,38.2636]]]},"properties":{"dam_id":"way/1232242123","osm_type":"way","osm_id":1232242123,"country":"PT","name":"Barragem de Porches","uso":"regadio"}},{"type":"Feature","geometry":{"type":"Polygon","coordinates":[[[-7.68295,39.14656],[-7.68318,39.14647],[-7.68293,39.14586],[-7.68249,39.14553],[-7.68192,39.1454],[-7.68172,39.14539],[-7.6816,39.14544],[-7.68165,39.14552],[-7.68295,39.14656]]]},"properties":{"dam_id":"way/1232254883","osm_type":"way","osm_id":1232254883,"country":"PT","name":"Barragem de Zambujo","uso":"desconhecido"}},{"type":"Feature","geometry":{"type":"Polygon","coordinates":[[[-8.34431,38.88347],[-8.34402,38.88263],[-8.34391,38.88265],[-8.34387,38.88288],[-8.344,38.88327],[-8.34424,38.88348],[-8.34431,38.88347]]]},"properties":{"dam_id":"way/1232836652","osm_type":"way","osm_id":1232836652,"country":"PT","name":null,"uso":"desconhecido"}},{"type":"Feature","geometry":{"type":"Polygon","coordinates":[[[-8.06972,38.44346],[-8.06866,38.44375],[-8.06856,38.44365],[-8.07069,38.44233],[-8.07081,38.4423],[-8.07086,38.44234],[-8.0708,38.44245],[-8.07032,38.4431],[-8.07019,38.44322],[-8.06972,38.44346]]]},"properties":{"dam_id":"way/1249876204","osm_type":"way","osm_id":1249876204,"country":"PT","name":null,"uso":"desconhecido"}},{"type":"Feature","geometry":{"type":"Polygon","coordinates":[[[-7.70899,38.6164],[-7.70866,38.61606],[-7.70847,38.61575],[-7.70843,38.6155],[-7.70845,38.61503],[-7.70851,38.61494],[-7.70881,38.61493],[-7.70912,38.6151],[-7.70917,38.61522],[-7.70933,38.61581],[-7.70935,38.61621],[-7.70929,38.61632],[-7.70919,38.6164],[-7.70899,38.6164]]]},"properties":{"dam_id":"way/1256001842","osm_type":"way","osm_id":1256001842,"country":"PT","name":null,"uso":"desconhecido"}},{"type":"Feature","geometry":{"type":"LineString","coordinates":[[-7.60192,37.63635],[-7.60429,37.63529]]},"properties":{"dam_id":"way/1257099109","osm_type":"way","osm_id":1257099109,"country":"PT","name":"Barragem dos Corvos","uso":"desconhecido"}},{"type":"Feature","geometry":{"type":"Polygon","coordinates":[[[-8.15742,41.57635],[-8.1577,41.57606],[-8.15773,41.57595],[-8.1578,41.57596],[-8.15781,41.57593],[-8.15771,41.57592],[-8.1577,41.57597],[-8.15737,41.57632],[-8.15742,41.57635]]]},"properties":{"dam_id":"way/1263216545","osm_type":"way","osm_id":1263216545,"country":"PT","name":null,"uso":"hidroelétrica"}},{"type":"Feature","geometry":{"type":"LineString","coordinates":[[-8.47132,41.26728],[-8.47127,41.26708]]},"properties":{"dam_id":"way/1277890847","osm_type":"way","osm_id":1277890847,"country":"PT","name":null,"uso":"desconhecido"}},{"type":"Feature","geometry":{"type":"Polygon","coordinates":[[[-9.48737,38.76815],[-9.48779,38.76823],[-9.48739,38.76813],[-9.48737,38.76815]]]},"properties":{"dam_id":"way/1278736379","osm_type":"way","osm_id":1278736379,"country":"PT","name":null,"uso":"desconhecido"}},{"type":"Feature","geometry":{"type":"Polygon","coordinates":[[[-8.30289,38.39015],[-8.30121,38.39002],[-8.30081,38.39013],[-8.29892,38.39075],[-8.29891,38.3909],[-8.30011,38.39069],[-8.30112,38.39032],[-8.3015,38.39032],[-8.30248,38.39042],[-8.30295,38.39027],[-8.30289,38.39015]]]},"properties":{"dam_id":"way/1288912137","osm_type":"way","osm_id":1288912137,"country":"PT","name":null,"uso":"desconhecido"}},{"type":"Feature","geometry":{"type":"Polygon","coordinates":[[[-7.33605,38.39922],[-7.33612,38.3991],[-7.33608,38.39904],[-7.33589,38.39905],[-7.33605,38.39922]]]},"properties":{"dam_id":"way/1292953606","osm_type":"way","osm_id":1292953606,"country":"PT","name":null,"uso":"desconhecido"}},{"type":"Feature","geometry":{"type":"Polygon","coordinates":[[[-7.95184,37.85617],[-7.95173,37.85609],[-7.95131,37.85503],[-7.95138,37.85499],[-7.95157,37.85512],[-7.95189,37.85603],[-7.95184,37.85617]]]},"properties":{"dam_id":"way/1299036615","osm_type":"way","osm_id":1299036615,"country":"PT","name":null,"uso":"desconhecido"}},{"type":"Feature","geometry":{"type":"Polygon","coordinates":[[[-7.95223,37.84387],[-7.95215,37.84388],[-7.9514,37.84245],[-7.95111,37.84286],[-7.95104,37.8428],[-7.9513,37.84215],[-7.95147,37.8421],[-7.95157,37.84238],[-7.95173,37.84259],[-7.95222,37.84362],[-7.95223,37.84387]]]},"properties":{"dam_id":"way/1299040037","osm_type":"way","osm_id":1299040037,"country":"PT","name":null,"uso":"desconhecido"}},{"type":"Feature","geometry":{"type":"Polygon","coordinates":[[[-7.60221,37.81956],[-7.60234,37.81951],[-7.60249,37.81962],[-7.60336,37.82009],[-7.60348,37.82007],[-7.60349,37.82027],[-7.60337,37.82038],[-7.60212,37.81967],[-7.60221,37.81956]]]},"properties":{"dam_id":"way/1301590433","osm_type":"way","osm_id":1301590433,"country":"PT","name":"Barragem da Sobreira","uso":"desconhecido"}},{"type":"Feature","geometry":{"type":"Polygon","coordinates":[[[-7.83433,40.31004],[-7.83454,40.31004],[-7.83453,40.31016],[-7.83459,40.31029],[-7.83436,40.31018],[-7.83433,40.31004]]]},"properties":{"dam_id":"way/1309460273","osm_type":"way","osm_id":1309460273,"country":"PT","name":null,"uso":"desconhecido"}},{"type":"Feature","geometry":{"type":"LineString","coordinates":[[-7.37748,38.68969],[-7.37775,38.68925]]},"properties":{"dam_id":"way/1312084739","osm_type":"way","osm_id":1312084739,"country":"PT","name":null,"uso":"desconhecido"}},{"type":"Feature","geometry":{"type":"LineString","coordinates":[[-8.55754,40.75814],[-8.5574,40.7581],[-8.55724,40.75797],[-8.55695,40.75788]]},"properties":{"dam_id":"way/1335131674","osm_type":"way","osm_id":1335131674,"country":"PT","name":"Turbina de Salreu","uso":"desconhecido"}},{"type":"Feature","geometry":{"type":"LineString","coordinates":[[-8.78327,41.88905],[-8.78343,41.88894]]},"properties":{"dam_id":"way/1337188394","osm_type":"way","osm_id":1337188394,"country":"PT","name":null,"uso":"hidroelétrica"}},{"type":"Feature","geometry":{"type":"Polygon","coordinates":[[[-8.93666,37.08042],[-8.93688,37.08034],[-8.9371,37.0802],[-8.93667,37.0804],[-8.93666,37.08042]]]},"properties":{"dam_id":"way/1353329013","osm_type":"way","osm_id":1353329013,"country":"PT","name":null,"uso":"desconhecido"}},{"type":"Feature","geometry":{"type":"Polygon","coordinates":[[[-7.86073,38.50309],[-7.86078,38.50301],[-7.86068,38.50292],[-7.86005,38.50259],[-7.8593,38.50228],[-7.85883,38.50218],[-7.85864,38.50209],[-7.85848,38.50207],[-7.85829,38.5021],[-7.85617,38.50249],[-7.85618,38.50258],[-7.85622,38.50259],[-7.85626,38.50255],[-7.85822,38.50222],[-7.85852,38.50221],[-7.86073,38.50309]]]},"properties":{"dam_id":"way/1353737739","osm_type":"way","osm_id":1353737739,"country":"PT","name":"Barragem do Torres","uso":"desconhecido"}},{"type":"Feature","geometry":{"type":"Polygon","coordinates":[[[-8.1993,38.60259],[-8.19904,38.60247],[-8.19866,38.60215],[-8.1985,38.60206],[-8.19875,38.60207],[-8.19895,38.60201],[-8.20056,38.60262],[-8.20063,38.60275],[-8.20058,38.60282],[-8.20029,38.60272],[-8.19971,38.60261],[-8.19945,38.60257],[-8.1993,38.60259]]]},"properties":{"dam_id":"way/1356723250","osm_type":"way","osm_id":1356723250,"country":"PT","name":null,"uso":"desconhecido"}},{"type":"Feature","geometry":{"type":"Polygon","coordinates":[[[-7.19576,39.88818],[-7.19561,39.88813],[-7.19563,39.88698],[-7.19575,39.88682],[-7.1959,39.88687],[-7.19636,39.88728],[-7.19631,39.88776],[-7.19617,39.88795],[-7.19576,39.88818]]]},"properties":{"dam_id":"way/1364025215","osm_type":"way","osm_id":1364025215,"country":"PT","name":null,"uso":"desconhecido"}},{"type":"Feature","geometry":{"type":"LineString","coordinates":[[-8.0103,37.76656],[-8.00992,37.76541]]},"properties":{"dam_id":"way/1369227287","osm_type":"way","osm_id":1369227287,"country":"PT","name":null,"uso":"desconhecido"}},{"type":"Feature","geometry":{"type":"Polygon","coordinates":[[[-8.27191,38.3082],[-8.27135,38.30864],[-8.2711,38.30833],[-8.27122,38.30828],[-8.27196,38.30765],[-8.27252,38.30713],[-8.27263,38.30696],[-8.27325,38.30532],[-8.27334,38.30502],[-8.2734,38.3044],[-8.27348,38.3044],[-8.27369,38.30448],[-8.27357,38.30483],[-8.27364,38.30561],[-8.27323,38.30646],[-8.27318,38.30673],[-8.273,38.30708],[-8.27286,38.3073],[-8.27238,38.30775],[-8.27191,38.30811],[-8.27147,38.30832],[-8.27124,38.30837],[-8.27126,38.30842],[-8.27164,38.30829],[-8.27186,38.30816],[-8.27191,38.3082]]]},"properties":{"dam_id":"way/1371929971","osm_type":"way","osm_id":1371929971,"country":"PT","name":"Barragem de Vale da Ursa","uso":"desconhecido"}},{"type":"Feature","geometry":{"type":"Polygon","coordinates":[[[-7.85871,39.65685],[-7.8586,39.6567],[-7.85841,39.65666],[-7.85841,39.65661],[-7.85856,39.65659],[-7.85866,39.65663],[-7.8588,39.65676],[-7.85881,39.65684],[-7.85871,39.65685]]]},"properties":{"dam_id":"way/1380430779","osm_type":"way","osm_id":1380430779,"country":"PT","name":null,"uso":"desconhecido"}},{"type":"Feature","geometry":{"type":"LineString","coordinates":[[-8.2773,40.86548],[-8.27735,40.86535]]},"properties":{"dam_id":"way/1390929291","osm_type":"way","osm_id":1390929291,"country":"PT","name":null,"uso":"desconhecido"}},{"type":"Feature","geometry":{"type":"Polygon","coordinates":[[[-7.71587,38.12864],[-7.71583,38.12851],[-7.71553,38.12849],[-7.71474,38.12876],[-7.7147,38.12884],[-7.71477,38.12891],[-7.71483,38.1289],[-7.715,38.12883],[-7.71587,38.12864]]]},"properties":{"dam_id":"way/1394247372","osm_type":"way","osm_id":1394247372,"country":"PT","name":null,"uso":"desconhecido"}},{"type":"Feature","geometry":{"type":"Polygon","coordinates":[[[-8.04456,38.41341],[-8.04438,38.41336],[-8.04462,38.41307],[-8.04633,38.41129],[-8.04652,38.41118],[-8.04662,38.41125],[-8.0463,38.41182],[-8.04596,38.41231],[-8.04456,38.41341]]]},"properties":{"dam_id":"way/1415457652","osm_type":"way","osm_id":1415457652,"country":"PT","name":null,"uso":"desconhecido"}},{"type":"Feature","geometry":{"type":"LineString","coordinates":[[-7.7929,38.98207],[-7.78975,38.98305]]},"properties":{"dam_id":"way/1416332409","osm_type":"way","osm_id":1416332409,"country":"PT","name":null,"uso":"desconhecido"}},{"type":"Feature","geometry":{"type":"Polygon","coordinates":[[[-7.2185,39.81217],[-7.21833,39.81213],[-7.21807,39.81231],[-7.21778,39.81273],[-7.21729,39.81316],[-7.21721,39.81362],[-7.21674,39.81463],[-7.2169,39.81467],[-7.21707,39.81441],[-7.21748,39.81405],[-7.21852,39.81241],[-7.2185,39.81217]]]},"properties":{"dam_id":"way/1417631549","osm_type":"way","osm_id":1417631549,"country":"PT","name":null,"uso":"desconhecido"}},{"type":"Feature","geometry":{"type":"LineString","coordinates":[[-8.39349,42.07077],[-8.39326,42.07103]]},"properties":{"dam_id":"way/1424944565","osm_type":"way","osm_id":1424944565,"country":"PT","name":null,"uso":"desconhecido"}},{"type":"Feature","geometry":{"type":"Polygon","coordinates":[[[-8.15568,37.86245],[-8.15645,37.86247],[-8.15694,37.86241],[-8.15728,37.86242],[-8.15855,37.86277],[-8.15907,37.86306],[-8.15915,37.86298],[-8.15903,37.86285],[-8.15902,37.86254],[-8.15847,37.86213],[-8.15849,37.86226],[-8.15843,37.86228],[-8.1583,37.86241],[-8.1573,37.86208],[-8.15559,37.86204],[-8.15568,37.86245]]]},"properties":{"dam_id":"way/1430202587","osm_type":"way","osm_id":1430202587,"country":"PT","name":"Barragem de Água Industrial das Pirites Alentejanas","uso":"desconhecido"}},{"type":"Feature","geometry":{"type":"LineString","coordinates":[[-7.94742,37.999],[-7.94829,37.99919]]},"properties":{"dam_id":"way/1431925629","osm_type":"way","osm_id":1431925629,"country":"PT","name":null,"uso":"desconhecido"}},{"type":"Feature","geometry":{"type":"Polygon","coordinates":[[[-8.0897,38.02556],[-8.08948,38.02557],[-8.08946,38.02547],[-8.08953,38.02538],[-8.0897,38.02532],[-8.08984,38.02505],[-8.08991,38.02503],[-8.09061,38.02545],[-8.09053,38.02556],[-8.0911,38.02598],[-8.09123,38.02623],[-8.09198,38.02705],[-8.09425,38.02898],[-8.09417,38.02904],[-8.09383,38.02887],[-8.0897,38.02556]]]},"properties":{"dam_id":"way/1433850000","osm_type":"way","osm_id":1433850000,"country":"PT","name":null,"uso":"desconhecido"}},{"type":"Feature","geometry":{"type":"Polygon","coordinates":[[[-25.3067,37.74389],[-25.30654,37.74382],[-25.30632,37.74414],[-25.30649,37.74421],[-25.3067,37.74389]]]},"properties":{"dam_id":"way/1436941381","osm_type":"way","osm_id":1436941381,"country":"PT","name":null,"uso":"hidroelétrica"}},{"type":"Feature","geometry":{"type":"Polygon","coordinates":[[[-7.869,38.28054],[-7.86891,38.2805],[-7.86938,38.27991],[-7.86948,38.27988],[-7.8696,38.27991],[-7.86959,38.28013],[-7.86925,38.28057],[-7.86941,38.28076],[-7.86932,38.28088],[-7.86883,38.28071],[-7.869,38.28054]]]},"properties":{"dam_id":"way/1442170589","osm_type":"way","osm_id":1442170589,"country":"PT","name":"Barragem de Vale de Carro","uso":"desconhecido"}},{"type":"Feature","geometry":{"type":"Polygon","coordinates":[[[-7.61058,39.73653],[-7.61039,39.7365],[-7.61144,39.73684],[-7.61098,39.73667],[-7.611,39.73663],[-7.6106,39.7365],[-7.61058,39.73653]]]},"properties":{"dam_id":"way/1444276570","osm_type":"way","osm_id":1444276570,"country":"PT","name":null,"uso":"desconhecido"}},{"type":"Feature","geometry":{"type":"Polygon","coordinates":[[[-7.71856,41.65748],[-7.71868,41.65748],[-7.71868,41.65741],[-7.71913,41.65741],[-7.71913,41.65746],[-7.71936,41.65749],[-7.71947,41.65741],[-7.71947,41.65737],[-7.71918,41.65736],[-7.71917,41.65707],[-7.71913,41.65707],[-7.71912,41.65733],[-7.71869,41.65733],[-7.71868,41.65736],[-7.71856,41.65736],[-7.71856,41.65748]]]},"properties":{"dam_id":"way/1444557555","osm_type":"way","osm_id":1444557555,"country":"PT","name":"Barragem de Pedroselo","uso":"desconhecido"}},{"type":"Feature","geometry":{"type":"LineString","coordinates":[[-8.59311,39.25847],[-8.59296,39.25849]]},"properties":{"dam_id":"way/1447795405","osm_type":"way","osm_id":1447795405,"country":"PT","name":null,"uso":"desconhecido"}},{"type":"Feature","geometry":{"type":"LineString","coordinates":[[-8.30385,41.37216],[-8.30413,41.37201],[-8.3041,41.37198],[-8.30421,41.37192],[-8.30396,41.37176],[-8.30369,41.37189]]},"properties":{"dam_id":"way/1453946472","osm_type":"way","osm_id":1453946472,"country":"PT","name":"Açude das Turbinas","uso":"desconhecido"}},{"type":"Feature","geometry":{"type":"Polygon","coordinates":[[[-8.19101,39.49804],[-8.19051,39.49842],[-8.19038,39.49856],[-8.19025,39.49851],[-8.19014,39.4984],[-8.19013,39.49806],[-8.19035,39.49807],[-8.19042,39.49773],[-8.19048,39.49767],[-8.19085,39.49788],[-8.19101,39.49804]]]},"properties":{"dam_id":"way/1454790225","osm_type":"way","osm_id":1454790225,"country":"PT","name":null,"uso":"desconhecido"}},{"type":"Feature","geometry":{"type":"LineString","coordinates":[[-8.7318,37.83617],[-8.73172,37.83498]]},"properties":{"dam_id":"way/1457110028","osm_type":"way","osm_id":1457110028,"country":"PT","name":null,"uso":"desconhecido"}},{"type":"Feature","geometry":{"type":"LineString","coordinates":[[-8.73072,37.74089],[-8.73047,37.74049],[-8.73032,37.74044],[-8.73015,37.74044]]},"properties":{"dam_id":"way/1457111013","osm_type":"way","osm_id":1457111013,"country":"PT","name":null,"uso":"desconhecido"}},{"type":"Feature","geometry":{"type":"LineString","coordinates":[[-8.52944,38.21064],[-8.52928,38.21008],[-8.52925,38.2097],[-8.52928,38.20965]]},"properties":{"dam_id":"way/1457112431","osm_type":"way","osm_id":1457112431,"country":"PT","name":null,"uso":"desconhecido"}},{"type":"Feature","geometry":{"type":"LineString","coordinates":[[-8.4314,38.27444],[-8.42995,38.2735]]},"properties":{"dam_id":"way/1457132395","osm_type":"way","osm_id":1457132395,"country":"PT","name":null,"uso":"desconhecido"}},{"type":"Feature","geometry":{"type":"Polygon","coordinates":[[[-7.98021,38.51584],[-7.97987,38.51566],[-7.98025,38.51558],[-7.98043,38.51593],[-7.98051,38.51654],[-7.98053,38.51703],[-7.98036,38.51762],[-7.98027,38.51756],[-7.98021,38.51584]]]},"properties":{"dam_id":"way/1461465409","osm_type":"way","osm_id":1461465409,"country":"PT","name":null,"uso":"desconhecido"}},{"type":"Feature","geometry":{"type":"LineString","coordinates":[[-7.63724,41.24503],[-7.63694,41.24515]]},"properties":{"dam_id":"way/1462476445","osm_type":"way","osm_id":1462476445,"country":"PT","name":null,"uso":"desconhecido"}},{"type":"Feature","geometry":{"type":"LineString","coordinates":[[-7.60006,40.39162],[-7.60026,40.39141],[-7.60038,40.39136],[-7.60058,40.39138],[-7.60072,40.39154]]},"properties":{"dam_id":"way/1476978501","osm_type":"way","osm_id":1476978501,"country":"PT","name":"Barragem da Erva da Fome","uso":"hidroelétrica"}},{"type":"Feature","geometry":{"type":"LineString","coordinates":[[-9.01238,39.58498],[-9.01229,39.58496]]},"properties":{"dam_id":"way/1484284839","osm_type":"way","osm_id":1484284839,"country":"PT","name":null,"uso":"desconhecido"}},{"type":"Feature","geometry":{"type":"LineString","coordinates":[[-6.78758,41.69746],[-6.78741,41.69746]]},"properties":{"dam_id":"way/1498550944","osm_type":"way","osm_id":1498550944,"country":"PT","name":null,"uso":"desconhecido"}},{"type":"Feature","geometry":{"type":"LineString","coordinates":[[-16.84237,32.73983],[-16.84237,32.73983],[-16.84248,32.73977],[-16.84268,32.73987],[-16.84301,32.74092],[-16.84317,32.74099],[-16.84299,32.74104],[-16.84261,32.73993],[-16.84237,32.73983]]},"properties":{"dam_id":"way/1498610052","osm_type":"way","osm_id":1498610052,"country":"PT","name":"Barragem da Portela","uso":"desconhecido"}},{"type":"Feature","geometry":{"type":"LineString","coordinates":[[-6.78491,41.70852],[-6.78487,41.7083]]},"properties":{"dam_id":"way/1498953966","osm_type":"way","osm_id":1498953966,"country":"PT","name":null,"uso":"desconhecido"}},{"type":"Feature","geometry":{"type":"Polygon","coordinates":[[[-7.7702,39.28409],[-7.77357,39.28322],[-7.77376,39.28302],[-7.77344,39.28292],[-7.77326,39.28303],[-7.77311,39.28307],[-7.77271,39.28311],[-7.77187,39.2833],[-7.77121,39.28338],[-7.77108,39.28342],[-7.77073,39.28361],[-7.77043,39.28371],[-7.77009,39.2839],[-7.76997,39.28402],[-7.7702,39.28409]]]},"properties":{"dam_id":"way/1517244941","osm_type":"way","osm_id":1517244941,"country":"PT","name":"Barragem da Lameira","uso":"desconhecido"}},{"type":"Feature","geometry":{"type":"Polygon","coordinates":[[[-7.73983,38.88961],[-7.74028,38.88933],[-7.7404,38.88913],[-7.7405,38.88917],[-7.74031,38.88946],[-7.73951,38.89029],[-7.73922,38.89069],[-7.73831,38.89152],[-7.73826,38.8916],[-7.73826,38.89169],[-7.73787,38.89184],[-7.73762,38.89204],[-7.73773,38.89209],[-7.73774,38.89219],[-7.73699,38.89236],[-7.7368,38.89235],[-7.73666,38.89229],[-7.73983,38.88961]]]},"properties":{"dam_id":"way/1517252577","osm_type":"way","osm_id":1517252577,"country":"PT","name":null,"uso":"desconhecido"}},{"type":"Feature","geometry":{"type":"Polygon","coordinates":[[[-7.90295,38.73309],[-7.90315,38.73305],[-7.90352,38.73387],[-7.90336,38.73466],[-7.90271,38.73675],[-7.90249,38.73722],[-7.90236,38.73734],[-7.90232,38.73731],[-7.90226,38.73736],[-7.90213,38.73755],[-7.90198,38.73745],[-7.90231,38.73717],[-7.9024,38.73697],[-7.90307,38.73479],[-7.90327,38.73396],[-7.90327,38.7338],[-7.90303,38.73333],[-7.90295,38.73309]]]},"properties":{"dam_id":"way/1517484245","osm_type":"way","osm_id":1517484245,"country":"PT","name":"Barragem da Herdade de Borrazeiros","uso":"desconhecido"}},{"type":"Feature","geometry":{"type":"Polygon","coordinates":[[[-7.78875,38.29929],[-7.78868,38.29943],[-7.78874,38.29956],[-7.78936,38.29954],[-7.78974,38.29951],[-7.79117,38.29921],[-7.79144,38.29897],[-7.79147,38.29878],[-7.79144,38.29864],[-7.79137,38.29849],[-7.79126,38.29857],[-7.78888,38.29931],[-7.78875,38.29929]]]},"properties":{"dam_id":"way/1517489939","osm_type":"way","osm_id":1517489939,"country":"PT","name":"Barragem da Rasquinha","uso":"desconhecido"}},{"type":"Feature","geometry":{"type":"Polygon","coordinates":[[[-8.07018,38.16219],[-8.06682,38.15776],[-8.06645,38.15752],[-8.06669,38.15751],[-8.06727,38.1582],[-8.06794,38.15878],[-8.06854,38.15957],[-8.0686,38.15975],[-8.06963,38.16129],[-8.07012,38.16194],[-8.0703,38.1621],[-8.07018,38.16219]]]},"properties":{"dam_id":"way/1517568654","osm_type":"way","osm_id":1517568654,"country":"PT","name":"Barragem da Lagoa dos Patos","uso":"desconhecido"}},{"type":"Feature","geometry":{"type":"Polygon","coordinates":[[[-8.82721,38.64756],[-8.82744,38.64763],[-8.82809,38.64673],[-8.82833,38.64629],[-8.82874,38.6457],[-8.82859,38.64565],[-8.8285,38.64569],[-8.82852,38.64579],[-8.82842,38.64589],[-8.82824,38.64596],[-8.82807,38.64599],[-8.82804,38.6461],[-8.82813,38.64613],[-8.82816,38.64621],[-8.82805,38.64642],[-8.82735,38.64742],[-8.82721,38.64756]]]},"properties":{"dam_id":"way/1517569258","osm_type":"way","osm_id":1517569258,"country":"PT","name":"Barragem do Vinte e Dois","uso":"desconhecido"}},{"type":"Feature","geometry":{"type":"Polygon","coordinates":[[[-8.21478,38.35776],[-8.21508,38.35319],[-8.21515,38.35323],[-8.21515,38.35334],[-8.21526,38.35334],[-8.21545,38.35366],[-8.21554,38.35393],[-8.21536,38.35414],[-8.2155,38.355],[-8.21537,38.35575],[-8.2153,38.35666],[-8.21503,38.35854],[-8.21513,38.35877],[-8.21511,38.35896],[-8.21476,38.35934],[-8.21483,38.35847],[-8.21474,38.35827],[-8.2148,38.35813],[-8.21478,38.35776]]]},"properties":{"dam_id":"way/1517569493","osm_type":"way","osm_id":1517569493,"country":"PT","name":"Barragem de Vale de Lameira","uso":"desconhecido"}},{"type":"Feature","geometry":{"type":"Polygon","coordinates":[[[-7.63027,39.08691],[-7.63067,39.08693],[-7.63165,39.08738],[-7.6318,39.08786],[-7.6318,39.08942],[-7.63165,39.08945],[-7.63145,39.0892],[-7.63094,39.0874],[-7.6304,39.08707],[-7.63027,39.08691]]]},"properties":{"dam_id":"way/1517625361","osm_type":"way","osm_id":1517625361,"country":"PT","name":"Barragem da Cristalina","uso":"desconhecido"}},{"type":"Feature","geometry":{"type":"Polygon","coordinates":[[[-7.68507,38.076],[-7.68468,38.0761],[-7.68448,38.0763],[-7.68396,38.07719],[-7.68399,38.07756],[-7.68425,38.07777],[-7.68457,38.07781],[-7.68474,38.07824],[-7.68498,38.07824],[-7.68481,38.07641],[-7.68513,38.07619],[-7.68507,38.076]]]},"properties":{"dam_id":"way/1517625423","osm_type":"way","osm_id":1517625423,"country":"PT","name":"Barragem da Rabadoa","uso":"desconhecido"}},{"type":"Feature","geometry":{"type":"Polygon","coordinates":[[[-7.55921,38.9767],[-7.55975,38.97651],[-7.56003,38.97636],[-7.56003,38.97621],[-7.55985,38.97614],[-7.55978,38.97622],[-7.55834,38.97621],[-7.55828,38.97617],[-7.55812,38.97631],[-7.55894,38.97669],[-7.55921,38.9767]]]},"properties":{"dam_id":"way/1517626021","osm_type":"way","osm_id":1517626021,"country":"PT","name":"Barragem da Herdade da Madalena","uso":"desconhecido"}},{"type":"Feature","geometry":{"type":"Polygon","coordinates":[[[-7.81476,39.28127],[-7.81464,39.28143],[-7.8145,39.28152],[-7.81415,39.2816],[-7.81153,39.28197],[-7.81097,39.28207],[-7.80936,39.28293],[-7.80921,39.28317],[-7.80905,39.28303],[-7.80907,39.28282],[-7.80919,39.28268],[-7.81071,39.28187],[-7.811,39.28179],[-7.81147,39.28173],[-7.81398,39.28148],[-7.81432,39.28142],[-7.81471,39.28122],[-7.81476,39.28121],[-7.81476,39.28127]]]},"properties":{"dam_id":"way/1517626273","osm_type":"way","osm_id":1517626273,"country":"PT","name":"Barragem do Pereiro","uso":"desconhecido"}},{"type":"Feature","geometry":{"type":"Polygon","coordinates":[[[-7.64517,39.07396],[-7.645,39.07379],[-7.64491,39.07366],[-7.64341,39.07384],[-7.64358,39.07407],[-7.64383,39.07429],[-7.6439,39.07426],[-7.64374,39.07401],[-7.64405,39.07395],[-7.6441,39.07412],[-7.6442,39.07414],[-7.64434,39.07406],[-7.64472,39.074],[-7.64517,39.07396]]]},"properties":{"dam_id":"way/1517626424","osm_type":"way","osm_id":1517626424,"country":"PT","name":"Barragem da Ribeira de Vide","uso":"desconhecido"}},{"type":"Feature","geometry":{"type":"Polygon","coordinates":[[[-8.28549,38.36286],[-8.28491,38.36289],[-8.28457,38.363],[-8.28446,38.36309],[-8.2841,38.36452],[-8.28404,38.36485],[-8.28405,38.36501],[-8.28413,38.36502],[-8.28426,38.36488],[-8.2845,38.36352],[-8.28474,38.36337],[-8.28484,38.36312],[-8.28513,38.36299],[-8.28539,38.36308],[-8.28571,38.36329],[-8.28608,38.36314],[-8.29011,38.36381],[-8.29042,38.36372],[-8.29036,38.36368],[-8.29005,38.36364],[-8.28902,38.36335],[-8.28791,38.36308],[-8.28701,38.36292],[-8.28666,38.36289],[-8.28664,38.36293],[-8.28549,38.36286]]]},"properties":{"dam_id":"way/1517626595","osm_type":"way","osm_id":1517626595,"country":"PT","name":"Barragem de Vale da Arca","uso":"desconhecido"}},{"type":"Feature","geometry":{"type":"Polygon","coordinates":[[[-7.86429,38.86371],[-7.86243,38.86319],[-7.86237,38.86327],[-7.86236,38.86329],[-7.86258,38.86356],[-7.86251,38.86374],[-7.86341,38.86402],[-7.86387,38.86394],[-7.86424,38.86382],[-7.86455,38.86369],[-7.86449,38.86362],[-7.86429,38.86371]]]},"properties":{"dam_id":"way/1518501492","osm_type":"way","osm_id":1518501492,"country":"PT","name":"Barragem do Monte dos Soeiros","uso":"desconhecido"}},{"type":"Feature","geometry":{"type":"Polygon","coordinates":[[[-8.5183,37.97479],[-8.5199,37.97405],[-8.51957,37.97367],[-8.51814,37.97431],[-8.51814,37.97458],[-8.51817,37.97462],[-8.51786,37.97476],[-8.51794,37.97486],[-8.51823,37.97473],[-8.5183,37.97479]]]},"properties":{"dam_id":"way/1518501575","osm_type":"way","osm_id":1518501575,"country":"PT","name":null,"uso":"desconhecido"}},{"type":"Feature","geometry":{"type":"Polygon","coordinates":[[[-7.23546,38.13808],[-7.2355,38.13802],[-7.23542,38.13798],[-7.23536,38.13802],[-7.23481,38.13808],[-7.23472,38.13811],[-7.2347,38.13814],[-7.23481,38.13817],[-7.23546,38.13808]]]},"properties":{"dam_id":"way/1541410697","osm_type":"way","osm_id":1541410697,"country":"PT","name":null,"uso":"desconhecido"}},{"type":"Feature","geometry":{"type":"Polygon","coordinates":[[[-7.7142,39.13217],[-7.7143,39.13206],[-7.71427,39.13103],[-7.7145,39.13096],[-7.71438,39.13085],[-7.71405,39.13069],[-7.71394,39.13072],[-7.7142,39.13217]]]},"properties":{"dam_id":"way/1552070795","osm_type":"way","osm_id":1552070795,"country":"PT","name":null,"uso":"desconhecido"}},{"type":"Feature","geometry":{"type":"Polygon","coordinates":[[[-7.78566,39.41834],[-7.78559,39.41831],[-7.78508,39.41856],[-7.78482,39.4188],[-7.78468,39.41912],[-7.78566,39.41834]]]},"properties":{"dam_id":"way/1552103500","osm_type":"way","osm_id":1552103500,"country":"PT","name":null,"uso":"desconhecido"}}]}