{"type":"FeatureCollection","features":[{"type":"Feature","geometry":{"type":"Point","coordinates":[-6.6524,42.10355]},"properties":{"dam_id":"node/252519944","osm_type":"node","osm_id":252519944,"country":"ES","name":"Presa de La Ribeira","uso":"desconhecido"}},{"type":"Feature","geometry":{"type":"Point","coordinates":[-0.31989,38.78651]},"properties":{"dam_id":"node/288127512","osm_type":"node","osm_id":288127512,"country":"ES","name":null,"uso":"desconhecido"}},{"type":"Feature","geometry":{"type":"Point","coordinates":[-3.98456,40.65945]},"properties":{"dam_id":"node/305928117","osm_type":"node","osm_id":305928117,"country":"ES","name":null,"uso":"desconhecido"}},{"type":"Feature","geometry":{"type":"Polygon","coordinates":[[[-8.58679,42.44751],[-8.58748,42.44842],[-8.58731,42.44834],[-8.58663,42.44752],[-8.58673,42.44734],[-8.58692,42.44745],[-8.58679,42.44751]]]},"properties":{"dam_id":"way/844621742","osm_type":"way","osm_id":844621742,"country":"ES","name":"Encoro de Bora","uso":"desconhecido"}},{"type":"Feature","geometry":{"type":"Point","coordinates":[-0.57404,39.91071]},"properties":{"dam_id":"node/357526111","osm_type":"node","osm_id":357526111,"country":"ES","name":null,"uso":"desconhecido"}},{"type":"Feature","geometry":{"type":"Polygon","coordinates":[[[-5.75403,43.50271],[-5.75439,43.50288],[-5.75683,43.50377],[-5.75683,43.50385],[-5.75807,43.50398],[-5.75817,43.50393],[-5.75819,43.50385],[-5.758,43.50373],[-5.75423,43.50232],[-5.75416,43.50244],[-5.75393,43.50236],[-5.75347,43.50236],[-5.75347,43.50242],[-5.75378,43.50243],[-5.75381,43.50245],[-5.75382,43.50242],[-5.7539,43.50246],[-5.75391,43.50244],[-5.75397,43.50245],[-5.754,43.50249],[-5.75402,43.50247],[-5.75406,43.50248],[-5.75405,43.5025],[-5.75411,43.50253],[-5.75402,43.50266],[-5.75403,43.50271]]]},"properties":{"dam_id":"node/428645609","osm_type":"node","osm_id":428645609,"country":"ES","name":"Embalse de San Andrés de los Tacones","uso":"desconhecido"}},{"type":"Feature","geometry":{"type":"Point","coordinates":[-2.13891,42.89469]},"properties":{"dam_id":"node/520176696","osm_type":"node","osm_id":520176696,"country":"ES","name":null,"uso":"desconhecido"}},{"type":"Feature","geometry":{"type":"Point","coordinates":[-3.49197,37.16112]},"properties":{"dam_id":"node/554915236","osm_type":"node","osm_id":554915236,"country":"ES","name":"Presa del Río Genil","uso":"desconhecido"}},{"type":"Feature","geometry":{"type":"Point","coordinates":[-8.81734,43.22798]},"properties":{"dam_id":"node/576271420","osm_type":"node","osm_id":576271420,"country":"ES","name":null,"uso":"desconhecido"}},{"type":"Feature","geometry":{"type":"Point","coordinates":[-4.5111,36.82774]},"properties":{"dam_id":"node/1163262936","osm_type":"node","osm_id":1163262936,"country":"ES","name":null,"uso":"desconhecido"}},{"type":"Feature","geometry":{"type":"Point","coordinates":[-3.48301,37.49678]},"properties":{"dam_id":"node/1243299945","osm_type":"node","osm_id":1243299945,"country":"ES","name":"El Pantano","uso":"desconhecido"}},{"type":"Feature","geometry":{"type":"Point","coordinates":[0.04332,42.07318]},"properties":{"dam_id":"node/1440922383","osm_type":"node","osm_id":1440922383,"country":"ES","name":"Salto de Pozán de Vero","uso":"desconhecido"}},{"type":"Feature","geometry":{"type":"Point","coordinates":[-8.87682,43.23119]},"properties":{"dam_id":"node/1460105655","osm_type":"node","osm_id":1460105655,"country":"ES","name":null,"uso":"desconhecido"}},{"type":"Feature","geometry":{"type":"Point","coordinates":[1.55671,41.42488]},"properties":{"dam_id":"node/1706419329","osm_type":"node","osm_id":1706419329,"country":"ES","name":null,"uso":"desconhecido"}},{"type":"Feature","geometry":{"type":"Point","coordinates":[1.54324,41.42855]},"properties":{"dam_id":"node/1706419339","osm_type":"node","osm_id":1706419339,"country":"ES","name":null,"uso":"desconhecido"}},{"type":"Feature","geometry":{"type":"Point","coordinates":[1.56222,41.42179]},"properties":{"dam_id":"node/1710554010","osm_type":"node","osm_id":1710554010,"country":"ES","name":"Presa de Dosrius","uso":"desconhecido"}},{"type":"Feature","geometry":{"type":"Point","coordinates":[-6.29469,36.89881]},"properties":{"dam_id":"node/1776577624","osm_type":"node","osm_id":1776577624,"country":"ES","name":null,"uso":"desconhecido"}},{"type":"Feature","geometry":{"type":"Point","coordinates":[-0.51457,39.88353]},"properties":{"dam_id":"node/1850212872","osm_type":"node","osm_id":1850212872,"country":"ES","name":null,"uso":"desconhecido"}},{"type":"Feature","geometry":{"type":"Point","coordinates":[-3.34444,40.04524]},"properties":{"dam_id":"node/1893781604","osm_type":"node","osm_id":1893781604,"country":"ES","name":null,"uso":"desconhecido"}},{"type":"Feature","geometry":{"type":"Point","coordinates":[-7.72338,43.20127]},"properties":{"dam_id":"node/1940135992","osm_type":"node","osm_id":1940135992,"country":"ES","name":null,"uso":"desconhecido"}},{"type":"Feature","geometry":{"type":"Point","coordinates":[-2.74562,38.5318]},"properties":{"dam_id":"node/1953300463","osm_type":"node","osm_id":1953300463,"country":"ES","name":null,"uso":"desconhecido"}},{"type":"Feature","geometry":{"type":"Point","coordinates":[-4.4858,36.85135]},"properties":{"dam_id":"node/1960334858","osm_type":"node","osm_id":1960334858,"country":"ES","name":null,"uso":"desconhecido"}},{"type":"Feature","geometry":{"type":"LineString","coordinates":[[-8.49033,42.34617],[-8.48994,42.34628],[-8.48969,42.34643],[-8.48955,42.34666],[-8.48953,42.3468],[-8.48957,42.34709]]},"properties":{"dam_id":"way/70686258","osm_type":"way","osm_id":70686258,"country":"ES","name":"Encoro de Eiras","uso":"desconhecido"}},{"type":"Feature","geometry":{"type":"Point","coordinates":[-8.3978,42.38121]},"properties":{"dam_id":"node/1967134085","osm_type":"node","osm_id":1967134085,"country":"ES","name":null,"uso":"desconhecido"}},{"type":"Feature","geometry":{"type":"Point","coordinates":[-5.97262,40.35902]},"properties":{"dam_id":"node/2041853247","osm_type":"node","osm_id":2041853247,"country":"ES","name":"Mini Centrale de Valdelagreve - Toma","uso":"desconhecido"}},{"type":"Feature","geometry":{"type":"Point","coordinates":[-1.81654,43.21795]},"properties":{"dam_id":"node/2214742626","osm_type":"node","osm_id":2214742626,"country":"ES","name":null,"uso":"desconhecido"}},{"type":"Feature","geometry":{"type":"Point","coordinates":[-1.83496,43.22656]},"properties":{"dam_id":"node/2214742845","osm_type":"node","osm_id":2214742845,"country":"ES","name":null,"uso":"desconhecido"}},{"type":"Feature","geometry":{"type":"Polygon","coordinates":[[[-0.89239,39.66412],[-0.89219,39.66407],[-0.89222,39.66402],[-0.89241,39.66408],[-0.89239,39.66412]]]},"properties":{"dam_id":"way/567355704","osm_type":"way","osm_id":567355704,"country":"ES","name":null,"uso":"desconhecido"}},{"type":"Feature","geometry":{"type":"Point","coordinates":[-0.95539,39.71888]},"properties":{"dam_id":"node/2316308908","osm_type":"node","osm_id":2316308908,"country":"ES","name":null,"uso":"desconhecido"}},{"type":"Feature","geometry":{"type":"Point","coordinates":[-8.52785,42.60235]},"properties":{"dam_id":"node/2329998115","osm_type":"node","osm_id":2329998115,"country":"ES","name":null,"uso":"desconhecido"}},{"type":"Feature","geometry":{"type":"Point","coordinates":[-2.86914,43.37537]},"properties":{"dam_id":"node/2391863679","osm_type":"node","osm_id":2391863679,"country":"ES","name":null,"uso":"desconhecido"}},{"type":"Feature","geometry":{"type":"Point","coordinates":[-2.1243,42.89535]},"properties":{"dam_id":"node/2405839928","osm_type":"node","osm_id":2405839928,"country":"ES","name":null,"uso":"desconhecido"}},{"type":"Feature","geometry":{"type":"Point","coordinates":[-0.34605,39.50354]},"properties":{"dam_id":"node/2461802926","osm_type":"node","osm_id":2461802926,"country":"ES","name":"Partidor de l'Escoxador","uso":"desconhecido"}},{"type":"Feature","geometry":{"type":"Point","coordinates":[-3.06353,41.82785]},"properties":{"dam_id":"node/2590461636","osm_type":"node","osm_id":2590461636,"country":"ES","name":null,"uso":"desconhecido"}},{"type":"Feature","geometry":{"type":"Point","coordinates":[3.11531,41.87708]},"properties":{"dam_id":"node/2591926521","osm_type":"node","osm_id":2591926521,"country":"ES","name":"Antiga resclosa Mas Antoniet","uso":"desconhecido"}},{"type":"Feature","geometry":{"type":"LineString","coordinates":[[-7.98872,43.23845],[-7.98898,43.23858]]},"properties":{"dam_id":"way/1117579712","osm_type":"way","osm_id":1117579712,"country":"ES","name":"Presa da Fraga Chá","uso":"hidroelétrica"}},{"type":"Feature","geometry":{"type":"Point","coordinates":[-0.37451,42.48113]},"properties":{"dam_id":"node/2979737753","osm_type":"node","osm_id":2979737753,"country":"ES","name":"Represa Canal de Sabiñánigo","uso":"desconhecido"}},{"type":"Feature","geometry":{"type":"Point","coordinates":[-2.14777,42.89676]},"properties":{"dam_id":"node/3009017515","osm_type":"node","osm_id":3009017515,"country":"ES","name":null,"uso":"desconhecido"}},{"type":"Feature","geometry":{"type":"Point","coordinates":[-2.17537,42.88909]},"properties":{"dam_id":"node/3009447891","osm_type":"node","osm_id":3009447891,"country":"ES","name":"Ubarkazulo","uso":"desconhecido"}},{"type":"Feature","geometry":{"type":"Point","coordinates":[-5.53926,42.90246]},"properties":{"dam_id":"node/3015291631","osm_type":"node","osm_id":3015291631,"country":"ES","name":"Azud Infierno","uso":"desconhecido"}},{"type":"Feature","geometry":{"type":"Point","coordinates":[-4.05997,43.20569]},"properties":{"dam_id":"node/3025270137","osm_type":"node","osm_id":3025270137,"country":"ES","name":"Presa de Arenas de Iguña","uso":"desconhecido"}},{"type":"Feature","geometry":{"type":"Point","coordinates":[-3.71249,43.35938]},"properties":{"dam_id":"node/3051583582","osm_type":"node","osm_id":3051583582,"country":"ES","name":"Antigua presa de La Textil Montañesa","uso":"desconhecido"}},{"type":"Feature","geometry":{"type":"Point","coordinates":[-2.66764,37.75836]},"properties":{"dam_id":"node/3055119165","osm_type":"node","osm_id":3055119165,"country":"ES","name":"Las presas","uso":"desconhecido"}},{"type":"Feature","geometry":{"type":"Point","coordinates":[-6.66395,42.1078]},"properties":{"dam_id":"node/3151837229","osm_type":"node","osm_id":3151837229,"country":"ES","name":"La Presa","uso":"desconhecido"}},{"type":"Feature","geometry":{"type":"Point","coordinates":[-6.5057,38.58216]},"properties":{"dam_id":"node/3181150197","osm_type":"node","osm_id":3181150197,"country":"ES","name":"Presa de Villalba de los Barros","uso":"desconhecido"}},{"type":"Feature","geometry":{"type":"Point","coordinates":[-6.63814,42.09163]},"properties":{"dam_id":"node/3194481404","osm_type":"node","osm_id":3194481404,"country":"ES","name":"Presa de El Puente","uso":"desconhecido"}},{"type":"Feature","geometry":{"type":"Point","coordinates":[-2.05774,42.39357]},"properties":{"dam_id":"node/3409537744","osm_type":"node","osm_id":3409537744,"country":"ES","name":null,"uso":"desconhecido"}},{"type":"Feature","geometry":{"type":"Point","coordinates":[-1.77921,40.79422]},"properties":{"dam_id":"node/3430062943","osm_type":"node","osm_id":3430062943,"country":"ES","name":null,"uso":"desconhecido"}},{"type":"Feature","geometry":{"type":"Point","coordinates":[-3.21098,42.39678]},"properties":{"dam_id":"node/3445784792","osm_type":"node","osm_id":3445784792,"country":"ES","name":null,"uso":"desconhecido"}},{"type":"Feature","geometry":{"type":"Point","coordinates":[-4.47694,42.45455]},"properties":{"dam_id":"node/3634977712","osm_type":"node","osm_id":3634977712,"country":"ES","name":"La presa","uso":"desconhecido"}},{"type":"Feature","geometry":{"type":"Polygon","coordinates":[[[-6.48701,43.43544],[-6.48706,43.43546],[-6.4871,43.4354],[-6.48719,43.43544],[-6.48709,43.43537],[-6.48701,43.43544]]]},"properties":{"dam_id":"node/3713241496","osm_type":"node","osm_id":3713241496,"country":"ES","name":"Antigua presa sobre el rio Esva","uso":"desconhecido"}},{"type":"Feature","geometry":{"type":"Point","coordinates":[0.4766,42.59942]},"properties":{"dam_id":"node/3725158356","osm_type":"node","osm_id":3725158356,"country":"ES","name":"Toma de agua del Barranco de la Val","uso":"desconhecido"}},{"type":"Feature","geometry":{"type":"Point","coordinates":[-7.31634,43.58331]},"properties":{"dam_id":"node/3728318591","osm_type":"node","osm_id":3728318591,"country":"ES","name":"Antiga presa da central eléctrica do Muíño","uso":"desconhecido"}},{"type":"Feature","geometry":{"type":"Point","coordinates":[-8.91662,42.80329]},"properties":{"dam_id":"node/3817761060","osm_type":"node","osm_id":3817761060,"country":"ES","name":"Fontiña do Souto","uso":"desconhecido"}},{"type":"Feature","geometry":{"type":"Point","coordinates":[-0.49277,38.53732]},"properties":{"dam_id":"node/3896509692","osm_type":"node","osm_id":3896509692,"country":"ES","name":"Presa","uso":"desconhecido"}},{"type":"Feature","geometry":{"type":"Point","coordinates":[1.87478,41.55236]},"properties":{"dam_id":"node/3967147541","osm_type":"node","osm_id":3967147541,"country":"ES","name":"Resclosa de la Colònia Sedó","uso":"desconhecido"}},{"type":"Feature","geometry":{"type":"Point","coordinates":[-8.2955,42.12005]},"properties":{"dam_id":"node/4048575236","osm_type":"node","osm_id":4048575236,"country":"ES","name":null,"uso":"desconhecido"}},{"type":"Feature","geometry":{"type":"Point","coordinates":[-0.5915,38.97892]},"properties":{"dam_id":"node/4064249270","osm_type":"node","osm_id":4064249270,"country":"ES","name":"Partidor","uso":"desconhecido"}},{"type":"Feature","geometry":{"type":"Point","coordinates":[-1.01536,39.6936]},"properties":{"dam_id":"node/4186042627","osm_type":"node","osm_id":4186042627,"country":"ES","name":null,"uso":"desconhecido"}},{"type":"Feature","geometry":{"type":"Point","coordinates":[-5.40091,42.95353]},"properties":{"dam_id":"node/4202291541","osm_type":"node","osm_id":4202291541,"country":"ES","name":"Transvase Curueño - Porma","uso":"desconhecido"}},{"type":"Feature","geometry":{"type":"Point","coordinates":[-5.59595,43.05639]},"properties":{"dam_id":"node/4241760113","osm_type":"node","osm_id":4241760113,"country":"ES","name":null,"uso":"desconhecido"}},{"type":"Feature","geometry":{"type":"Point","coordinates":[-4.38302,36.89581]},"properties":{"dam_id":"node/4295615450","osm_type":"node","osm_id":4295615450,"country":"ES","name":null,"uso":"desconhecido"}},{"type":"Feature","geometry":{"type":"Point","coordinates":[-1.86313,42.63804]},"properties":{"dam_id":"node/4296116484","osm_type":"node","osm_id":4296116484,"country":"ES","name":null,"uso":"desconhecido"}},{"type":"Feature","geometry":{"type":"Point","coordinates":[-7.64669,43.06667]},"properties":{"dam_id":"node/4498971229","osm_type":"node","osm_id":4498971229,"country":"ES","name":null,"uso":"hidroelétrica"}},{"type":"Feature","geometry":{"type":"Point","coordinates":[-5.36326,40.36456]},"properties":{"dam_id":"node/4536293043","osm_type":"node","osm_id":4536293043,"country":"ES","name":"El Tejaizo","uso":"desconhecido"}},{"type":"Feature","geometry":{"type":"Point","coordinates":[-4.40801,36.89468]},"properties":{"dam_id":"node/4589099582","osm_type":"node","osm_id":4589099582,"country":"ES","name":null,"uso":"desconhecido"}},{"type":"Feature","geometry":{"type":"Point","coordinates":[-2.8381,36.84814]},"properties":{"dam_id":"node/4632270946","osm_type":"node","osm_id":4632270946,"country":"ES","name":null,"uso":"desconhecido"}},{"type":"Feature","geometry":{"type":"Point","coordinates":[-1.95439,42.76514]},"properties":{"dam_id":"node/4840483885","osm_type":"node","osm_id":4840483885,"country":"ES","name":null,"uso":"desconhecido"}},{"type":"Feature","geometry":{"type":"Point","coordinates":[-6.51854,42.53804]},"properties":{"dam_id":"node/4872408865","osm_type":"node","osm_id":4872408865,"country":"ES","name":null,"uso":"desconhecido"}},{"type":"Feature","geometry":{"type":"Point","coordinates":[-1.90376,43.2045]},"properties":{"dam_id":"node/4875505036","osm_type":"node","osm_id":4875505036,"country":"ES","name":null,"uso":"desconhecido"}},{"type":"Feature","geometry":{"type":"Point","coordinates":[-8.26855,43.01233]},"properties":{"dam_id":"node/4887971848","osm_type":"node","osm_id":4887971848,"country":"ES","name":"Presa de Raxoi","uso":"desconhecido"}},{"type":"Feature","geometry":{"type":"Point","coordinates":[-3.48031,37.47246]},"properties":{"dam_id":"node/4999843440","osm_type":"node","osm_id":4999843440,"country":"ES","name":"Presa Cantería","uso":"desconhecido"}},{"type":"Feature","geometry":{"type":"Point","coordinates":[-1.66943,41.44293]},"properties":{"dam_id":"node/5130717848","osm_type":"node","osm_id":5130717848,"country":"ES","name":"Embalse de la Hoz","uso":"desconhecido"}},{"type":"Feature","geometry":{"type":"Point","coordinates":[-1.63332,39.98173]},"properties":{"dam_id":"node/5206030254","osm_type":"node","osm_id":5206030254,"country":"ES","name":null,"uso":"desconhecido"}},{"type":"Feature","geometry":{"type":"Point","coordinates":[-2.30369,40.73472]},"properties":{"dam_id":"node/5304919190","osm_type":"node","osm_id":5304919190,"country":"ES","name":null,"uso":"desconhecido"}},{"type":"Feature","geometry":{"type":"Point","coordinates":[-7.94963,42.65026]},"properties":{"dam_id":"node/5322068889","osm_type":"node","osm_id":5322068889,"country":"ES","name":null,"uso":"desconhecido"}},{"type":"Feature","geometry":{"type":"Polygon","coordinates":[[[-0.84194,41.66943],[-0.84195,41.66956],[-0.84165,41.66957],[-0.84163,41.66944],[-0.84194,41.66943]]]},"properties":{"dam_id":"way/1018479034","osm_type":"way","osm_id":1018479034,"country":"ES","name":"Azud","uso":"desconhecido"}},{"type":"Feature","geometry":{"type":"Point","coordinates":[-2.45473,41.76587]},"properties":{"dam_id":"node/5373700212","osm_type":"node","osm_id":5373700212,"country":"ES","name":null,"uso":"desconhecido"}},{"type":"Feature","geometry":{"type":"Point","coordinates":[-2.53315,41.49179]},"properties":{"dam_id":"node/5554778560","osm_type":"node","osm_id":5554778560,"country":"ES","name":null,"uso":"desconhecido"}},{"type":"Feature","geometry":{"type":"Point","coordinates":[-4.23475,43.28518]},"properties":{"dam_id":"node/5753657238","osm_type":"node","osm_id":5753657238,"country":"ES","name":"Azud de Santa Lucía","uso":"hidroelétrica"}},{"type":"Feature","geometry":{"type":"Point","coordinates":[-1.26429,40.09324]},"properties":{"dam_id":"node/5781372394","osm_type":"node","osm_id":5781372394,"country":"ES","name":null,"uso":"desconhecido"}},{"type":"Feature","geometry":{"type":"Point","coordinates":[-0.8641,41.06789]},"properties":{"dam_id":"node/5923858090","osm_type":"node","osm_id":5923858090,"country":"ES","name":"Azud de El Vado","uso":"desconhecido"}},{"type":"Feature","geometry":{"type":"Point","coordinates":[-0.82535,41.11879]},"properties":{"dam_id":"node/5928053066","osm_type":"node","osm_id":5928053066,"country":"ES","name":"Azud de Moneva","uso":"desconhecido"}},{"type":"Feature","geometry":{"type":"Point","coordinates":[0.17688,41.75119]},"properties":{"dam_id":"node/6020188309","osm_type":"node","osm_id":6020188309,"country":"ES","name":"Las Lecineras","uso":"desconhecido"}},{"type":"Feature","geometry":{"type":"Point","coordinates":[-6.10898,40.05049]},"properties":{"dam_id":"node/6189676963","osm_type":"node","osm_id":6189676963,"country":"ES","name":null,"uso":"desconhecido"}},{"type":"Feature","geometry":{"type":"Point","coordinates":[-4.40213,39.85064]},"properties":{"dam_id":"node/6195828102","osm_type":"node","osm_id":6195828102,"country":"ES","name":null,"uso":"desconhecido"}},{"type":"Feature","geometry":{"type":"Point","coordinates":[-3.78048,37.3469]},"properties":{"dam_id":"node/6254649210","osm_type":"node","osm_id":6254649210,"country":"ES","name":null,"uso":"desconhecido"}},{"type":"Feature","geometry":{"type":"Polygon","coordinates":[[[-3.9463,40.55146],[-3.94634,40.55119],[-3.94525,40.55107],[-3.94459,40.55103],[-3.9446,40.55131],[-3.94524,40.55164],[-3.94536,40.55166],[-3.94595,40.55151],[-3.9463,40.55146]]]},"properties":{"dam_id":"node/6295233775","osm_type":"node","osm_id":6295233775,"country":"ES","name":"Presa de El Gasco","uso":"desconhecido"}},{"type":"Feature","geometry":{"type":"Point","coordinates":[-4.79557,38.561]},"properties":{"dam_id":"node/6352640179","osm_type":"node","osm_id":6352640179,"country":"ES","name":null,"uso":"desconhecido"}},{"type":"Feature","geometry":{"type":"Polygon","coordinates":[[[-1.00369,39.80924],[-1.00364,39.80926],[-1.00351,39.80925],[-1.00356,39.80917],[-1.00362,39.80916],[-1.00369,39.80924]]]},"properties":{"dam_id":"node/6383428067","osm_type":"node","osm_id":6383428067,"country":"ES","name":"Rambla de Ahillas","uso":"desconhecido"}},{"type":"Feature","geometry":{"type":"Point","coordinates":[-2.56428,42.8601]},"properties":{"dam_id":"node/6547240500","osm_type":"node","osm_id":6547240500,"country":"ES","name":"poza de Bolintxo","uso":"desconhecido"}},{"type":"Feature","geometry":{"type":"Point","coordinates":[-4.06853,40.85163]},"properties":{"dam_id":"node/6634230760","osm_type":"node","osm_id":6634230760,"country":"ES","name":"Azud del acueducto romano de Segovia","uso":"desconhecido"}},{"type":"Feature","geometry":{"type":"Point","coordinates":[-5.32799,42.94806]},"properties":{"dam_id":"node/6694407929","osm_type":"node","osm_id":6694407929,"country":"ES","name":"Trasvase Curueño-Porma","uso":"desconhecido"}},{"type":"Feature","geometry":{"type":"Point","coordinates":[-0.50586,39.52147]},"properties":{"dam_id":"node/6710938678","osm_type":"node","osm_id":6710938678,"country":"ES","name":null,"uso":"desconhecido"}},{"type":"Feature","geometry":{"type":"Point","coordinates":[-2.13947,37.64914]},"properties":{"dam_id":"node/6925088303","osm_type":"node","osm_id":6925088303,"country":"ES","name":null,"uso":"desconhecido"}},{"type":"Feature","geometry":{"type":"Point","coordinates":[-1.98484,43.17017]},"properties":{"dam_id":"node/7052823270","osm_type":"node","osm_id":7052823270,"country":"ES","name":null,"uso":"desconhecido"}},{"type":"Feature","geometry":{"type":"Point","coordinates":[-2.06506,43.15806]},"properties":{"dam_id":"node/7206602895","osm_type":"node","osm_id":7206602895,"country":"ES","name":null,"uso":"desconhecido"}},{"type":"Feature","geometry":{"type":"Point","coordinates":[-6.28066,42.0637]},"properties":{"dam_id":"node/7296820043","osm_type":"node","osm_id":7296820043,"country":"ES","name":"Presa de la Ribirina","uso":"desconhecido"}},{"type":"Feature","geometry":{"type":"Polygon","coordinates":[[[-0.29872,42.57382],[-0.29826,42.57339],[-0.29829,42.57338],[-0.29842,42.57349],[-0.29849,42.57349],[-0.29873,42.57371],[-0.29872,42.57382]]]},"properties":{"dam_id":"node/7814069257","osm_type":"node","osm_id":7814069257,"country":"ES","name":null,"uso":"desconhecido"}},{"type":"Feature","geometry":{"type":"Polygon","coordinates":[[[-1.46025,41.29764],[-1.46041,41.29753],[-1.4604,41.29748],[-1.46025,41.29764]]]},"properties":{"dam_id":"way/866046585","osm_type":"way","osm_id":866046585,"country":"ES","name":null,"uso":"desconhecido"}},{"type":"Feature","geometry":{"type":"Polygon","coordinates":[[[-1.64887,38.33996],[-1.64889,38.3399],[-1.64871,38.33984],[-1.64866,38.33988],[-1.64887,38.33996]]]},"properties":{"dam_id":"node/8185685617","osm_type":"node","osm_id":8185685617,"country":"ES","name":"Cañón de los Almacenes","uso":"desconhecido"}},{"type":"Feature","geometry":{"type":"Point","coordinates":[-7.70546,41.94809]},"properties":{"dam_id":"node/8380438013","osm_type":"node","osm_id":8380438013,"country":"ES","name":"O Caneiro","uso":"desconhecido"}},{"type":"Feature","geometry":{"type":"Point","coordinates":[2.25004,41.68245]},"properties":{"dam_id":"node/8420895928","osm_type":"node","osm_id":8420895928,"country":"ES","name":"Pantà de Can Millet","uso":"desconhecido"}},{"type":"Feature","geometry":{"type":"Point","coordinates":[-8.36412,43.15137]},"properties":{"dam_id":"node/8562128862","osm_type":"node","osm_id":8562128862,"country":"ES","name":null,"uso":"desconhecido"}},{"type":"Feature","geometry":{"type":"Point","coordinates":[2.6102,42.0693]},"properties":{"dam_id":"node/8629498316","osm_type":"node","osm_id":8629498316,"country":"ES","name":null,"uso":"desconhecido"}},{"type":"Feature","geometry":{"type":"Point","coordinates":[0.73908,42.85679]},"properties":{"dam_id":"node/8745800042","osm_type":"node","osm_id":8745800042,"country":"ES","name":null,"uso":"desconhecido"}},{"type":"Feature","geometry":{"type":"Point","coordinates":[-5.76662,40.34834]},"properties":{"dam_id":"node/8805399618","osm_type":"node","osm_id":8805399618,"country":"ES","name":null,"uso":"desconhecido"}},{"type":"Feature","geometry":{"type":"Polygon","coordinates":[[[-8.29791,43.2815],[-8.29757,43.28295],[-8.29776,43.28296],[-8.2977,43.28276],[-8.29784,43.28252],[-8.29792,43.28216],[-8.29795,43.28171],[-8.29804,43.28136],[-8.29791,43.2814],[-8.29791,43.2815]]]},"properties":{"dam_id":"way/577296052","osm_type":"way","osm_id":577296052,"country":"ES","name":"Encoro de Cecebre","uso":"desconhecido"}},{"type":"Feature","geometry":{"type":"Point","coordinates":[-8.31255,43.2867]},"properties":{"dam_id":"node/9028808822","osm_type":"node","osm_id":9028808822,"country":"ES","name":null,"uso":"desconhecido"}},{"type":"Feature","geometry":{"type":"Point","coordinates":[-4.4902,36.8405]},"properties":{"dam_id":"node/9278230009","osm_type":"node","osm_id":9278230009,"country":"ES","name":null,"uso":"desconhecido"}},{"type":"Feature","geometry":{"type":"Point","coordinates":[-4.38763,36.87821]},"properties":{"dam_id":"node/9297308622","osm_type":"node","osm_id":9297308622,"country":"ES","name":null,"uso":"desconhecido"}},{"type":"Feature","geometry":{"type":"Point","coordinates":[-0.52501,42.71972]},"properties":{"dam_id":"node/9301044807","osm_type":"node","osm_id":9301044807,"country":"ES","name":"Aforo de canfranc","uso":"desconhecido"}},{"type":"Feature","geometry":{"type":"Point","coordinates":[-1.01465,42.68126]},"properties":{"dam_id":"node/9378915095","osm_type":"node","osm_id":9378915095,"country":"ES","name":"Presa de Salvatierra","uso":"desconhecido"}},{"type":"Feature","geometry":{"type":"Point","coordinates":[1.04448,41.30269]},"properties":{"dam_id":"node/9388073079","osm_type":"node","osm_id":9388073079,"country":"ES","name":"Resclosa del Molí de Més Avall","uso":"desconhecido"}},{"type":"Feature","geometry":{"type":"Point","coordinates":[0.47991,42.10521]},"properties":{"dam_id":"node/9509364111","osm_type":"node","osm_id":9509364111,"country":"ES","name":null,"uso":"desconhecido"}},{"type":"Feature","geometry":{"type":"Point","coordinates":[-8.51491,43.08949]},"properties":{"dam_id":"node/9555812665","osm_type":"node","osm_id":9555812665,"country":"ES","name":"Presa do Pozo Negro","uso":"desconhecido"}},{"type":"Feature","geometry":{"type":"Point","coordinates":[-2.40231,43.16051]},"properties":{"dam_id":"node/9630314945","osm_type":"node","osm_id":9630314945,"country":"ES","name":null,"uso":"desconhecido"}},{"type":"Feature","geometry":{"type":"Point","coordinates":[-8.71806,42.75125]},"properties":{"dam_id":"node/9657834775","osm_type":"node","osm_id":9657834775,"country":"ES","name":null,"uso":"desconhecido"}},{"type":"Feature","geometry":{"type":"Point","coordinates":[-2.30045,42.67709]},"properties":{"dam_id":"node/9674203353","osm_type":"node","osm_id":9674203353,"country":"ES","name":null,"uso":"desconhecido"}},{"type":"Feature","geometry":{"type":"Point","coordinates":[0.21796,42.66837]},"properties":{"dam_id":"node/9740191930","osm_type":"node","osm_id":9740191930,"country":"ES","name":null,"uso":"desconhecido"}},{"type":"Feature","geometry":{"type":"Polygon","coordinates":[[[-1.40593,42.97741],[-1.40581,42.97739],[-1.40581,42.97738],[-1.40593,42.97741]]]},"properties":{"dam_id":"node/9804582536","osm_type":"node","osm_id":9804582536,"country":"ES","name":null,"uso":"desconhecido"}},{"type":"Feature","geometry":{"type":"Point","coordinates":[-1.86097,37.76173]},"properties":{"dam_id":"node/9909405814","osm_type":"node","osm_id":9909405814,"country":"ES","name":null,"uso":"desconhecido"}},{"type":"Feature","geometry":{"type":"Point","coordinates":[-5.57679,40.73383]},"properties":{"dam_id":"node/9911313845","osm_type":"node","osm_id":9911313845,"country":"ES","name":null,"uso":"desconhecido"}},{"type":"Feature","geometry":{"type":"Point","coordinates":[-5.54808,40.75462]},"properties":{"dam_id":"node/9911581092","osm_type":"node","osm_id":9911581092,"country":"ES","name":null,"uso":"desconhecido"}},{"type":"Feature","geometry":{"type":"Point","coordinates":[1.75173,42.20621]},"properties":{"dam_id":"node/10025030396","osm_type":"node","osm_id":10025030396,"country":"ES","name":"Dic de Gabions","uso":"desconhecido"}},{"type":"Feature","geometry":{"type":"Point","coordinates":[-9.1513,42.96335]},"properties":{"dam_id":"node/10044373031","osm_type":"node","osm_id":10044373031,"country":"ES","name":null,"uso":"desconhecido"}},{"type":"Feature","geometry":{"type":"Point","coordinates":[-9.15533,42.95887]},"properties":{"dam_id":"node/10044373058","osm_type":"node","osm_id":10044373058,"country":"ES","name":null,"uso":"desconhecido"}},{"type":"Feature","geometry":{"type":"Point","coordinates":[-7.98647,42.39562]},"properties":{"dam_id":"node/10068411936","osm_type":"node","osm_id":10068411936,"country":"ES","name":null,"uso":"desconhecido"}},{"type":"Feature","geometry":{"type":"Point","coordinates":[2.06112,42.07821]},"properties":{"dam_id":"node/10089950344","osm_type":"node","osm_id":10089950344,"country":"ES","name":"Pantà de Santa Eulàlia","uso":"desconhecido"}},{"type":"Feature","geometry":{"type":"Point","coordinates":[-3.23106,42.63604]},"properties":{"dam_id":"node/10231637679","osm_type":"node","osm_id":10231637679,"country":"ES","name":null,"uso":"desconhecido"}},{"type":"Feature","geometry":{"type":"Polygon","coordinates":[[[-3.96998,40.60176],[-3.96979,40.60178],[-3.96771,40.60133],[-3.96776,40.60127],[-3.9683,40.60133],[-3.96882,40.60149],[-3.96998,40.60176]]]},"properties":{"dam_id":"node/10271048829","osm_type":"node","osm_id":10271048829,"country":"ES","name":"Presa de los Rosales","uso":"desconhecido"}},{"type":"Feature","geometry":{"type":"Point","coordinates":[-8.39618,42.50741]},"properties":{"dam_id":"node/10655478423","osm_type":"node","osm_id":10655478423,"country":"ES","name":null,"uso":"desconhecido"}},{"type":"Feature","geometry":{"type":"Point","coordinates":[-2.4094,43.17188]},"properties":{"dam_id":"node/10740603019","osm_type":"node","osm_id":10740603019,"country":"ES","name":null,"uso":"desconhecido"}},{"type":"Feature","geometry":{"type":"Point","coordinates":[2.45658,41.7377]},"properties":{"dam_id":"node/10750415614","osm_type":"node","osm_id":10750415614,"country":"ES","name":"reclosa de can benet","uso":"desconhecido"}},{"type":"Feature","geometry":{"type":"Point","coordinates":[-3.55152,37.06496]},"properties":{"dam_id":"node/10761648637","osm_type":"node","osm_id":10761648637,"country":"ES","name":null,"uso":"desconhecido"}},{"type":"Feature","geometry":{"type":"Point","coordinates":[-2.40443,43.15586]},"properties":{"dam_id":"node/10766921197","osm_type":"node","osm_id":10766921197,"country":"ES","name":null,"uso":"desconhecido"}},{"type":"Feature","geometry":{"type":"Point","coordinates":[-4.26544,40.51406]},"properties":{"dam_id":"node/10821822479","osm_type":"node","osm_id":10821822479,"country":"ES","name":"Presa artificial con paso para peces","uso":"desconhecido"}},{"type":"Feature","geometry":{"type":"Point","coordinates":[-3.10201,41.11502]},"properties":{"dam_id":"node/10868006439","osm_type":"node","osm_id":10868006439,"country":"ES","name":null,"uso":"desconhecido"}},{"type":"Feature","geometry":{"type":"Point","coordinates":[-5.261,42.99248]},"properties":{"dam_id":"node/10886529437","osm_type":"node","osm_id":10886529437,"country":"ES","name":null,"uso":"desconhecido"}},{"type":"Feature","geometry":{"type":"Point","coordinates":[-0.26217,42.72034]},"properties":{"dam_id":"node/10904467724","osm_type":"node","osm_id":10904467724,"country":"ES","name":null,"uso":"desconhecido"}},{"type":"Feature","geometry":{"type":"Point","coordinates":[0.20058,42.24294]},"properties":{"dam_id":"node/10940495751","osm_type":"node","osm_id":10940495751,"country":"ES","name":"Gorga de Casa Olivera","uso":"desconhecido"}},{"type":"Feature","geometry":{"type":"Point","coordinates":[-8.75227,42.48816]},"properties":{"dam_id":"node/11007359000","osm_type":"node","osm_id":11007359000,"country":"ES","name":null,"uso":"desconhecido"}},{"type":"Feature","geometry":{"type":"Point","coordinates":[-8.97873,42.62354]},"properties":{"dam_id":"node/11020610394","osm_type":"node","osm_id":11020610394,"country":"ES","name":"Poza","uso":"desconhecido"}},{"type":"Feature","geometry":{"type":"Point","coordinates":[-5.44416,43.47204]},"properties":{"dam_id":"node/11152364220","osm_type":"node","osm_id":11152364220,"country":"ES","name":null,"uso":"desconhecido"}},{"type":"Feature","geometry":{"type":"Point","coordinates":[-4.21326,42.85862]},"properties":{"dam_id":"node/11381136018","osm_type":"node","osm_id":11381136018,"country":"ES","name":null,"uso":"desconhecido"}},{"type":"Feature","geometry":{"type":"Point","coordinates":[-3.19339,42.04759]},"properties":{"dam_id":"node/11488996028","osm_type":"node","osm_id":11488996028,"country":"ES","name":"La Presa","uso":"desconhecido"}},{"type":"Feature","geometry":{"type":"Point","coordinates":[0.90617,42.30548]},"properties":{"dam_id":"node/11535124980","osm_type":"node","osm_id":11535124980,"country":"ES","name":"Bassa (per horts?)","uso":"desconhecido"}},{"type":"Feature","geometry":{"type":"Point","coordinates":[0.90948,42.30552]},"properties":{"dam_id":"node/11535124981","osm_type":"node","osm_id":11535124981,"country":"ES","name":"Bassa","uso":"desconhecido"}},{"type":"Feature","geometry":{"type":"Point","coordinates":[-1.79259,40.79433]},"properties":{"dam_id":"node/11663488748","osm_type":"node","osm_id":11663488748,"country":"ES","name":null,"uso":"desconhecido"}},{"type":"Feature","geometry":{"type":"Point","coordinates":[-8.14306,42.61905]},"properties":{"dam_id":"node/11738505057","osm_type":"node","osm_id":11738505057,"country":"ES","name":null,"uso":"desconhecido"}},{"type":"Feature","geometry":{"type":"Point","coordinates":[-2.5234,42.31485]},"properties":{"dam_id":"node/11876686241","osm_type":"node","osm_id":11876686241,"country":"ES","name":null,"uso":"desconhecido"}},{"type":"Feature","geometry":{"type":"Point","coordinates":[-2.29945,42.78351]},"properties":{"dam_id":"node/11888616281","osm_type":"node","osm_id":11888616281,"country":"ES","name":null,"uso":"desconhecido"}},{"type":"Feature","geometry":{"type":"Point","coordinates":[-1.59974,38.22325]},"properties":{"dam_id":"node/11896372296","osm_type":"node","osm_id":11896372296,"country":"ES","name":"Presa","uso":"desconhecido"}},{"type":"Feature","geometry":{"type":"Point","coordinates":[-8.08891,41.94551]},"properties":{"dam_id":"node/12041304204","osm_type":"node","osm_id":12041304204,"country":"ES","name":"Poza de Aire","uso":"desconhecido"}},{"type":"Feature","geometry":{"type":"Point","coordinates":[-6.91446,37.90619]},"properties":{"dam_id":"node/12077206778","osm_type":"node","osm_id":12077206778,"country":"ES","name":null,"uso":"desconhecido"}},{"type":"Feature","geometry":{"type":"Point","coordinates":[-0.13468,42.17986]},"properties":{"dam_id":"node/12087625723","osm_type":"node","osm_id":12087625723,"country":"ES","name":"Azud de Sieso","uso":"desconhecido"}},{"type":"Feature","geometry":{"type":"Point","coordinates":[-6.62905,42.07474]},"properties":{"dam_id":"node/12095038191","osm_type":"node","osm_id":12095038191,"country":"ES","name":null,"uso":"desconhecido"}},{"type":"Feature","geometry":{"type":"Point","coordinates":[-3.12108,42.29979]},"properties":{"dam_id":"node/12097573691","osm_type":"node","osm_id":12097573691,"country":"ES","name":null,"uso":"desconhecido"}},{"type":"Feature","geometry":{"type":"Point","coordinates":[-2.89324,42.22446]},"properties":{"dam_id":"node/12230427527","osm_type":"node","osm_id":12230427527,"country":"ES","name":null,"uso":"desconhecido"}},{"type":"Feature","geometry":{"type":"Point","coordinates":[-3.08431,41.90602]},"properties":{"dam_id":"node/12277789726","osm_type":"node","osm_id":12277789726,"country":"ES","name":"Presa Junta las Aguas","uso":"desconhecido"}},{"type":"Feature","geometry":{"type":"Point","coordinates":[-0.3077,39.18911]},"properties":{"dam_id":"node/12317978729","osm_type":"node","osm_id":12317978729,"country":"ES","name":"L'Assut de Cullera","uso":"desconhecido"}},{"type":"Feature","geometry":{"type":"Point","coordinates":[-0.29587,39.95205]},"properties":{"dam_id":"node/12380631523","osm_type":"node","osm_id":12380631523,"country":"ES","name":"L'Assut","uso":"desconhecido"}},{"type":"Feature","geometry":{"type":"Point","coordinates":[-2.75421,42.97032]},"properties":{"dam_id":"node/12616205879","osm_type":"node","osm_id":12616205879,"country":"ES","name":null,"uso":"desconhecido"}},{"type":"Feature","geometry":{"type":"Point","coordinates":[-2.84425,43.42672]},"properties":{"dam_id":"node/12616327081","osm_type":"node","osm_id":12616327081,"country":"ES","name":"Uriedariona","uso":"desconhecido"}},{"type":"Feature","geometry":{"type":"Point","coordinates":[-2.83226,41.88989]},"properties":{"dam_id":"node/12732773904","osm_type":"node","osm_id":12732773904,"country":"ES","name":"Laguna del Calvo","uso":"desconhecido"}},{"type":"Feature","geometry":{"type":"Point","coordinates":[-3.53801,42.00172]},"properties":{"dam_id":"node/12751832731","osm_type":"node","osm_id":12751832731,"country":"ES","name":null,"uso":"desconhecido"}},{"type":"Feature","geometry":{"type":"Point","coordinates":[-4.47287,36.80187]},"properties":{"dam_id":"node/12753905558","osm_type":"node","osm_id":12753905558,"country":"ES","name":null,"uso":"desconhecido"}},{"type":"Feature","geometry":{"type":"Point","coordinates":[-4.84685,37.96348]},"properties":{"dam_id":"node/12875725752","osm_type":"node","osm_id":12875725752,"country":"ES","name":"Presa de la Encantada","uso":"desconhecido"}},{"type":"Feature","geometry":{"type":"Point","coordinates":[-5.13455,43.26866]},"properties":{"dam_id":"node/13109261661","osm_type":"node","osm_id":13109261661,"country":"ES","name":null,"uso":"desconhecido"}},{"type":"Feature","geometry":{"type":"Point","coordinates":[-8.65854,43.22455]},"properties":{"dam_id":"node/13192218426","osm_type":"node","osm_id":13192218426,"country":"ES","name":"Presa do Moreno","uso":"desconhecido"}},{"type":"Feature","geometry":{"type":"Point","coordinates":[-0.55442,42.62499]},"properties":{"dam_id":"node/13249587959","osm_type":"node","osm_id":13249587959,"country":"ES","name":null,"uso":"desconhecido"}},{"type":"Feature","geometry":{"type":"Point","coordinates":[-2.43661,38.46157]},"properties":{"dam_id":"node/13338647307","osm_type":"node","osm_id":13338647307,"country":"ES","name":"Charco de Las Truchas","uso":"desconhecido"}},{"type":"Feature","geometry":{"type":"Point","coordinates":[-1.57746,38.23214]},"properties":{"dam_id":"node/13398440624","osm_type":"node","osm_id":13398440624,"country":"ES","name":null,"uso":"desconhecido"}},{"type":"Feature","geometry":{"type":"Point","coordinates":[-4.42277,36.78315]},"properties":{"dam_id":"node/13504142449","osm_type":"node","osm_id":13504142449,"country":"ES","name":null,"uso":"desconhecido"}},{"type":"Feature","geometry":{"type":"Point","coordinates":[-4.42708,36.79434]},"properties":{"dam_id":"node/13515020500","osm_type":"node","osm_id":13515020500,"country":"ES","name":null,"uso":"desconhecido"}},{"type":"Feature","geometry":{"type":"Point","coordinates":[-2.10053,42.0569]},"properties":{"dam_id":"node/13600055619","osm_type":"node","osm_id":13600055619,"country":"ES","name":null,"uso":"desconhecido"}},{"type":"Feature","geometry":{"type":"Point","coordinates":[-4.32533,39.50788]},"properties":{"dam_id":"node/13623460776","osm_type":"node","osm_id":13623460776,"country":"ES","name":"Pantano del pizarro","uso":"desconhecido"}},{"type":"Feature","geometry":{"type":"Point","coordinates":[-0.71868,40.28556]},"properties":{"dam_id":"node/13681549055","osm_type":"node","osm_id":13681549055,"country":"ES","name":"Azud de la acequia de la Fuenlozana","uso":"desconhecido"}},{"type":"Feature","geometry":{"type":"Point","coordinates":[-6.54907,37.58431]},"properties":{"dam_id":"node/13909813709","osm_type":"node","osm_id":13909813709,"country":"ES","name":"Presa del Barranco del Coladero","uso":"desconhecido"}},{"type":"Feature","geometry":{"type":"LineString","coordinates":[[-5.5227,40.48824],[-5.52251,40.48783],[-5.52241,40.48749],[-5.52256,40.48729]]},"properties":{"dam_id":"way/60889151","osm_type":"way","osm_id":60889151,"country":"ES","name":"Presa de la Alameda","uso":"desconhecido"}},{"type":"Feature","geometry":{"type":"Point","coordinates":[-7.65867,41.97709]},"properties":{"dam_id":"node/14023931526","osm_type":"node","osm_id":14023931526,"country":"ES","name":"Ubicación de la desmantelada presa de Gudín","uso":"desconhecido"}},{"type":"Feature","geometry":{"type":"Point","coordinates":[-5.76265,42.96016]},"properties":{"dam_id":"node/14105001253","osm_type":"node","osm_id":14105001253,"country":"ES","name":null,"uso":"desconhecido"}},{"type":"Feature","geometry":{"type":"Point","coordinates":[-2.94989,42.16379]},"properties":{"dam_id":"node/14116364333","osm_type":"node","osm_id":14116364333,"country":"ES","name":null,"uso":"desconhecido"}},{"type":"Feature","geometry":{"type":"Polygon","coordinates":[[[-5.81183,37.59171],[-5.81189,37.59353],[-5.81175,37.59354],[-5.81169,37.59207],[-5.81151,37.59207],[-5.8115,37.59172],[-5.81183,37.59171]]]},"properties":{"dam_id":"way/23074369","osm_type":"way","osm_id":23074369,"country":"ES","name":null,"uso":"desconhecido"}},{"type":"Feature","geometry":{"type":"Polygon","coordinates":[[[0.23885,42.15119],[0.23553,42.15072],[0.2354,42.15077],[0.23547,42.15088],[0.23541,42.15087],[0.23522,42.15096],[0.23524,42.151],[0.23519,42.15102],[0.23517,42.15099],[0.23497,42.15109],[0.235,42.15113],[0.23496,42.15114],[0.23492,42.15111],[0.23475,42.1512],[0.23477,42.15124],[0.23473,42.15127],[0.23464,42.15117],[0.23449,42.15127],[0.23427,42.15227],[0.23434,42.15228],[0.23424,42.15268],[0.23416,42.15266],[0.23375,42.15443],[0.23358,42.15488],[0.23253,42.15613],[0.23245,42.15605],[0.23351,42.15483],[0.23372,42.15423],[0.23401,42.15272],[0.23401,42.15222],[0.23394,42.15218],[0.23397,42.15205],[0.23392,42.15202],[0.23395,42.15191],[0.23401,42.1519],[0.23405,42.15172],[0.23401,42.15142],[0.23404,42.15103],[0.23418,42.15069],[0.23429,42.15062],[0.23426,42.15057],[0.23433,42.15053],[0.23438,42.15057],[0.23454,42.15049],[0.23448,42.15045],[0.23454,42.15042],[0.23459,42.15046],[0.23473,42.15039],[0.23469,42.15034],[0.23477,42.1503],[0.23482,42.15035],[0.23487,42.15033],[0.23498,42.15035],[0.23505,42.15042],[0.23521,42.15039],[0.23556,42.15037],[0.23642,42.15053],[0.23665,42.15059],[0.23671,42.15065],[0.23763,42.15082],[0.23831,42.15098],[0.23844,42.15105],[0.23885,42.15111],[0.23885,42.15119]]]},"properties":{"dam_id":"way/23416079","osm_type":"way","osm_id":23416079,"country":"ES","name":"Presa de El Grado","uso":"hidroelétrica"}},{"type":"Feature","geometry":{"type":"Polygon","coordinates":[[[0.21017,42.31213],[0.21019,42.31223],[0.21003,42.31225],[0.21003,42.31228],[0.21019,42.31226],[0.21021,42.31236],[0.21002,42.31239],[0.21003,42.31243],[0.21022,42.31241],[0.21024,42.31251],[0.21009,42.31253],[0.21009,42.31256],[0.21025,42.31254],[0.21027,42.31264],[0.21,42.31268],[0.20994,42.31273],[0.20997,42.31275],[0.21002,42.31272],[0.21028,42.31269],[0.21041,42.3133],[0.21045,42.31338],[0.21059,42.31352],[0.211,42.31377],[0.2111,42.31381],[0.21254,42.31386],[0.2126,42.31389],[0.21276,42.31421],[0.21294,42.31418],[0.21277,42.31396],[0.21278,42.31385],[0.21268,42.31384],[0.21262,42.31373],[0.21227,42.31358],[0.21212,42.31343],[0.2113,42.31339],[0.2113,42.31355],[0.21122,42.31355],[0.21076,42.31334],[0.21064,42.31315],[0.21051,42.31268],[0.21206,42.31249],[0.21197,42.31194],[0.21046,42.31212],[0.21039,42.31207],[0.21029,42.31159],[0.21006,42.31161],[0.21016,42.31209],[0.20989,42.31211],[0.20985,42.31209],[0.20982,42.31213],[0.20989,42.31216],[0.21017,42.31213]]]},"properties":{"dam_id":"way/23416081","osm_type":"way","osm_id":23416081,"country":"ES","name":"Presa de Mediano","uso":"hidroelétrica"}},{"type":"Feature","geometry":{"type":"Polygon","coordinates":[[[-5.88178,43.54475],[-5.87812,43.54624],[-5.87814,43.54628],[-5.87877,43.54603],[-5.87909,43.54594],[-5.87913,43.54597],[-5.87971,43.5457],[-5.87979,43.54562],[-5.88181,43.54479],[-5.88178,43.54475]]]},"properties":{"dam_id":"way/23655490","osm_type":"way","osm_id":23655490,"country":"ES","name":"Presa de Trasona","uso":"desconhecido"}},{"type":"Feature","geometry":{"type":"Polygon","coordinates":[[[-4.2229,40.66309],[-4.22395,40.66382],[-4.22398,40.66378],[-4.22377,40.66364],[-4.22368,40.66346],[-4.22338,40.66324],[-4.22314,40.6632],[-4.22294,40.66307],[-4.2229,40.66309]]]},"properties":{"dam_id":"way/25985217","osm_type":"way","osm_id":25985217,"country":"ES","name":null,"uso":"desconhecido"}},{"type":"Feature","geometry":{"type":"Polygon","coordinates":[[[-4.04875,40.58965],[-4.0489,40.5896],[-4.04889,40.58957],[-4.04932,40.58946],[-4.04935,40.58932],[-4.04941,40.58932],[-4.04945,40.58942],[-4.04998,40.58932],[-4.04994,40.58921],[-4.05,40.58919],[-4.05004,40.58932],[-4.05042,40.58927],[-4.05063,40.58932],[-4.05159,40.58993],[-4.05157,40.58995],[-4.05132,40.58981],[-4.05075,40.58945],[-4.05042,40.58936],[-4.05005,40.5894],[-4.05007,40.58948],[-4.05004,40.58949],[-4.05002,40.58941],[-4.04875,40.58965]]]},"properties":{"dam_id":"way/25985313","osm_type":"way","osm_id":25985313,"country":"ES","name":null,"uso":"desconhecido"}},{"type":"Feature","geometry":{"type":"Polygon","coordinates":[[[-4.04686,40.53945],[-4.04639,40.5368],[-4.04646,40.5352],[-4.04688,40.53356],[-4.04745,40.53166],[-4.04781,40.5316],[-4.04722,40.53947],[-4.04686,40.53945]]]},"properties":{"dam_id":"way/26237156","osm_type":"way","osm_id":26237156,"country":"ES","name":null,"uso":"desconhecido"}},{"type":"Feature","geometry":{"type":"Polygon","coordinates":[[[-4.31273,40.37195],[-4.31248,40.37212],[-4.31172,40.37247],[-4.31161,40.37258],[-4.31147,40.37283],[-4.31134,40.37349],[-4.31122,40.3737],[-4.31126,40.37373],[-4.31191,40.373],[-4.31197,40.37302],[-4.31224,40.3727],[-4.31219,40.37267],[-4.31277,40.37197],[-4.31273,40.37195]]]},"properties":{"dam_id":"way/28134574","osm_type":"way","osm_id":28134574,"country":"ES","name":"Presa de San Juan","uso":"hidroelétrica"}},{"type":"Feature","geometry":{"type":"LineString","coordinates":[[-3.81245,40.77376],[-3.81381,40.7713],[-3.81697,40.7703],[-3.81754,40.77136]]},"properties":{"dam_id":"way/28320660","osm_type":"way","osm_id":28320660,"country":"ES","name":null,"uso":"desconhecido"}},{"type":"Feature","geometry":{"type":"Polygon","coordinates":[[[-0.72139,38.30714],[-0.72129,38.30716],[-0.72128,38.30713],[-0.72098,38.30713],[-0.72093,38.30741],[-0.7209,38.30741],[-0.72092,38.30707],[-0.72125,38.30706],[-0.72144,38.307],[-0.72157,38.3069],[-0.72162,38.30684],[-0.72161,38.30679],[-0.7217,38.30678],[-0.72173,38.30688],[-0.72187,38.3069],[-0.72186,38.30696],[-0.72167,38.30693],[-0.72148,38.30708],[-0.72138,38.30711],[-0.72139,38.30714]]]},"properties":{"dam_id":"way/28520828","osm_type":"way","osm_id":28520828,"country":"ES","name":"Presa del Pantano de Elche","uso":"desconhecido"}},{"type":"Feature","geometry":{"type":"Polygon","coordinates":[[[-3.54176,40.29913],[-3.54171,40.29896],[-3.54297,40.29874],[-3.54301,40.29891],[-3.54176,40.29913]]]},"properties":{"dam_id":"way/28538093","osm_type":"way","osm_id":28538093,"country":"ES","name":"Presa del Rey","uso":"desconhecido"}},{"type":"Feature","geometry":{"type":"Polygon","coordinates":[[[-2.11313,39.56525],[-2.11236,39.56458],[-2.1116,39.56377],[-2.11225,39.56403],[-2.1126,39.56389],[-2.11304,39.56429],[-2.11285,39.56442],[-2.11285,39.56453],[-2.11281,39.56456],[-2.11306,39.56486],[-2.11313,39.56525]]]},"properties":{"dam_id":"way/361006089","osm_type":"way","osm_id":361006089,"country":"ES","name":"Presa de Alarcón","uso":"desconhecido"}},{"type":"Feature","geometry":{"type":"LineString","coordinates":[[-4.2506,39.36878],[-4.25594,39.36822]]},"properties":{"dam_id":"way/28665460","osm_type":"way","osm_id":28665460,"country":"ES","name":null,"uso":"desconhecido"}},{"type":"Feature","geometry":{"type":"Polygon","coordinates":[[[-4.15652,40.59498],[-4.15604,40.5952],[-4.15559,40.59535],[-4.15456,40.59564],[-4.15479,40.59546],[-4.15603,40.59497],[-4.15652,40.59498]]]},"properties":{"dam_id":"way/626874985","osm_type":"way","osm_id":626874985,"country":"ES","name":null,"uso":"desconhecido"}},{"type":"Feature","geometry":{"type":"LineString","coordinates":[[-4.32022,40.36978],[-4.31601,40.36921]]},"properties":{"dam_id":"way/29713498","osm_type":"way","osm_id":29713498,"country":"ES","name":null,"uso":"hidroelétrica"}},{"type":"Feature","geometry":{"type":"Polygon","coordinates":[[[-4.25007,40.33326],[-4.25007,40.33331],[-4.24959,40.33333],[-4.24956,40.3334],[-4.24953,40.33333],[-4.24936,40.33333],[-4.24933,40.33342],[-4.2493,40.33334],[-4.24914,40.33335],[-4.24911,40.33343],[-4.24908,40.33335],[-4.24891,40.33336],[-4.24889,40.33344],[-4.24886,40.33337],[-4.24851,40.3334],[-4.24851,40.33334],[-4.24909,40.3333],[-4.24909,40.33328],[-4.24913,40.33327],[-4.24914,40.3333],[-4.24931,40.33329],[-4.24931,40.33326],[-4.24936,40.33326],[-4.24936,40.33329],[-4.24954,40.33328],[-4.24954,40.33325],[-4.24958,40.33328],[-4.25007,40.33326]]]},"properties":{"dam_id":"way/30017689","osm_type":"way","osm_id":30017689,"country":"ES","name":"Presa de Picadas","uso":"hidroelétrica"}},{"type":"Feature","geometry":{"type":"Polygon","coordinates":[[[-4.00432,40.71529],[-4.00273,40.71565],[-4.00273,40.71555],[-4.00314,40.71547],[-4.00422,40.71516],[-4.00495,40.71475],[-4.00491,40.71469],[-4.00498,40.71466],[-4.00504,40.71473],[-4.00533,40.7146],[-4.00545,40.71463],[-4.00655,40.71417],[-4.00706,40.71381],[-4.00745,40.71348],[-4.00757,40.7135],[-4.00668,40.71418],[-4.00614,40.71451],[-4.00535,40.71489],[-4.00432,40.71529]]]},"properties":{"dam_id":"way/30278526","osm_type":"way","osm_id":30278526,"country":"ES","name":null,"uso":"desconhecido"}},{"type":"Feature","geometry":{"type":"LineString","coordinates":[[-3.77507,40.94597],[-3.77337,40.94407]]},"properties":{"dam_id":"way/30808126","osm_type":"way","osm_id":30808126,"country":"ES","name":"Presa del Embalse de Pinilla","uso":"hidroelétrica"}},{"type":"Feature","geometry":{"type":"LineString","coordinates":[[-3.7592,43.38781],[-3.75871,43.38808],[-3.75861,43.38821],[-3.75864,43.38823],[-3.75849,43.38849],[-3.75845,43.38849],[-3.75834,43.38885],[-3.75838,43.38907]]},"properties":{"dam_id":"way/31024952","osm_type":"way","osm_id":31024952,"country":"ES","name":"Embalse de Heras","uso":"desconhecido"}},{"type":"Feature","geometry":{"type":"LineString","coordinates":[[-2.47796,36.85063],[-2.4781,36.84989]]},"properties":{"dam_id":"way/31771738","osm_type":"way","osm_id":31771738,"country":"ES","name":null,"uso":"desconhecido"}},{"type":"Feature","geometry":{"type":"Polygon","coordinates":[[[-2.47648,36.85919],[-2.47626,36.85884],[-2.47594,36.85867],[-2.47581,36.85865],[-2.47586,36.85855],[-2.47565,36.8585],[-2.47561,36.85861],[-2.47506,36.85858],[-2.47498,36.85857],[-2.47498,36.85852],[-2.47488,36.85849],[-2.47484,36.85862],[-2.47495,36.85864],[-2.47497,36.85861],[-2.47616,36.85888],[-2.47644,36.85922],[-2.47638,36.85925],[-2.47643,36.85932],[-2.47657,36.85926],[-2.47652,36.85919],[-2.47648,36.85919]]]},"properties":{"dam_id":"way/31772170","osm_type":"way","osm_id":31772170,"country":"ES","name":"Presa de Belén - Cagüeta","uso":"desconhecido"}},{"type":"Feature","geometry":{"type":"LineString","coordinates":[[-2.49741,36.86485],[-2.49705,36.86508]]},"properties":{"dam_id":"way/31772189","osm_type":"way","osm_id":31772189,"country":"ES","name":null,"uso":"desconhecido"}},{"type":"Feature","geometry":{"type":"LineString","coordinates":[[-2.50645,36.8731],[-2.50694,36.8724]]},"properties":{"dam_id":"way/31772204","osm_type":"way","osm_id":31772204,"country":"ES","name":"Presa de Belén - Flores","uso":"desconhecido"}},{"type":"Feature","geometry":{"type":"LineString","coordinates":[[-2.48687,36.86077],[-2.48672,36.86111]]},"properties":{"dam_id":"way/31772207","osm_type":"way","osm_id":31772207,"country":"ES","name":null,"uso":"desconhecido"}},{"type":"Feature","geometry":{"type":"Polygon","coordinates":[[[-2.48043,36.85773],[-2.48035,36.85773],[-2.48027,36.85829],[-2.48,36.85823],[-2.47997,36.85835],[-2.48023,36.85844],[-2.48003,36.85894],[-2.4801,36.85897],[-2.48034,36.85834],[-2.48043,36.85773]]]},"properties":{"dam_id":"way/31772228","osm_type":"way","osm_id":31772228,"country":"ES","name":"Presa de Belén - Gato","uso":"desconhecido"}},{"type":"Feature","geometry":{"type":"LineString","coordinates":[[-2.46761,36.86272],[-2.46782,36.86213]]},"properties":{"dam_id":"way/31774902","osm_type":"way","osm_id":31774902,"country":"ES","name":null,"uso":"desconhecido"}},{"type":"Feature","geometry":{"type":"LineString","coordinates":[[-2.46894,36.87461],[-2.46958,36.87446]]},"properties":{"dam_id":"way/31789510","osm_type":"way","osm_id":31789510,"country":"ES","name":null,"uso":"desconhecido"}},{"type":"Feature","geometry":{"type":"LineString","coordinates":[[-2.45961,36.86538],[-2.45933,36.86582]]},"properties":{"dam_id":"way/31790166","osm_type":"way","osm_id":31790166,"country":"ES","name":null,"uso":"desconhecido"}},{"type":"Feature","geometry":{"type":"LineString","coordinates":[[-2.4555,36.86291],[-2.45514,36.86304],[-2.45484,36.86306],[-2.45451,36.86304]]},"properties":{"dam_id":"way/31790168","osm_type":"way","osm_id":31790168,"country":"ES","name":null,"uso":"desconhecido"}},{"type":"Feature","geometry":{"type":"LineString","coordinates":[[-2.46318,36.87906],[-2.46313,36.87931]]},"properties":{"dam_id":"way/31790657","osm_type":"way","osm_id":31790657,"country":"ES","name":null,"uso":"desconhecido"}},{"type":"Feature","geometry":{"type":"LineString","coordinates":[[-2.45696,36.87828],[-2.45703,36.87784]]},"properties":{"dam_id":"way/31790662","osm_type":"way","osm_id":31790662,"country":"ES","name":null,"uso":"desconhecido"}},{"type":"Feature","geometry":{"type":"LineString","coordinates":[[-2.15966,36.98213],[-2.15958,36.98224],[-2.15936,36.98242]]},"properties":{"dam_id":"way/31792054","osm_type":"way","osm_id":31792054,"country":"ES","name":"Embalse de Isabel II","uso":"desconhecido"}},{"type":"Feature","geometry":{"type":"Polygon","coordinates":[[[-0.37542,39.78821],[-0.37626,39.78811],[-0.37677,39.78798],[-0.37735,39.78774],[-0.37784,39.78741],[-0.37778,39.78737],[-0.37768,39.78743],[-0.37736,39.78747],[-0.37711,39.78745],[-0.37697,39.78726],[-0.37646,39.78748],[-0.37588,39.78763],[-0.3759,39.78796],[-0.37577,39.78802],[-0.37538,39.78813],[-0.37542,39.78821]]]},"properties":{"dam_id":"way/444472599","osm_type":"way","osm_id":444472599,"country":"ES","name":"Presa d'Algar","uso":"desconhecido"}},{"type":"Feature","geometry":{"type":"Polygon","coordinates":[[[-4.10268,40.77988],[-4.10346,40.78025],[-4.10374,40.78044],[-4.10456,40.78182],[-4.10446,40.78191],[-4.10437,40.7819],[-4.10422,40.78178],[-4.10423,40.78175],[-4.10395,40.78146],[-4.10222,40.77974],[-4.10229,40.77969],[-4.10236,40.7798],[-4.10268,40.77988]]]},"properties":{"dam_id":"way/32531978","osm_type":"way","osm_id":32531978,"country":"ES","name":"Presa del Tejo","uso":"desconhecido"}},{"type":"Feature","geometry":{"type":"Polygon","coordinates":[[[-4.09953,40.78937],[-4.0994,40.78918],[-4.09901,40.78899],[-4.0988,40.78904],[-4.09977,40.78972],[-4.09984,40.78978],[-4.0998,40.78983],[-4.09982,40.78985],[-4.09991,40.78977],[-4.09953,40.78937]]]},"properties":{"dam_id":"way/32531986","osm_type":"way","osm_id":32531986,"country":"ES","name":"Presa del Vado de las Cabras","uso":"desconhecido"}},{"type":"Feature","geometry":{"type":"Polygon","coordinates":[[[-3.02656,41.00915],[-3.02603,41.00889],[-3.02567,41.00884],[-3.02535,41.00885],[-3.02452,41.009],[-3.02392,41.00971],[-3.02374,41.00964],[-3.02387,41.00921],[-3.02355,41.0091],[-3.02391,41.00855],[-3.02405,41.00825],[-3.02435,41.00726],[-3.02438,41.00727],[-3.02419,41.00797],[-3.02408,41.00826],[-3.02394,41.00856],[-3.02361,41.00908],[-3.02371,41.00911],[-3.02375,41.00909],[-3.02399,41.00882],[-3.02393,41.00881],[-3.0242,41.00818],[-3.02444,41.00728],[-3.02447,41.00728],[-3.02448,41.00738],[-3.02462,41.00742],[-3.02482,41.00736],[-3.02493,41.00748],[-3.02506,41.00771],[-3.02536,41.00778],[-3.02553,41.00777],[-3.02561,41.00789],[-3.02583,41.00807],[-3.02646,41.00879],[-3.02656,41.00915]]]},"properties":{"dam_id":"way/32540676","osm_type":"way","osm_id":32540676,"country":"ES","name":null,"uso":"desconhecido"}},{"type":"Feature","geometry":{"type":"LineString","coordinates":[[-0.21831,39.99795],[-0.21877,39.99728]]},"properties":{"dam_id":"way/32559642","osm_type":"way","osm_id":32559642,"country":"ES","name":null,"uso":"desconhecido"}},{"type":"Feature","geometry":{"type":"Polygon","coordinates":[[[-5.3881,36.85628],[-5.38822,36.85635],[-5.38856,36.85645],[-5.38908,36.85648],[-5.39148,36.85525],[-5.3915,36.85508],[-5.39138,36.8548],[-5.39127,36.85467],[-5.3881,36.85628]]]},"properties":{"dam_id":"way/32650146","osm_type":"way","osm_id":32650146,"country":"ES","name":null,"uso":"desconhecido"}},{"type":"Feature","geometry":{"type":"Polygon","coordinates":[[[-6.14137,40.18001],[-6.14173,40.17952],[-6.14187,40.17959],[-6.14183,40.17964],[-6.14196,40.17968],[-6.14202,40.17997],[-6.14246,40.17998],[-6.14253,40.17968],[-6.14266,40.17964],[-6.14264,40.17957],[-6.14278,40.17951],[-6.14285,40.17958],[-6.14312,40.1801],[-6.14326,40.18006],[-6.14328,40.18012],[-6.14242,40.18038],[-6.14196,40.18038],[-6.14123,40.18003],[-6.14127,40.17997],[-6.14137,40.18001]]]},"properties":{"dam_id":"way/32912158","osm_type":"way","osm_id":32912158,"country":"ES","name":null,"uso":"hidroelétrica"}},{"type":"Feature","geometry":{"type":"Polygon","coordinates":[[[-0.55813,38.50043],[-0.55806,38.50056],[-0.55785,38.50078],[-0.55776,38.50083],[-0.55743,38.50084],[-0.55738,38.50077],[-0.55775,38.5006],[-0.55793,38.50034],[-0.55813,38.50043]]]},"properties":{"dam_id":"way/33198224","osm_type":"way","osm_id":33198224,"country":"ES","name":"Embalse de Tibi","uso":"desconhecido"}},{"type":"Feature","geometry":{"type":"LineString","coordinates":[[-2.49427,36.8468],[-2.49425,36.84644]]},"properties":{"dam_id":"way/33514371","osm_type":"way","osm_id":33514371,"country":"ES","name":null,"uso":"desconhecido"}},{"type":"Feature","geometry":{"type":"LineString","coordinates":[[-8.08615,43.61587],[-8.08487,43.61585],[-8.08434,43.61581]]},"properties":{"dam_id":"way/36813233","osm_type":"way","osm_id":36813233,"country":"ES","name":null,"uso":"desconhecido"}},{"type":"Feature","geometry":{"type":"Polygon","coordinates":[[[-3.94007,40.52956],[-3.93935,40.5295],[-3.93938,40.52931],[-3.94009,40.52938],[-3.94007,40.52956]]]},"properties":{"dam_id":"way/37248689","osm_type":"way","osm_id":37248689,"country":"ES","name":null,"uso":"desconhecido"}},{"type":"Feature","geometry":{"type":"Polygon","coordinates":[[[-0.31432,42.75009],[-0.31372,42.74984],[-0.31365,42.74992],[-0.31402,42.75016],[-0.31432,42.75027],[-0.31461,42.75032],[-0.31496,42.75031],[-0.31527,42.75027],[-0.31561,42.75015],[-0.31557,42.75005],[-0.31465,42.75015],[-0.31432,42.75009]]]},"properties":{"dam_id":"way/37897458","osm_type":"way","osm_id":37897458,"country":"ES","name":"Embalse de Lanuza","uso":"desconhecido"}},{"type":"Feature","geometry":{"type":"LineString","coordinates":[[-0.32737,42.7892],[-0.327,42.78927]]},"properties":{"dam_id":"way/37898061","osm_type":"way","osm_id":37898061,"country":"ES","name":null,"uso":"desconhecido"}},{"type":"Feature","geometry":{"type":"Polygon","coordinates":[[[-0.31696,42.68071],[-0.31695,42.68063],[-0.31643,42.68065],[-0.31618,42.68063],[-0.31606,42.6806],[-0.31585,42.6806],[-0.3156,42.68057],[-0.3156,42.68067],[-0.31502,42.68066],[-0.3149,42.68058],[-0.31483,42.68063],[-0.31494,42.68073],[-0.31486,42.68076],[-0.31489,42.68081],[-0.31501,42.68079],[-0.31536,42.68094],[-0.31581,42.68105],[-0.31618,42.68103],[-0.31651,42.68094],[-0.31696,42.68071]]]},"properties":{"dam_id":"way/321056036","osm_type":"way","osm_id":321056036,"country":"ES","name":"Pantano de Bubal","uso":"desconhecido"}},{"type":"Feature","geometry":{"type":"LineString","coordinates":[[-5.99669,40.01982],[-5.99386,40.01965]]},"properties":{"dam_id":"way/38290735","osm_type":"way","osm_id":38290735,"country":"ES","name":"La Cobachilla","uso":"desconhecido"}},{"type":"Feature","geometry":{"type":"LineString","coordinates":[[-2.52568,41.83304],[-2.5256,41.83383]]},"properties":{"dam_id":"way/42529187","osm_type":"way","osm_id":42529187,"country":"ES","name":"Presa de Buitrago","uso":"desconhecido"}},{"type":"Feature","geometry":{"type":"Polygon","coordinates":[[[2.61189,41.98775],[2.61244,41.9867],[2.6122,41.98653],[2.61222,41.98649],[2.61253,41.98672],[2.61201,41.98777],[2.61189,41.98775]]]},"properties":{"dam_id":"way/43022618","osm_type":"way","osm_id":43022618,"country":"ES","name":"Pantà xic del Pasteral","uso":"hidroelétrica"}},{"type":"Feature","geometry":{"type":"Polygon","coordinates":[[[-0.26563,38.53302],[-0.26577,38.533],[-0.26574,38.53291],[-0.26561,38.53294],[-0.26529,38.53309],[-0.26502,38.53313],[-0.26481,38.53334],[-0.26464,38.53342],[-0.26437,38.53367],[-0.2642,38.53394],[-0.26367,38.5346],[-0.2635,38.5349],[-0.26362,38.53495],[-0.26563,38.53302]]]},"properties":{"dam_id":"way/43901067","osm_type":"way","osm_id":43901067,"country":"ES","name":"Presa del Amadorio","uso":"desconhecido"}},{"type":"Feature","geometry":{"type":"LineString","coordinates":[[-4.69601,40.72368],[-4.69604,40.72379],[-4.6962,40.72397],[-4.69634,40.72404],[-4.69685,40.7242],[-4.69709,40.72437],[-4.69726,40.72456],[-4.6974,40.72488],[-4.69741,40.72523],[-4.69737,40.72543],[-4.6971,40.7262],[-4.69706,40.72639],[-4.69713,40.72662],[-4.69723,40.72676]]},"properties":{"dam_id":"way/44136714","osm_type":"way","osm_id":44136714,"country":"ES","name":"Presa de Las Cogotas","uso":"desconhecido"}},{"type":"Feature","geometry":{"type":"Polygon","coordinates":[[[-4.11808,40.66417],[-4.11818,40.6642],[-4.11707,40.66579],[-4.11698,40.66574],[-4.11715,40.66496],[-4.11731,40.66474],[-4.11808,40.66417]]]},"properties":{"dam_id":"way/45432213","osm_type":"way","osm_id":45432213,"country":"ES","name":"Presa de La Jarosa","uso":"desconhecido"}},{"type":"Feature","geometry":{"type":"Polygon","coordinates":[[[-0.35243,42.74423],[-0.35228,42.74429],[-0.35264,42.74498],[-0.35219,42.74543],[-0.35225,42.74556],[-0.35294,42.7457],[-0.35311,42.74585],[-0.3534,42.74583],[-0.35343,42.74587],[-0.35349,42.74585],[-0.35243,42.74423]]]},"properties":{"dam_id":"way/45638922","osm_type":"way","osm_id":45638922,"country":"ES","name":"Embalse de Escarra","uso":"desconhecido"}},{"type":"Feature","geometry":{"type":"LineString","coordinates":[[0.51034,41.50097],[0.50987,41.49971]]},"properties":{"dam_id":"way/45783641","osm_type":"way","osm_id":45783641,"country":"ES","name":"Camí d'Utxesa","uso":"desconhecido"}},{"type":"Feature","geometry":{"type":"LineString","coordinates":[[-4.69879,40.7608],[-4.69909,40.76064],[-4.69926,40.76061],[-4.69953,40.76062],[-4.69976,40.76072],[-4.69988,40.76081],[-4.69994,40.76091],[-4.69999,40.7611]]},"properties":{"dam_id":"way/46551627","osm_type":"way","osm_id":46551627,"country":"ES","name":null,"uso":"desconhecido"}},{"type":"Feature","geometry":{"type":"Polygon","coordinates":[[[-3.96518,41.42815],[-3.96482,41.42824],[-3.9647,41.42833],[-3.96465,41.42843],[-3.96469,41.42864],[-3.96488,41.42882],[-3.96493,41.42878],[-3.96482,41.42872],[-3.96476,41.42864],[-3.96475,41.42845],[-3.96487,41.4283],[-3.96503,41.42823],[-3.96519,41.42819],[-3.96518,41.42815]]]},"properties":{"dam_id":"way/47292653","osm_type":"way","osm_id":47292653,"country":"ES","name":null,"uso":"desconhecido"}},{"type":"Feature","geometry":{"type":"Polygon","coordinates":[[[-3.88479,41.33759],[-3.88503,41.33744],[-3.88513,41.33753],[-3.88537,41.33735],[-3.88587,41.33704],[-3.8859,41.33708],[-3.88583,41.33712],[-3.88588,41.33719],[-3.88586,41.33724],[-3.8854,41.33756],[-3.88533,41.33756],[-3.88522,41.33763],[-3.88515,41.33757],[-3.88494,41.33771],[-3.88479,41.33759]]]},"properties":{"dam_id":"way/47318397","osm_type":"way","osm_id":47318397,"country":"ES","name":"Presa del Embalse de Burgomillodo","uso":"desconhecido"}},{"type":"Feature","geometry":{"type":"LineString","coordinates":[[-5.72501,40.99133],[-5.72543,40.99144],[-5.72566,40.99144],[-5.72601,40.99156],[-5.72673,40.99215],[-5.72696,40.99225],[-5.72697,40.99232]]},"properties":{"dam_id":"way/48452489","osm_type":"way","osm_id":48452489,"country":"ES","name":null,"uso":"desconhecido"}},{"type":"Feature","geometry":{"type":"Polygon","coordinates":[[[-3.82142,40.70811],[-3.82149,40.70802],[-3.81837,40.70687],[-3.81749,40.70646],[-3.81731,40.7064],[-3.81698,40.70636],[-3.81646,40.70642],[-3.81393,40.70688],[-3.81394,40.70692],[-3.81341,40.70701],[-3.81307,40.70761],[-3.81169,40.70796],[-3.81159,40.70794],[-3.81285,40.70757],[-3.81303,40.70748],[-3.81336,40.70699],[-3.81392,40.70684],[-3.81393,40.70663],[-3.81523,40.70622],[-3.81687,40.706],[-3.81773,40.70619],[-3.82162,40.70772],[-3.82157,40.7079],[-3.82188,40.7079],[-3.82191,40.708],[-3.82184,40.70804],[-3.82189,40.70818],[-3.82208,40.70834],[-3.82417,40.70889],[-3.824,40.70888],[-3.82214,40.70842],[-3.82196,40.70834],[-3.82181,40.70823],[-3.82172,40.70808],[-3.82171,40.70795],[-3.82156,40.70794],[-3.82145,40.70811],[-3.82142,40.70811]]]},"properties":{"dam_id":"way/48848775","osm_type":"way","osm_id":48848775,"country":"ES","name":"Presa de Santillana","uso":"desconhecido"}},{"type":"Feature","geometry":{"type":"Polygon","coordinates":[[[-3.80737,40.64955],[-3.8075,40.64966],[-3.80779,40.64972],[-3.8078,40.64968],[-3.80754,40.64958],[-3.80756,40.64954],[-3.80753,40.6495],[-3.80745,40.64952],[-3.80744,40.64955],[-3.80739,40.64953],[-3.80737,40.64955]]]},"properties":{"dam_id":"way/48850819","osm_type":"way","osm_id":48850819,"country":"ES","name":"Presa del Grajal","uso":"desconhecido"}},{"type":"Feature","geometry":{"type":"Polygon","coordinates":[[[-5.97555,43.38255],[-5.97515,43.38302],[-5.9751,43.38295],[-5.97512,43.38292],[-5.97516,43.38297],[-5.97519,43.38296],[-5.9751,43.3828],[-5.97512,43.38276],[-5.97527,43.38274],[-5.97546,43.38251],[-5.97555,43.38255]]]},"properties":{"dam_id":"way/48857833","osm_type":"way","osm_id":48857833,"country":"ES","name":"Priañes","uso":"hidroelétrica"}},{"type":"Feature","geometry":{"type":"Polygon","coordinates":[[[-3.90026,40.57296],[-3.89923,40.57316],[-3.89839,40.57331],[-3.89903,40.57303],[-3.89915,40.573],[-3.90026,40.57296]]]},"properties":{"dam_id":"way/48874148","osm_type":"way","osm_id":48874148,"country":"ES","name":"Presa de Los Peñascales","uso":"desconhecido"}},{"type":"Feature","geometry":{"type":"LineString","coordinates":[[-5.94131,40.46775],[-5.94114,40.46752]]},"properties":{"dam_id":"way/48906606","osm_type":"way","osm_id":48906606,"country":"ES","name":null,"uso":"desconhecido"}},{"type":"Feature","geometry":{"type":"Polygon","coordinates":[[[-5.18318,39.14474],[-5.18464,39.14429],[-5.18487,39.1443],[-5.18545,39.14412],[-5.18564,39.14412],[-5.18578,39.14419],[-5.18555,39.14379],[-5.1855,39.14393],[-5.18537,39.14402],[-5.18531,39.14388],[-5.18509,39.14392],[-5.18506,39.14385],[-5.18402,39.14417],[-5.18379,39.14379],[-5.18317,39.14397],[-5.18338,39.14438],[-5.18337,39.14452],[-5.18318,39.14474]]]},"properties":{"dam_id":"way/909437122","osm_type":"way","osm_id":909437122,"country":"ES","name":"Presa de García de Sola","uso":"desconhecido"}},{"type":"Feature","geometry":{"type":"LineString","coordinates":[[-6.29844,39.48585],[-6.29616,39.48917]]},"properties":{"dam_id":"way/50435909","osm_type":"way","osm_id":50435909,"country":"ES","name":null,"uso":"desconhecido"}},{"type":"Feature","geometry":{"type":"LineString","coordinates":[[-5.4664,39.2371],[-5.47652,39.23805]]},"properties":{"dam_id":"way/50445988","osm_type":"way","osm_id":50445988,"country":"ES","name":null,"uso":"desconhecido"}},{"type":"Feature","geometry":{"type":"LineString","coordinates":[[-6.23379,39.21923],[-6.23458,39.21939],[-6.23618,39.22176],[-6.23757,39.22298]]},"properties":{"dam_id":"way/50556460","osm_type":"way","osm_id":50556460,"country":"ES","name":null,"uso":"desconhecido"}},{"type":"Feature","geometry":{"type":"Polygon","coordinates":[[[-3.4955,36.8591],[-3.49587,36.86012],[-3.49667,36.85986],[-3.49709,36.85976],[-3.49729,36.85967],[-3.49774,36.85938],[-3.49844,36.85873],[-3.49859,36.85882],[-3.49714,36.85992],[-3.49639,36.86017],[-3.49658,36.8604],[-3.49643,36.86053],[-3.49642,36.86061],[-3.49639,36.86061],[-3.49641,36.86064],[-3.49633,36.8607],[-3.49634,36.86073],[-3.4963,36.86076],[-3.49633,36.86079],[-3.49628,36.86085],[-3.49636,36.86088],[-3.49635,36.86094],[-3.49644,36.86098],[-3.49643,36.86101],[-3.49649,36.86101],[-3.49648,36.86112],[-3.49663,36.86118],[-3.49661,36.86122],[-3.49673,36.86131],[-3.49677,36.8613],[-3.49678,36.86134],[-3.49684,36.86133],[-3.49689,36.86153],[-3.49698,36.86162],[-3.4971,36.86165],[-3.49703,36.86187],[-3.49711,36.86194],[-3.49714,36.86203],[-3.49708,36.86213],[-3.49697,36.86217],[-3.4968,36.86214],[-3.49646,36.86186],[-3.49629,36.8616],[-3.49603,36.86137],[-3.49564,36.86095],[-3.49522,36.86035],[-3.49497,36.85983],[-3.49475,36.859],[-3.49471,36.85848],[-3.49474,36.85799],[-3.4948,36.85764],[-3.49479,36.85739],[-3.49462,36.85722],[-3.49413,36.8573],[-3.49407,36.85729],[-3.49383,36.85713],[-3.49371,36.85711],[-3.49378,36.85703],[-3.49382,36.85684],[-3.49421,36.85704],[-3.49463,36.85697],[-3.49481,36.85712],[-3.49499,36.857],[-3.49534,36.85704],[-3.49547,36.85717],[-3.49564,36.85768],[-3.49555,36.85773],[-3.49562,36.85777],[-3.49571,36.85791],[-3.49569,36.85792],[-3.49573,36.85794],[-3.49571,36.85796],[-3.49575,36.85798],[-3.49572,36.85801],[-3.49578,36.85806],[-3.4958,36.8582],[-3.49588,36.8583],[-3.49587,36.85832],[-3.49601,36.85859],[-3.49597,36.85863],[-3.49603,36.85867],[-3.49676,36.85868],[-3.4971,36.85854],[-3.49773,36.85814],[-3.4979,36.85831],[-3.497,36.85883],[-3.49643,36.85898],[-3.4955,36.8591]]]},"properties":{"dam_id":"way/51176811","osm_type":"way","osm_id":51176811,"country":"ES","name":"Presa de Rules","uso":"desconhecido"}},{"type":"Feature","geometry":{"type":"Polygon","coordinates":[[[-4.70795,40.01727],[-4.70813,40.01721],[-4.70799,40.01695],[-4.7081,40.01692],[-4.70649,40.0135],[-4.70642,40.01352],[-4.70599,40.01263],[-4.70606,40.01261],[-4.70542,40.01126],[-4.70532,40.01125],[-4.70531,40.01122],[-4.70548,40.01117],[-4.70616,40.01261],[-4.70632,40.01257],[-4.70673,40.01341],[-4.70658,40.01346],[-4.70821,40.01695],[-4.70804,40.017],[-4.70816,40.01724],[-4.70806,40.01727],[-4.70926,40.01983],[-4.70921,40.01984],[-4.70807,40.01741],[-4.70811,40.0174],[-4.70809,40.01737],[-4.70798,40.01738],[-4.70793,40.01733],[-4.70795,40.01727]]]},"properties":{"dam_id":"way/51326337","osm_type":"way","osm_id":51326337,"country":"ES","name":"Presa de Cazalegas","uso":"desconhecido"}},{"type":"Feature","geometry":{"type":"Polygon","coordinates":[[[-6.82889,42.11479],[-6.83094,42.11624],[-6.83164,42.1167],[-6.82994,42.11611],[-6.82942,42.11545],[-6.82903,42.11505],[-6.82889,42.11479]]]},"properties":{"dam_id":"way/51343492","osm_type":"way","osm_id":51343492,"country":"ES","name":null,"uso":"desconhecido"}},{"type":"Feature","geometry":{"type":"Polygon","coordinates":[[[-6.88728,39.73141],[-6.887,39.73117],[-6.88619,39.73038],[-6.88553,39.73003],[-6.88622,39.72933],[-6.88555,39.72885],[-6.8856,39.72882],[-6.88535,39.72858],[-6.88477,39.72903],[-6.88491,39.72913],[-6.88449,39.72953],[-6.88433,39.72954],[-6.88357,39.72936],[-6.88293,39.72907],[-6.88354,39.72867],[-6.88425,39.7283],[-6.8851,39.72806],[-6.88605,39.72789],[-6.8859,39.72726],[-6.88498,39.72741],[-6.88411,39.72761],[-6.88312,39.72799],[-6.88225,39.72849],[-6.88182,39.72813],[-6.88158,39.72835],[-6.88148,39.72832],[-6.88141,39.72839],[-6.88181,39.72861],[-6.88216,39.72862],[-6.8827,39.72921],[-6.8871,39.73142],[-6.88723,39.73148],[-6.88728,39.73141]]]},"properties":{"dam_id":"way/51371896","osm_type":"way","osm_id":51371896,"country":"ES","name":"Salto Jose María de Oriol","uso":"hidroelétrica"}},{"type":"Feature","geometry":{"type":"Polygon","coordinates":[[[-6.2324,42.31591],[-6.23252,42.31598],[-6.2316,42.31715],[-6.23072,42.32163],[-6.23055,42.32115],[-6.23049,42.32076],[-6.23052,42.32018],[-6.23049,42.3198],[-6.23041,42.31957],[-6.23078,42.31774],[-6.23145,42.31675],[-6.2324,42.31591]]]},"properties":{"dam_id":"way/51409146","osm_type":"way","osm_id":51409146,"country":"ES","name":null,"uso":"desconhecido"}},{"type":"Feature","geometry":{"type":"Polygon","coordinates":[[[-4.00087,43.09464],[-4.00081,43.09456],[-4.00029,43.09463],[-4.00025,43.09455],[-3.99993,43.09462],[-3.99969,43.09471],[-3.99974,43.09477],[-3.99951,43.09489],[-3.99924,43.09508],[-3.99922,43.09507],[-3.99908,43.09514],[-3.99908,43.09517],[-3.99916,43.09528],[-3.99957,43.09498],[-3.99999,43.09479],[-4.00051,43.09468],[-4.00087,43.09464]]]},"properties":{"dam_id":"way/51820354","osm_type":"way","osm_id":51820354,"country":"ES","name":"Presa de Alsa","uso":"desconhecido"}},{"type":"Feature","geometry":{"type":"Polygon","coordinates":[[[-4.01263,43.07172],[-4.01334,43.07335],[-4.01342,43.07333],[-4.01277,43.07173],[-4.01272,43.07174],[-4.01268,43.07163],[-4.01264,43.07164],[-4.01263,43.07172]]]},"properties":{"dam_id":"way/51821482","osm_type":"way","osm_id":51821482,"country":"ES","name":"Presa de Matahoz","uso":"desconhecido"}},{"type":"Feature","geometry":{"type":"LineString","coordinates":[[-6.86848,39.68566],[-6.86722,39.68468]]},"properties":{"dam_id":"way/52045798","osm_type":"way","osm_id":52045798,"country":"ES","name":null,"uso":"desconhecido"}},{"type":"Feature","geometry":{"type":"Polygon","coordinates":[[[-6.05814,42.64931],[-6.05813,42.64929],[-6.05834,42.64919],[-6.06088,42.64811],[-6.06091,42.64813],[-6.05814,42.64931]]]},"properties":{"dam_id":"way/52442734","osm_type":"way","osm_id":52442734,"country":"ES","name":"Muro de contención","uso":"desconhecido"}},{"type":"Feature","geometry":{"type":"Polygon","coordinates":[[[-2.90376,37.76214],[-2.90373,37.76229],[-2.90318,37.76227],[-2.90286,37.76217],[-2.90259,37.76197],[-2.9025,37.76194],[-2.9025,37.76191],[-2.90261,37.76187],[-2.90264,37.76181],[-2.90268,37.76182],[-2.90269,37.76195],[-2.90284,37.76209],[-2.90305,37.76191],[-2.90321,37.762],[-2.90328,37.76209],[-2.90336,37.76213],[-2.9037,37.76217],[-2.90376,37.76214]]]},"properties":{"dam_id":"way/52571655","osm_type":"way","osm_id":52571655,"country":"ES","name":"La Bolera","uso":"desconhecido"}},{"type":"Feature","geometry":{"type":"Polygon","coordinates":[[[-2.78644,37.8043],[-2.78705,37.80415],[-2.78755,37.80392],[-2.78793,37.80368],[-2.7888,37.8028],[-2.79055,37.80166],[-2.79216,37.80113],[-2.79237,37.80111],[-2.79235,37.80115],[-2.79238,37.80116],[-2.79241,37.80112],[-2.79241,37.80098],[-2.79217,37.80087],[-2.79069,37.8013],[-2.79025,37.8015],[-2.78906,37.8023],[-2.78856,37.80272],[-2.78783,37.80293],[-2.78692,37.80326],[-2.78676,37.80327],[-2.78655,37.803],[-2.78642,37.80318],[-2.78657,37.80322],[-2.78663,37.80338],[-2.78648,37.8035],[-2.78626,37.8036],[-2.78621,37.80378],[-2.78621,37.80404],[-2.78609,37.80431],[-2.78644,37.8043]]]},"properties":{"dam_id":"way/52571680","osm_type":"way","osm_id":52571680,"country":"ES","name":"El Portillo","uso":"desconhecido"}},{"type":"Feature","geometry":{"type":"LineString","coordinates":[[-6.08418,42.7254],[-6.08429,42.72536],[-6.08434,42.72528],[-6.08433,42.72517],[-6.08422,42.72508]]},"properties":{"dam_id":"way/52612748","osm_type":"way","osm_id":52612748,"country":"ES","name":null,"uso":"desconhecido"}},{"type":"Feature","geometry":{"type":"Polygon","coordinates":[[[-6.55081,42.55534],[-6.55068,42.55517],[-6.55094,42.55508],[-6.55102,42.5546],[-6.5511,42.5546],[-6.551,42.55496],[-6.55104,42.55532],[-6.55081,42.55534]]]},"properties":{"dam_id":"way/52675560","osm_type":"way","osm_id":52675560,"country":"ES","name":"Presa de Montearenas","uso":"desconhecido"}},{"type":"Feature","geometry":{"type":"Polygon","coordinates":[[[-6.18757,41.57575],[-6.18772,41.57586],[-6.18772,41.57592],[-6.18767,41.57593],[-6.18737,41.57565],[-6.18733,41.57564],[-6.18723,41.57547],[-6.18719,41.57547],[-6.18714,41.57528],[-6.1871,41.57527],[-6.18712,41.57524],[-6.18708,41.57507],[-6.18693,41.57502],[-6.18671,41.5748],[-6.18688,41.57479],[-6.18723,41.57467],[-6.1873,41.57471],[-6.18729,41.57476],[-6.18712,41.57488],[-6.18716,41.57503],[-6.18826,41.57495],[-6.18759,41.57517],[-6.18773,41.57545],[-6.18844,41.57522],[-6.18757,41.57575]]]},"properties":{"dam_id":"way/53085066","osm_type":"way","osm_id":53085066,"country":"ES","name":"Salto de Castro","uso":"hidroelétrica"}},{"type":"Feature","geometry":{"type":"Polygon","coordinates":[[[-6.56035,42.57839],[-6.56032,42.57835],[-6.56008,42.57704],[-6.56026,42.57694],[-6.56049,42.57707],[-6.56086,42.577],[-6.56091,42.57712],[-6.56131,42.57713],[-6.56142,42.5772],[-6.56146,42.5778],[-6.56139,42.57779],[-6.56138,42.57788],[-6.56124,42.57789],[-6.56107,42.57782],[-6.56092,42.57786],[-6.56046,42.57832],[-6.56035,42.57839]]]},"properties":{"dam_id":"way/53176328","osm_type":"way","osm_id":53176328,"country":"ES","name":"Presa de Bárcena","uso":"desconhecido"}},{"type":"Feature","geometry":{"type":"LineString","coordinates":[[-6.58299,42.56206],[-6.58254,42.56194]]},"properties":{"dam_id":"way/53181490","osm_type":"way","osm_id":53181490,"country":"ES","name":"Presa Fuente del Azufre","uso":"desconhecido"}},{"type":"Feature","geometry":{"type":"Polygon","coordinates":[[[-6.45365,42.83343],[-6.45357,42.83384],[-6.45363,42.83438],[-6.45376,42.83452],[-6.45486,42.83485],[-6.45519,42.83481],[-6.45485,42.83491],[-6.45447,42.83491],[-6.45398,42.83482],[-6.45373,42.83469],[-6.45359,42.83457],[-6.4534,42.83432],[-6.45333,42.83399],[-6.45345,42.83364],[-6.45365,42.83343]]]},"properties":{"dam_id":"way/53602062","osm_type":"way","osm_id":53602062,"country":"ES","name":"Presa Matalavilla","uso":"desconhecido"}},{"type":"Feature","geometry":{"type":"Polygon","coordinates":[[[-6.35054,42.90778],[-6.35054,42.90761],[-6.35043,42.90724],[-6.35028,42.90724],[-6.35031,42.90721],[-6.35042,42.90719],[-6.3504,42.90712],[-6.35025,42.90712],[-6.35038,42.90708],[-6.35036,42.90699],[-6.35022,42.90699],[-6.35035,42.90695],[-6.35033,42.90687],[-6.35018,42.90688],[-6.35022,42.90684],[-6.35032,42.90682],[-6.35018,42.90629],[-6.35042,42.9064],[-6.35066,42.90666],[-6.35111,42.90661],[-6.35098,42.90675],[-6.35069,42.90682],[-6.35078,42.90714],[-6.35105,42.90708],[-6.3511,42.90721],[-6.35088,42.9073],[-6.35072,42.9075],[-6.35069,42.90766],[-6.35054,42.90778]]]},"properties":{"dam_id":"way/53635366","osm_type":"way","osm_id":53635366,"country":"ES","name":"Presa de las Rozas","uso":"desconhecido"}},{"type":"Feature","geometry":{"type":"Polygon","coordinates":[[[-6.2317,42.95004],[-6.23204,42.95014],[-6.23209,42.95009],[-6.23179,42.94997],[-6.23184,42.9499],[-6.23175,42.94984],[-6.23166,42.94973],[-6.23158,42.94975],[-6.23153,42.9497],[-6.23156,42.94948],[-6.23143,42.94942],[-6.23139,42.94948],[-6.23139,42.94968],[-6.23143,42.94977],[-6.23139,42.94978],[-6.23144,42.94979],[-6.23147,42.94989],[-6.23151,42.94988],[-6.23156,42.94999],[-6.23159,42.94997],[-6.23163,42.94999],[-6.2316,42.95002],[-6.23167,42.95007],[-6.2317,42.95004]]]},"properties":{"dam_id":"way/1158877086","osm_type":"way","osm_id":1158877086,"country":"ES","name":"Presa de Villaseca","uso":"desconhecido"}},{"type":"Feature","geometry":{"type":"LineString","coordinates":[[-5.92751,42.98871],[-5.92732,42.98877]]},"properties":{"dam_id":"way/54380933","osm_type":"way","osm_id":54380933,"country":"ES","name":null,"uso":"desconhecido"}},{"type":"Feature","geometry":{"type":"Polygon","coordinates":[[[-5.86471,42.84974],[-5.8646,42.84974],[-5.86447,42.84968],[-5.86443,42.84954],[-5.86445,42.84943],[-5.86423,42.8493],[-5.86379,42.84919],[-5.86329,42.84939],[-5.8628,42.84929],[-5.86239,42.84914],[-5.86279,42.8495],[-5.86289,42.84954],[-5.86429,42.8499],[-5.86454,42.8499],[-5.86489,42.84983],[-5.86471,42.84974]]]},"properties":{"dam_id":"way/54448166","osm_type":"way","osm_id":54448166,"country":"ES","name":null,"uso":"desconhecido"}},{"type":"Feature","geometry":{"type":"Polygon","coordinates":[[[-4.86131,42.8728],[-4.86137,42.87291],[-4.86161,42.87321],[-4.86172,42.87312],[-4.86169,42.87297],[-4.86161,42.87287],[-4.86134,42.87273],[-4.86131,42.8728]]]},"properties":{"dam_id":"way/55081816","osm_type":"way","osm_id":55081816,"country":"ES","name":"Presa de Besndino","uso":"desconhecido"}},{"type":"Feature","geometry":{"type":"LineString","coordinates":[[-5.04544,43.15322],[-5.04529,43.15281]]},"properties":{"dam_id":"way/55533417","osm_type":"way","osm_id":55533417,"country":"ES","name":null,"uso":"desconhecido"}},{"type":"Feature","geometry":{"type":"LineString","coordinates":[[-6.30201,39.26284],[-6.30187,39.26311],[-6.30191,39.26331],[-6.30207,39.2636],[-6.30238,39.26389],[-6.30343,39.2674]]},"properties":{"dam_id":"way/55694199","osm_type":"way","osm_id":55694199,"country":"ES","name":null,"uso":"desconhecido"}},{"type":"Feature","geometry":{"type":"Polygon","coordinates":[[[-5.29202,42.92826],[-5.2925,42.92866],[-5.29293,42.92891],[-5.29454,42.92969],[-5.29459,42.92962],[-5.29405,42.92881],[-5.2934,42.9285],[-5.29288,42.92842],[-5.29209,42.92825],[-5.29202,42.92826]]]},"properties":{"dam_id":"way/55937432","osm_type":"way","osm_id":55937432,"country":"ES","name":"Presa de Juan Benet (Embalse del Porma)","uso":"hidroelétrica"}},{"type":"Feature","geometry":{"type":"Polygon","coordinates":[[[-4.85206,42.81163],[-4.85205,42.81157],[-4.85272,42.81127],[-4.85322,42.81107],[-4.85352,42.811],[-4.85356,42.81106],[-4.85206,42.81163]]]},"properties":{"dam_id":"way/56032435","osm_type":"way","osm_id":56032435,"country":"ES","name":"Presa de Velilla del Río Carrión","uso":"desconhecido"}},{"type":"Feature","geometry":{"type":"Polygon","coordinates":[[[-4.82587,42.86071],[-4.82907,42.86122],[-4.82909,42.86115],[-4.82863,42.86106],[-4.82815,42.86077],[-4.82794,42.86073],[-4.82778,42.86063],[-4.82752,42.86053],[-4.82754,42.86045],[-4.82711,42.86038],[-4.82705,42.86039],[-4.827,42.86054],[-4.8268,42.86057],[-4.82649,42.86057],[-4.82621,42.86062],[-4.82591,42.86062],[-4.82587,42.86071]]]},"properties":{"dam_id":"way/56032437","osm_type":"way","osm_id":56032437,"country":"ES","name":"Presa del embalse de Compuerto","uso":"desconhecido"}},{"type":"Feature","geometry":{"type":"Polygon","coordinates":[[[-2.47409,41.70827],[-2.47385,41.70837],[-2.47388,41.70842],[-2.47323,41.70876],[-2.4732,41.70873],[-2.47256,41.70905],[-2.47253,41.70902],[-2.47276,41.70883],[-2.47304,41.70849],[-2.47319,41.70863],[-2.47359,41.70843],[-2.47346,41.70831],[-2.47373,41.70815],[-2.47402,41.70822],[-2.47409,41.70827]]]},"properties":{"dam_id":"way/1237375586","osm_type":"way","osm_id":1237375586,"country":"ES","name":"Presa Los Rábanos","uso":"desconhecido"}},{"type":"Feature","geometry":{"type":"Polygon","coordinates":[[[-5.75851,42.92792],[-5.75869,42.9279],[-5.7589,42.92782],[-5.75909,42.92769],[-5.75926,42.92741],[-5.75927,42.92726],[-5.75922,42.92708],[-5.75912,42.92706],[-5.75911,42.92725],[-5.75901,42.92752],[-5.75878,42.9277],[-5.75849,42.92784],[-5.75851,42.92792]]]},"properties":{"dam_id":"way/56698385","osm_type":"way","osm_id":56698385,"country":"ES","name":null,"uso":"desconhecido"}},{"type":"Feature","geometry":{"type":"LineString","coordinates":[[-1.65523,42.82347],[-1.65603,42.8239]]},"properties":{"dam_id":"way/57402817","osm_type":"way","osm_id":57402817,"country":"ES","name":"Presa Santa Engracia","uso":"desconhecido"}},{"type":"Feature","geometry":{"type":"Polygon","coordinates":[[[-3.57138,40.99193],[-3.57158,40.99191],[-3.57163,40.99213],[-3.57156,40.99215],[-3.57164,40.99256],[-3.57156,40.99302],[-3.57138,40.99335],[-3.57112,40.99365],[-3.57086,40.99385],[-3.5705,40.99397],[-3.57045,40.99402],[-3.57049,40.9943],[-3.57031,40.99431],[-3.57024,40.99401],[-3.5703,40.99389],[-3.57049,40.99384],[-3.57075,40.99359],[-3.57083,40.99317],[-3.57068,40.99308],[-3.57073,40.99288],[-3.57087,40.99272],[-3.57105,40.99279],[-3.57146,40.99252],[-3.57146,40.99215],[-3.57138,40.99193]]]},"properties":{"dam_id":"way/57902519","osm_type":"way","osm_id":57902519,"country":"ES","name":"Presa de Puentes Viejas","uso":"hidroelétrica"}},{"type":"Feature","geometry":{"type":"Polygon","coordinates":[[[-3.56405,40.94796],[-3.56391,40.94794],[-3.56398,40.94776],[-3.56397,40.94767],[-3.56388,40.94756],[-3.56379,40.94752],[-3.56309,40.94752],[-3.56289,40.94749],[-3.56244,40.94734],[-3.56203,40.94768],[-3.56187,40.94757],[-3.56214,40.94729],[-3.56232,40.94725],[-3.56254,40.94725],[-3.56262,40.9473],[-3.56266,40.94721],[-3.56276,40.94716],[-3.56312,40.94724],[-3.56318,40.94735],[-3.56329,40.94729],[-3.56341,40.94731],[-3.56349,40.94736],[-3.56384,40.94738],[-3.56406,40.94717],[-3.56424,40.94731],[-3.56427,40.9474],[-3.56419,40.94751],[-3.56418,40.94767],[-3.56405,40.94796]]]},"properties":{"dam_id":"way/57902521","osm_type":"way","osm_id":57902521,"country":"ES","name":"Embalse de El Villar","uso":"desconhecido"}},{"type":"Feature","geometry":{"type":"Polygon","coordinates":[[[-3.47324,40.9142],[-3.47282,40.91421],[-3.47227,40.91403],[-3.47227,40.91388],[-3.47264,40.91386],[-3.47298,40.91357],[-3.47317,40.91305],[-3.47317,40.91267],[-3.47293,40.9123],[-3.47282,40.91186],[-3.47261,40.91156],[-3.47215,40.91099],[-3.47142,40.91062],[-3.47152,40.9105],[-3.47236,40.91077],[-3.47271,40.91096],[-3.47319,40.91137],[-3.47341,40.91163],[-3.4736,40.91198],[-3.47368,40.91244],[-3.47366,40.91267],[-3.47351,40.91316],[-3.47336,40.91342],[-3.47321,40.91359],[-3.47329,40.91363],[-3.47321,40.91374],[-3.47324,40.9142]]]},"properties":{"dam_id":"way/57907223","osm_type":"way","osm_id":57907223,"country":"ES","name":"Embalse de El Atazar","uso":"desconhecido"}},{"type":"Feature","geometry":{"type":"Polygon","coordinates":[[[-3.64478,40.98255],[-3.64522,40.98276],[-3.65071,40.98603],[-3.65095,40.98605],[-3.65494,40.98528],[-3.65465,40.98541],[-3.65096,40.98626],[-3.6505,40.98624],[-3.64916,40.98542],[-3.64872,40.98538],[-3.64782,40.98486],[-3.64759,40.9844],[-3.64471,40.98263],[-3.64478,40.98255]]]},"properties":{"dam_id":"way/57907231","osm_type":"way","osm_id":57907231,"country":"ES","name":"Embalse del Riosequillo","uso":"desconhecido"}},{"type":"Feature","geometry":{"type":"Polygon","coordinates":[[[-1.29461,38.0431],[-1.29537,38.04276],[-1.29544,38.04282],[-1.29278,38.04449],[-1.29273,38.04443],[-1.29401,38.04347],[-1.29461,38.0431]]]},"properties":{"dam_id":"way/58117249","osm_type":"way","osm_id":58117249,"country":"ES","name":"Presa de Los Rodeos","uso":"desconhecido"}},{"type":"Feature","geometry":{"type":"Polygon","coordinates":[[[-4.30336,40.63604],[-4.30251,40.63621],[-4.30206,40.63625],[-4.30116,40.63622],[-4.30041,40.63611],[-4.30042,40.63606],[-4.30067,40.63609],[-4.30111,40.63609],[-4.30161,40.636],[-4.30215,40.63598],[-4.30228,40.63602],[-4.30242,40.636],[-4.3028,40.63605],[-4.30309,40.63603],[-4.30332,40.63598],[-4.30336,40.63604]]]},"properties":{"dam_id":"way/58998418","osm_type":"way","osm_id":58998418,"country":"ES","name":null,"uso":"desconhecido"}},{"type":"Feature","geometry":{"type":"Polygon","coordinates":[[[-6.24971,42.91709],[-6.24972,42.91694],[-6.24978,42.91634],[-6.24975,42.91638],[-6.24968,42.91699],[-6.24971,42.91709]]]},"properties":{"dam_id":"way/59178582","osm_type":"way","osm_id":59178582,"country":"ES","name":"Presa de Villar de Santiago","uso":"desconhecido"}},{"type":"Feature","geometry":{"type":"LineString","coordinates":[[-6.81835,42.45539],[-6.81849,42.45563],[-6.81883,42.45602],[-6.8191,42.45624],[-6.81961,42.45653],[-6.81974,42.45649],[-6.81979,42.45639]]},"properties":{"dam_id":"way/59544626","osm_type":"way","osm_id":59544626,"country":"ES","name":"Encoro de Penarrubia","uso":"desconhecido"}},{"type":"Feature","geometry":{"type":"Polygon","coordinates":[[[-6.76885,42.49782],[-6.76889,42.49777],[-6.76979,42.49786],[-6.77007,42.49796],[-6.7707,42.49842],[-6.77067,42.49848],[-6.76885,42.49782]]]},"properties":{"dam_id":"way/59551609","osm_type":"way","osm_id":59551609,"country":"ES","name":"Presa de La Campañana","uso":"desconhecido"}},{"type":"Feature","geometry":{"type":"Polygon","coordinates":[[[-4.22175,40.61137],[-4.22174,40.61144],[-4.22162,40.61154],[-4.22169,40.61171],[-4.22173,40.61201],[-4.22167,40.61224],[-4.2215,40.61256],[-4.2213,40.61281],[-4.22101,40.61303],[-4.22049,40.61326],[-4.22035,40.61352],[-4.22009,40.61324],[-4.2204,40.61316],[-4.22082,40.61293],[-4.22106,40.61264],[-4.221,40.61259],[-4.22122,40.61223],[-4.22136,40.61224],[-4.22145,40.61198],[-4.22145,40.61174],[-4.22139,40.61145],[-4.22129,40.61118],[-4.22175,40.61137]]]},"properties":{"dam_id":"way/60046527","osm_type":"way","osm_id":60046527,"country":"ES","name":null,"uso":"desconhecido"}},{"type":"Feature","geometry":{"type":"Polygon","coordinates":[[[-1.31698,37.87591],[-1.31702,37.87588],[-1.31774,37.87626],[-1.31803,37.87646],[-1.31809,37.87643],[-1.31586,37.8749],[-1.31585,37.87495],[-1.31591,37.87501],[-1.31594,37.87513],[-1.3161,37.87525],[-1.31607,37.87528],[-1.31698,37.87591]]]},"properties":{"dam_id":"way/60169165","osm_type":"way","osm_id":60169165,"country":"ES","name":null,"uso":"desconhecido"}},{"type":"Feature","geometry":{"type":"LineString","coordinates":[[0.52221,41.51316],[0.52197,41.51298]]},"properties":{"dam_id":"way/60256709","osm_type":"way","osm_id":60256709,"country":"ES","name":null,"uso":"desconhecido"}},{"type":"Feature","geometry":{"type":"LineString","coordinates":[[-5.49478,40.87315],[-5.49659,40.87331]]},"properties":{"dam_id":"way/60574565","osm_type":"way","osm_id":60574565,"country":"ES","name":"Azud de Villagonzalo","uso":"hidroelétrica"}},{"type":"Feature","geometry":{"type":"Polygon","coordinates":[[[-3.47845,38.16141],[-3.47785,38.16118],[-3.47693,38.16106],[-3.47683,38.16109],[-3.47688,38.16122],[-3.477,38.16121],[-3.47964,38.16223],[-3.47971,38.16214],[-3.47867,38.16165],[-3.47845,38.16141]]]},"properties":{"dam_id":"way/61899448","osm_type":"way","osm_id":61899448,"country":"ES","name":null,"uso":"desconhecido"}},{"type":"Feature","geometry":{"type":"Polygon","coordinates":[[[-3.57328,38.17967],[-3.572,38.1794],[-3.57065,38.17919],[-3.57042,38.17901],[-3.56962,38.17909],[-3.56907,38.17957],[-3.56854,38.17975],[-3.56774,38.17991],[-3.56774,38.18],[-3.56837,38.17993],[-3.57012,38.17968],[-3.57187,38.1795],[-3.57326,38.17973],[-3.57328,38.17967]]]},"properties":{"dam_id":"way/61899470","osm_type":"way","osm_id":61899470,"country":"ES","name":null,"uso":"desconhecido"}},{"type":"Feature","geometry":{"type":"LineString","coordinates":[[2.82854,42.01966],[2.82801,42.01953],[2.82772,42.01952],[2.82732,42.01956],[2.82718,42.01934]]},"properties":{"dam_id":"way/62041564","osm_type":"way","osm_id":62041564,"country":"ES","name":"Resclosa de Can Torres","uso":"desconhecido"}},{"type":"Feature","geometry":{"type":"Polygon","coordinates":[[[-2.79639,38.1756],[-2.79619,38.17551],[-2.796,38.17532],[-2.79586,38.17497],[-2.79584,38.17463],[-2.79588,38.17437],[-2.79604,38.17404],[-2.79621,38.17383],[-2.79643,38.17369],[-2.7963,38.1736],[-2.7964,38.17351],[-2.79656,38.17355],[-2.79691,38.17329],[-2.79674,38.1736],[-2.79677,38.17362],[-2.79645,38.174],[-2.79656,38.17452],[-2.79653,38.17459],[-2.79646,38.17473],[-2.79615,38.17486],[-2.79614,38.17527],[-2.79631,38.17547],[-2.79652,38.17556],[-2.79629,38.17587],[-2.79639,38.1756]]]},"properties":{"dam_id":"way/62266992","osm_type":"way","osm_id":62266992,"country":"ES","name":"Presa del Tranco","uso":"hidroelétrica"}},{"type":"Feature","geometry":{"type":"LineString","coordinates":[[0.21791,42.67727],[0.21776,42.67723],[0.2176,42.67703],[0.21755,42.67681],[0.21761,42.67672],[0.2176,42.67662],[0.21771,42.67646]]},"properties":{"dam_id":"way/62801143","osm_type":"way","osm_id":62801143,"country":"ES","name":null,"uso":"desconhecido"}},{"type":"Feature","geometry":{"type":"LineString","coordinates":[[-5.98503,42.53597],[-5.98489,42.53408]]},"properties":{"dam_id":"way/65157966","osm_type":"way","osm_id":65157966,"country":"ES","name":null,"uso":"desconhecido"}},{"type":"Feature","geometry":{"type":"Polygon","coordinates":[[[-4.38754,43.13357],[-4.38815,43.13301],[-4.38842,43.13284],[-4.38879,43.13272],[-4.38901,43.1327],[-4.38925,43.13273],[-4.38943,43.13278],[-4.38959,43.13286],[-4.38991,43.1331],[-4.38994,43.13309],[-4.38965,43.13285],[-4.38948,43.13276],[-4.38924,43.1327],[-4.38899,43.13268],[-4.38877,43.1327],[-4.38855,43.13275],[-4.38835,43.13284],[-4.38759,43.13337],[-4.38749,43.13332],[-4.38756,43.13323],[-4.38738,43.13313],[-4.3873,43.13322],[-4.3875,43.13343],[-4.38743,43.13353],[-4.38754,43.13357]]]},"properties":{"dam_id":"way/66124789","osm_type":"way","osm_id":66124789,"country":"ES","name":"Embalse de la Cohilla","uso":"desconhecido"}},{"type":"Feature","geometry":{"type":"Polygon","coordinates":[[[-8.18876,42.85509],[-8.18957,42.85506],[-8.19141,42.85516],[-8.19162,42.85522],[-8.19238,42.85676],[-8.19243,42.85808],[-8.19217,42.8582],[-8.19142,42.85767],[-8.18888,42.85522],[-8.187,42.8555],[-8.18701,42.85531],[-8.18876,42.85509]]]},"properties":{"dam_id":"way/67666778","osm_type":"way","osm_id":67666778,"country":"ES","name":"Presa de Portodemouros","uso":"hidroelétrica"}},{"type":"Feature","geometry":{"type":"Polygon","coordinates":[[[-6.42449,40.28448],[-6.42323,40.28445],[-6.42323,40.28451],[-6.42332,40.2845],[-6.42356,40.28459],[-6.42394,40.2846],[-6.42449,40.28452],[-6.42449,40.28448]]]},"properties":{"dam_id":"way/70182799","osm_type":"way","osm_id":70182799,"country":"ES","name":"Presa de los Ángeles","uso":"desconhecido"}},{"type":"Feature","geometry":{"type":"Polygon","coordinates":[[[-6.14254,41.98024],[-6.14047,41.97629],[-6.14037,41.97632],[-6.14049,41.97661],[-6.14066,41.97724],[-6.14097,41.97779],[-6.1409,41.9778],[-6.14092,41.97785],[-6.14081,41.97797],[-6.14057,41.97802],[-6.1407,41.97824],[-6.14078,41.97822],[-6.14098,41.97833],[-6.14116,41.97869],[-6.14131,41.97865],[-6.14135,41.97875],[-6.14144,41.97873],[-6.14198,41.97952],[-6.14245,41.98027],[-6.14254,41.98024]]]},"properties":{"dam_id":"way/70558817","osm_type":"way","osm_id":70558817,"country":"ES","name":null,"uso":"desconhecido"}},{"type":"Feature","geometry":{"type":"Polygon","coordinates":[[[-6.46031,42.01799],[-6.46021,42.01795],[-6.45915,42.01854],[-6.45902,42.0187],[-6.45906,42.01872],[-6.45892,42.01889],[-6.45881,42.01884],[-6.45856,42.01915],[-6.45867,42.0192],[-6.45858,42.01931],[-6.45796,42.01902],[-6.45796,42.01905],[-6.45824,42.01919],[-6.45797,42.01953],[-6.45846,42.01966],[-6.45837,42.01994],[-6.45795,42.02071],[-6.45798,42.02075],[-6.45802,42.02077],[-6.46031,42.01799]]]},"properties":{"dam_id":"way/70558894","osm_type":"way","osm_id":70558894,"country":"ES","name":"Presa de Cernadilla","uso":"desconhecido"}},{"type":"Feature","geometry":{"type":"LineString","coordinates":[[-8.54839,42.3637],[-8.54824,42.36348],[-8.54818,42.36329]]},"properties":{"dam_id":"way/70669065","osm_type":"way","osm_id":70669065,"country":"ES","name":null,"uso":"hidroelétrica"}},{"type":"Feature","geometry":{"type":"Polygon","coordinates":[[[-0.35655,38.8151],[-0.35656,38.81496],[-0.35686,38.81501],[-0.35724,38.81516],[-0.35729,38.81509],[-0.35683,38.81492],[-0.35656,38.81489],[-0.35656,38.81483],[-0.35651,38.81483],[-0.3565,38.81487],[-0.35633,38.81487],[-0.35632,38.81483],[-0.35628,38.81484],[-0.35628,38.81487],[-0.35611,38.81487],[-0.35611,38.81484],[-0.35607,38.81483],[-0.35605,38.81486],[-0.35589,38.81486],[-0.35587,38.81482],[-0.3558,38.81482],[-0.3558,38.81488],[-0.35563,38.81491],[-0.35546,38.81499],[-0.35511,38.81538],[-0.35519,38.81542],[-0.3555,38.81507],[-0.3557,38.81497],[-0.35583,38.81496],[-0.35583,38.81509],[-0.35655,38.8151]]]},"properties":{"dam_id":"way/238412126","osm_type":"way","osm_id":238412126,"country":"ES","name":"Presa de Beniarrés","uso":"desconhecido"}},{"type":"Feature","geometry":{"type":"Polygon","coordinates":[[[-7.71189,42.62736],[-7.71321,42.6274],[-7.71317,42.6277],[-7.71313,42.62771],[-7.71309,42.62795],[-7.71283,42.62846],[-7.71267,42.62865],[-7.71239,42.62885],[-7.71218,42.62896],[-7.71175,42.6291],[-7.71126,42.62918],[-7.71095,42.6292],[-7.71095,42.62923],[-7.71048,42.62924],[-7.71045,42.62941],[-7.71037,42.62951],[-7.70995,42.62962],[-7.70943,42.629],[-7.71045,42.62902],[-7.71035,42.62846],[-7.71016,42.62813],[-7.70984,42.62779],[-7.70953,42.62757],[-7.70969,42.62745],[-7.70991,42.62768],[-7.71023,42.62794],[-7.71091,42.62877],[-7.71094,42.62898],[-7.71182,42.62885],[-7.71222,42.62865],[-7.71237,42.62851],[-7.71261,42.62816],[-7.71274,42.62769],[-7.71189,42.62748],[-7.71189,42.62736]]]},"properties":{"dam_id":"way/70787788","osm_type":"way","osm_id":70787788,"country":"ES","name":"Encoro de Belesar","uso":"hidroelétrica"}},{"type":"Feature","geometry":{"type":"Polygon","coordinates":[[[-7.04148,42.31023],[-7.03924,42.31129],[-7.03931,42.31137],[-7.0406,42.31103],[-7.04082,42.31116],[-7.04087,42.31114],[-7.0409,42.31108],[-7.04097,42.31107],[-7.04105,42.31111],[-7.0411,42.31109],[-7.04098,42.311],[-7.04091,42.31089],[-7.04164,42.31034],[-7.04213,42.31097],[-7.04221,42.31126],[-7.04219,42.31148],[-7.04236,42.3115],[-7.04243,42.3112],[-7.04244,42.31096],[-7.0424,42.31077],[-7.04195,42.31014],[-7.04254,42.30984],[-7.04248,42.30978],[-7.04217,42.30993],[-7.04189,42.31001],[-7.04184,42.30998],[-7.04183,42.31003],[-7.04169,42.31009],[-7.04163,42.31007],[-7.04163,42.31012],[-7.04157,42.31015],[-7.04149,42.31019],[-7.04143,42.31017],[-7.04148,42.31023]]]},"properties":{"dam_id":"way/1304616263","osm_type":"way","osm_id":1304616263,"country":"ES","name":"Encoro de Prada","uso":"desconhecido"}},{"type":"Feature","geometry":{"type":"LineString","coordinates":[[-4.39911,42.26383],[-4.39905,42.26378]]},"properties":{"dam_id":"way/71210016","osm_type":"way","osm_id":71210016,"country":"ES","name":null,"uso":"hidroelétrica"}},{"type":"Feature","geometry":{"type":"Polygon","coordinates":[[[-6.26479,41.48914],[-6.26449,41.4895],[-6.26445,41.4895],[-6.26424,41.48966],[-6.26425,41.48971],[-6.26419,41.4897],[-6.26396,41.48982],[-6.26397,41.48987],[-6.26391,41.48985],[-6.26365,41.48995],[-6.26365,41.49],[-6.2636,41.48997],[-6.26332,41.49003],[-6.2633,41.49009],[-6.26273,41.49013],[-6.26242,41.49032],[-6.26215,41.49003],[-6.26222,41.48996],[-6.26273,41.49002],[-6.26275,41.48993],[-6.2628,41.48991],[-6.26279,41.49002],[-6.2629,41.49002],[-6.26289,41.48988],[-6.26295,41.48985],[-6.26297,41.49002],[-6.26306,41.49001],[-6.26304,41.48982],[-6.26309,41.4898],[-6.26313,41.49],[-6.26323,41.48999],[-6.26314,41.48965],[-6.26335,41.48962],[-6.26377,41.48946],[-6.26392,41.48936],[-6.2639,41.48935],[-6.26404,41.48923],[-6.26419,41.48932],[-6.26426,41.48927],[-6.26447,41.48937],[-6.26451,41.48932],[-6.26434,41.48923],[-6.26441,41.48919],[-6.26456,41.48926],[-6.2646,41.48921],[-6.26446,41.48915],[-6.26453,41.48911],[-6.26464,41.48915],[-6.26469,41.48907],[-6.26479,41.48914]]]},"properties":{"dam_id":"way/71588050","osm_type":"way","osm_id":71588050,"country":"ES","name":"Barragem de Miranda","uso":"hidroelétrica"}},{"type":"Feature","geometry":{"type":"Polygon","coordinates":[[[-4.64352,40.5763],[-4.64355,40.57626],[-4.64373,40.57634],[-4.64431,40.57639],[-4.6449,40.57653],[-4.64555,40.57681],[-4.64575,40.57683],[-4.64575,40.57685],[-4.64555,40.57685],[-4.64459,40.57663],[-4.64352,40.5763]]]},"properties":{"dam_id":"way/72885045","osm_type":"way","osm_id":72885045,"country":"ES","name":null,"uso":"desconhecido"}},{"type":"Feature","geometry":{"type":"Polygon","coordinates":[[[-4.53419,40.4235],[-4.53364,40.4257],[-4.53317,40.42481],[-4.53329,40.42438],[-4.53397,40.42342],[-4.53301,40.42303],[-4.53332,40.42278],[-4.53444,40.42315],[-4.53419,40.4235]]]},"properties":{"dam_id":"way/72910541","osm_type":"way","osm_id":72910541,"country":"ES","name":"Presa del embalse de El Burguillo","uso":"desconhecido"}},{"type":"Feature","geometry":{"type":"LineString","coordinates":[[-6.90086,42.03253],[-6.90098,42.03266],[-6.90098,42.03289]]},"properties":{"dam_id":"way/73698938","osm_type":"way","osm_id":73698938,"country":"ES","name":null,"uso":"desconhecido"}},{"type":"Feature","geometry":{"type":"Polygon","coordinates":[[[-4.72202,37.34929],[-4.7204,37.34922],[-4.7204,37.34917],[-4.72086,37.34892],[-4.72145,37.34893],[-4.72202,37.34921],[-4.72202,37.34929]]]},"properties":{"dam_id":"way/74816977","osm_type":"way","osm_id":74816977,"country":"ES","name":"Presa de Cordobilla","uso":"desconhecido"}},{"type":"Feature","geometry":{"type":"Polygon","coordinates":[[[-7.39206,37.61222],[-7.39484,37.6203],[-7.3953,37.62122],[-7.39562,37.62173],[-7.39613,37.62244],[-7.39675,37.62311],[-7.39776,37.62399],[-7.3983,37.62438],[-7.39886,37.62475],[-7.39952,37.62512],[-7.40092,37.62575],[-7.40169,37.62601],[-7.40213,37.6259],[-7.40212,37.6257],[-7.40157,37.62493],[-7.40142,37.62432],[-7.40128,37.62394],[-7.40048,37.62355],[-7.40013,37.62344],[-7.39893,37.62253],[-7.39881,37.62251],[-7.39842,37.62261],[-7.39839,37.62255],[-7.39737,37.62234],[-7.39676,37.62158],[-7.39609,37.62048],[-7.39585,37.61993],[-7.39361,37.61344],[-7.3931,37.61235],[-7.39309,37.61211],[-7.3925,37.61177],[-7.39222,37.61182],[-7.39217,37.61202],[-7.39206,37.61222]]]},"properties":{"dam_id":"way/76597732","osm_type":"way","osm_id":76597732,"country":"ES","name":"Presa del Andévalo","uso":"desconhecido"}},{"type":"Feature","geometry":{"type":"Polygon","coordinates":[[[-4.91444,43.1598],[-4.91418,43.15976],[-4.9141,43.15967],[-4.91408,43.15967],[-4.91405,43.15974],[-4.91382,43.15972],[-4.914,43.15976],[-4.91389,43.16001],[-4.91393,43.16003],[-4.91391,43.16005],[-4.91397,43.16008],[-4.91399,43.16005],[-4.91404,43.16007],[-4.91415,43.15987],[-4.91435,43.15992],[-4.91438,43.15983],[-4.91442,43.15984],[-4.91444,43.1598]]]},"properties":{"dam_id":"way/79611152","osm_type":"way","osm_id":79611152,"country":"ES","name":"Presa de Cordiñanes","uso":"desconhecido"}},{"type":"Feature","geometry":{"type":"Polygon","coordinates":[[[-5.54521,36.23183],[-5.54453,36.23243],[-5.5432,36.23327],[-5.54238,36.23277],[-5.54193,36.23185],[-5.54322,36.23118],[-5.54448,36.23123],[-5.54469,36.2312],[-5.54505,36.23127],[-5.54521,36.23183]]]},"properties":{"dam_id":"way/80326169","osm_type":"way","osm_id":80326169,"country":"ES","name":null,"uso":"desconhecido"}},{"type":"Feature","geometry":{"type":"Polygon","coordinates":[[[-3.79476,40.53929],[-3.78763,40.5389],[-3.78768,40.53899],[-3.78777,40.53904],[-3.78775,40.53906],[-3.7876,40.53894],[-3.78758,40.53874],[-3.78685,40.53869],[-3.78683,40.53882],[-3.78678,40.5389],[-3.78671,40.53895],[-3.7868,40.53884],[-3.78627,40.53879],[-3.78543,40.53862],[-3.78572,40.53845],[-3.78688,40.53841],[-3.78684,40.5386],[-3.7876,40.53865],[-3.78767,40.53816],[-3.78968,40.53821],[-3.7905,40.53835],[-3.79084,40.53844],[-3.79329,40.53868],[-3.79423,40.53885],[-3.79467,40.53905],[-3.79476,40.53929]]]},"properties":{"dam_id":"way/80529669","osm_type":"way","osm_id":80529669,"country":"ES","name":"Presa del Embalse de El Pardo","uso":"desconhecido"}},{"type":"Feature","geometry":{"type":"Polygon","coordinates":[[[-2.06729,38.19125],[-2.06707,38.19127],[-2.06774,38.19349],[-2.06786,38.19349],[-2.06729,38.19125]]]},"properties":{"dam_id":"way/81309637","osm_type":"way","osm_id":81309637,"country":"ES","name":"Presa de La Risca","uso":"desconhecido"}},{"type":"Feature","geometry":{"type":"LineString","coordinates":[[2.82438,39.8116],[2.82458,39.81154],[2.82486,39.81156]]},"properties":{"dam_id":"way/81429571","osm_type":"way","osm_id":81429571,"country":"ES","name":"Gorg Blau","uso":"desconhecido"}},{"type":"Feature","geometry":{"type":"LineString","coordinates":[[-5.78708,42.75379],[-5.78787,42.7555]]},"properties":{"dam_id":"way/81760631","osm_type":"way","osm_id":81760631,"country":"ES","name":"contraembalse de Selga de Ordás","uso":"desconhecido"}},{"type":"Feature","geometry":{"type":"LineString","coordinates":[[3.12519,42.42539],[3.12511,42.42563],[3.1251,42.4258],[3.12514,42.42617]]},"properties":{"dam_id":"way/82209076","osm_type":"way","osm_id":82209076,"country":"ES","name":null,"uso":"desconhecido"}},{"type":"Feature","geometry":{"type":"LineString","coordinates":[[-6.26688,42.23436],[-6.26713,42.23444],[-6.26741,42.23445],[-6.26835,42.23404]]},"properties":{"dam_id":"way/82313184","osm_type":"way","osm_id":82313184,"country":"ES","name":null,"uso":"desconhecido"}},{"type":"Feature","geometry":{"type":"Polygon","coordinates":[[[-3.0068,39.06112],[-3.00686,39.0611],[-3.0069,39.06096],[-3.00701,39.06089],[-3.00702,39.06071],[-3.00711,39.06071],[-3.00711,39.06063],[-3.00724,39.06062],[-3.00724,39.06058],[-3.0071,39.06057],[-3.00709,39.05979],[-3.00723,39.05979],[-3.00732,39.05963],[-3.00731,39.05948],[-3.00686,39.05897],[-3.00678,39.05881],[-3.0068,39.06112]]]},"properties":{"dam_id":"way/82556355","osm_type":"way","osm_id":82556355,"country":"ES","name":null,"uso":"desconhecido"}},{"type":"Feature","geometry":{"type":"Polygon","coordinates":[[[-4.73813,42.89988],[-4.7378,42.89961],[-4.73749,42.89924],[-4.73735,42.8989],[-4.73729,42.89846],[-4.73795,42.89845],[-4.73811,42.89899],[-4.73837,42.89922],[-4.73813,42.89937],[-4.73809,42.89946],[-4.73813,42.89988]]]},"properties":{"dam_id":"way/82955682","osm_type":"way","osm_id":82955682,"country":"ES","name":"Presa de Camporredondo","uso":"desconhecido"}},{"type":"Feature","geometry":{"type":"Polygon","coordinates":[[[-4.52767,42.86541],[-4.52755,42.86555],[-4.52761,42.86565],[-4.52724,42.86653],[-4.52743,42.86637],[-4.52758,42.86617],[-4.52769,42.86595],[-4.52772,42.86574],[-4.52767,42.86541]]]},"properties":{"dam_id":"way/83047431","osm_type":"way","osm_id":83047431,"country":"ES","name":null,"uso":"desconhecido"}},{"type":"Feature","geometry":{"type":"Polygon","coordinates":[[[-4.52863,42.90557],[-4.52853,42.90567],[-4.52892,42.90567],[-4.5294,42.90619],[-4.52996,42.90664],[-4.52999,42.9067],[-4.52994,42.9069],[-4.52996,42.90701],[-4.5303,42.90723],[-4.53044,42.90715],[-4.53018,42.90693],[-4.53033,42.90672],[-4.53004,42.9064],[-4.52987,42.906],[-4.52969,42.90584],[-4.5294,42.90583],[-4.52902,42.90555],[-4.52863,42.90557]]]},"properties":{"dam_id":"way/83049090","osm_type":"way","osm_id":83049090,"country":"ES","name":null,"uso":"desconhecido"}},{"type":"Feature","geometry":{"type":"Polygon","coordinates":[[[-4.04023,40.74936],[-4.03966,40.74925],[-4.03964,40.7493],[-4.03933,40.74924],[-4.03934,40.74918],[-4.03856,40.74903],[-4.03861,40.74891],[-4.03947,40.74897],[-4.03946,40.749],[-4.03965,40.74904],[-4.03967,40.74899],[-4.04026,40.74929],[-4.04023,40.74936]]]},"properties":{"dam_id":"way/83347705","osm_type":"way","osm_id":83347705,"country":"ES","name":null,"uso":"desconhecido"}},{"type":"Feature","geometry":{"type":"LineString","coordinates":[[-7.17383,42.39054],[-7.17377,42.39053]]},"properties":{"dam_id":"way/83639313","osm_type":"way","osm_id":83639313,"country":"ES","name":"Encoro de San Martiño","uso":"desconhecido"}},{"type":"Feature","geometry":{"type":"Polygon","coordinates":[[[-3.18711,43.10199],[-3.18646,43.10224],[-3.18635,43.10313],[-3.18687,43.10354],[-3.18723,43.10355],[-3.18745,43.10209],[-3.18745,43.10206],[-3.18711,43.10199]]]},"properties":{"dam_id":"way/83687722","osm_type":"way","osm_id":83687722,"country":"ES","name":null,"uso":"desconhecido"}},{"type":"Feature","geometry":{"type":"Polygon","coordinates":[[[-7.54014,39.66241],[-7.54011,39.6624],[-7.5402,39.6623],[-7.54023,39.66232],[-7.54024,39.66228],[-7.53996,39.66217],[-7.53999,39.6621],[-7.54071,39.66236],[-7.54066,39.66243],[-7.5404,39.66233],[-7.5403,39.66236],[-7.54024,39.66269],[-7.54074,39.66288],[-7.54082,39.66285],[-7.54076,39.66295],[-7.54103,39.66305],[-7.5411,39.66305],[-7.54117,39.66295],[-7.54125,39.66301],[-7.54117,39.66314],[-7.5412,39.66316],[-7.54118,39.66319],[-7.54072,39.66303],[-7.54068,39.66308],[-7.54029,39.66293],[-7.54014,39.66318],[-7.54054,39.66331],[-7.54045,39.66356],[-7.54044,39.6638],[-7.54051,39.66405],[-7.54067,39.66428],[-7.54109,39.66405],[-7.54115,39.6641],[-7.54112,39.66412],[-7.54107,39.66409],[-7.54024,39.66455],[-7.54053,39.66484],[-7.54094,39.66517],[-7.54099,39.66542],[-7.54112,39.66548],[-7.54096,39.66559],[-7.54089,39.66557],[-7.54093,39.66548],[-7.54068,39.66534],[-7.54062,39.66544],[-7.54066,39.66551],[-7.54057,39.66549],[-7.54055,39.66541],[-7.54063,39.6653],[-7.54047,39.6652],[-7.5403,39.6653],[-7.54043,39.66517],[-7.54028,39.66505],[-7.54016,39.66513],[-7.54009,39.66514],[-7.54024,39.66501],[-7.5401,39.66489],[-7.53991,39.66497],[-7.54007,39.66485],[-7.53994,39.66471],[-7.53981,39.66476],[-7.53968,39.66472],[-7.53968,39.66466],[-7.53976,39.66471],[-7.5399,39.66467],[-7.53974,39.66444],[-7.53966,39.66444],[-7.53962,39.66441],[-7.53962,39.66434],[-7.53967,39.66431],[-7.53958,39.66406],[-7.53951,39.66404],[-7.53947,39.66399],[-7.53949,39.66393],[-7.53955,39.66391],[-7.53953,39.66365],[-7.53948,39.66364],[-7.53945,39.66357],[-7.53949,39.66352],[-7.53955,39.66351],[-7.53962,39.66325],[-7.53956,39.66323],[-7.53954,39.66316],[-7.53961,39.66311],[-7.53967,39.66312],[-7.53969,39.66307],[-7.53956,39.66305],[-7.5395,39.66309],[-7.53949,39.66307],[-7.53957,39.66301],[-7.53968,39.66303],[-7.53974,39.66291],[-7.53961,39.66285],[-7.53976,39.66288],[-7.53984,39.66276],[-7.53975,39.6627],[-7.53974,39.66263],[-7.53978,39.66261],[-7.53979,39.66268],[-7.53987,39.66273],[-7.53985,39.66266],[-7.53992,39.66267],[-7.53995,39.66263],[-7.53992,39.66262],[-7.54002,39.66249],[-7.54005,39.6625],[-7.54014,39.66241]]]},"properties":{"dam_id":"way/83809634","osm_type":"way","osm_id":83809634,"country":"ES","name":"Central Hidroelétrica de Cedillo","uso":"hidroelétrica"}},{"type":"Feature","geometry":{"type":"Polygon","coordinates":[[[-4.28816,42.79332],[-4.28726,42.79542],[-4.28704,42.79576],[-4.28679,42.79604],[-4.28574,42.79706],[-4.28564,42.79702],[-4.28664,42.79589],[-4.28695,42.79547],[-4.2869,42.79534],[-4.28755,42.79373],[-4.28807,42.79327],[-4.28816,42.79332]]]},"properties":{"dam_id":"way/84191951","osm_type":"way","osm_id":84191951,"country":"ES","name":"Presa de Aguilar de Campoo","uso":"desconhecido"}},{"type":"Feature","geometry":{"type":"LineString","coordinates":[[-4.29022,42.79021],[-4.29333,42.78805]]},"properties":{"dam_id":"way/84197149","osm_type":"way","osm_id":84197149,"country":"ES","name":"muro de contención","uso":"desconhecido"}},{"type":"Feature","geometry":{"type":"Polygon","coordinates":[[[-4.11785,40.66914],[-4.11795,40.66927],[-4.11835,40.67023],[-4.11687,40.67168],[-4.11682,40.67165],[-4.11823,40.67019],[-4.11782,40.66916],[-4.11785,40.66914]]]},"properties":{"dam_id":"way/84630280","osm_type":"way","osm_id":84630280,"country":"ES","name":null,"uso":"desconhecido"}},{"type":"Feature","geometry":{"type":"LineString","coordinates":[[-8.65892,42.74493],[-8.65913,42.74449]]},"properties":{"dam_id":"way/85620950","osm_type":"way","osm_id":85620950,"country":"ES","name":null,"uso":"desconhecido"}},{"type":"Feature","geometry":{"type":"LineString","coordinates":[[-0.78841,41.27493],[-0.78865,41.27486],[-0.78928,41.27474],[-0.78928,41.27471],[-0.78967,41.27466]]},"properties":{"dam_id":"way/86077924","osm_type":"way","osm_id":86077924,"country":"ES","name":"Presa Romana \"La Cuba\"","uso":"desconhecido"}},{"type":"Feature","geometry":{"type":"Polygon","coordinates":[[[-4.33801,38.09199],[-4.34048,38.09167],[-4.34042,38.09149],[-4.34009,38.09128],[-4.33927,38.09089],[-4.339,38.09091],[-4.33836,38.0914],[-4.33808,38.09174],[-4.33801,38.09199]]]},"properties":{"dam_id":"way/86746526","osm_type":"way","osm_id":86746526,"country":"ES","name":null,"uso":"desconhecido"}},{"type":"Feature","geometry":{"type":"LineString","coordinates":[[-3.85227,36.7681],[-3.85209,36.76824]]},"properties":{"dam_id":"way/87041813","osm_type":"way","osm_id":87041813,"country":"ES","name":null,"uso":"desconhecido"}},{"type":"Feature","geometry":{"type":"Polygon","coordinates":[[[-7.52196,37.55929],[-7.52079,37.55846],[-7.51902,37.5572],[-7.51906,37.55717],[-7.5201,37.55775],[-7.52059,37.55797],[-7.52072,37.55785],[-7.52096,37.55803],[-7.5209,37.55808],[-7.52129,37.55839],[-7.52135,37.55833],[-7.5214,37.55836],[-7.52129,37.55846],[-7.52141,37.55854],[-7.52138,37.55857],[-7.52201,37.55925],[-7.52196,37.55929]]]},"properties":{"dam_id":"way/87078962","osm_type":"way","osm_id":87078962,"country":"ES","name":"Barragem do Chança","uso":"desconhecido"}},{"type":"Feature","geometry":{"type":"Polygon","coordinates":[[[-3.19817,40.93302],[-3.19779,40.93308],[-3.19734,40.93304],[-3.19644,40.93318],[-3.19614,40.93289],[-3.19572,40.93294],[-3.1956,40.93297],[-3.19534,40.93273],[-3.19513,40.93284],[-3.19477,40.93295],[-3.19462,40.93306],[-3.19393,40.93381],[-3.19367,40.93381],[-3.19435,40.93235],[-3.19433,40.93234],[-3.19348,40.93416],[-3.19321,40.93409],[-3.19424,40.93219],[-3.19422,40.93208],[-3.1942,40.93208],[-3.19421,40.93219],[-3.19329,40.93385],[-3.19308,40.93375],[-3.19273,40.93364],[-3.19233,40.93381],[-3.19215,40.93429],[-3.19232,40.93437],[-3.19274,40.93427],[-3.19267,40.93458],[-3.19275,40.93462],[-3.19317,40.93422],[-3.19394,40.93443],[-3.19429,40.93444],[-3.19458,40.93438],[-3.1981,40.93327],[-3.19847,40.93312],[-3.19841,40.93304],[-3.19817,40.93302]]]},"properties":{"dam_id":"way/88541874","osm_type":"way","osm_id":88541874,"country":"ES","name":"Persa de Beleña","uso":"desconhecido"}},{"type":"Feature","geometry":{"type":"Polygon","coordinates":[[[-6.8477,43.23747],[-6.84697,43.23693],[-6.8469,43.23676],[-6.84624,43.23686],[-6.84605,43.23651],[-6.84664,43.23628],[-6.84683,43.23558],[-6.84697,43.23551],[-6.84731,43.23596],[-6.84733,43.23594],[-6.84737,43.23598],[-6.84734,43.23599],[-6.84742,43.23597],[-6.84746,43.23599],[-6.84745,43.23603],[-6.84739,43.23606],[-6.84744,43.23615],[-6.84751,43.23612],[-6.84756,43.23614],[-6.84747,43.23619],[-6.84752,43.23628],[-6.84758,43.23625],[-6.84763,43.23627],[-6.84762,43.2363],[-6.84754,43.23633],[-6.84758,43.23641],[-6.84769,43.23639],[-6.8477,43.23641],[-6.8476,43.23647],[-6.84765,43.23655],[-6.84773,43.23654],[-6.84776,43.23656],[-6.84776,43.23659],[-6.84767,43.23662],[-6.84776,43.23694],[-6.84784,43.23743],[-6.8477,43.23747]]]},"properties":{"dam_id":"way/89754799","osm_type":"way","osm_id":89754799,"country":"ES","name":"Presa de Salime","uso":"desconhecido"}},{"type":"Feature","geometry":{"type":"Polygon","coordinates":[[[-7.65087,42.41363],[-7.6504,42.41373],[-7.65006,42.4139],[-7.64979,42.41416],[-7.64971,42.41428],[-7.64979,42.41431],[-7.64973,42.41444],[-7.64965,42.41443],[-7.64961,42.41459],[-7.64964,42.41489],[-7.64974,42.4151],[-7.65004,42.41541],[-7.65017,42.41536],[-7.65033,42.41548],[-7.65021,42.41566],[-7.65044,42.41586],[-7.65064,42.4158],[-7.65033,42.41558],[-7.65038,42.41552],[-7.65037,42.41546],[-7.65028,42.41537],[-7.65017,42.41532],[-7.65004,42.41535],[-7.65002,42.41533],[-7.65021,42.41511],[-7.65008,42.41505],[-7.65001,42.41492],[-7.65017,42.41489],[-7.65015,42.41483],[-7.65029,42.41481],[-7.65028,42.41454],[-7.65036,42.41438],[-7.65051,42.41421],[-7.65045,42.414],[-7.65055,42.41385],[-7.65053,42.41382],[-7.65088,42.41367],[-7.65087,42.41363]]]},"properties":{"dam_id":"way/89763073","osm_type":"way","osm_id":89763073,"country":"ES","name":"Encoro de Santo Estevo","uso":"hidroelétrica"}},{"type":"Feature","geometry":{"type":"Polygon","coordinates":[[[-7.72504,42.46456],[-7.72509,42.46453],[-7.7251,42.46464],[-7.72472,42.46486],[-7.72476,42.46493],[-7.72471,42.46498],[-7.72473,42.46501],[-7.7247,42.46502],[-7.72468,42.46499],[-7.7244,42.4651],[-7.72432,42.46502],[-7.72417,42.46507],[-7.7242,42.46517],[-7.72413,42.46508],[-7.72397,42.46513],[-7.72401,42.46523],[-7.72397,42.46523],[-7.72392,42.46514],[-7.72376,42.46518],[-7.72376,42.46528],[-7.7237,42.46519],[-7.72355,42.46522],[-7.72357,42.46531],[-7.72354,42.46532],[-7.7235,42.46522],[-7.72299,42.46528],[-7.72233,42.46526],[-7.72237,42.46518],[-7.7234,42.46472],[-7.72439,42.46443],[-7.72454,42.46452],[-7.72504,42.46456]]]},"properties":{"dam_id":"way/89763504","osm_type":"way","osm_id":89763504,"country":"ES","name":"Encoro dos Peares","uso":"desconhecido"}},{"type":"Feature","geometry":{"type":"Polygon","coordinates":[[[-1.18274,42.61706],[-1.18292,42.61707],[-1.18307,42.61642],[-1.18341,42.61623],[-1.18356,42.61502],[-1.18333,42.6147],[-1.18336,42.61398],[-1.18319,42.61397],[-1.18274,42.61706]]]},"properties":{"dam_id":"way/91690039","osm_type":"way","osm_id":91690039,"country":"ES","name":"Presa de Yesa","uso":"desconhecido"}},{"type":"Feature","geometry":{"type":"LineString","coordinates":[[-2.46116,36.86153],[-2.46095,36.86164]]},"properties":{"dam_id":"way/91792890","osm_type":"way","osm_id":91792890,"country":"ES","name":null,"uso":"desconhecido"}},{"type":"Feature","geometry":{"type":"Polygon","coordinates":[[[-1.7946,43.21367],[-1.79374,43.21425],[-1.79343,43.21446],[-1.79349,43.21449],[-1.79379,43.21445],[-1.79417,43.21432],[-1.79435,43.21421],[-1.79462,43.21401],[-1.79472,43.21371],[-1.7946,43.21367]]]},"properties":{"dam_id":"way/93193513","osm_type":"way","osm_id":93193513,"country":"ES","name":"Enobieta Dam","uso":"desconhecido"}},{"type":"Feature","geometry":{"type":"Polygon","coordinates":[[[-4.02389,40.51684],[-4.02386,40.5168],[-4.02371,40.51679],[-4.02369,40.51677],[-4.02326,40.51692],[-4.02325,40.51701],[-4.02317,40.51705],[-4.02318,40.51708],[-4.02389,40.51684]]]},"properties":{"dam_id":"way/93497345","osm_type":"way","osm_id":93497345,"country":"ES","name":"Presa del Aulencia","uso":"desconhecido"}},{"type":"Feature","geometry":{"type":"Polygon","coordinates":[[[-5.61242,39.77878],[-5.61259,39.77862],[-5.61237,39.77839],[-5.61347,39.77801],[-5.61346,39.7779],[-5.61264,39.77808],[-5.61259,39.7775],[-5.6128,39.77746],[-5.61335,39.77744],[-5.6135,39.77731],[-5.6135,39.77728],[-5.61321,39.77712],[-5.61304,39.77719],[-5.61283,39.77723],[-5.61246,39.77726],[-5.61238,39.77716],[-5.61242,39.77693],[-5.6129,39.77667],[-5.61278,39.77658],[-5.61255,39.77667],[-5.61204,39.77663],[-5.61174,39.77664],[-5.61134,39.7767],[-5.61146,39.77697],[-5.61144,39.77702],[-5.61146,39.77706],[-5.61198,39.77687],[-5.6122,39.77689],[-5.61198,39.77712],[-5.61185,39.7773],[-5.61174,39.77763],[-5.61175,39.7778],[-5.61161,39.77781],[-5.6116,39.77764],[-5.61151,39.77764],[-5.61155,39.77805],[-5.61163,39.77804],[-5.61161,39.77788],[-5.61175,39.77787],[-5.61181,39.77813],[-5.61195,39.77836],[-5.61207,39.7785],[-5.61242,39.77878]]]},"properties":{"dam_id":"way/94449902","osm_type":"way","osm_id":94449902,"country":"ES","name":"Presa de Valdecañas","uso":"desconhecido"}},{"type":"Feature","geometry":{"type":"Polygon","coordinates":[[[-1.35859,42.80359],[-1.35918,42.80336],[-1.36093,42.80261],[-1.36096,42.80267],[-1.36106,42.80265],[-1.36104,42.80259],[-1.36383,42.80126],[-1.36368,42.80119],[-1.36195,42.80139],[-1.36148,42.80135],[-1.35971,42.80217],[-1.35961,42.80234],[-1.35909,42.80271],[-1.35852,42.80343],[-1.35859,42.80359]]]},"properties":{"dam_id":"way/413382977","osm_type":"way","osm_id":413382977,"country":"ES","name":"Embalse de Itoiz","uso":"hidroelétrica"}},{"type":"Feature","geometry":{"type":"Polygon","coordinates":[[[-3.99313,40.75441],[-3.99315,40.75438],[-3.99352,40.75434],[-3.99376,40.75427],[-3.99411,40.75432],[-3.99412,40.75437],[-3.99409,40.75439],[-3.99313,40.75441]]]},"properties":{"dam_id":"way/96727619","osm_type":"way","osm_id":96727619,"country":"ES","name":"Presa del Embalse de Navacerrada","uso":"desconhecido"}},{"type":"Feature","geometry":{"type":"LineString","coordinates":[[-4.9771,36.51865],[-4.97622,36.519]]},"properties":{"dam_id":"way/97583905","osm_type":"way","osm_id":97583905,"country":"ES","name":null,"uso":"desconhecido"}},{"type":"Feature","geometry":{"type":"Polygon","coordinates":[[[-5.65043,36.15455],[-5.65072,36.15439],[-5.64984,36.15324],[-5.64945,36.15337],[-5.65043,36.15455]]]},"properties":{"dam_id":"way/1348736539","osm_type":"way","osm_id":1348736539,"country":"ES","name":null,"uso":"hidroelétrica"}},{"type":"Feature","geometry":{"type":"LineString","coordinates":[[-6.79611,39.64682],[-6.79531,39.64672],[-6.79503,39.64674],[-6.79494,39.6468],[-6.79474,39.64711],[-6.79458,39.64714]]},"properties":{"dam_id":"way/99509057","osm_type":"way","osm_id":99509057,"country":"ES","name":null,"uso":"desconhecido"}},{"type":"Feature","geometry":{"type":"LineString","coordinates":[[-6.79206,39.65612],[-6.79175,39.65612],[-6.79143,39.65618],[-6.7912,39.6563],[-6.79096,39.65656],[-6.79093,39.65739]]},"properties":{"dam_id":"way/99510026","osm_type":"way","osm_id":99510026,"country":"ES","name":null,"uso":"desconhecido"}},{"type":"Feature","geometry":{"type":"LineString","coordinates":[[-6.7232,39.61988],[-6.72154,39.61949],[-6.72021,39.61782],[-6.7192,39.61731],[-6.71845,39.61748]]},"properties":{"dam_id":"way/99614197","osm_type":"way","osm_id":99614197,"country":"ES","name":null,"uso":"desconhecido"}},{"type":"Feature","geometry":{"type":"LineString","coordinates":[[-6.81006,39.71612],[-6.80933,39.71635]]},"properties":{"dam_id":"way/99714568","osm_type":"way","osm_id":99714568,"country":"ES","name":null,"uso":"desconhecido"}},{"type":"Feature","geometry":{"type":"Polygon","coordinates":[[[-5.98621,41.5281],[-5.98628,41.52802],[-5.98614,41.52787],[-5.9861,41.52766],[-5.9862,41.52742],[-5.98681,41.52704],[-5.98641,41.52656],[-5.98618,41.52666],[-5.98623,41.52673],[-5.98589,41.5269],[-5.9858,41.5269],[-5.98561,41.527],[-5.98531,41.52683],[-5.98514,41.52677],[-5.98486,41.52649],[-5.98472,41.5265],[-5.9848,41.52676],[-5.98511,41.5272],[-5.985,41.52726],[-5.98527,41.52756],[-5.98537,41.5275],[-5.98596,41.52795],[-5.98621,41.5281]]]},"properties":{"dam_id":"way/100545516","osm_type":"way","osm_id":100545516,"country":"ES","name":"Presa de Ricobayo","uso":"desconhecido"}},{"type":"Feature","geometry":{"type":"Polygon","coordinates":[[[-6.27074,41.99082],[-6.27064,41.99084],[-6.27095,41.99235],[-6.27089,41.99256],[-6.27075,41.99263],[-6.27014,41.99275],[-6.27,41.99286],[-6.27002,41.99292],[-6.27043,41.99285],[-6.2707,41.99358],[-6.27118,41.99366],[-6.27154,41.99406],[-6.26961,41.99379],[-6.26939,41.99387],[-6.26949,41.99393],[-6.27166,41.9943],[-6.27221,41.99553],[-6.27232,41.99551],[-6.27196,41.99444],[-6.2722,41.99446],[-6.27223,41.99414],[-6.27184,41.99409],[-6.27074,41.99082]]]},"properties":{"dam_id":"way/100550004","osm_type":"way","osm_id":100550004,"country":"ES","name":"Embalse de Valparaíso","uso":"hidroelétrica"}},{"type":"Feature","geometry":{"type":"Polygon","coordinates":[[[-1.81946,37.73425],[-1.8194,37.73421],[-1.81923,37.7342],[-1.81887,37.73447],[-1.81854,37.73458],[-1.81857,37.73488],[-1.81873,37.73512],[-1.81887,37.73564],[-1.81908,37.73578],[-1.81921,37.73569],[-1.81897,37.73552],[-1.81946,37.73425]]]},"properties":{"dam_id":"way/101419982","osm_type":"way","osm_id":101419982,"country":"ES","name":"Presa de Puentes","uso":"desconhecido"}},{"type":"Feature","geometry":{"type":"Polygon","coordinates":[[[-1.96529,37.80501],[-1.96512,37.80524],[-1.96474,37.80548],[-1.96445,37.80559],[-1.96393,37.80566],[-1.96393,37.80558],[-1.96411,37.80555],[-1.96418,37.80549],[-1.96402,37.80541],[-1.96406,37.8053],[-1.9646,37.80509],[-1.96486,37.80504],[-1.96505,37.80508],[-1.9652,37.80498],[-1.96528,37.80474],[-1.96537,37.80476],[-1.96529,37.80501]]]},"properties":{"dam_id":"way/101985372","osm_type":"way","osm_id":101985372,"country":"ES","name":"Presa de Valdeinfierno","uso":"desconhecido"}},{"type":"Feature","geometry":{"type":"LineString","coordinates":[[-3.88549,40.84944],[-3.8852,40.84936],[-3.88504,40.84936],[-3.88488,40.8494]]},"properties":{"dam_id":"way/102010877","osm_type":"way","osm_id":102010877,"country":"ES","name":"Presa del Pradillo","uso":"desconhecido"}},{"type":"Feature","geometry":{"type":"Polygon","coordinates":[[[-7.16616,42.24554],[-7.16701,42.24631],[-7.16706,42.24629],[-7.1674,42.24659],[-7.16737,42.24662],[-7.16804,42.24719],[-7.16791,42.24729],[-7.16672,42.24707],[-7.16656,42.24711],[-7.16646,42.2471],[-7.16653,42.24692],[-7.16643,42.24685],[-7.16632,42.24691],[-7.16616,42.24688],[-7.16627,42.24663],[-7.16606,42.24565],[-7.16616,42.24554]]]},"properties":{"dam_id":"way/102327780","osm_type":"way","osm_id":102327780,"country":"ES","name":"Presa do Vao","uso":"desconhecido"}},{"type":"Feature","geometry":{"type":"LineString","coordinates":[[-4.25073,40.79156],[-4.25049,40.79158],[-4.25021,40.7917],[-4.25007,40.79184],[-4.25001,40.79199]]},"properties":{"dam_id":"way/103275554","osm_type":"way","osm_id":103275554,"country":"ES","name":null,"uso":"desconhecido"}},{"type":"Feature","geometry":{"type":"Polygon","coordinates":[[[-4.27451,36.87572],[-4.2744,36.87596],[-4.27421,36.87593],[-4.27402,36.87642],[-4.27413,36.87646],[-4.27409,36.87681],[-4.27451,36.87572]]]},"properties":{"dam_id":"way/103653885","osm_type":"way","osm_id":103653885,"country":"ES","name":"Presa de Cueva","uso":"desconhecido"}},{"type":"Feature","geometry":{"type":"LineString","coordinates":[[-2.83025,42.77206],[-2.82947,42.77241],[-2.82934,42.7726],[-2.82919,42.77271]]},"properties":{"dam_id":"way/104345356","osm_type":"way","osm_id":104345356,"country":"ES","name":null,"uso":"desconhecido"}},{"type":"Feature","geometry":{"type":"Polygon","coordinates":[[[-7.24775,42.19489],[-7.2483,42.1947],[-7.2489,42.19436],[-7.24401,42.198],[-7.24401,42.19791],[-7.24573,42.1965],[-7.2465,42.19579],[-7.24674,42.19555],[-7.24664,42.19548],[-7.24706,42.19517],[-7.24719,42.19528],[-7.24775,42.19489]]]},"properties":{"dam_id":"way/105605976","osm_type":"way","osm_id":105605976,"country":"ES","name":"Encoro da Cenza","uso":"desconhecido"}},{"type":"Feature","geometry":{"type":"Polygon","coordinates":[[[-0.73648,42.38409],[-0.73647,42.38414],[-0.73587,42.38401],[-0.73596,42.38395],[-0.73573,42.3838],[-0.73557,42.38357],[-0.73555,42.38339],[-0.73561,42.38314],[-0.73574,42.38315],[-0.73569,42.38325],[-0.73583,42.38343],[-0.73605,42.3835],[-0.73599,42.38354],[-0.73611,42.38362],[-0.73602,42.38367],[-0.73589,42.38382],[-0.73609,42.38399],[-0.73631,42.38404],[-0.73647,42.38404],[-0.73644,42.38409],[-0.73648,42.38409]]]},"properties":{"dam_id":"way/105803231","osm_type":"way","osm_id":105803231,"country":"ES","name":"Presa de La Peña","uso":"hidroelétrica"}},{"type":"Feature","geometry":{"type":"Polygon","coordinates":[[[-0.52064,42.73808],[-0.52039,42.73808],[-0.52058,42.73853],[-0.52088,42.73901],[-0.52092,42.73896],[-0.5208,42.73875],[-0.52099,42.73867],[-0.52064,42.73808]]]},"properties":{"dam_id":"way/105917917","osm_type":"way","osm_id":105917917,"country":"ES","name":null,"uso":"desconhecido"}},{"type":"Feature","geometry":{"type":"Polygon","coordinates":[[[-2.61962,42.9291],[-2.61326,42.92955],[-2.61325,42.92951],[-2.61395,42.92947],[-2.61508,42.9293],[-2.61684,42.92916],[-2.61796,42.92909],[-2.61962,42.92907],[-2.61962,42.9291]]]},"properties":{"dam_id":"way/107475248","osm_type":"way","osm_id":107475248,"country":"ES","name":null,"uso":"desconhecido"}},{"type":"Feature","geometry":{"type":"LineString","coordinates":[[-0.20246,38.76796],[-0.20264,38.76771]]},"properties":{"dam_id":"way/108964575","osm_type":"way","osm_id":108964575,"country":"ES","name":null,"uso":"desconhecido"}},{"type":"Feature","geometry":{"type":"LineString","coordinates":[[-0.15921,38.74205],[-0.15951,38.742]]},"properties":{"dam_id":"way/108976377","osm_type":"way","osm_id":108976377,"country":"ES","name":null,"uso":"desconhecido"}},{"type":"Feature","geometry":{"type":"LineString","coordinates":[[-0.1994,38.73801],[-0.19991,38.73781]]},"properties":{"dam_id":"way/109294761","osm_type":"way","osm_id":109294761,"country":"ES","name":null,"uso":"desconhecido"}},{"type":"Feature","geometry":{"type":"Polygon","coordinates":[[[-5.68392,37.76918],[-5.68396,37.769],[-5.68411,37.76891],[-5.68458,37.76887],[-5.68589,37.76867],[-5.68616,37.76878],[-5.68619,37.76877],[-5.68634,37.76888],[-5.68641,37.76951],[-5.68654,37.7702],[-5.68642,37.77034],[-5.68392,37.76918]]]},"properties":{"dam_id":"way/110942560","osm_type":"way","osm_id":110942560,"country":"ES","name":null,"uso":"desconhecido"}},{"type":"Feature","geometry":{"type":"Polygon","coordinates":[[[-7.52226,42.32601],[-7.52349,42.32661],[-7.52335,42.32664],[-7.52302,42.32649],[-7.52279,42.32645],[-7.52276,42.32648],[-7.5226,42.3264],[-7.52262,42.32637],[-7.52247,42.32622],[-7.52249,42.3262],[-7.52227,42.32608],[-7.52226,42.32601]]]},"properties":{"dam_id":"way/1388502072","osm_type":"way","osm_id":1388502072,"country":"ES","name":"Presa do Mao","uso":"desconhecido"}},{"type":"Feature","geometry":{"type":"Polygon","coordinates":[[[-6.01916,43.19945],[-6.01916,43.19929],[-6.01912,43.19927],[-6.01913,43.19924],[-6.01918,43.19925],[-6.01919,43.19919],[-6.01915,43.19915],[-6.01922,43.19914],[-6.01924,43.19909],[-6.0192,43.19904],[-6.01928,43.19903],[-6.01946,43.1988],[-6.01941,43.19876],[-6.0195,43.19871],[-6.01969,43.19872],[-6.01916,43.19945]]]},"properties":{"dam_id":"way/112393997","osm_type":"way","osm_id":112393997,"country":"ES","name":"Presa de Valdemurio","uso":"desconhecido"}},{"type":"Feature","geometry":{"type":"LineString","coordinates":[[-2.59046,42.90833],[-2.59035,42.90824],[-2.58229,42.90599],[-2.58211,42.90611],[-2.58109,42.90696],[-2.57969,42.90765],[-2.57955,42.90779],[-2.57899,42.90894],[-2.579,42.90911]]},"properties":{"dam_id":"way/115677077","osm_type":"way","osm_id":115677077,"country":"ES","name":null,"uso":"desconhecido"}},{"type":"Feature","geometry":{"type":"Polygon","coordinates":[[[-5.32372,40.11034],[-5.32378,40.11025],[-5.32388,40.1102],[-5.32407,40.11001],[-5.3241,40.10957],[-5.32405,40.10953],[-5.32396,40.10963],[-5.32386,40.10993],[-5.32362,40.11026],[-5.32355,40.11024],[-5.32353,40.11027],[-5.32372,40.11034]]]},"properties":{"dam_id":"way/116240822","osm_type":"way","osm_id":116240822,"country":"ES","name":null,"uso":"desconhecido"}},{"type":"Feature","geometry":{"type":"LineString","coordinates":[[-6.57806,40.44601],[-6.57805,40.44586],[-6.5781,40.44577],[-6.57868,40.44536],[-6.57908,40.44499],[-6.57929,40.44468],[-6.57938,40.44438],[-6.57938,40.44409],[-6.57926,40.4437],[-6.57898,40.44324],[-6.57855,40.44271]]},"properties":{"dam_id":"way/119433095","osm_type":"way","osm_id":119433095,"country":"ES","name":"Carretera de la Presa del Águeda","uso":"desconhecido"}},{"type":"Feature","geometry":{"type":"Polygon","coordinates":[[[-0.29679,42.81628],[-0.29689,42.81631],[-0.29725,42.81615],[-0.29738,42.81615],[-0.29766,42.81588],[-0.29776,42.81585],[-0.29778,42.81573],[-0.29799,42.81548],[-0.29791,42.81486],[-0.29803,42.8147],[-0.29796,42.81468],[-0.2978,42.81484],[-0.29679,42.81628]]]},"properties":{"dam_id":"way/122235596","osm_type":"way","osm_id":122235596,"country":"ES","name":"Presa de Respomuso","uso":"desconhecido"}},{"type":"Feature","geometry":{"type":"LineString","coordinates":[[-3.04965,36.88688],[-3.04961,36.8865],[-3.04962,36.88607]]},"properties":{"dam_id":"way/122546105","osm_type":"way","osm_id":122546105,"country":"ES","name":"Presa de Turón","uso":"desconhecido"}},{"type":"Feature","geometry":{"type":"Polygon","coordinates":[[[-3.02775,36.87751],[-3.02812,36.87688],[-3.02825,36.87676],[-3.02825,36.87634],[-3.02805,36.87491],[-3.0274,36.87451],[-3.02559,36.87467],[-3.02479,36.87465],[-3.02474,36.87522],[-3.02574,36.87591],[-3.02752,36.87705],[-3.02771,36.87747],[-3.02775,36.87751]]]},"properties":{"dam_id":"way/244877905","osm_type":"way","osm_id":244877905,"country":"ES","name":"Presa de Benínar","uso":"desconhecido"}},{"type":"Feature","geometry":{"type":"Polygon","coordinates":[[[-0.20766,38.90328],[-0.20708,38.90344],[-0.20716,38.90356],[-0.20769,38.9034],[-0.20766,38.90328]]]},"properties":{"dam_id":"way/123353705","osm_type":"way","osm_id":123353705,"country":"ES","name":null,"uso":"desconhecido"}},{"type":"Feature","geometry":{"type":"LineString","coordinates":[[-0.20638,38.91023],[-0.2062,38.91002]]},"properties":{"dam_id":"way/123636016","osm_type":"way","osm_id":123636016,"country":"ES","name":null,"uso":"desconhecido"}},{"type":"Feature","geometry":{"type":"LineString","coordinates":[[-0.21685,38.93079],[-0.21613,38.9307]]},"properties":{"dam_id":"way/123643578","osm_type":"way","osm_id":123643578,"country":"ES","name":null,"uso":"desconhecido"}},{"type":"Feature","geometry":{"type":"LineString","coordinates":[[-0.24871,38.88289],[-0.24861,38.88277],[-0.24848,38.8827]]},"properties":{"dam_id":"way/124081313","osm_type":"way","osm_id":124081313,"country":"ES","name":null,"uso":"desconhecido"}},{"type":"Feature","geometry":{"type":"LineString","coordinates":[[-6.52177,37.66494],[-6.52189,37.66416]]},"properties":{"dam_id":"way/125641985","osm_type":"way","osm_id":125641985,"country":"ES","name":null,"uso":"desconhecido"}},{"type":"Feature","geometry":{"type":"Polygon","coordinates":[[[-6.51077,37.66687],[-6.51081,37.66826],[-6.51077,37.66828],[-6.51059,37.66829],[-6.51036,37.66819],[-6.50932,37.66752],[-6.5081,37.66655],[-6.50808,37.66647],[-6.50833,37.66636],[-6.50902,37.66629],[-6.50928,37.66637],[-6.50969,37.66662],[-6.51002,37.66655],[-6.51035,37.66668],[-6.5106,37.66674],[-6.51077,37.66687]]]},"properties":{"dam_id":"way/125641986","osm_type":"way","osm_id":125641986,"country":"ES","name":"Presa del Jarrama","uso":"desconhecido"}},{"type":"Feature","geometry":{"type":"LineString","coordinates":[[-6.03872,37.6758],[-6.03798,37.67664]]},"properties":{"dam_id":"way/126235507","osm_type":"way","osm_id":126235507,"country":"ES","name":null,"uso":"desconhecido"}},{"type":"Feature","geometry":{"type":"LineString","coordinates":[[-5.90405,37.66789],[-5.90298,37.66769]]},"properties":{"dam_id":"way/126251719","osm_type":"way","osm_id":126251719,"country":"ES","name":null,"uso":"desconhecido"}},{"type":"Feature","geometry":{"type":"LineString","coordinates":[[-5.91385,37.67611],[-5.91273,37.67641],[-5.91197,37.67686]]},"properties":{"dam_id":"way/126251720","osm_type":"way","osm_id":126251720,"country":"ES","name":null,"uso":"desconhecido"}},{"type":"Feature","geometry":{"type":"Polygon","coordinates":[[[-5.9247,37.78337],[-5.92527,37.78367],[-5.92523,37.78372],[-5.92531,37.78376],[-5.92535,37.7837],[-5.9258,37.78394],[-5.92584,37.7839],[-5.92474,37.78332],[-5.9247,37.78337]]]},"properties":{"dam_id":"way/126253746","osm_type":"way","osm_id":126253746,"country":"ES","name":"Presa de Gargantafría","uso":"desconhecido"}},{"type":"Feature","geometry":{"type":"Polygon","coordinates":[[[-5.95592,37.98492],[-5.95601,37.98482],[-5.95505,37.98441],[-5.95475,37.98395],[-5.9545,37.98379],[-5.9541,37.9837],[-5.95334,37.98372],[-5.95299,37.98361],[-5.95291,37.98373],[-5.95592,37.98492]]]},"properties":{"dam_id":"way/255953726","osm_type":"way","osm_id":255953726,"country":"ES","name":"Presa de El Pintado","uso":"desconhecido"}},{"type":"Feature","geometry":{"type":"Polygon","coordinates":[[[-5.93948,37.91712],[-5.93948,37.91693],[-5.93936,37.91625],[-5.93941,37.91624],[-5.93963,37.91652],[-5.93982,37.91651],[-5.93988,37.91691],[-5.93966,37.91693],[-5.93952,37.91711],[-5.93948,37.91712]]]},"properties":{"dam_id":"way/126371057","osm_type":"way","osm_id":126371057,"country":"ES","name":"Presa del Embalse de El Pintado","uso":"hidroelétrica"}},{"type":"Feature","geometry":{"type":"LineString","coordinates":[[-5.04559,36.53233],[-5.04507,36.53126]]},"properties":{"dam_id":"way/126575200","osm_type":"way","osm_id":126575200,"country":"ES","name":null,"uso":"desconhecido"}},{"type":"Feature","geometry":{"type":"LineString","coordinates":[[-5.33055,37.69247],[-5.33011,37.69203]]},"properties":{"dam_id":"way/128309017","osm_type":"way","osm_id":128309017,"country":"ES","name":null,"uso":"desconhecido"}},{"type":"Feature","geometry":{"type":"Polygon","coordinates":[[[-5.4829,37.74856],[-5.4834,37.7483],[-5.48366,37.74832],[-5.48397,37.7483],[-5.48431,37.74823],[-5.48457,37.74813],[-5.48487,37.74795],[-5.48504,37.7478],[-5.48518,37.74753],[-5.48524,37.74729],[-5.4853,37.7467],[-5.4854,37.74656],[-5.48498,37.74652],[-5.48492,37.74662],[-5.48514,37.74683],[-5.48516,37.74702],[-5.48513,37.74739],[-5.48489,37.74782],[-5.48468,37.74799],[-5.48432,37.74815],[-5.48406,37.74821],[-5.48377,37.74822],[-5.48336,37.74821],[-5.4833,37.74816],[-5.4828,37.74807],[-5.48273,37.7481],[-5.48287,37.74834],[-5.4828,37.74843],[-5.4829,37.74856]]]},"properties":{"dam_id":"way/244947991","osm_type":"way","osm_id":244947991,"country":"ES","name":"Presa de José Torán","uso":"desconhecido"}},{"type":"Feature","geometry":{"type":"LineString","coordinates":[[-5.49336,40.89058],[-5.49345,40.89113],[-5.49368,40.89158],[-5.49402,40.89194],[-5.49404,40.89203],[-5.49401,40.89215],[-5.4936,40.89261],[-5.49347,40.89295],[-5.49336,40.89309]]},"properties":{"dam_id":"way/128621756","osm_type":"way","osm_id":128621756,"country":"ES","name":null,"uso":"desconhecido"}},{"type":"Feature","geometry":{"type":"LineString","coordinates":[[0.74321,42.8334],[0.74289,42.83265]]},"properties":{"dam_id":"way/129518146","osm_type":"way","osm_id":129518146,"country":"ES","name":"Barratge de Toran","uso":"desconhecido"}},{"type":"Feature","geometry":{"type":"LineString","coordinates":[[1.0077,42.58111],[1.00804,42.58121],[1.00844,42.5812],[1.00862,42.58113],[1.00892,42.58093]]},"properties":{"dam_id":"way/174344163","osm_type":"way","osm_id":174344163,"country":"ES","name":"Presa de Sant Maurici","uso":"desconhecido"}},{"type":"Feature","geometry":{"type":"Polygon","coordinates":[[[1.04042,42.54224],[1.0411,42.54235],[1.04105,42.54252],[1.04101,42.54251],[1.04103,42.54244],[1.04039,42.54234],[1.04042,42.54224]]]},"properties":{"dam_id":"way/129639610","osm_type":"way","osm_id":129639610,"country":"ES","name":null,"uso":"desconhecido"}},{"type":"Feature","geometry":{"type":"LineString","coordinates":[[-5.9807,41.08099],[-5.98064,41.08064],[-5.98065,41.08047],[-5.98077,41.08027],[-5.98124,41.07999]]},"properties":{"dam_id":"way/130406712","osm_type":"way","osm_id":130406712,"country":"ES","name":null,"uso":"desconhecido"}},{"type":"Feature","geometry":{"type":"LineString","coordinates":[[-3.7679,40.43993],[-3.76778,40.43978]]},"properties":{"dam_id":"way/130669477","osm_type":"way","osm_id":130669477,"country":"ES","name":null,"uso":"desconhecido"}},{"type":"Feature","geometry":{"type":"LineString","coordinates":[[-0.22243,42.2525],[-0.2223,42.25258],[-0.22214,42.25261]]},"properties":{"dam_id":"way/132422300","osm_type":"way","osm_id":132422300,"country":"ES","name":null,"uso":"desconhecido"}},{"type":"Feature","geometry":{"type":"Polygon","coordinates":[[[-0.22267,42.2317],[-0.22266,42.23166],[-0.22288,42.23168],[-0.22306,42.23163],[-0.2232,42.23154],[-0.22328,42.23138],[-0.22332,42.23141],[-0.22324,42.23156],[-0.22308,42.23166],[-0.22288,42.23171],[-0.22267,42.2317]]]},"properties":{"dam_id":"way/132422301","osm_type":"way","osm_id":132422301,"country":"ES","name":null,"uso":"desconhecido"}},{"type":"Feature","geometry":{"type":"Polygon","coordinates":[[[-0.36307,42.18148],[-0.36293,42.18157],[-0.3623,42.1823],[-0.36177,42.18263],[-0.36132,42.18288],[-0.36088,42.18306],[-0.36049,42.18319],[-0.35957,42.18328],[-0.35956,42.1832],[-0.36004,42.18289],[-0.36051,42.18251],[-0.36083,42.18238],[-0.36091,42.18231],[-0.36136,42.18206],[-0.36275,42.18155],[-0.36298,42.18138],[-0.36307,42.18148]]]},"properties":{"dam_id":"way/132676509","osm_type":"way","osm_id":132676509,"country":"ES","name":null,"uso":"desconhecido"}},{"type":"Feature","geometry":{"type":"Polygon","coordinates":[[[-0.34651,42.30231],[-0.34653,42.30228],[-0.34668,42.30226],[-0.34731,42.30202],[-0.34758,42.30199],[-0.3477,42.30203],[-0.34774,42.30216],[-0.34785,42.30217],[-0.34788,42.30224],[-0.34759,42.30231],[-0.34725,42.30235],[-0.34677,42.30235],[-0.34651,42.30231]]]},"properties":{"dam_id":"way/132698052","osm_type":"way","osm_id":132698052,"country":"ES","name":"Embalse de Santa María de Belsue","uso":"desconhecido"}},{"type":"Feature","geometry":{"type":"Polygon","coordinates":[[[-0.27829,42.24087],[-0.27829,42.24083],[-0.27868,42.2408],[-0.27878,42.24085],[-0.27887,42.24096],[-0.27909,42.241],[-0.27918,42.24125],[-0.27892,42.24141],[-0.279,42.24156],[-0.27903,42.2417],[-0.27897,42.24174],[-0.27902,42.24177],[-0.27894,42.24179],[-0.27865,42.24147],[-0.27851,42.24119],[-0.27843,42.24087],[-0.27829,42.24087]]]},"properties":{"dam_id":"way/132787607","osm_type":"way","osm_id":132787607,"country":"ES","name":null,"uso":"desconhecido"}},{"type":"Feature","geometry":{"type":"LineString","coordinates":[[0.82469,42.81589],[0.82533,42.81615]]},"properties":{"dam_id":"way/132945189","osm_type":"way","osm_id":132945189,"country":"ES","name":"Barratge deth Hons dera Coma","uso":"desconhecido"}},{"type":"Feature","geometry":{"type":"Polygon","coordinates":[[[-2.61841,40.83921],[-2.61837,40.83911],[-2.61796,40.83915],[-2.61773,40.83913],[-2.61749,40.83905],[-2.61726,40.83889],[-2.61713,40.83871],[-2.61704,40.83841],[-2.61695,40.83841],[-2.61707,40.83881],[-2.61719,40.83897],[-2.61743,40.83914],[-2.61777,40.83924],[-2.61808,40.83926],[-2.61841,40.83921]]]},"properties":{"dam_id":"way/134752124","osm_type":"way","osm_id":134752124,"country":"ES","name":"Presa de la Tajera","uso":"desconhecido"}},{"type":"Feature","geometry":{"type":"Polygon","coordinates":[[[-3.54006,36.91533],[-3.54039,36.91517],[-3.54038,36.91515],[-3.54058,36.915],[-3.54074,36.91477],[-3.54084,36.91445],[-3.54088,36.91446],[-3.54094,36.91421],[-3.54083,36.91416],[-3.54058,36.9141],[-3.54046,36.91432],[-3.5406,36.91436],[-3.54057,36.91446],[-3.54033,36.91444],[-3.54023,36.91449],[-3.54027,36.91455],[-3.54037,36.91451],[-3.54056,36.91453],[-3.54052,36.91472],[-3.54025,36.91499],[-3.54,36.91509],[-3.53961,36.91458],[-3.53953,36.91459],[-3.5399,36.91512],[-3.53955,36.91517],[-3.5391,36.91508],[-3.53889,36.91506],[-3.53888,36.91508],[-3.53788,36.9148],[-3.53783,36.9148],[-3.53783,36.91483],[-3.53764,36.91486],[-3.5377,36.91523],[-3.53865,36.91523],[-3.53898,36.9153],[-3.53899,36.91528],[-3.53929,36.91536],[-3.53962,36.91538],[-3.53988,36.91535],[-3.54005,36.9153],[-3.54006,36.91533]]]},"properties":{"dam_id":"way/134752945","osm_type":"way","osm_id":134752945,"country":"ES","name":"Presa de Béznar","uso":"desconhecido"}},{"type":"Feature","geometry":{"type":"Polygon","coordinates":[[[-7.42192,42.66059],[-7.42348,42.66072],[-7.4255,42.66157],[-7.42337,42.66099],[-7.42192,42.66059]]]},"properties":{"dam_id":"way/135807552","osm_type":"way","osm_id":135807552,"country":"ES","name":"Encoro de Vilasouto","uso":"desconhecido"}},{"type":"Feature","geometry":{"type":"LineString","coordinates":[[-2.95278,38.043],[-2.95287,38.04302],[-2.95281,38.04316],[-2.95236,38.04379],[-2.95196,38.04388],[-2.95186,38.04402],[-2.95187,38.04416],[-2.95213,38.04476],[-2.95208,38.04506],[-2.95287,38.04523],[-2.95284,38.04529],[-2.9521,38.04516],[-2.95204,38.04517],[-2.95193,38.04539],[-2.95186,38.04537],[-2.95189,38.04531]]},"properties":{"dam_id":"way/136484663","osm_type":"way","osm_id":136484663,"country":"ES","name":"Presa de Aguascebas","uso":"desconhecido"}},{"type":"Feature","geometry":{"type":"Polygon","coordinates":[[[-3.09988,42.76798],[-3.10049,42.76648],[-3.10054,42.76637],[-3.10048,42.76636],[-3.10042,42.76653],[-3.10012,42.76677],[-3.09935,42.76663],[-3.09956,42.76692],[-3.09997,42.767],[-3.09976,42.7675],[-3.09931,42.76738],[-3.09919,42.76743],[-3.09916,42.76754],[-3.09977,42.76767],[-3.09973,42.76782],[-3.09981,42.76795],[-3.09988,42.76798]]]},"properties":{"dam_id":"way/185018167","osm_type":"way","osm_id":185018167,"country":"ES","name":"Embalse de Sobrón","uso":"desconhecido"}},{"type":"Feature","geometry":{"type":"LineString","coordinates":[[-0.20984,40.64912],[-0.20976,40.64864]]},"properties":{"dam_id":"way/136929131","osm_type":"way","osm_id":136929131,"country":"ES","name":"Asut del Molí Matalí","uso":"desconhecido"}},{"type":"Feature","geometry":{"type":"Polygon","coordinates":[[[-5.95256,39.77527],[-5.95256,39.77523],[-5.95143,39.77523],[-5.95143,39.77525],[-5.95195,39.77527],[-5.952,39.77534],[-5.95215,39.77534],[-5.95219,39.77527],[-5.95256,39.77527]]]},"properties":{"dam_id":"way/137133868","osm_type":"way","osm_id":137133868,"country":"ES","name":"Presa de los Arias","uso":"desconhecido"}},{"type":"Feature","geometry":{"type":"LineString","coordinates":[[-3.20115,41.02501],[-3.20017,41.02476]]},"properties":{"dam_id":"way/137570628","osm_type":"way","osm_id":137570628,"country":"ES","name":"Azud del Pozo de los Ramos","uso":"desconhecido"}},{"type":"Feature","geometry":{"type":"Polygon","coordinates":[[[-6.83319,42.41729],[-6.8327,42.41751],[-6.83247,42.41764],[-6.83242,42.41756],[-6.83259,42.41747],[-6.83254,42.41739],[-6.83288,42.41725],[-6.83295,42.41732],[-6.83315,42.41723],[-6.83319,42.41729]]]},"properties":{"dam_id":"way/138785838","osm_type":"way","osm_id":138785838,"country":"ES","name":"Cámara de Carga de Eirós","uso":"desconhecido"}},{"type":"Feature","geometry":{"type":"LineString","coordinates":[[-3.3161,43.30702],[-3.31441,43.30524]]},"properties":{"dam_id":"way/141623373","osm_type":"way","osm_id":141623373,"country":"ES","name":null,"uso":"desconhecido"}},{"type":"Feature","geometry":{"type":"Polygon","coordinates":[[[-1.52526,37.9854],[-1.52586,37.98573],[-1.52576,37.98588],[-1.52549,37.98569],[-1.52519,37.98557],[-1.52487,37.9855],[-1.5247,37.98552],[-1.52474,37.98587],[-1.52469,37.98587],[-1.52465,37.98551],[-1.52437,37.98552],[-1.52409,37.98557],[-1.52413,37.98591],[-1.52407,37.98592],[-1.52402,37.98557],[-1.52371,37.98563],[-1.52358,37.98571],[-1.52364,37.98582],[-1.52332,37.98603],[-1.52306,37.98579],[-1.52377,37.98538],[-1.52394,37.98531],[-1.52421,37.98526],[-1.52475,37.98526],[-1.52526,37.9854]]]},"properties":{"dam_id":"way/142244707","osm_type":"way","osm_id":142244707,"country":"ES","name":"Presa de Pliego","uso":"desconhecido"}},{"type":"Feature","geometry":{"type":"Polygon","coordinates":[[[-1.45692,37.72329],[-1.45694,37.72363],[-1.4572,37.72356],[-1.45804,37.72356],[-1.45841,37.7237],[-1.45838,37.72376],[-1.4584,37.72382],[-1.45782,37.72403],[-1.45805,37.72447],[-1.45863,37.72426],[-1.45874,37.72444],[-1.45879,37.72446],[-1.4584,37.72375],[-1.45848,37.72347],[-1.45841,37.7232],[-1.45792,37.72335],[-1.4572,37.72335],[-1.45699,37.7233],[-1.45692,37.72329]]]},"properties":{"dam_id":"way/142290432","osm_type":"way","osm_id":142290432,"country":"ES","name":null,"uso":"desconhecido"}},{"type":"Feature","geometry":{"type":"Polygon","coordinates":[[[-3.80645,38.16121],[-3.80532,38.16065],[-3.80434,38.16013],[-3.80554,38.16022],[-3.80584,38.16036],[-3.80587,38.16046],[-3.80645,38.16121]]]},"properties":{"dam_id":"way/142300920","osm_type":"way","osm_id":142300920,"country":"ES","name":"Presa de Rumblar","uso":"desconhecido"}},{"type":"Feature","geometry":{"type":"LineString","coordinates":[[-0.00168,41.13536],[0.00261,41.1367]]},"properties":{"dam_id":"way/143040499","osm_type":"way","osm_id":143040499,"country":"ES","name":null,"uso":"desconhecido"}},{"type":"Feature","geometry":{"type":"Polygon","coordinates":[[[-6.12804,40.2218],[-6.13848,40.22075],[-6.13845,40.22064],[-6.13519,40.22095],[-6.13343,40.2209],[-6.13243,40.22099],[-6.13237,40.22064],[-6.13207,40.22066],[-6.13209,40.22103],[-6.13166,40.22117],[-6.12977,40.22148],[-6.12804,40.22171],[-6.12804,40.2218]]]},"properties":{"dam_id":"way/143236014","osm_type":"way","osm_id":143236014,"country":"ES","name":"Presa de Gabriel y Galán","uso":"hidroelétrica"}},{"type":"Feature","geometry":{"type":"LineString","coordinates":[[-2.85318,43.24573],[-2.85371,43.24578],[-2.85401,43.24571],[-2.85433,43.24552]]},"properties":{"dam_id":"way/143296151","osm_type":"way","osm_id":143296151,"country":"ES","name":null,"uso":"desconhecido"}},{"type":"Feature","geometry":{"type":"Polygon","coordinates":[[[-3.38134,37.05672],[-3.3812,37.05715],[-3.3813,37.05717],[-3.38148,37.05697],[-3.38171,37.05692],[-3.38188,37.05668],[-3.382,37.05639],[-3.38185,37.05611],[-3.38223,37.05531],[-3.38225,37.05521],[-3.38218,37.05519],[-3.3819,37.05543],[-3.38134,37.05672]]]},"properties":{"dam_id":"way/147242324","osm_type":"way","osm_id":147242324,"country":"ES","name":"Presa de la Laguna de las Yeguas","uso":"desconhecido"}},{"type":"Feature","geometry":{"type":"LineString","coordinates":[[2.79037,39.78068],[2.79204,39.78075]]},"properties":{"dam_id":"way/255112803","osm_type":"way","osm_id":255112803,"country":"ES","name":null,"uso":"desconhecido"}},{"type":"Feature","geometry":{"type":"LineString","coordinates":[[2.81238,39.76508],[2.81226,39.76494]]},"properties":{"dam_id":"way/148199832","osm_type":"way","osm_id":148199832,"country":"ES","name":null,"uso":"desconhecido"}},{"type":"Feature","geometry":{"type":"LineString","coordinates":[[3.31526,39.74164],[3.31571,39.74187]]},"properties":{"dam_id":"way/148207915","osm_type":"way","osm_id":148207915,"country":"ES","name":null,"uso":"desconhecido"}},{"type":"Feature","geometry":{"type":"LineString","coordinates":[[2.38388,39.60423],[2.3839,39.60404]]},"properties":{"dam_id":"way/148312623","osm_type":"way","osm_id":148312623,"country":"ES","name":null,"uso":"desconhecido"}},{"type":"Feature","geometry":{"type":"LineString","coordinates":[[2.90739,39.79996],[2.90716,39.79974]]},"properties":{"dam_id":"way/148459381","osm_type":"way","osm_id":148459381,"country":"ES","name":null,"uso":"desconhecido"}},{"type":"Feature","geometry":{"type":"LineString","coordinates":[[3.2942,39.73331],[3.29409,39.73321]]},"properties":{"dam_id":"way/148693202","osm_type":"way","osm_id":148693202,"country":"ES","name":null,"uso":"desconhecido"}},{"type":"Feature","geometry":{"type":"LineString","coordinates":[[2.90894,39.87478],[2.90931,39.87462]]},"properties":{"dam_id":"way/148700931","osm_type":"way","osm_id":148700931,"country":"ES","name":null,"uso":"desconhecido"}},{"type":"Feature","geometry":{"type":"LineString","coordinates":[[-4.71252,40.67498],[-4.71243,40.67477],[-4.71221,40.6745],[-4.71197,40.67439],[-4.71175,40.67434],[-4.71148,40.67434],[-4.71125,40.67441],[-4.71095,40.6746],[-4.71079,40.67479]]},"properties":{"dam_id":"way/148744087","osm_type":"way","osm_id":148744087,"country":"ES","name":null,"uso":"desconhecido"}},{"type":"Feature","geometry":{"type":"Polygon","coordinates":[[[-2.70636,41.87636],[-2.70564,41.87605],[-2.70495,41.87588],[-2.70435,41.87579],[-2.70367,41.87581],[-2.7031,41.87588],[-2.70255,41.87602],[-2.70211,41.8762],[-2.70168,41.87643],[-2.70134,41.87669],[-2.70334,41.87609],[-2.70349,41.87613],[-2.70474,41.87607],[-2.70556,41.87613],[-2.70636,41.87636]]]},"properties":{"dam_id":"way/148818686","osm_type":"way","osm_id":148818686,"country":"ES","name":"Presa de Cuerda del Pozo","uso":"desconhecido"}},{"type":"Feature","geometry":{"type":"LineString","coordinates":[[2.77944,39.78877],[2.78009,39.78843]]},"properties":{"dam_id":"way/148960802","osm_type":"way","osm_id":148960802,"country":"ES","name":"Coma de Son Torrella","uso":"desconhecido"}},{"type":"Feature","geometry":{"type":"LineString","coordinates":[[2.91878,39.79136],[2.91899,39.79143]]},"properties":{"dam_id":"way/149576693","osm_type":"way","osm_id":149576693,"country":"ES","name":null,"uso":"desconhecido"}},{"type":"Feature","geometry":{"type":"LineString","coordinates":[[-2.52564,41.8339],[-2.52571,41.83304]]},"properties":{"dam_id":"way/149668596","osm_type":"way","osm_id":149668596,"country":"ES","name":"Embalse Campillo de Buitrago","uso":"desconhecido"}},{"type":"Feature","geometry":{"type":"LineString","coordinates":[[3.34476,39.71449],[3.34513,39.71453]]},"properties":{"dam_id":"way/149941422","osm_type":"way","osm_id":149941422,"country":"ES","name":null,"uso":"desconhecido"}},{"type":"Feature","geometry":{"type":"LineString","coordinates":[[3.34103,39.69188],[3.34136,39.69201]]},"properties":{"dam_id":"way/149942004","osm_type":"way","osm_id":149942004,"country":"ES","name":null,"uso":"desconhecido"}},{"type":"Feature","geometry":{"type":"LineString","coordinates":[[0.56761,41.57339],[0.57039,41.5725]]},"properties":{"dam_id":"way/150111079","osm_type":"way","osm_id":150111079,"country":"ES","name":"Presa de Sudanell","uso":"desconhecido"}},{"type":"Feature","geometry":{"type":"LineString","coordinates":[[-5.44692,36.8862],[-5.44632,36.88586]]},"properties":{"dam_id":"way/150332999","osm_type":"way","osm_id":150332999,"country":"ES","name":null,"uso":"desconhecido"}},{"type":"Feature","geometry":{"type":"LineString","coordinates":[[3.98985,40.0094],[3.98999,40.00937]]},"properties":{"dam_id":"way/151098720","osm_type":"way","osm_id":151098720,"country":"ES","name":null,"uso":"desconhecido"}},{"type":"Feature","geometry":{"type":"Polygon","coordinates":[[[-6.60495,38.39998],[-6.60296,38.40017],[-6.60389,38.3999],[-6.60495,38.39998]]]},"properties":{"dam_id":"way/151409850","osm_type":"way","osm_id":151409850,"country":"ES","name":null,"uso":"desconhecido"}},{"type":"Feature","geometry":{"type":"Polygon","coordinates":[[[-1.48922,38.05959],[-1.48914,38.05953],[-1.48897,38.05966],[-1.48723,38.05935],[-1.48722,38.05943],[-1.48842,38.05976],[-1.48829,38.05991],[-1.48789,38.05982],[-1.48762,38.05984],[-1.48748,38.05996],[-1.48723,38.06005],[-1.48726,38.06015],[-1.48704,38.06019],[-1.48728,38.0605],[-1.48756,38.0604],[-1.48792,38.06004],[-1.48853,38.06003],[-1.4887,38.05997],[-1.48922,38.05959]]]},"properties":{"dam_id":"way/151696145","osm_type":"way","osm_id":151696145,"country":"ES","name":"Presa del embalse de La Cierva","uso":"desconhecido"}},{"type":"Feature","geometry":{"type":"Polygon","coordinates":[[[-3.36935,42.30686],[-3.36929,42.30691],[-3.36906,42.30673],[-3.36886,42.30682],[-3.36825,42.30313],[-3.3682,42.30307],[-3.3685,42.30298],[-3.3686,42.30298],[-3.36868,42.30301],[-3.36896,42.3032],[-3.3696,42.30354],[-3.37032,42.30382],[-3.37051,42.304],[-3.37066,42.30431],[-3.37079,42.30536],[-3.37057,42.30546],[-3.37025,42.30572],[-3.36969,42.30625],[-3.36956,42.30632],[-3.36944,42.30645],[-3.36946,42.30655],[-3.36916,42.30668],[-3.36935,42.30686]]]},"properties":{"dam_id":"way/151704028","osm_type":"way","osm_id":151704028,"country":"ES","name":null,"uso":"hidroelétrica"}},{"type":"Feature","geometry":{"type":"Polygon","coordinates":[[[-2.75107,40.4924],[-2.75089,40.49263],[-2.75078,40.49294],[-2.75117,40.49303],[-2.75107,40.49326],[-2.75138,40.49335],[-2.75129,40.4935],[-2.75073,40.49336],[-2.75006,40.4937],[-2.74974,40.49408],[-2.74972,40.4944],[-2.7495,40.49438],[-2.75004,40.4928],[-2.7505,40.4917],[-2.75059,40.49171],[-2.75065,40.49207],[-2.75107,40.4924]]]},"properties":{"dam_id":"way/317523208","osm_type":"way","osm_id":317523208,"country":"ES","name":"Presa de Entrepeñas","uso":"desconhecido"}},{"type":"Feature","geometry":{"type":"Polygon","coordinates":[[[-1.60012,38.22315],[-1.60019,38.2232],[-1.59985,38.22349],[-1.59947,38.22351],[-1.5993,38.22338],[-1.59913,38.22334],[-1.59912,38.22324],[-1.59963,38.22316],[-1.60008,38.22317],[-1.60012,38.22315]]]},"properties":{"dam_id":"way/152314580","osm_type":"way","osm_id":152314580,"country":"ES","name":"Presa de Alfonso XIII","uso":"desconhecido"}},{"type":"Feature","geometry":{"type":"Polygon","coordinates":[[[-1.52673,38.2213],[-1.52671,38.22125],[-1.52639,38.2213],[-1.52542,38.22154],[-1.52544,38.22159],[-1.52553,38.22157],[-1.52614,38.22164],[-1.52644,38.22159],[-1.52661,38.22132],[-1.52673,38.2213]]]},"properties":{"dam_id":"way/152314673","osm_type":"way","osm_id":152314673,"country":"ES","name":"Presa del Cárcabo","uso":"desconhecido"}},{"type":"Feature","geometry":{"type":"Polygon","coordinates":[[[-1.59047,38.23858],[-1.59074,38.23847],[-1.59094,38.23827],[-1.59103,38.23804],[-1.59101,38.23785],[-1.59088,38.23786],[-1.59083,38.2381],[-1.59076,38.23822],[-1.59062,38.23838],[-1.59043,38.23847],[-1.59047,38.23858]]]},"properties":{"dam_id":"way/152343565","osm_type":"way","osm_id":152343565,"country":"ES","name":"Presa de Almadenes","uso":"desconhecido"}},{"type":"Feature","geometry":{"type":"Polygon","coordinates":[[[-1.65901,38.24801],[-1.65878,38.24853],[-1.65857,38.24907],[-1.65873,38.24905],[-1.65917,38.24808],[-1.65901,38.24801]]]},"properties":{"dam_id":"way/152343592","osm_type":"way","osm_id":152343592,"country":"ES","name":null,"uso":"desconhecido"}},{"type":"Feature","geometry":{"type":"Polygon","coordinates":[[[-1.54666,38.24163],[-1.5465,38.24158],[-1.5449,38.24239],[-1.54495,38.24248],[-1.54666,38.24163]]]},"properties":{"dam_id":"way/152343593","osm_type":"way","osm_id":152343593,"country":"ES","name":null,"uso":"desconhecido"}},{"type":"Feature","geometry":{"type":"Polygon","coordinates":[[[-6.19156,38.98934],[-6.1913,38.98901],[-6.19092,38.98824],[-6.19085,38.98804],[-6.1912,38.988],[-6.1916,38.98858],[-6.19186,38.98904],[-6.19156,38.98934]]]},"properties":{"dam_id":"way/153254035","osm_type":"way","osm_id":153254035,"country":"ES","name":"presa romana de Cornalvo","uso":"desconhecido"}},{"type":"Feature","geometry":{"type":"Polygon","coordinates":[[[-4.92657,38.08595],[-4.92643,38.08597],[-4.92426,38.08633],[-4.92471,38.0859],[-4.9261,38.08568],[-4.92657,38.08595]]]},"properties":{"dam_id":"way/153948798","osm_type":"way","osm_id":153948798,"country":"ES","name":null,"uso":"desconhecido"}},{"type":"Feature","geometry":{"type":"Polygon","coordinates":[[[-4.44458,38.02191],[-4.44549,38.02285],[-4.4465,38.02355],[-4.44749,38.02443],[-4.44828,38.02772],[-4.44774,38.02735],[-4.44663,38.02426],[-4.44336,38.02227],[-4.4411,38.02117],[-4.43898,38.02019],[-4.43964,38.01984],[-4.4409,38.01961],[-4.44224,38.02021],[-4.44258,38.02071],[-4.44458,38.02191]]]},"properties":{"dam_id":"way/154242402","osm_type":"way","osm_id":154242402,"country":"ES","name":null,"uso":"desconhecido"}},{"type":"Feature","geometry":{"type":"Polygon","coordinates":[[[-8.45158,43.33962],[-8.45177,43.33973],[-8.45325,43.34166],[-8.45314,43.34171],[-8.45308,43.34162],[-8.45309,43.3415],[-8.45295,43.34145],[-8.45295,43.34133],[-8.45281,43.34128],[-8.45281,43.34115],[-8.45267,43.3411],[-8.45268,43.34098],[-8.45253,43.34092],[-8.45255,43.34081],[-8.45239,43.34076],[-8.45241,43.34063],[-8.45226,43.34059],[-8.45228,43.34045],[-8.45212,43.34041],[-8.45213,43.34028],[-8.45198,43.34023],[-8.452,43.3401],[-8.45185,43.34007],[-8.45189,43.33993],[-8.45172,43.33991],[-8.45177,43.33977],[-8.45159,43.33974],[-8.45158,43.33962]]]},"properties":{"dam_id":"way/154998797","osm_type":"way","osm_id":154998797,"country":"ES","name":null,"uso":"desconhecido"}},{"type":"Feature","geometry":{"type":"Polygon","coordinates":[[[-2.99549,43.26909],[-2.99617,43.26953],[-2.99612,43.26957],[-2.99574,43.26949],[-2.99559,43.2694],[-2.99565,43.26937],[-2.99551,43.26926],[-2.99551,43.26919],[-2.99527,43.26932],[-2.99526,43.26956],[-2.99511,43.26957],[-2.99511,43.26898],[-2.99543,43.26895],[-2.99544,43.26904],[-2.99549,43.26909]]]},"properties":{"dam_id":"way/155415501","osm_type":"way","osm_id":155415501,"country":"ES","name":null,"uso":"desconhecido"}},{"type":"Feature","geometry":{"type":"Polygon","coordinates":[[[-1.73578,42.61716],[-1.73604,42.61752],[-1.73929,42.61756],[-1.73987,42.6173],[-1.73933,42.61703],[-1.73619,42.61698],[-1.73578,42.61716]]]},"properties":{"dam_id":"way/155709403","osm_type":"way","osm_id":155709403,"country":"ES","name":null,"uso":"desconhecido"}},{"type":"Feature","geometry":{"type":"LineString","coordinates":[[-1.32167,38.14142],[-1.32188,38.14153],[-1.3224,38.14137],[-1.32188,38.14151],[-1.32175,38.14144],[-1.32168,38.1414],[-1.32153,38.14132],[-1.32137,38.14145],[-1.32151,38.14155],[-1.32168,38.1414]]},"properties":{"dam_id":"way/155839509","osm_type":"way","osm_id":155839509,"country":"ES","name":"El Golgo","uso":"desconhecido"}},{"type":"Feature","geometry":{"type":"LineString","coordinates":[[1.03764,41.55766],[1.03767,41.55757]]},"properties":{"dam_id":"way/156510767","osm_type":"way","osm_id":156510767,"country":"ES","name":null,"uso":"desconhecido"}},{"type":"Feature","geometry":{"type":"LineString","coordinates":[[-3.62447,36.85607],[-3.62425,36.8561],[-3.62406,36.85617]]},"properties":{"dam_id":"way/156537374","osm_type":"way","osm_id":156537374,"country":"ES","name":null,"uso":"desconhecido"}},{"type":"Feature","geometry":{"type":"LineString","coordinates":[[-0.11157,42.59687],[-0.11154,42.59662]]},"properties":{"dam_id":"way/157700173","osm_type":"way","osm_id":157700173,"country":"ES","name":null,"uso":"desconhecido"}},{"type":"Feature","geometry":{"type":"LineString","coordinates":[[2.99082,42.07646],[2.99152,42.07718]]},"properties":{"dam_id":"way/158043144","osm_type":"way","osm_id":158043144,"country":"ES","name":"Presa de Colomers","uso":"desconhecido"}},{"type":"Feature","geometry":{"type":"Polygon","coordinates":[[[-0.65174,39.1286],[-0.65234,39.12911],[-0.65301,39.12943],[-0.65424,39.13029],[-0.65431,39.13012],[-0.65522,39.12999],[-0.65502,39.1305],[-0.65488,39.13063],[-0.65519,39.1308],[-0.65578,39.13091],[-0.65575,39.13135],[-0.65441,39.13162],[-0.65423,39.13196],[-0.64997,39.13298],[-0.64889,39.13354],[-0.64848,39.13381],[-0.64786,39.13404],[-0.64588,39.13454],[-0.64529,39.13462],[-0.64516,39.13458],[-0.64505,39.13411],[-0.64529,39.13404],[-0.64516,39.13398],[-0.6454,39.13368],[-0.64607,39.13339],[-0.64669,39.13294],[-0.64699,39.1328],[-0.64713,39.13268],[-0.64754,39.13253],[-0.64786,39.13267],[-0.6481,39.13266],[-0.64827,39.1322],[-0.64845,39.13205],[-0.64859,39.13205],[-0.64872,39.13233],[-0.64918,39.13149],[-0.64956,39.13118],[-0.65011,39.13107],[-0.65008,39.13092],[-0.65134,39.13061],[-0.65122,39.1303],[-0.65125,39.13027],[-0.6513,39.13029],[-0.65127,39.13033],[-0.65137,39.13056],[-0.65155,39.13049],[-0.65154,39.13053],[-0.65167,39.13046],[-0.65195,39.13042],[-0.65104,39.12885],[-0.65174,39.1286]]]},"properties":{"dam_id":"way/158429960","osm_type":"way","osm_id":158429960,"country":"ES","name":"Presa de Tous","uso":"desconhecido"}},{"type":"Feature","geometry":{"type":"Polygon","coordinates":[[[2.0522,41.50039],[2.05224,41.50029],[2.05234,41.50027],[2.05253,41.50027],[2.05272,41.5003],[2.05283,41.50038],[2.05283,41.50046],[2.05271,41.50037],[2.05253,41.50033],[2.0523,41.50033],[2.0522,41.50039]]]},"properties":{"dam_id":"way/158709702","osm_type":"way","osm_id":158709702,"country":"ES","name":null,"uso":"desconhecido"}},{"type":"Feature","geometry":{"type":"Polygon","coordinates":[[[-6.71098,40.23839],[-6.71115,40.23861],[-6.71148,40.23873],[-6.71142,40.23879],[-6.70976,40.238],[-6.70989,40.23794],[-6.71045,40.2381],[-6.71098,40.23839]]]},"properties":{"dam_id":"way/159113641","osm_type":"way","osm_id":159113641,"country":"ES","name":null,"uso":"desconhecido"}},{"type":"Feature","geometry":{"type":"Polygon","coordinates":[[[-5.97717,37.51871],[-5.97712,37.51879],[-5.9771,37.51913],[-5.97708,37.51913],[-5.9771,37.51869],[-5.97548,37.51864],[-5.97549,37.51859],[-5.97491,37.51857],[-5.97492,37.5185],[-5.97732,37.51858],[-5.97731,37.51865],[-5.97715,37.51864],[-5.97717,37.51871]]]},"properties":{"dam_id":"way/160495783","osm_type":"way","osm_id":160495783,"country":"ES","name":"Presa de Alcalá del Río","uso":"desconhecido"}},{"type":"Feature","geometry":{"type":"LineString","coordinates":[[0.89683,41.41906],[0.89774,41.41939]]},"properties":{"dam_id":"way/161462334","osm_type":"way","osm_id":161462334,"country":"ES","name":null,"uso":"desconhecido"}},{"type":"Feature","geometry":{"type":"Polygon","coordinates":[[[-4.18755,40.55005],[-4.18739,40.55005],[-4.18747,40.55028],[-4.18752,40.55027],[-4.18755,40.55005]]]},"properties":{"dam_id":"way/161804077","osm_type":"way","osm_id":161804077,"country":"ES","name":"Presa del Pinar","uso":"desconhecido"}},{"type":"Feature","geometry":{"type":"Polygon","coordinates":[[[-5.01414,39.37343],[-5.01451,39.37296],[-5.01669,39.37388],[-5.01717,39.37416],[-5.01729,39.37402],[-5.01733,39.3738],[-5.01724,39.37353],[-5.01502,39.37267],[-5.01419,39.37265],[-5.01358,39.37385],[-5.01414,39.37343]]]},"properties":{"dam_id":"way/161861671","osm_type":"way","osm_id":161861671,"country":"ES","name":null,"uso":"desconhecido"}},{"type":"Feature","geometry":{"type":"Polygon","coordinates":[[[-5.42751,43.22142],[-5.42787,43.22061],[-5.42819,43.22015],[-5.4284,43.2199],[-5.42847,43.21989],[-5.42848,43.21999],[-5.42858,43.22011],[-5.42851,43.22013],[-5.42858,43.22048],[-5.42874,43.22063],[-5.42886,43.22069],[-5.42903,43.22075],[-5.42924,43.22079],[-5.42892,43.22128],[-5.4286,43.2212],[-5.42845,43.22122],[-5.42809,43.22138],[-5.42789,43.22143],[-5.42775,43.2214],[-5.42751,43.22142]]]},"properties":{"dam_id":"way/162071928","osm_type":"way","osm_id":162071928,"country":"ES","name":"Presa de Tanes","uso":"hidroelétrica"}},{"type":"Feature","geometry":{"type":"LineString","coordinates":[[1.97887,41.74214],[1.97901,41.74216],[1.97904,41.74225]]},"properties":{"dam_id":"way/162354145","osm_type":"way","osm_id":162354145,"country":"ES","name":null,"uso":"desconhecido"}},{"type":"Feature","geometry":{"type":"LineString","coordinates":[[2.07825,41.66993],[2.07827,41.66978]]},"properties":{"dam_id":"way/162425165","osm_type":"way","osm_id":162425165,"country":"ES","name":null,"uso":"desconhecido"}},{"type":"Feature","geometry":{"type":"Polygon","coordinates":[[[-0.35563,42.51067],[-0.35555,42.51064],[-0.35545,42.51075],[-0.35509,42.51055],[-0.35513,42.51052],[-0.35509,42.5105],[-0.35486,42.51062],[-0.35495,42.51073],[-0.35518,42.51087],[-0.35547,42.51099],[-0.35563,42.51067]]]},"properties":{"dam_id":"way/162568087","osm_type":"way","osm_id":162568087,"country":"ES","name":null,"uso":"desconhecido"}},{"type":"Feature","geometry":{"type":"Polygon","coordinates":[[[-6.07315,37.6414],[-6.07275,37.64109],[-6.07256,37.6412],[-6.0721,37.64084],[-6.07224,37.6407],[-6.07207,37.64058],[-6.07211,37.64056],[-6.07319,37.64137],[-6.07315,37.6414]]]},"properties":{"dam_id":"way/162957963","osm_type":"way","osm_id":162957963,"country":"ES","name":null,"uso":"desconhecido"}},{"type":"Feature","geometry":{"type":"Polygon","coordinates":[[[-6.04965,37.56716],[-6.05001,37.56705],[-6.05037,37.56683],[-6.05045,37.56687],[-6.05019,37.56709],[-6.04984,37.56728],[-6.04952,37.56733],[-6.04926,37.56734],[-6.04893,37.56728],[-6.04859,37.56715],[-6.04822,37.5669],[-6.048,37.56666],[-6.04806,37.56661],[-6.04854,37.56697],[-6.04877,37.56706],[-6.04881,37.56701],[-6.04908,37.5671],[-6.04961,37.5671],[-6.04965,37.56716]]]},"properties":{"dam_id":"way/162969465","osm_type":"way","osm_id":162969465,"country":"ES","name":null,"uso":"desconhecido"}},{"type":"Feature","geometry":{"type":"LineString","coordinates":[[2.00441,41.71293],[2.0046,41.7129],[2.00478,41.71293]]},"properties":{"dam_id":"way/163422416","osm_type":"way","osm_id":163422416,"country":"ES","name":"presa","uso":"desconhecido"}},{"type":"Feature","geometry":{"type":"LineString","coordinates":[[3.31509,39.72924],[3.31541,39.72937]]},"properties":{"dam_id":"way/163559808","osm_type":"way","osm_id":163559808,"country":"ES","name":null,"uso":"desconhecido"}},{"type":"Feature","geometry":{"type":"LineString","coordinates":[[3.32299,39.72325],[3.32325,39.72337]]},"properties":{"dam_id":"way/163560221","osm_type":"way","osm_id":163560221,"country":"ES","name":null,"uso":"desconhecido"}},{"type":"Feature","geometry":{"type":"LineString","coordinates":[[2.85068,39.7708],[2.85067,39.77063]]},"properties":{"dam_id":"way/163594997","osm_type":"way","osm_id":163594997,"country":"ES","name":null,"uso":"desconhecido"}},{"type":"Feature","geometry":{"type":"LineString","coordinates":[[2.85889,39.77003],[2.85896,39.76976]]},"properties":{"dam_id":"way/163594998","osm_type":"way","osm_id":163594998,"country":"ES","name":null,"uso":"desconhecido"}},{"type":"Feature","geometry":{"type":"LineString","coordinates":[[2.03098,41.67656],[2.03084,41.67648]]},"properties":{"dam_id":"way/164214616","osm_type":"way","osm_id":164214616,"country":"ES","name":null,"uso":"desconhecido"}},{"type":"Feature","geometry":{"type":"LineString","coordinates":[[-4.53149,42.16314],[-4.53213,42.16326]]},"properties":{"dam_id":"way/164252262","osm_type":"way","osm_id":164252262,"country":"ES","name":"Presa de Calahorra","uso":"desconhecido"}},{"type":"Feature","geometry":{"type":"LineString","coordinates":[[-1.63636,39.74221],[-1.63535,39.74194]]},"properties":{"dam_id":"way/164856448","osm_type":"way","osm_id":164856448,"country":"ES","name":null,"uso":"desconhecido"}},{"type":"Feature","geometry":{"type":"LineString","coordinates":[[1.92545,41.68268],[1.92559,41.68275],[1.92561,41.6829]]},"properties":{"dam_id":"way/165064666","osm_type":"way","osm_id":165064666,"country":"ES","name":null,"uso":"desconhecido"}},{"type":"Feature","geometry":{"type":"LineString","coordinates":[[-7.59229,41.87004],[-7.59215,41.86992]]},"properties":{"dam_id":"way/165066319","osm_type":"way","osm_id":165066319,"country":"ES","name":null,"uso":"desconhecido"}},{"type":"Feature","geometry":{"type":"Polygon","coordinates":[[[-6.82407,43.38552],[-6.825,43.38579],[-6.82537,43.38596],[-6.82573,43.38619],[-6.82599,43.38641],[-6.82603,43.38642],[-6.82611,43.38631],[-6.82627,43.38636],[-6.8262,43.38646],[-6.8265,43.38654],[-6.8265,43.38662],[-6.82624,43.38686],[-6.82612,43.38684],[-6.82607,43.38679],[-6.82544,43.38664],[-6.82536,43.38654],[-6.82512,43.38637],[-6.82481,43.38624],[-6.82472,43.38585],[-6.824,43.38561],[-6.82407,43.38552]]]},"properties":{"dam_id":"way/165221432","osm_type":"way","osm_id":165221432,"country":"ES","name":"Embalse de Doiras","uso":"desconhecido"}},{"type":"Feature","geometry":{"type":"LineString","coordinates":[[-3.02417,43.25753],[-3.0239,43.25729],[-3.02359,43.25715]]},"properties":{"dam_id":"way/165274968","osm_type":"way","osm_id":165274968,"country":"ES","name":null,"uso":"desconhecido"}},{"type":"Feature","geometry":{"type":"LineString","coordinates":[[2.00068,41.59536],[2.00062,41.59555],[2.00065,41.59565],[2.00073,41.59575]]},"properties":{"dam_id":"way/165293811","osm_type":"way","osm_id":165293811,"country":"ES","name":null,"uso":"desconhecido"}},{"type":"Feature","geometry":{"type":"LineString","coordinates":[[-0.58295,39.32148],[-0.58287,39.32147],[-0.58273,39.32158],[-0.58248,39.32165],[-0.58224,39.32166],[-0.58205,39.32162],[-0.58203,39.32165]]},"properties":{"dam_id":"way/165477969","osm_type":"way","osm_id":165477969,"country":"ES","name":null,"uso":"desconhecido"}},{"type":"Feature","geometry":{"type":"Polygon","coordinates":[[[-6.73036,43.47722],[-6.73033,43.47697],[-6.73061,43.4768],[-6.73097,43.47676],[-6.73088,43.47582],[-6.72994,43.4756],[-6.72978,43.47569],[-6.73013,43.47702],[-6.73015,43.47725],[-6.73036,43.47722]]]},"properties":{"dam_id":"way/165879078","osm_type":"way","osm_id":165879078,"country":"ES","name":"Embalse d'Arbón","uso":"desconhecido"}},{"type":"Feature","geometry":{"type":"LineString","coordinates":[[-4.84209,39.99656],[-4.83928,39.99651]]},"properties":{"dam_id":"way/166769834","osm_type":"way","osm_id":166769834,"country":"ES","name":null,"uso":"desconhecido"}},{"type":"Feature","geometry":{"type":"LineString","coordinates":[[-4.93585,40.22061],[-4.93534,40.22106]]},"properties":{"dam_id":"way/168360971","osm_type":"way","osm_id":168360971,"country":"ES","name":null,"uso":"desconhecido"}},{"type":"Feature","geometry":{"type":"LineString","coordinates":[[-3.31732,42.36704],[-3.31727,42.36665],[-3.31708,42.36634],[-3.31688,42.36617],[-3.31654,42.36599],[-3.31626,42.36591],[-3.3159,42.36587],[-3.31565,42.36587]]},"properties":{"dam_id":"way/168459142","osm_type":"way","osm_id":168459142,"country":"ES","name":"Presa de Alba","uso":"desconhecido"}},{"type":"Feature","geometry":{"type":"Polygon","coordinates":[[[-3.33936,42.26417],[-3.33909,42.26414],[-3.33859,42.26412],[-3.33825,42.26414],[-3.33807,42.26411],[-3.33876,42.26398],[-3.33957,42.26391],[-3.3404,42.26396],[-3.34128,42.26415],[-3.34148,42.26409],[-3.34146,42.26417],[-3.34121,42.26422],[-3.3405,42.26414],[-3.33936,42.26417]]]},"properties":{"dam_id":"way/168549919","osm_type":"way","osm_id":168549919,"country":"ES","name":"Embalse del Arlanzón","uso":"hidroelétrica"}},{"type":"Feature","geometry":{"type":"LineString","coordinates":[[-8.02877,42.14016],[-8.02855,42.13975]]},"properties":{"dam_id":"way/169740766","osm_type":"way","osm_id":169740766,"country":"ES","name":"Encoro de Tuño","uso":"desconhecido"}},{"type":"Feature","geometry":{"type":"Polygon","coordinates":[[[-3.28685,43.16036],[-3.28677,43.16044],[-3.28625,43.16031],[-3.28601,43.16029],[-3.28572,43.16029],[-3.28526,43.16036],[-3.28465,43.1605],[-3.28427,43.16063],[-3.28432,43.16073],[-3.28419,43.16077],[-3.28414,43.16068],[-3.28372,43.16082],[-3.28304,43.16094],[-3.28282,43.16102],[-3.2826,43.16117],[-3.28249,43.16111],[-3.28116,43.1611],[-3.28119,43.16102],[-3.2813,43.16098],[-3.28144,43.16101],[-3.2815,43.16107],[-3.28155,43.16102],[-3.28166,43.16098],[-3.28179,43.161],[-3.28187,43.16107],[-3.28198,43.16099],[-3.28212,43.16098],[-3.28223,43.16107],[-3.28235,43.16099],[-3.28246,43.16098],[-3.28256,43.16101],[-3.28261,43.16108],[-3.28313,43.16072],[-3.28371,43.16045],[-3.28423,43.16029],[-3.28493,43.16017],[-3.28529,43.16016],[-3.28597,43.16019],[-3.28657,43.16029],[-3.28685,43.16036]]]},"properties":{"dam_id":"way/171841269","osm_type":"way","osm_id":171841269,"country":"ES","name":"Pantano de Ordunte (presa)","uso":"desconhecido"}},{"type":"Feature","geometry":{"type":"LineString","coordinates":[[-3.5223,37.16107],[-3.52243,37.16143]]},"properties":{"dam_id":"way/171869871","osm_type":"way","osm_id":171869871,"country":"ES","name":null,"uso":"desconhecido"}},{"type":"Feature","geometry":{"type":"LineString","coordinates":[[1.31248,42.67114],[1.31235,42.67105],[1.31246,42.67085]]},"properties":{"dam_id":"way/172459628","osm_type":"way","osm_id":172459628,"country":"ES","name":"Presa de Montalto","uso":"desconhecido"}},{"type":"Feature","geometry":{"type":"LineString","coordinates":[[2.1548,41.7309],[2.15538,41.73115]]},"properties":{"dam_id":"way/172526699","osm_type":"way","osm_id":172526699,"country":"ES","name":null,"uso":"desconhecido"}},{"type":"Feature","geometry":{"type":"Polygon","coordinates":[[[-1.63323,37.56667],[-1.63339,37.56665],[-1.63356,37.56654],[-1.63359,37.56645],[-1.63323,37.56667]]]},"properties":{"dam_id":"way/172565815","osm_type":"way","osm_id":172565815,"country":"ES","name":null,"uso":"desconhecido"}},{"type":"Feature","geometry":{"type":"Polygon","coordinates":[[[1.23504,42.67356],[1.23512,42.67355],[1.23625,42.67341],[1.23601,42.67333],[1.236,42.67327],[1.23582,42.67328],[1.23565,42.6733],[1.23566,42.67337],[1.23536,42.67341],[1.23504,42.67353],[1.23504,42.67356]]]},"properties":{"dam_id":"way/173063410","osm_type":"way","osm_id":173063410,"country":"ES","name":null,"uso":"desconhecido"}},{"type":"Feature","geometry":{"type":"LineString","coordinates":[[1.31391,42.70156],[1.31425,42.70144]]},"properties":{"dam_id":"way/173110837","osm_type":"way","osm_id":173110837,"country":"ES","name":null,"uso":"desconhecido"}},{"type":"Feature","geometry":{"type":"LineString","coordinates":[[1.30633,42.70449],[1.30647,42.70457]]},"properties":{"dam_id":"way/173110839","osm_type":"way","osm_id":173110839,"country":"ES","name":null,"uso":"desconhecido"}},{"type":"Feature","geometry":{"type":"Polygon","coordinates":[[[2.82703,42.33817],[2.82705,42.33786],[2.8269,42.33754],[2.82701,42.33807],[2.82703,42.33817]]]},"properties":{"dam_id":"way/173165939","osm_type":"way","osm_id":173165939,"country":"ES","name":"Presa Petita","uso":"desconhecido"}},{"type":"Feature","geometry":{"type":"LineString","coordinates":[[1.93556,41.76144],[1.93572,41.76134],[1.93589,41.76129],[1.93602,41.76122],[1.93616,41.76106],[1.93617,41.76087]]},"properties":{"dam_id":"way/173486381","osm_type":"way","osm_id":173486381,"country":"ES","name":"Resclosa del Manganell","uso":"desconhecido"}},{"type":"Feature","geometry":{"type":"Polygon","coordinates":[[[-1.73927,38.79682],[-1.73897,38.79656],[-1.73875,38.79671],[-1.73883,38.79684],[-1.73912,38.79695],[-1.73927,38.79682]]]},"properties":{"dam_id":"way/173965182","osm_type":"way","osm_id":173965182,"country":"ES","name":null,"uso":"desconhecido"}},{"type":"Feature","geometry":{"type":"Polygon","coordinates":[[[-4.80397,36.93921],[-4.80417,36.93906],[-4.80383,36.9388],[-4.80322,36.93847],[-4.80292,36.93836],[-4.80257,36.93838],[-4.8023,36.93851],[-4.80208,36.93871],[-4.80183,36.93875],[-4.80055,36.93688],[-4.80034,36.93698],[-4.80129,36.93896],[-4.80109,36.93893],[-4.80095,36.93897],[-4.80071,36.93925],[-4.79971,36.93914],[-4.79952,36.93937],[-4.7993,36.93946],[-4.7991,36.93949],[-4.79918,36.94009],[-4.79888,36.94078],[-4.79922,36.94079],[-4.79965,36.94059],[-4.80039,36.94033],[-4.80071,36.94011],[-4.80146,36.93922],[-4.80145,36.93914],[-4.80198,36.93892],[-4.80206,36.93897],[-4.8025,36.93878],[-4.80295,36.93879],[-4.80397,36.93921]]]},"properties":{"dam_id":"way/174709442","osm_type":"way","osm_id":174709442,"country":"ES","name":null,"uso":"desconhecido"}},{"type":"Feature","geometry":{"type":"Polygon","coordinates":[[[-4.76034,36.90507],[-4.76009,36.90518],[-4.76012,36.90532],[-4.76118,36.90489],[-4.7612,36.90491],[-4.76133,36.90483],[-4.76117,36.90468],[-4.76108,36.90471],[-4.76102,36.90466],[-4.7603,36.90495],[-4.76034,36.90507]]]},"properties":{"dam_id":"way/174709443","osm_type":"way","osm_id":174709443,"country":"ES","name":null,"uso":"desconhecido"}},{"type":"Feature","geometry":{"type":"LineString","coordinates":[[0.01055,38.69838],[0.01046,38.69823]]},"properties":{"dam_id":"way/174766658","osm_type":"way","osm_id":174766658,"country":"ES","name":null,"uso":"desconhecido"}},{"type":"Feature","geometry":{"type":"LineString","coordinates":[[-5.01429,39.58325],[-5.01565,39.58271]]},"properties":{"dam_id":"way/175564252","osm_type":"way","osm_id":175564252,"country":"ES","name":null,"uso":"desconhecido"}},{"type":"Feature","geometry":{"type":"LineString","coordinates":[[2.18164,41.71621],[2.18166,41.71597]]},"properties":{"dam_id":"way/175870042","osm_type":"way","osm_id":175870042,"country":"ES","name":null,"uso":"desconhecido"}},{"type":"Feature","geometry":{"type":"LineString","coordinates":[[0.18542,40.82606],[0.18566,40.82611]]},"properties":{"dam_id":"way/176306421","osm_type":"way","osm_id":176306421,"country":"ES","name":null,"uso":"desconhecido"}},{"type":"Feature","geometry":{"type":"Polygon","coordinates":[[[1.06099,42.55482],[1.06107,42.55477],[1.06118,42.55485],[1.06113,42.55474],[1.06122,42.55466],[1.06131,42.55467],[1.06143,42.5548],[1.06146,42.55479],[1.06137,42.55468],[1.06142,42.55464],[1.06151,42.55466],[1.06159,42.55475],[1.06149,42.55463],[1.06144,42.55462],[1.06136,42.55466],[1.06123,42.55464],[1.06115,42.55468],[1.06111,42.55476],[1.06101,42.55477],[1.06099,42.55482]]]},"properties":{"dam_id":"way/176563111","osm_type":"way","osm_id":176563111,"country":"ES","name":"Pressa de la Font Grassa","uso":"desconhecido"}},{"type":"Feature","geometry":{"type":"Polygon","coordinates":[[[0.13424,40.81977],[0.13435,40.81967],[0.13464,40.81974],[0.13473,40.81985],[0.1348,40.81982],[0.13461,40.81961],[0.13421,40.81938],[0.13384,40.8193],[0.13337,40.81932],[0.13337,40.81938],[0.13374,40.81936],[0.13375,40.8194],[0.13393,40.81946],[0.134,40.81954],[0.13396,40.81961],[0.13399,40.81966],[0.13424,40.81977]]]},"properties":{"dam_id":"way/1010713648","osm_type":"way","osm_id":1010713648,"country":"ES","name":"Embalse de Pena","uso":"desconhecido"}},{"type":"Feature","geometry":{"type":"Polygon","coordinates":[[[2.15286,42.39382],[2.15321,42.39375],[2.15341,42.39364],[2.15324,42.39363],[2.15318,42.39367],[2.15302,42.39371],[2.15293,42.3938],[2.15286,42.39382]]]},"properties":{"dam_id":"way/328934435","osm_type":"way","osm_id":328934435,"country":"ES","name":null,"uso":"desconhecido"}},{"type":"Feature","geometry":{"type":"Polygon","coordinates":[[[-4.58161,40.30467],[-4.58232,40.30461],[-4.58232,40.30459],[-4.5821,40.30458],[-4.58208,40.30455],[-4.58194,40.30456],[-4.58194,40.30459],[-4.58161,40.30467]]]},"properties":{"dam_id":"way/176953077","osm_type":"way","osm_id":176953077,"country":"ES","name":"Presa Majalobos","uso":"desconhecido"}},{"type":"Feature","geometry":{"type":"Polygon","coordinates":[[[-4.56179,40.31046],[-4.55989,40.31141],[-4.55984,40.31135],[-4.56045,40.31073],[-4.56062,40.31063],[-4.56174,40.3104],[-4.56179,40.31046]]]},"properties":{"dam_id":"way/176953085","osm_type":"way","osm_id":176953085,"country":"ES","name":"Presa El Pajarero","uso":"desconhecido"}},{"type":"Feature","geometry":{"type":"LineString","coordinates":[[2.15524,42.39858],[2.15537,42.39844]]},"properties":{"dam_id":"way/176987722","osm_type":"way","osm_id":176987722,"country":"ES","name":null,"uso":"desconhecido"}},{"type":"Feature","geometry":{"type":"LineString","coordinates":[[2.11095,42.09344],[2.11143,42.09373]]},"properties":{"dam_id":"way/177128160","osm_type":"way","osm_id":177128160,"country":"ES","name":null,"uso":"desconhecido"}},{"type":"Feature","geometry":{"type":"LineString","coordinates":[[-4.62136,40.33402],[-4.62138,40.33454]]},"properties":{"dam_id":"way/177968569","osm_type":"way","osm_id":177968569,"country":"ES","name":null,"uso":"desconhecido"}},{"type":"Feature","geometry":{"type":"Polygon","coordinates":[[[-0.23208,38.80445],[-0.23206,38.80446],[-0.23192,38.80412],[-0.23195,38.80412],[-0.23208,38.80445]]]},"properties":{"dam_id":"way/178252287","osm_type":"way","osm_id":178252287,"country":"ES","name":null,"uso":"desconhecido"}},{"type":"Feature","geometry":{"type":"LineString","coordinates":[[-4.70602,40.33832],[-4.70738,40.33831],[-4.70759,40.33841],[-4.70767,40.33861]]},"properties":{"dam_id":"way/178301215","osm_type":"way","osm_id":178301215,"country":"ES","name":null,"uso":"desconhecido"}},{"type":"Feature","geometry":{"type":"Polygon","coordinates":[[[-4.78838,36.9332],[-4.78827,36.93345],[-4.78817,36.93325],[-4.78846,36.9331],[-4.78848,36.93306],[-4.78837,36.93298],[-4.78839,36.93291],[-4.78862,36.93286],[-4.78861,36.93281],[-4.78864,36.93279],[-4.78869,36.93292],[-4.78865,36.93303],[-4.78855,36.93312],[-4.78838,36.9332]]]},"properties":{"dam_id":"way/178327999","osm_type":"way","osm_id":178327999,"country":"ES","name":null,"uso":"desconhecido"}},{"type":"Feature","geometry":{"type":"Polygon","coordinates":[[[-4.65177,40.32536],[-4.65113,40.32535],[-4.65143,40.32524],[-4.65157,40.32525],[-4.65177,40.32536]]]},"properties":{"dam_id":"way/178546194","osm_type":"way","osm_id":178546194,"country":"ES","name":"Presa de los Hornillos","uso":"desconhecido"}},{"type":"Feature","geometry":{"type":"LineString","coordinates":[[-6.72867,42.59935],[-6.72825,42.59876]]},"properties":{"dam_id":"way/179220205","osm_type":"way","osm_id":179220205,"country":"ES","name":null,"uso":"desconhecido"}},{"type":"Feature","geometry":{"type":"Polygon","coordinates":[[[-4.52081,40.31409],[-4.51913,40.31524],[-4.51983,40.31459],[-4.52081,40.31409]]]},"properties":{"dam_id":"way/179272449","osm_type":"way","osm_id":179272449,"country":"ES","name":"Presa de los Morales","uso":"desconhecido"}},{"type":"Feature","geometry":{"type":"Polygon","coordinates":[[[-1.37234,39.19716],[-1.37225,39.19696],[-1.37213,39.19657],[-1.37205,39.19658],[-1.37211,39.19685],[-1.37227,39.19718],[-1.37234,39.19716]]]},"properties":{"dam_id":"way/180118701","osm_type":"way","osm_id":180118701,"country":"ES","name":"Presa de Tolosa","uso":"desconhecido"}},{"type":"Feature","geometry":{"type":"Polygon","coordinates":[[[-3.14978,41.19655],[-3.14988,41.19647],[-3.14993,41.19634],[-3.14993,41.19624],[-3.14986,41.19623],[-3.1498,41.19611],[-3.14967,41.19647],[-3.14978,41.19655]]]},"properties":{"dam_id":"way/180558896","osm_type":"way","osm_id":180558896,"country":"ES","name":null,"uso":"desconhecido"}},{"type":"Feature","geometry":{"type":"Polygon","coordinates":[[[-3.35896,42.78307],[-3.35981,42.78343],[-3.36016,42.78346],[-3.36016,42.78351],[-3.35985,42.78349],[-3.35983,42.78352],[-3.35975,42.78351],[-3.35976,42.78345],[-3.35895,42.78311],[-3.35896,42.78307]]]},"properties":{"dam_id":"way/181032653","osm_type":"way","osm_id":181032653,"country":"ES","name":"Presa de Cillaperlata","uso":"desconhecido"}},{"type":"Feature","geometry":{"type":"LineString","coordinates":[[-1.79612,41.26182],[-1.79806,41.26322]]},"properties":{"dam_id":"way/181145823","osm_type":"way","osm_id":181145823,"country":"ES","name":"Embalse de La Tranquera","uso":"desconhecido"}},{"type":"Feature","geometry":{"type":"Polygon","coordinates":[[[0.99282,42.49965],[0.99366,42.50023],[0.99371,42.5006],[0.99345,42.50045],[0.99299,42.50036],[0.99016,42.50047],[0.98991,42.5005],[0.98953,42.50059],[0.98927,42.50072],[0.98889,42.50098],[0.98885,42.50095],[0.98913,42.50063],[0.98906,42.50042],[0.98919,42.50027],[0.98945,42.50009],[0.98981,42.49973],[0.99003,42.49965],[0.99095,42.49952],[0.99119,42.49937],[0.99131,42.49918],[0.9919,42.49918],[0.9926,42.49958],[0.99282,42.49965]]]},"properties":{"dam_id":"way/181359938","osm_type":"way","osm_id":181359938,"country":"ES","name":null,"uso":"hidroelétrica"}},{"type":"Feature","geometry":{"type":"Polygon","coordinates":[[[-3.04968,42.75633],[-3.04946,42.7563],[-3.0495,42.75615],[-3.04945,42.75614],[-3.04942,42.75625],[-3.04937,42.75624],[-3.04936,42.75629],[-3.04918,42.75626],[-3.04919,42.75622],[-3.04913,42.75621],[-3.04912,42.75625],[-3.04907,42.75624],[-3.04905,42.7563],[-3.05051,42.75652],[-3.05053,42.75647],[-3.05001,42.75639],[-3.05002,42.75624],[-3.04994,42.75638],[-3.04974,42.75634],[-3.04975,42.75619],[-3.04968,42.75633]]]},"properties":{"dam_id":"way/181521873","osm_type":"way","osm_id":181521873,"country":"ES","name":"Presa de Puentelarra","uso":"desconhecido"}},{"type":"Feature","geometry":{"type":"Polygon","coordinates":[[[-0.30462,38.84411],[-0.30464,38.84403],[-0.30473,38.844],[-0.30468,38.84392],[-0.30454,38.84394],[-0.30449,38.84389],[-0.30462,38.84411]]]},"properties":{"dam_id":"way/181987605","osm_type":"way","osm_id":181987605,"country":"ES","name":null,"uso":"desconhecido"}},{"type":"Feature","geometry":{"type":"Polygon","coordinates":[[[-4.13183,40.38671],[-4.13065,40.38756],[-4.13096,40.38721],[-4.13137,40.38701],[-4.13183,40.38671]]]},"properties":{"dam_id":"way/182017974","osm_type":"way","osm_id":182017974,"country":"ES","name":null,"uso":"desconhecido"}},{"type":"Feature","geometry":{"type":"Polygon","coordinates":[[[-2.91522,38.36416],[-2.91457,38.36313],[-2.91431,38.363],[-2.91409,38.3629],[-2.91369,38.36292],[-2.91241,38.3627],[-2.91228,38.36277],[-2.91522,38.36416]]]},"properties":{"dam_id":"way/182350129","osm_type":"way","osm_id":182350129,"country":"ES","name":null,"uso":"desconhecido"}},{"type":"Feature","geometry":{"type":"LineString","coordinates":[[-4.45151,41.93873],[-4.45138,41.93615]]},"properties":{"dam_id":"way/182584928","osm_type":"way","osm_id":182584928,"country":"ES","name":"Presa de Cerrato","uso":"desconhecido"}},{"type":"Feature","geometry":{"type":"LineString","coordinates":[[0.78499,41.29694],[0.78504,41.29702],[0.7851,41.29722],[0.78513,41.29746],[0.78505,41.29768],[0.78493,41.29786],[0.78473,41.29805],[0.78426,41.29823]]},"properties":{"dam_id":"way/182932093","osm_type":"way","osm_id":182932093,"country":"ES","name":null,"uso":"desconhecido"}},{"type":"Feature","geometry":{"type":"Polygon","coordinates":[[[0.91279,41.25076],[0.91267,41.25071],[0.9128,41.25055],[0.91273,41.25049],[0.91302,41.25013],[0.91304,41.25003],[0.9132,41.24982],[0.91317,41.24978],[0.91366,41.24925],[0.91383,41.24912],[0.91381,41.2491],[0.91384,41.24906],[0.91387,41.24908],[0.9139,41.24905],[0.91401,41.24904],[0.91406,41.24898],[0.91458,41.24883],[0.91467,41.24886],[0.91387,41.2497],[0.91279,41.25076]]]},"properties":{"dam_id":"way/182997866","osm_type":"way","osm_id":182997866,"country":"ES","name":"Presa del Pantà de Siurana","uso":"desconhecido"}},{"type":"Feature","geometry":{"type":"Polygon","coordinates":[[[-5.78827,36.66827],[-5.78784,36.66799],[-5.78754,36.66766],[-5.78731,36.66721],[-5.78733,36.66712],[-5.78716,36.66713],[-5.78676,36.66741],[-5.78618,36.66911],[-5.78613,36.66937],[-5.78661,36.66943],[-5.78672,36.66923],[-5.78717,36.66901],[-5.7876,36.66889],[-5.78802,36.66883],[-5.78818,36.66847],[-5.78809,36.66841],[-5.78812,36.66836],[-5.78822,36.66838],[-5.78827,36.66827]]]},"properties":{"dam_id":"way/183280059","osm_type":"way","osm_id":183280059,"country":"ES","name":"Presa de Guadalcacín","uso":"desconhecido"}},{"type":"Feature","geometry":{"type":"Polygon","coordinates":[[[-6.45516,37.90857],[-6.44853,37.90737],[-6.44854,37.90733],[-6.45124,37.90781],[-6.45129,37.90763],[-6.45224,37.9078],[-6.45219,37.90798],[-6.45517,37.90854],[-6.45516,37.90857]]]},"properties":{"dam_id":"way/183296837","osm_type":"way","osm_id":183296837,"country":"ES","name":"Presa de Aracena","uso":"desconhecido"}},{"type":"Feature","geometry":{"type":"LineString","coordinates":[[1.90153,42.07287],[1.90214,42.07252]]},"properties":{"dam_id":"way/183324128","osm_type":"way","osm_id":183324128,"country":"ES","name":null,"uso":"desconhecido"}},{"type":"Feature","geometry":{"type":"LineString","coordinates":[[1.89295,42.06728],[1.89277,42.06732],[1.89283,42.06751],[1.89282,42.06763],[1.89289,42.06768]]},"properties":{"dam_id":"way/183324349","osm_type":"way","osm_id":183324349,"country":"ES","name":null,"uso":"desconhecido"}},{"type":"Feature","geometry":{"type":"LineString","coordinates":[[1.87678,42.06017],[1.87685,42.06028],[1.87684,42.06042]]},"properties":{"dam_id":"way/183324679","osm_type":"way","osm_id":183324679,"country":"ES","name":null,"uso":"desconhecido"}},{"type":"Feature","geometry":{"type":"LineString","coordinates":[[-4.10272,40.33302],[-4.10262,40.33296],[-4.10251,40.33303]]},"properties":{"dam_id":"way/183557381","osm_type":"way","osm_id":183557381,"country":"ES","name":null,"uso":"desconhecido"}},{"type":"Feature","geometry":{"type":"LineString","coordinates":[[-4.12082,40.42933],[-4.12054,40.4294]]},"properties":{"dam_id":"way/184151283","osm_type":"way","osm_id":184151283,"country":"ES","name":null,"uso":"desconhecido"}},{"type":"Feature","geometry":{"type":"LineString","coordinates":[[-0.54138,39.26128],[-0.54204,39.26099],[-0.54281,39.26046]]},"properties":{"dam_id":"way/184361018","osm_type":"way","osm_id":184361018,"country":"ES","name":null,"uso":"desconhecido"}},{"type":"Feature","geometry":{"type":"Polygon","coordinates":[[[-8.51748,42.37907],[-8.51738,42.3789],[-8.5174,42.3789],[-8.51748,42.37907]]]},"properties":{"dam_id":"way/184473087","osm_type":"way","osm_id":184473087,"country":"ES","name":null,"uso":"desconhecido"}},{"type":"Feature","geometry":{"type":"LineString","coordinates":[[1.93028,42.1289],[1.9305,42.12892],[1.93084,42.12888]]},"properties":{"dam_id":"way/184506282","osm_type":"way","osm_id":184506282,"country":"ES","name":null,"uso":"desconhecido"}},{"type":"Feature","geometry":{"type":"Polygon","coordinates":[[[-6.04333,40.06155],[-6.04331,40.06181],[-6.04297,40.06205],[-6.04297,40.06218],[-6.04324,40.06222],[-6.04369,40.06198],[-6.04381,40.06181],[-6.0445,40.06187],[-6.04472,40.06022],[-6.04418,40.06015],[-6.0438,40.0616],[-6.04342,40.06119],[-6.04351,40.06073],[-6.04172,40.05878],[-6.0399,40.05824],[-6.04333,40.06155]]]},"properties":{"dam_id":"way/184508061","osm_type":"way","osm_id":184508061,"country":"ES","name":"Presa de Jerte","uso":"desconhecido"}},{"type":"Feature","geometry":{"type":"LineString","coordinates":[[-2.69827,38.54618],[-2.69811,38.54646],[-2.69803,38.54674],[-2.69789,38.5468]]},"properties":{"dam_id":"way/184800190","osm_type":"way","osm_id":184800190,"country":"ES","name":null,"uso":"desconhecido"}},{"type":"Feature","geometry":{"type":"LineString","coordinates":[[1.87644,42.12137],[1.87676,42.12138],[1.87714,42.12163],[1.87752,42.12184],[1.87779,42.12193],[1.87808,42.12201],[1.87838,42.12203],[1.87866,42.12203],[1.87898,42.12197],[1.87928,42.12186],[1.87988,42.12154],[1.88008,42.12137],[1.88106,42.12112]]},"properties":{"dam_id":"way/185322129","osm_type":"way","osm_id":185322129,"country":"ES","name":"Presa de la Baells","uso":"desconhecido"}},{"type":"Feature","geometry":{"type":"Polygon","coordinates":[[[0.88755,41.90843],[0.88714,41.9082],[0.88674,41.90791],[0.88596,41.90703],[0.8861,41.907],[0.88623,41.90718],[0.88682,41.90719],[0.88643,41.90738],[0.88652,41.90747],[0.88694,41.90749],[0.88715,41.90738],[0.88749,41.90764],[0.88746,41.90772],[0.8875,41.90786],[0.8874,41.90808],[0.88748,41.90816],[0.88753,41.90833],[0.88768,41.90842],[0.88773,41.90853],[0.88766,41.90855],[0.88755,41.90843]]]},"properties":{"dam_id":"way/870815559","osm_type":"way","osm_id":870815559,"country":"ES","name":"Presa de Camarasa","uso":"desconhecido"}},{"type":"Feature","geometry":{"type":"LineString","coordinates":[[-0.23866,38.82331],[-0.23831,38.82322]]},"properties":{"dam_id":"way/185460027","osm_type":"way","osm_id":185460027,"country":"ES","name":null,"uso":"desconhecido"}},{"type":"Feature","geometry":{"type":"LineString","coordinates":[[-0.25929,38.82236],[-0.2595,38.82214]]},"properties":{"dam_id":"way/185460312","osm_type":"way","osm_id":185460312,"country":"ES","name":null,"uso":"desconhecido"}},{"type":"Feature","geometry":{"type":"LineString","coordinates":[[1.68911,42.1667],[1.68934,42.16653]]},"properties":{"dam_id":"way/185553113","osm_type":"way","osm_id":185553113,"country":"ES","name":null,"uso":"desconhecido"}},{"type":"Feature","geometry":{"type":"LineString","coordinates":[[1.58108,42.09928],[1.5818,42.09964],[1.58225,42.09975],[1.58272,42.0998],[1.58308,42.09975],[1.58346,42.09962],[1.58383,42.0994],[1.58459,42.09886]]},"properties":{"dam_id":"way/185998947","osm_type":"way","osm_id":185998947,"country":"ES","name":"Presa del Pantà de Llosa de Cavall","uso":"desconhecido"}},{"type":"Feature","geometry":{"type":"Polygon","coordinates":[[[-8.21482,42.83624],[-8.21339,42.83659],[-8.21342,42.83634],[-8.21325,42.836],[-8.21358,42.83609],[-8.21374,42.83604],[-8.21389,42.83625],[-8.21429,42.8361],[-8.21483,42.83616],[-8.21482,42.83624]]]},"properties":{"dam_id":"way/186028831","osm_type":"way","osm_id":186028831,"country":"ES","name":"Presa de Brandariz","uso":"desconhecido"}},{"type":"Feature","geometry":{"type":"Polygon","coordinates":[[[-8.24072,42.82838],[-8.24082,42.82846],[-8.24211,42.82948],[-8.24215,42.82944],[-8.24184,42.82896],[-8.24149,42.82867],[-8.24142,42.82871],[-8.24111,42.82847],[-8.24107,42.8285],[-8.24102,42.82849],[-8.24094,42.82844],[-8.24096,42.82842],[-8.24086,42.82842],[-8.24076,42.82835],[-8.24072,42.82838]]]},"properties":{"dam_id":"way/186028832","osm_type":"way","osm_id":186028832,"country":"ES","name":"Encoro do Salto de Touro","uso":"hidroelétrica"}},{"type":"Feature","geometry":{"type":"Polygon","coordinates":[[[-4.16281,40.57965],[-4.16279,40.57967],[-4.16173,40.57895],[-4.1617,40.57898],[-4.16163,40.57892],[-4.16162,40.57884],[-4.16149,40.57857],[-4.16137,40.57858],[-4.16136,40.57849],[-4.16139,40.57849],[-4.16136,40.57824],[-4.16146,40.57811],[-4.16152,40.57788],[-4.1615,40.57772],[-4.16183,40.57769],[-4.16184,40.57772],[-4.16155,40.57775],[-4.16172,40.5789],[-4.16281,40.57965]]]},"properties":{"dam_id":"way/186665926","osm_type":"way","osm_id":186665926,"country":"ES","name":"Presa del Batán","uso":"desconhecido"}},{"type":"Feature","geometry":{"type":"Polygon","coordinates":[[[-4.11556,40.57894],[-4.1138,40.57803],[-4.1124,40.57721],[-4.11264,40.5775],[-4.11372,40.57812],[-4.11544,40.579],[-4.11556,40.57894]]]},"properties":{"dam_id":"way/186665977","osm_type":"way","osm_id":186665977,"country":"ES","name":null,"uso":"desconhecido"}},{"type":"Feature","geometry":{"type":"Polygon","coordinates":[[[-8.10466,42.22925],[-8.10513,42.22911],[-8.10524,42.22929],[-8.10549,42.22916],[-8.10558,42.22935],[-8.10487,42.22963],[-8.10471,42.22964],[-8.10471,42.22962],[-8.10484,42.22961],[-8.10552,42.22931],[-8.10547,42.22923],[-8.10487,42.22951],[-8.10469,42.22932],[-8.10455,42.22937],[-8.10448,42.22936],[-8.10466,42.22925]]]},"properties":{"dam_id":"way/186690702","osm_type":"way","osm_id":186690702,"country":"ES","name":null,"uso":"desconhecido"}},{"type":"Feature","geometry":{"type":"Polygon","coordinates":[[[-7.47743,42.55457],[-7.47741,42.55455],[-7.47806,42.55418],[-7.47809,42.5542],[-7.47743,42.55457]]]},"properties":{"dam_id":"way/187522530","osm_type":"way","osm_id":187522530,"country":"ES","name":null,"uso":"desconhecido"}},{"type":"Feature","geometry":{"type":"Polygon","coordinates":[[[1.60313,41.96326],[1.60312,41.9632],[1.60338,41.96317],[1.60473,41.96283],[1.60491,41.96273],[1.60522,41.96266],[1.6059,41.96257],[1.60605,41.96267],[1.60626,41.96272],[1.60676,41.96275],[1.60677,41.96281],[1.60313,41.96326]]]},"properties":{"dam_id":"way/187776946","osm_type":"way","osm_id":187776946,"country":"ES","name":"Presa de Sant Ponç","uso":"desconhecido"}},{"type":"Feature","geometry":{"type":"LineString","coordinates":[[3.29366,42.32531],[3.29375,42.32529],[3.29381,42.32534]]},"properties":{"dam_id":"way/188192513","osm_type":"way","osm_id":188192513,"country":"ES","name":null,"uso":"desconhecido"}},{"type":"Feature","geometry":{"type":"LineString","coordinates":[[0.77399,42.71504],[0.77452,42.71537]]},"properties":{"dam_id":"way/188497105","osm_type":"way","osm_id":188497105,"country":"ES","name":null,"uso":"desconhecido"}},{"type":"Feature","geometry":{"type":"Polygon","coordinates":[[[-8.45474,42.52687],[-8.45385,42.52673],[-8.45413,42.52659],[-8.45451,42.52664],[-8.45469,42.52676],[-8.45474,42.52687]]]},"properties":{"dam_id":"way/188546136","osm_type":"way","osm_id":188546136,"country":"ES","name":null,"uso":"desconhecido"}},{"type":"Feature","geometry":{"type":"Polygon","coordinates":[[[-3.05179,42.50327],[-3.05141,42.50398],[-3.05108,42.50461],[-3.05088,42.50454],[-3.0514,42.50356],[-3.05171,42.50324],[-3.05179,42.50327]]]},"properties":{"dam_id":"way/188633109","osm_type":"way","osm_id":188633109,"country":"ES","name":null,"uso":"desconhecido"}},{"type":"Feature","geometry":{"type":"Polygon","coordinates":[[[-9.10456,42.91446],[-9.10385,42.91374],[-9.10369,42.91375],[-9.10448,42.91555],[-9.10416,42.91544],[-9.10412,42.91553],[-9.1043,42.91558],[-9.10431,42.91555],[-9.10451,42.91561],[-9.10476,42.91618],[-9.10484,42.91615],[-9.10466,42.91539],[-9.10467,42.91507],[-9.10483,42.91492],[-9.10466,42.91451],[-9.10456,42.91446]]]},"properties":{"dam_id":"way/188686204","osm_type":"way","osm_id":188686204,"country":"ES","name":"Encoro de Santa Uxía","uso":"desconhecido"}},{"type":"Feature","geometry":{"type":"Polygon","coordinates":[[[-9.01119,42.98754],[-9.01089,42.98748],[-9.01084,42.98733],[-9.01073,42.98736],[-9.01112,42.98836],[-9.01141,42.98809],[-9.01119,42.98754]]]},"properties":{"dam_id":"way/188687752","osm_type":"way","osm_id":188687752,"country":"ES","name":"Encoro da Fervenza","uso":"desconhecido"}},{"type":"Feature","geometry":{"type":"Polygon","coordinates":[[[-8.19,42.39873],[-8.19037,42.39918],[-8.1905,42.39947],[-8.1905,42.39975],[-8.19033,42.40011],[-8.19019,42.40031],[-8.1899,42.40053],[-8.18982,42.40068],[-8.18955,42.40085],[-8.18925,42.40088],[-8.1891,42.4007],[-8.18886,42.40078],[-8.18915,42.40058],[-8.18883,42.40046],[-8.18883,42.40035],[-8.1894,42.40047],[-8.18978,42.40034],[-8.19,42.40003],[-8.19011,42.39963],[-8.19008,42.39925],[-8.18981,42.39898],[-8.19,42.39873]]]},"properties":{"dam_id":"way/188693813","osm_type":"way","osm_id":188693813,"country":"ES","name":"Encoro de Albarellos","uso":"desconhecido"}},{"type":"Feature","geometry":{"type":"Polygon","coordinates":[[[0.91393,42.17852],[0.91294,42.1791],[0.91233,42.17927],[0.9126,42.17977],[0.91324,42.18047],[0.91325,42.18068],[0.91328,42.18068],[0.91333,42.1803],[0.9133,42.17988],[0.91306,42.17916],[0.91402,42.17864],[0.91393,42.17852]]]},"properties":{"dam_id":"way/188935616","osm_type":"way","osm_id":188935616,"country":"ES","name":"Presa de Sant Antoni","uso":"hidroelétrica"}},{"type":"Feature","geometry":{"type":"LineString","coordinates":[[2.99936,42.4252],[2.99971,42.42539]]},"properties":{"dam_id":"way/189119683","osm_type":"way","osm_id":189119683,"country":"ES","name":null,"uso":"desconhecido"}},{"type":"Feature","geometry":{"type":"LineString","coordinates":[[2.89493,42.36506],[2.89545,42.36502]]},"properties":{"dam_id":"way/189194595","osm_type":"way","osm_id":189194595,"country":"ES","name":null,"uso":"desconhecido"}},{"type":"Feature","geometry":{"type":"Polygon","coordinates":[[[-4.1922,40.60691],[-4.19239,40.60693],[-4.19208,40.60858],[-4.19277,40.60836],[-4.19306,40.60759],[-4.19245,40.60691],[-4.1922,40.60689],[-4.1922,40.60691]]]},"properties":{"dam_id":"way/189214532","osm_type":"way","osm_id":189214532,"country":"ES","name":"Presa del Tobar","uso":"desconhecido"}},{"type":"Feature","geometry":{"type":"Polygon","coordinates":[[[-4.09656,40.86342],[-4.09606,40.86378],[-4.09661,40.86343],[-4.09698,40.86284],[-4.09733,40.86262],[-4.09737,40.86246],[-4.09722,40.86178],[-4.09656,40.86342]]]},"properties":{"dam_id":"way/189331324","osm_type":"way","osm_id":189331324,"country":"ES","name":null,"uso":"desconhecido"}},{"type":"Feature","geometry":{"type":"Polygon","coordinates":[[[0.91699,42.69369],[0.91677,42.69396],[0.91667,42.69402],[0.91635,42.69408],[0.91584,42.69394],[0.91567,42.69376],[0.91699,42.69369]]]},"properties":{"dam_id":"way/189450705","osm_type":"way","osm_id":189450705,"country":"ES","name":"Barratge d'Aiguamòg","uso":"desconhecido"}},{"type":"Feature","geometry":{"type":"LineString","coordinates":[[-4.28301,40.59613],[-4.2829,40.59604]]},"properties":{"dam_id":"way/189530252","osm_type":"way","osm_id":189530252,"country":"ES","name":null,"uso":"desconhecido"}},{"type":"Feature","geometry":{"type":"Polygon","coordinates":[[[-9.24503,43.00812],[-9.2449,43.00823],[-9.24483,43.0084],[-9.24484,43.00853],[-9.24507,43.00849],[-9.24506,43.00813],[-9.24503,43.00812]]]},"properties":{"dam_id":"way/189532580","osm_type":"way","osm_id":189532580,"country":"ES","name":null,"uso":"desconhecido"}},{"type":"Feature","geometry":{"type":"LineString","coordinates":[[-2.51332,36.86808],[-2.51318,36.86807]]},"properties":{"dam_id":"way/189536134","osm_type":"way","osm_id":189536134,"country":"ES","name":null,"uso":"desconhecido"}},{"type":"Feature","geometry":{"type":"LineString","coordinates":[[-7.05089,43.51936],[-7.05149,43.51983]]},"properties":{"dam_id":"way/189610930","osm_type":"way","osm_id":189610930,"country":"ES","name":null,"uso":"desconhecido"}},{"type":"Feature","geometry":{"type":"Polygon","coordinates":[[[-8.14691,43.52777],[-8.14646,43.52761],[-8.14639,43.52756],[-8.14639,43.52748],[-8.14617,43.52748],[-8.14616,43.52752],[-8.14632,43.52752],[-8.14632,43.52758],[-8.14642,43.52765],[-8.14688,43.52782],[-8.14691,43.52777]]]},"properties":{"dam_id":"way/190040360","osm_type":"way","osm_id":190040360,"country":"ES","name":"Presa do Rei","uso":"desconhecido"}},{"type":"Feature","geometry":{"type":"Polygon","coordinates":[[[-0.55082,40.08499],[-0.55074,40.08479],[-0.55078,40.08448],[-0.55067,40.08444],[-0.54773,40.08481],[-0.54739,40.08503],[-0.54727,40.08548],[-0.54754,40.08596],[-0.54706,40.08633],[-0.54726,40.08696],[-0.54776,40.08716],[-0.54829,40.08689],[-0.5495,40.08611],[-0.55082,40.08499]]]},"properties":{"dam_id":"way/190076938","osm_type":"way","osm_id":190076938,"country":"ES","name":"Embalse de Arenós","uso":"desconhecido"}},{"type":"Feature","geometry":{"type":"LineString","coordinates":[[-0.53848,40.07784],[-0.53806,40.07789],[-0.53776,40.07788]]},"properties":{"dam_id":"way/190076983","osm_type":"way","osm_id":190076983,"country":"ES","name":null,"uso":"desconhecido"}},{"type":"Feature","geometry":{"type":"Polygon","coordinates":[[[-7.44013,42.65249],[-7.44012,42.65246],[-7.43975,42.65239],[-7.43974,42.65243],[-7.44013,42.65249]]]},"properties":{"dam_id":"way/190308162","osm_type":"way","osm_id":190308162,"country":"ES","name":null,"uso":"desconhecido"}},{"type":"Feature","geometry":{"type":"Polygon","coordinates":[[[-7.51861,42.51951],[-7.51867,42.51958],[-7.51813,42.52004],[-7.51799,42.52005],[-7.51861,42.51951]]]},"properties":{"dam_id":"way/190520548","osm_type":"way","osm_id":190520548,"country":"ES","name":"Presa da Acea de Carude","uso":"desconhecido"}},{"type":"Feature","geometry":{"type":"Polygon","coordinates":[[[-5.09096,39.77739],[-5.08888,39.77816],[-5.0882,39.77832],[-5.08711,39.77867],[-5.08708,39.77856],[-5.08811,39.77822],[-5.08808,39.77817],[-5.08811,39.77809],[-5.08822,39.77808],[-5.08824,39.77812],[-5.08833,39.77808],[-5.08834,39.778],[-5.08842,39.77797],[-5.0885,39.77802],[-5.08861,39.77799],[-5.0886,39.77793],[-5.08864,39.77789],[-5.08877,39.77792],[-5.08901,39.77781],[-5.08988,39.77753],[-5.08992,39.77759],[-5.09075,39.77728],[-5.09152,39.77718],[-5.09156,39.77727],[-5.09096,39.77739]]]},"properties":{"dam_id":"way/190593912","osm_type":"way","osm_id":190593912,"country":"ES","name":"Presa de Azután","uso":"desconhecido"}},{"type":"Feature","geometry":{"type":"LineString","coordinates":[[1.97478,41.86899],[1.97485,41.86886]]},"properties":{"dam_id":"way/190914252","osm_type":"way","osm_id":190914252,"country":"ES","name":null,"uso":"desconhecido"}},{"type":"Feature","geometry":{"type":"LineString","coordinates":[[1.88353,41.91243],[1.8823,41.9127]]},"properties":{"dam_id":"way/191042408","osm_type":"way","osm_id":191042408,"country":"ES","name":"Resclosa de l'Ametlla","uso":"desconhecido"}},{"type":"Feature","geometry":{"type":"Polygon","coordinates":[[[-4.20723,40.66752],[-4.20671,40.66781],[-4.20669,40.66781],[-4.20722,40.6675],[-4.20723,40.66752]]]},"properties":{"dam_id":"way/191071875","osm_type":"way","osm_id":191071875,"country":"ES","name":null,"uso":"desconhecido"}},{"type":"Feature","geometry":{"type":"Polygon","coordinates":[[[-3.55638,41.52757],[-3.55536,41.52718],[-3.55521,41.52712],[-3.55519,41.52715],[-3.55535,41.52728],[-3.55538,41.52741],[-3.5556,41.52749],[-3.55542,41.52776],[-3.55544,41.52777],[-3.55563,41.5275],[-3.55599,41.52763],[-3.5558,41.52792],[-3.55583,41.52792],[-3.55602,41.52766],[-3.55612,41.5277],[-3.55616,41.52764],[-3.55628,41.52769],[-3.55638,41.52757]]]},"properties":{"dam_id":"way/191121353","osm_type":"way","osm_id":191121353,"country":"ES","name":null,"uso":"desconhecido"}},{"type":"Feature","geometry":{"type":"LineString","coordinates":[[2.10224,41.82153],[2.10279,41.82158]]},"properties":{"dam_id":"way/191140125","osm_type":"way","osm_id":191140125,"country":"ES","name":"Presa de l'Embassament de Molí Nou","uso":"desconhecido"}},{"type":"Feature","geometry":{"type":"LineString","coordinates":[[2.11261,41.90389],[2.11267,41.90364]]},"properties":{"dam_id":"way/191206480","osm_type":"way","osm_id":191206480,"country":"ES","name":null,"uso":"desconhecido"}},{"type":"Feature","geometry":{"type":"Polygon","coordinates":[[[-9.05916,43.14273],[-9.05921,43.14307],[-9.05913,43.14311],[-9.05923,43.14314],[-9.05931,43.14305],[-9.05925,43.14272],[-9.05916,43.14273]]]},"properties":{"dam_id":"way/191265101","osm_type":"way","osm_id":191265101,"country":"ES","name":null,"uso":"desconhecido"}},{"type":"Feature","geometry":{"type":"Polygon","coordinates":[[[-7.59699,43.6018],[-7.59693,43.60181],[-7.59687,43.6017],[-7.59693,43.60164],[-7.59699,43.6018]]]},"properties":{"dam_id":"way/191276372","osm_type":"way","osm_id":191276372,"country":"ES","name":"Encoro do Salto do Can","uso":"desconhecido"}},{"type":"Feature","geometry":{"type":"LineString","coordinates":[[-3.75235,39.80581],[-3.75236,39.80597],[-3.75296,39.80615]]},"properties":{"dam_id":"way/191434784","osm_type":"way","osm_id":191434784,"country":"ES","name":null,"uso":"desconhecido"}},{"type":"Feature","geometry":{"type":"Polygon","coordinates":[[[-7.5115,42.34205],[-7.51112,42.34197],[-7.51119,42.34204],[-7.51139,42.34208],[-7.5115,42.34205]]]},"properties":{"dam_id":"way/191500340","osm_type":"way","osm_id":191500340,"country":"ES","name":"Encoro de Ivil","uso":"desconhecido"}},{"type":"Feature","geometry":{"type":"Polygon","coordinates":[[[-7.52094,42.33593],[-7.52088,42.33481],[-7.5208,42.3348],[-7.52087,42.33593],[-7.52034,42.33722],[-7.52039,42.33723],[-7.52094,42.33593]]]},"properties":{"dam_id":"way/191500341","osm_type":"way","osm_id":191500341,"country":"ES","name":null,"uso":"desconhecido"}},{"type":"Feature","geometry":{"type":"Polygon","coordinates":[[[-7.25254,42.45115],[-7.25254,42.45105],[-7.2522,42.451],[-7.25212,42.45092],[-7.25,42.45063],[-7.25002,42.45074],[-7.25204,42.451],[-7.25207,42.45109],[-7.25254,42.45115]]]},"properties":{"dam_id":"way/191500343","osm_type":"way","osm_id":191500343,"country":"ES","name":"Presa de Sequeiros","uso":"desconhecido"}},{"type":"Feature","geometry":{"type":"LineString","coordinates":[[-3.95698,43.28925],[-3.95677,43.28939],[-3.9566,43.28961]]},"properties":{"dam_id":"way/191703348","osm_type":"way","osm_id":191703348,"country":"ES","name":"Presa de Aes","uso":"desconhecido"}},{"type":"Feature","geometry":{"type":"LineString","coordinates":[[1.86214,41.66108],[1.86263,41.66127],[1.86336,41.66147],[1.86346,41.66161]]},"properties":{"dam_id":"way/191897489","osm_type":"way","osm_id":191897489,"country":"ES","name":null,"uso":"desconhecido"}},{"type":"Feature","geometry":{"type":"LineString","coordinates":[[1.85572,41.66712],[1.85701,41.66685]]},"properties":{"dam_id":"way/191897491","osm_type":"way","osm_id":191897491,"country":"ES","name":null,"uso":"desconhecido"}},{"type":"Feature","geometry":{"type":"Polygon","coordinates":[[[-7.30192,42.5577],[-7.30191,42.55758],[-7.30177,42.55755],[-7.30187,42.55765],[-7.30192,42.5577]]]},"properties":{"dam_id":"way/192144453","osm_type":"way","osm_id":192144453,"country":"ES","name":null,"uso":"desconhecido"}},{"type":"Feature","geometry":{"type":"Polygon","coordinates":[[[-0.03121,38.71284],[-0.03125,38.71278],[-0.031,38.71289],[-0.03081,38.71304],[-0.03089,38.71303],[-0.03121,38.71284]]]},"properties":{"dam_id":"way/192275862","osm_type":"way","osm_id":192275862,"country":"ES","name":null,"uso":"desconhecido"}},{"type":"Feature","geometry":{"type":"Polygon","coordinates":[[[0.31076,42.12454],[0.31115,42.1243],[0.31141,42.124],[0.3113,42.12402],[0.31125,42.12408],[0.31084,42.12406],[0.31079,42.12402],[0.31071,42.12411],[0.31076,42.12415],[0.31077,42.12433],[0.31074,42.12445],[0.31066,42.12452],[0.31076,42.12454]]]},"properties":{"dam_id":"way/192774543","osm_type":"way","osm_id":192774543,"country":"ES","name":"Presa de Barasona","uso":"hidroelétrica"}},{"type":"Feature","geometry":{"type":"Polygon","coordinates":[[[-4.37533,40.57109],[-4.37521,40.57106],[-4.3752,40.57109],[-4.37607,40.57134],[-4.37608,40.57131],[-4.37598,40.57128],[-4.37582,40.57113],[-4.37558,40.57107],[-4.37533,40.57109]]]},"properties":{"dam_id":"way/193476852","osm_type":"way","osm_id":193476852,"country":"ES","name":"Presa Ciudad Ducal","uso":"desconhecido"}},{"type":"Feature","geometry":{"type":"Polygon","coordinates":[[[-4.38078,40.57799],[-4.38054,40.5779],[-4.38079,40.57799],[-4.38078,40.57799]]]},"properties":{"dam_id":"way/193476866","osm_type":"way","osm_id":193476866,"country":"ES","name":null,"uso":"desconhecido"}},{"type":"Feature","geometry":{"type":"Polygon","coordinates":[[[-4.44611,40.50626],[-4.44611,40.50623],[-4.44672,40.50606],[-4.4467,40.50599],[-4.44698,40.50595],[-4.447,40.50602],[-4.44776,40.50597],[-4.44777,40.50599],[-4.44611,40.50626]]]},"properties":{"dam_id":"way/193674071","osm_type":"way","osm_id":193674071,"country":"ES","name":"Hoyo de Becedas I","uso":"desconhecido"}},{"type":"Feature","geometry":{"type":"Polygon","coordinates":[[[-4.44848,40.51231],[-4.44851,40.5123],[-4.44845,40.51218],[-4.44844,40.51199],[-4.44831,40.51176],[-4.44815,40.51165],[-4.44808,40.51153],[-4.44805,40.51154],[-4.44848,40.51231]]]},"properties":{"dam_id":"way/193674074","osm_type":"way","osm_id":193674074,"country":"ES","name":"Presa de Hoyo de Beceda II","uso":"desconhecido"}},{"type":"Feature","geometry":{"type":"Polygon","coordinates":[[[-4.474,40.59938],[-4.47401,40.59936],[-4.47376,40.59929],[-4.47355,40.59913],[-4.47327,40.59905],[-4.47288,40.59906],[-4.47264,40.599],[-4.47263,40.59902],[-4.474,40.59938]]]},"properties":{"dam_id":"way/193865435","osm_type":"way","osm_id":193865435,"country":"ES","name":"Presa de Navalperal de Pinares","uso":"desconhecido"}},{"type":"Feature","geometry":{"type":"LineString","coordinates":[[-5.07281,42.31249],[-5.07501,42.31257]]},"properties":{"dam_id":"way/193880066","osm_type":"way","osm_id":193880066,"country":"ES","name":"Presa de Galleguillos","uso":"desconhecido"}},{"type":"Feature","geometry":{"type":"LineString","coordinates":[[0.07313,38.7691],[0.07349,38.76898]]},"properties":{"dam_id":"way/194020866","osm_type":"way","osm_id":194020866,"country":"ES","name":null,"uso":"desconhecido"}},{"type":"Feature","geometry":{"type":"LineString","coordinates":[[-6.208,43.07513],[-6.20788,43.07495],[-6.20769,43.07486],[-6.20743,43.07465]]},"properties":{"dam_id":"way/194171909","osm_type":"way","osm_id":194171909,"country":"ES","name":null,"uso":"desconhecido"}},{"type":"Feature","geometry":{"type":"LineString","coordinates":[[-6.13827,43.04489],[-6.13849,43.04481],[-6.1388,43.04489],[-6.13989,43.04469],[-6.14022,43.04407]]},"properties":{"dam_id":"way/194171912","osm_type":"way","osm_id":194171912,"country":"ES","name":null,"uso":"desconhecido"}},{"type":"Feature","geometry":{"type":"LineString","coordinates":[[-6.1026,43.04753],[-6.10246,43.04721],[-6.10227,43.04722],[-6.1022,43.04718],[-6.10174,43.04717]]},"properties":{"dam_id":"way/194310723","osm_type":"way","osm_id":194310723,"country":"ES","name":null,"uso":"desconhecido"}},{"type":"Feature","geometry":{"type":"LineString","coordinates":[[0.41157,41.63677],[0.41174,41.63677],[0.41221,41.63692]]},"properties":{"dam_id":"way/194658317","osm_type":"way","osm_id":194658317,"country":"ES","name":null,"uso":"desconhecido"}},{"type":"Feature","geometry":{"type":"Polygon","coordinates":[[[-5.43325,43.07223],[-5.43325,43.07226],[-5.43344,43.07229],[-5.43348,43.07228],[-5.43335,43.07223],[-5.43325,43.07223]]]},"properties":{"dam_id":"way/195001431","osm_type":"way","osm_id":195001431,"country":"ES","name":null,"uso":"hidroelétrica"}},{"type":"Feature","geometry":{"type":"LineString","coordinates":[[1.01735,41.86453],[1.0174,41.86462],[1.01767,41.86469]]},"properties":{"dam_id":"way/195262422","osm_type":"way","osm_id":195262422,"country":"ES","name":null,"uso":"desconhecido"}},{"type":"Feature","geometry":{"type":"Polygon","coordinates":[[[-5.47317,43.22847],[-5.47325,43.22843],[-5.47324,43.22836],[-5.47317,43.22836],[-5.47324,43.22833],[-5.47323,43.22827],[-5.47317,43.22827],[-5.47321,43.22824],[-5.47321,43.22817],[-5.47314,43.22815],[-5.47321,43.22815],[-5.47317,43.22794],[-5.4732,43.22794],[-5.47326,43.22765],[-5.4733,43.22766],[-5.47339,43.22778],[-5.47335,43.22814],[-5.47341,43.22814],[-5.47342,43.22817],[-5.47326,43.22817],[-5.47327,43.22824],[-5.47334,43.22823],[-5.47334,43.22826],[-5.47327,43.22827],[-5.47328,43.22833],[-5.47335,43.22833],[-5.47336,43.22835],[-5.47329,43.22836],[-5.4733,43.22842],[-5.47344,43.2284],[-5.47345,43.22842],[-5.4733,43.22845],[-5.47332,43.22858],[-5.47325,43.2286],[-5.47314,43.22858],[-5.4732,43.22848],[-5.47317,43.22847]]]},"properties":{"dam_id":"way/195319435","osm_type":"way","osm_id":195319435,"country":"ES","name":"Presa de Rioseco","uso":"desconhecido"}},{"type":"Feature","geometry":{"type":"Polygon","coordinates":[[[-5.56242,40.51241],[-5.56236,40.51255],[-5.56231,40.51254],[-5.5619,40.51239],[-5.56174,40.51227],[-5.56163,40.51217],[-5.56148,40.51194],[-5.56136,40.51154],[-5.56157,40.51186],[-5.56169,40.5119],[-5.56177,40.51205],[-5.56186,40.51214],[-5.56205,40.51226],[-5.56207,40.5123],[-5.5622,40.51237],[-5.56242,40.51241]]]},"properties":{"dam_id":"way/195774074","osm_type":"way","osm_id":195774074,"country":"ES","name":null,"uso":"desconhecido"}},{"type":"Feature","geometry":{"type":"LineString","coordinates":[[1.82949,41.72088],[1.82939,41.72076]]},"properties":{"dam_id":"way/195978321","osm_type":"way","osm_id":195978321,"country":"ES","name":null,"uso":"desconhecido"}},{"type":"Feature","geometry":{"type":"LineString","coordinates":[[-2.74866,43.08842],[-2.74714,43.08965]]},"properties":{"dam_id":"way/196081097","osm_type":"way","osm_id":196081097,"country":"ES","name":"Undurragako Uregia","uso":"desconhecido"}},{"type":"Feature","geometry":{"type":"Polygon","coordinates":[[[-4.47303,40.42414],[-4.47305,40.42416],[-4.47292,40.42427],[-4.47263,40.42442],[-4.47262,40.4244],[-4.4729,40.42426],[-4.47303,40.42414]]]},"properties":{"dam_id":"way/196114089","osm_type":"way","osm_id":196114089,"country":"ES","name":"Presa Baena","uso":"desconhecido"}},{"type":"Feature","geometry":{"type":"Polygon","coordinates":[[[-4.62671,37.95408],[-4.62819,37.95487],[-4.62844,37.95598],[-4.6286,37.9561],[-4.62909,37.95626],[-4.62921,37.95635],[-4.62918,37.95655],[-4.62892,37.95672],[-4.62922,37.95717],[-4.62831,37.95764],[-4.62784,37.95705],[-4.62671,37.95408]]]},"properties":{"dam_id":"way/196575860","osm_type":"way","osm_id":196575860,"country":"ES","name":"Embalse de San Rafael de Navallana","uso":"hidroelétrica"}},{"type":"Feature","geometry":{"type":"Polygon","coordinates":[[[-4.50751,40.38423],[-4.50751,40.38429],[-4.50764,40.38431],[-4.50784,40.38444],[-4.50798,40.38463],[-4.50802,40.38482],[-4.50809,40.38482],[-4.50805,40.38461],[-4.5079,40.3844],[-4.50768,40.38426],[-4.50751,40.38423]]]},"properties":{"dam_id":"way/197170666","osm_type":"way","osm_id":197170666,"country":"ES","name":"Presa de la Hinchona","uso":"desconhecido"}},{"type":"Feature","geometry":{"type":"Polygon","coordinates":[[[-4.50251,40.3896],[-4.50248,40.38959],[-4.50232,40.38976],[-4.50235,40.38977],[-4.50251,40.3896]]]},"properties":{"dam_id":"way/197170756","osm_type":"way","osm_id":197170756,"country":"ES","name":null,"uso":"desconhecido"}},{"type":"Feature","geometry":{"type":"Polygon","coordinates":[[[-3.97364,37.21107],[-3.97386,37.21117],[-3.97429,37.21109],[-3.9742,37.21096],[-3.97419,37.21088],[-3.974,37.21081],[-3.97392,37.21081],[-3.97368,37.21096],[-3.97359,37.21108],[-3.97364,37.21107]]]},"properties":{"dam_id":"way/197211075","osm_type":"way","osm_id":197211075,"country":"ES","name":"Presa de Turillas o de Terrillos","uso":"desconhecido"}},{"type":"Feature","geometry":{"type":"LineString","coordinates":[[-4.5117,40.38728],[-4.51172,40.38747],[-4.51164,40.38755],[-4.51147,40.38762]]},"properties":{"dam_id":"way/197367043","osm_type":"way","osm_id":197367043,"country":"ES","name":null,"uso":"desconhecido"}},{"type":"Feature","geometry":{"type":"LineString","coordinates":[[1.75473,41.96322],[1.75508,41.96292],[1.75551,41.96267]]},"properties":{"dam_id":"way/197665052","osm_type":"way","osm_id":197665052,"country":"ES","name":null,"uso":"desconhecido"}},{"type":"Feature","geometry":{"type":"Polygon","coordinates":[[[0.83577,41.85297],[0.83577,41.85304],[0.83559,41.85318],[0.83565,41.85322],[0.83561,41.85325],[0.8358,41.85339],[0.83589,41.85331],[0.83599,41.85338],[0.83618,41.8532],[0.83622,41.85323],[0.83625,41.85321],[0.83616,41.85314],[0.83646,41.8529],[0.83652,41.85295],[0.83674,41.85278],[0.83666,41.85272],[0.83697,41.85249],[0.83706,41.85255],[0.83709,41.85253],[0.83698,41.85245],[0.8371,41.85236],[0.83697,41.85226],[0.83693,41.85229],[0.83698,41.85235],[0.83688,41.85237],[0.83642,41.85273],[0.83647,41.85276],[0.8364,41.85282],[0.83636,41.85279],[0.83601,41.85307],[0.83596,41.85304],[0.83592,41.85307],[0.83577,41.85297]]]},"properties":{"dam_id":"way/197792753","osm_type":"way","osm_id":197792753,"country":"ES","name":"Presa de Sant Llorenç de Montgai","uso":"desconhecido"}},{"type":"Feature","geometry":{"type":"LineString","coordinates":[[0.75202,42.44739],[0.75221,42.44784],[0.75389,42.44747]]},"properties":{"dam_id":"way/197863276","osm_type":"way","osm_id":197863276,"country":"ES","name":"Presa de Llesp","uso":"desconhecido"}},{"type":"Feature","geometry":{"type":"Polygon","coordinates":[[[-1.76137,41.57404],[-1.76237,41.5747],[-1.75887,41.5746],[-1.76003,41.5741],[-1.76137,41.57404]]]},"properties":{"dam_id":"way/197883423","osm_type":"way","osm_id":197883423,"country":"ES","name":null,"uso":"desconhecido"}},{"type":"Feature","geometry":{"type":"LineString","coordinates":[[0.88945,42.42781],[0.88954,42.42785],[0.88949,42.42793],[0.88957,42.42801]]},"properties":{"dam_id":"way/198325342","osm_type":"way","osm_id":198325342,"country":"ES","name":null,"uso":"desconhecido"}},{"type":"Feature","geometry":{"type":"LineString","coordinates":[[-4.49546,40.39994],[-4.49541,40.39973]]},"properties":{"dam_id":"way/198505377","osm_type":"way","osm_id":198505377,"country":"ES","name":null,"uso":"desconhecido"}},{"type":"Feature","geometry":{"type":"LineString","coordinates":[[0.20314,40.79652],[0.20284,40.79652],[0.20277,40.79649]]},"properties":{"dam_id":"way/198671953","osm_type":"way","osm_id":198671953,"country":"ES","name":null,"uso":"desconhecido"}},{"type":"Feature","geometry":{"type":"Polygon","coordinates":[[[-0.31858,40.77283],[-0.31789,40.77262],[-0.31788,40.77255],[-0.31784,40.77254],[-0.3178,40.77252],[-0.31774,40.77256],[-0.31707,40.7723],[-0.31747,40.77284],[-0.31777,40.77294],[-0.31782,40.77286],[-0.31799,40.77293],[-0.31824,40.77292],[-0.31855,40.77286],[-0.31858,40.77283]]]},"properties":{"dam_id":"way/198678294","osm_type":"way","osm_id":198678294,"country":"ES","name":"Presa de Santolea","uso":"desconhecido"}},{"type":"Feature","geometry":{"type":"Polygon","coordinates":[[[0.74217,42.31289],[0.74256,42.31275],[0.74297,42.31254],[0.74291,42.31249],[0.74252,42.3127],[0.74222,42.3128],[0.74217,42.31272],[0.74198,42.31278],[0.74217,42.31289]]]},"properties":{"dam_id":"way/198748783","osm_type":"way","osm_id":198748783,"country":"ES","name":"Presa de Contraembals","uso":"desconhecido"}},{"type":"Feature","geometry":{"type":"Polygon","coordinates":[[[0.75999,42.57781],[0.75989,42.57796],[0.7593,42.5785],[0.75892,42.57869],[0.75847,42.57879],[0.75808,42.57882],[0.75765,42.57878],[0.75699,42.57865],[0.7571,42.57854],[0.75727,42.5786],[0.75813,42.57865],[0.75826,42.5786],[0.7582,42.57839],[0.75876,42.5782],[0.75902,42.57845],[0.75983,42.57769],[0.75999,42.57781]]]},"properties":{"dam_id":"way/198833505","osm_type":"way","osm_id":198833505,"country":"ES","name":"Presa de Baserca","uso":"desconhecido"}},{"type":"Feature","geometry":{"type":"LineString","coordinates":[[0.85234,42.63586],[0.85377,42.63499],[0.85388,42.63494],[0.85415,42.6349]]},"properties":{"dam_id":"way/198841781","osm_type":"way","osm_id":198841781,"country":"ES","name":null,"uso":"desconhecido"}},{"type":"Feature","geometry":{"type":"LineString","coordinates":[[0.90067,42.64151],[0.9005,42.64134],[0.90067,42.6407],[0.90103,42.64058],[0.9012,42.63996]]},"properties":{"dam_id":"way/198841782","osm_type":"way","osm_id":198841782,"country":"ES","name":null,"uso":"desconhecido"}},{"type":"Feature","geometry":{"type":"LineString","coordinates":[[0.96128,42.62722],[0.96159,42.62741]]},"properties":{"dam_id":"way/198857018","osm_type":"way","osm_id":198857018,"country":"ES","name":null,"uso":"desconhecido"}},{"type":"Feature","geometry":{"type":"LineString","coordinates":[[-6.11654,42.56092],[-6.11423,42.56114]]},"properties":{"dam_id":"way/198864120","osm_type":"way","osm_id":198864120,"country":"ES","name":null,"uso":"desconhecido"}},{"type":"Feature","geometry":{"type":"Polygon","coordinates":[[[-3.24082,42.04454],[-3.24089,42.04459],[-3.24343,42.04324],[-3.24427,42.0425],[-3.24508,42.04106],[-3.24438,42.04158],[-3.24082,42.04454]]]},"properties":{"dam_id":"way/198952670","osm_type":"way","osm_id":198952670,"country":"ES","name":"Presa de Castrovido","uso":"desconhecido"}},{"type":"Feature","geometry":{"type":"Polygon","coordinates":[[[0.23336,40.67063],[0.23468,40.67135],[0.23441,40.6709],[0.23389,40.67063],[0.23336,40.67063]]]},"properties":{"dam_id":"way/199271575","osm_type":"way","osm_id":199271575,"country":"ES","name":null,"uso":"desconhecido"}},{"type":"Feature","geometry":{"type":"Polygon","coordinates":[[[-2.74047,43.00197],[-2.74029,43.00212],[-2.74014,43.00219],[-2.74011,43.00217],[-2.7403,43.00197],[-2.74041,43.00195],[-2.74047,43.00197]]]},"properties":{"dam_id":"way/200035862","osm_type":"way","osm_id":200035862,"country":"ES","name":null,"uso":"desconhecido"}},{"type":"Feature","geometry":{"type":"LineString","coordinates":[[-2.7348,42.9976],[-2.73511,42.99757],[-2.73541,42.99742]]},"properties":{"dam_id":"way/200046062","osm_type":"way","osm_id":200046062,"country":"ES","name":null,"uso":"desconhecido"}},{"type":"Feature","geometry":{"type":"Polygon","coordinates":[[[-5.08681,42.93344],[-5.08665,42.93337],[-5.08655,42.93337],[-5.08646,42.93329],[-5.08634,42.93334],[-5.08612,42.9331],[-5.08604,42.93297],[-5.08601,42.93284],[-5.08582,42.93291],[-5.08584,42.93303],[-5.0862,42.93356],[-5.08601,42.93362],[-5.08566,42.93368],[-5.08529,42.9337],[-5.08494,42.93367],[-5.08467,42.93361],[-5.08431,42.93347],[-5.08398,42.93325],[-5.08358,42.9328],[-5.08347,42.93288],[-5.08375,42.93326],[-5.08406,42.93354],[-5.08461,42.9338],[-5.08525,42.93387],[-5.08552,42.93387],[-5.0859,42.93382],[-5.08633,42.93369],[-5.08637,42.93376],[-5.08658,42.93367],[-5.08655,42.93362],[-5.08684,42.93351],[-5.08681,42.93344]]]},"properties":{"dam_id":"way/200222277","osm_type":"way","osm_id":200222277,"country":"ES","name":"Embalse de Riaño","uso":"desconhecido"}},{"type":"Feature","geometry":{"type":"Polygon","coordinates":[[[-2.28749,42.56214],[-2.28742,42.5621],[-2.28733,42.56209],[-2.28731,42.56211],[-2.28735,42.56217],[-2.28744,42.5622],[-2.28749,42.56214]]]},"properties":{"dam_id":"way/200579139","osm_type":"way","osm_id":200579139,"country":"ES","name":null,"uso":"desconhecido"}},{"type":"Feature","geometry":{"type":"LineString","coordinates":[[2.94354,42.45083],[2.94384,42.45084],[2.94396,42.45077]]},"properties":{"dam_id":"way/201439137","osm_type":"way","osm_id":201439137,"country":"ES","name":null,"uso":"desconhecido"}},{"type":"Feature","geometry":{"type":"LineString","coordinates":[[1.89254,41.82395],[1.89262,41.82396],[1.89261,41.82425],[1.89273,41.82436],[1.89293,41.82441],[1.89337,41.82435]]},"properties":{"dam_id":"way/201744213","osm_type":"way","osm_id":201744213,"country":"ES","name":null,"uso":"desconhecido"}},{"type":"Feature","geometry":{"type":"LineString","coordinates":[[-4.46988,40.27893],[-4.4692,40.27958]]},"properties":{"dam_id":"way/201758448","osm_type":"way","osm_id":201758448,"country":"ES","name":"Presa de Cenicientos","uso":"desconhecido"}},{"type":"Feature","geometry":{"type":"LineString","coordinates":[[-6.50826,39.42043],[-6.5083,39.4203],[-6.50824,39.41994],[-6.50798,39.4201]]},"properties":{"dam_id":"way/201817514","osm_type":"way","osm_id":201817514,"country":"ES","name":null,"uso":"desconhecido"}},{"type":"Feature","geometry":{"type":"Polygon","coordinates":[[[-4.3821,40.2731],[-4.38164,40.27341],[-4.38129,40.2737],[-4.3812,40.27358],[-4.38201,40.27303],[-4.3821,40.2731]]]},"properties":{"dam_id":"way/201909626","osm_type":"way","osm_id":201909626,"country":"ES","name":null,"uso":"desconhecido"}},{"type":"Feature","geometry":{"type":"LineString","coordinates":[[-4.35687,40.29634],[-4.35677,40.29632]]},"properties":{"dam_id":"way/202117933","osm_type":"way","osm_id":202117933,"country":"ES","name":null,"uso":"desconhecido"}},{"type":"Feature","geometry":{"type":"LineString","coordinates":[[-4.36527,40.28215],[-4.36525,40.28205]]},"properties":{"dam_id":"way/202117941","osm_type":"way","osm_id":202117941,"country":"ES","name":null,"uso":"desconhecido"}},{"type":"Feature","geometry":{"type":"LineString","coordinates":[[-3.76892,42.79896],[-3.76899,42.79921],[-3.76872,42.79958]]},"properties":{"dam_id":"way/202130754","osm_type":"way","osm_id":202130754,"country":"ES","name":null,"uso":"desconhecido"}},{"type":"Feature","geometry":{"type":"LineString","coordinates":[[-4.00274,41.8216],[-4.0003,41.8205]]},"properties":{"dam_id":"way/202453485","osm_type":"way","osm_id":202453485,"country":"ES","name":null,"uso":"desconhecido"}},{"type":"Feature","geometry":{"type":"LineString","coordinates":[[-2.95891,40.27398],[-2.95879,40.27498]]},"properties":{"dam_id":"way/204737446","osm_type":"way","osm_id":204737446,"country":"ES","name":null,"uso":"desconhecido"}},{"type":"Feature","geometry":{"type":"LineString","coordinates":[[-0.29251,38.78175],[-0.29259,38.78164]]},"properties":{"dam_id":"way/205032100","osm_type":"way","osm_id":205032100,"country":"ES","name":null,"uso":"desconhecido"}},{"type":"Feature","geometry":{"type":"LineString","coordinates":[[-3.00805,40.20287],[-3.00686,40.20283]]},"properties":{"dam_id":"way/205074668","osm_type":"way","osm_id":205074668,"country":"ES","name":null,"uso":"desconhecido"}},{"type":"Feature","geometry":{"type":"Polygon","coordinates":[[[-2.08137,39.54758],[-2.08127,39.5476],[-2.08123,39.54769],[-2.08118,39.54772],[-2.08117,39.54713],[-2.08123,39.54715],[-2.08128,39.54724],[-2.08138,39.54725],[-2.08137,39.54758]]]},"properties":{"dam_id":"way/205180513","osm_type":"way","osm_id":205180513,"country":"ES","name":"Presa del Henchidero","uso":"desconhecido"}},{"type":"Feature","geometry":{"type":"Polygon","coordinates":[[[-3.98974,40.6066],[-3.98957,40.6067],[-3.98887,40.60714],[-3.9888,40.60702],[-3.9895,40.60658],[-3.98958,40.60666],[-3.98974,40.6066]]]},"properties":{"dam_id":"way/205825852","osm_type":"way","osm_id":205825852,"country":"ES","name":null,"uso":"desconhecido"}},{"type":"Feature","geometry":{"type":"LineString","coordinates":[[2.20491,42.37656],[2.20484,42.37666],[2.20486,42.37668]]},"properties":{"dam_id":"way/205994033","osm_type":"way","osm_id":205994033,"country":"ES","name":null,"uso":"desconhecido"}},{"type":"Feature","geometry":{"type":"LineString","coordinates":[[2.1747,42.36364],[2.17459,42.36376],[2.17436,42.36379]]},"properties":{"dam_id":"way/205994035","osm_type":"way","osm_id":205994035,"country":"ES","name":null,"uso":"desconhecido"}},{"type":"Feature","geometry":{"type":"LineString","coordinates":[[-4.29282,40.30037],[-4.29274,40.30039],[-4.29268,40.30048],[-4.2927,40.30053]]},"properties":{"dam_id":"way/206107101","osm_type":"way","osm_id":206107101,"country":"ES","name":null,"uso":"desconhecido"}},{"type":"Feature","geometry":{"type":"Polygon","coordinates":[[[-4.34339,40.29891],[-4.34334,40.29882],[-4.34337,40.29879],[-4.34329,40.29872],[-4.34323,40.2987],[-4.343,40.29874],[-4.34301,40.2988],[-4.34323,40.29875],[-4.34332,40.2988],[-4.34339,40.29891]]]},"properties":{"dam_id":"way/206266886","osm_type":"way","osm_id":206266886,"country":"ES","name":null,"uso":"desconhecido"}},{"type":"Feature","geometry":{"type":"LineString","coordinates":[[-3.83152,38.09567],[-3.83052,38.09541]]},"properties":{"dam_id":"way/207006437","osm_type":"way","osm_id":207006437,"country":"ES","name":"Presa del Rumblar","uso":"desconhecido"}},{"type":"Feature","geometry":{"type":"LineString","coordinates":[[1.88367,41.86996],[1.88368,41.87033],[1.88376,41.8706],[1.88387,41.87067],[1.8841,41.87075],[1.88443,41.87078]]},"properties":{"dam_id":"way/207151211","osm_type":"way","osm_id":207151211,"country":"ES","name":"Resclosa dels Manresans","uso":"desconhecido"}},{"type":"Feature","geometry":{"type":"Polygon","coordinates":[[[-6.80495,41.04742],[-6.80464,41.04712],[-6.80453,41.04696],[-6.80448,41.04678],[-6.80413,41.04676],[-6.80396,41.04667],[-6.80398,41.04656],[-6.80381,41.04652],[-6.80347,41.04655],[-6.8033,41.0466],[-6.80329,41.04667],[-6.80336,41.04672],[-6.8039,41.04688],[-6.80397,41.04709],[-6.80391,41.04711],[-6.80392,41.04714],[-6.804,41.04715],[-6.80411,41.04734],[-6.80405,41.04737],[-6.80406,41.0474],[-6.80414,41.04739],[-6.80429,41.04756],[-6.80424,41.04762],[-6.80433,41.04762],[-6.80449,41.04777],[-6.80448,41.04784],[-6.80456,41.04783],[-6.80475,41.04797],[-6.80481,41.04789],[-6.80475,41.04781],[-6.80478,41.04768],[-6.80485,41.04758],[-6.80481,41.04755],[-6.80495,41.04742]]]},"properties":{"dam_id":"way/207255601","osm_type":"way","osm_id":207255601,"country":"ES","name":"Salto de Saucelle","uso":"hidroelétrica"}},{"type":"Feature","geometry":{"type":"LineString","coordinates":[[-3.50873,42.05385],[-3.50879,42.05363]]},"properties":{"dam_id":"way/207994571","osm_type":"way","osm_id":207994571,"country":"ES","name":null,"uso":"desconhecido"}},{"type":"Feature","geometry":{"type":"LineString","coordinates":[[-6.55971,37.69099],[-6.56059,37.69113]]},"properties":{"dam_id":"way/208910520","osm_type":"way","osm_id":208910520,"country":"ES","name":null,"uso":"desconhecido"}},{"type":"Feature","geometry":{"type":"Polygon","coordinates":[[[-6.58499,42.25189],[-6.58497,42.25184],[-6.58485,42.25186],[-6.58487,42.25191],[-6.58499,42.25189]]]},"properties":{"dam_id":"way/209188387","osm_type":"way","osm_id":209188387,"country":"ES","name":null,"uso":"desconhecido"}},{"type":"Feature","geometry":{"type":"LineString","coordinates":[[-4.24584,40.34702],[-4.24581,40.34685],[-4.24588,40.34673]]},"properties":{"dam_id":"way/209193769","osm_type":"way","osm_id":209193769,"country":"ES","name":null,"uso":"hidroelétrica"}},{"type":"Feature","geometry":{"type":"LineString","coordinates":[[-5.53989,38.98704],[-5.53984,38.98706],[-5.53954,38.98686],[-5.5395,38.9869],[-5.53939,38.98684],[-5.53937,38.98687],[-5.53932,38.98684],[-5.53933,38.9868],[-5.53914,38.98671],[-5.53917,38.98666],[-5.53845,38.98628],[-5.53842,38.98631],[-5.53835,38.98628],[-5.53839,38.98624],[-5.53836,38.98623],[-5.53831,38.98626],[-5.53831,38.98622],[-5.53817,38.98615],[-5.53814,38.98616],[-5.53813,38.98613],[-5.53799,38.98606],[-5.53795,38.98606],[-5.53796,38.98604],[-5.53782,38.98596],[-5.53777,38.98597],[-5.53779,38.98594],[-5.53765,38.98587],[-5.53762,38.98588],[-5.53761,38.98585],[-5.53748,38.98577],[-5.53744,38.98579],[-5.53744,38.98575],[-5.5373,38.98568],[-5.53727,38.98569],[-5.53728,38.98564],[-5.53425,38.98397],[-5.53407,38.98391],[-5.53389,38.98389],[-5.53329,38.98396],[-5.53327,38.98388],[-5.5338,38.98381],[-5.53415,38.98384],[-5.53434,38.98391],[-5.53491,38.98422],[-5.5357,38.98452],[-5.5366,38.98492],[-5.53934,38.9864],[-5.5394,38.98653],[-5.53932,38.98661],[-5.53986,38.98694]]},"properties":{"dam_id":"way/209259039","osm_type":"way","osm_id":209259039,"country":"ES","name":"Presa de Orellana","uso":"hidroelétrica"}},{"type":"Feature","geometry":{"type":"LineString","coordinates":[[0.89257,42.04818],[0.89391,42.04853],[0.89405,42.04863],[0.89408,42.04874]]},"properties":{"dam_id":"way/209343247","osm_type":"way","osm_id":209343247,"country":"ES","name":"Presa de Terradets","uso":"desconhecido"}},{"type":"Feature","geometry":{"type":"LineString","coordinates":[[-4.31522,40.28539],[-4.3151,40.28541],[-4.315,40.28538]]},"properties":{"dam_id":"way/209873816","osm_type":"way","osm_id":209873816,"country":"ES","name":null,"uso":"desconhecido"}},{"type":"Feature","geometry":{"type":"LineString","coordinates":[[-0.27871,39.27916],[-0.27872,39.2785]]},"properties":{"dam_id":"way/211137133","osm_type":"way","osm_id":211137133,"country":"ES","name":null,"uso":"desconhecido"}},{"type":"Feature","geometry":{"type":"Polygon","coordinates":[[[-1.87371,43.21228],[-1.8737,43.21217],[-1.87365,43.21209],[-1.87374,43.21188],[-1.8741,43.21195],[-1.87502,43.21189],[-1.87505,43.21161],[-1.87512,43.21161],[-1.8751,43.21201],[-1.87544,43.21201],[-1.87547,43.21126],[-1.87563,43.21125],[-1.87588,43.21178],[-1.87646,43.21185],[-1.87655,43.21204],[-1.87656,43.2122],[-1.87628,43.21229],[-1.87557,43.21236],[-1.87492,43.21233],[-1.87382,43.21216],[-1.8738,43.21225],[-1.87371,43.21228]]]},"properties":{"dam_id":"way/211458797","osm_type":"way","osm_id":211458797,"country":"ES","name":"Presa de Añarbe","uso":"desconhecido"}},{"type":"Feature","geometry":{"type":"Polygon","coordinates":[[[1.52612,41.21561],[1.52615,41.21557],[1.5262,41.21559],[1.52617,41.21563],[1.52612,41.21561]]]},"properties":{"dam_id":"way/211848045","osm_type":"way","osm_id":211848045,"country":"ES","name":null,"uso":"desconhecido"}},{"type":"Feature","geometry":{"type":"Polygon","coordinates":[[[-7.71412,42.45296],[-7.71441,42.45297],[-7.71468,42.45294],[-7.71471,42.453],[-7.71434,42.45304],[-7.71394,42.45304],[-7.71394,42.4524],[-7.71411,42.45239],[-7.71412,42.45296]]]},"properties":{"dam_id":"way/212753929","osm_type":"way","osm_id":212753929,"country":"ES","name":"Encoro de San Pedro","uso":"desconhecido"}},{"type":"Feature","geometry":{"type":"Polygon","coordinates":[[[-2.83931,43.19465],[-2.839,43.19423],[-2.83867,43.19395],[-2.83881,43.1938],[-2.83866,43.19394],[-2.83856,43.19387],[-2.83851,43.19392],[-2.83898,43.19432],[-2.83924,43.19468],[-2.83931,43.19465]]]},"properties":{"dam_id":"way/213211567","osm_type":"way","osm_id":213211567,"country":"ES","name":null,"uso":"desconhecido"}},{"type":"Feature","geometry":{"type":"LineString","coordinates":[[-4.1852,40.30735],[-4.18506,40.30749]]},"properties":{"dam_id":"way/213841685","osm_type":"way","osm_id":213841685,"country":"ES","name":null,"uso":"desconhecido"}},{"type":"Feature","geometry":{"type":"LineString","coordinates":[[-4.18099,40.33204],[-4.18085,40.33186]]},"properties":{"dam_id":"way/213841686","osm_type":"way","osm_id":213841686,"country":"ES","name":null,"uso":"desconhecido"}},{"type":"Feature","geometry":{"type":"LineString","coordinates":[[1.10741,41.65203],[1.10769,41.65205]]},"properties":{"dam_id":"way/214316636","osm_type":"way","osm_id":214316636,"country":"ES","name":null,"uso":"desconhecido"}},{"type":"Feature","geometry":{"type":"LineString","coordinates":[[-3.46916,42.78573],[-3.46896,42.7857],[-3.46899,42.78562],[-3.46877,42.78558],[-3.46874,42.78566],[-3.46868,42.78565],[-3.46871,42.78557],[-3.46847,42.78553],[-3.46844,42.78561],[-3.46821,42.78557]]},"properties":{"dam_id":"way/214835004","osm_type":"way","osm_id":214835004,"country":"ES","name":"Presa de Cereceda","uso":"desconhecido"}},{"type":"Feature","geometry":{"type":"LineString","coordinates":[[-3.93857,39.12815],[-3.93657,39.12914]]},"properties":{"dam_id":"way/215494466","osm_type":"way","osm_id":215494466,"country":"ES","name":null,"uso":"desconhecido"}},{"type":"Feature","geometry":{"type":"Polygon","coordinates":[[[-6.68704,41.21172],[-6.68661,41.21197],[-6.6864,41.21225],[-6.68643,41.21251],[-6.68615,41.21242],[-6.68597,41.21233],[-6.68594,41.21235],[-6.68594,41.21242],[-6.6859,41.21237],[-6.68594,41.21229],[-6.68583,41.2122],[-6.68574,41.21225],[-6.68581,41.21218],[-6.68571,41.21207],[-6.68561,41.21211],[-6.68568,41.21204],[-6.68561,41.21193],[-6.68551,41.21196],[-6.68559,41.2119],[-6.68554,41.21179],[-6.68544,41.2118],[-6.68553,41.21176],[-6.6855,41.21164],[-6.6854,41.21164],[-6.68549,41.21161],[-6.68549,41.21154],[-6.68539,41.21153],[-6.6855,41.2115],[-6.68551,41.21139],[-6.68541,41.21136],[-6.68552,41.21134],[-6.68556,41.21123],[-6.68548,41.21119],[-6.68548,41.21114],[-6.68553,41.21119],[-6.68557,41.21118],[-6.68571,41.21097],[-6.68596,41.21074],[-6.68614,41.21088],[-6.68679,41.21106],[-6.68679,41.21127],[-6.68704,41.21172]]]},"properties":{"dam_id":"way/215669321","osm_type":"way","osm_id":215669321,"country":"ES","name":"Salto de Aldeadávila","uso":"hidroelétrica"}},{"type":"Feature","geometry":{"type":"Polygon","coordinates":[[[-4.18721,38.05879],[-4.18676,38.05834],[-4.18664,38.05842],[-4.18572,38.05753],[-4.1858,38.05748],[-4.18564,38.05731],[-4.18545,38.05748],[-4.18682,38.05883],[-4.18697,38.05895],[-4.18721,38.05879]]]},"properties":{"dam_id":"way/216871958","osm_type":"way","osm_id":216871958,"country":"ES","name":"Presa de Marmolejo","uso":"desconhecido"}},{"type":"Feature","geometry":{"type":"Polygon","coordinates":[[[-0.22368,42.78249],[-0.22346,42.78196],[-0.22308,42.78108],[-0.2233,42.7813],[-0.22355,42.78164],[-0.22377,42.78205],[-0.22365,42.78232],[-0.22368,42.78249]]]},"properties":{"dam_id":"way/217365712","osm_type":"way","osm_id":217365712,"country":"ES","name":null,"uso":"desconhecido"}},{"type":"Feature","geometry":{"type":"LineString","coordinates":[[-0.21813,42.7923],[-0.21786,42.79225],[-0.21744,42.79189],[-0.2174,42.7918],[-0.21759,42.79155],[-0.21748,42.79151]]},"properties":{"dam_id":"way/217365716","osm_type":"way","osm_id":217365716,"country":"ES","name":null,"uso":"desconhecido"}},{"type":"Feature","geometry":{"type":"Polygon","coordinates":[[[-1.13548,39.26461],[-1.1354,39.26466],[-1.13533,39.26471],[-1.13534,39.26464],[-1.13538,39.26461],[-1.13548,39.26461]]]},"properties":{"dam_id":"way/217548261","osm_type":"way","osm_id":217548261,"country":"ES","name":null,"uso":"desconhecido"}},{"type":"Feature","geometry":{"type":"Polygon","coordinates":[[[1.98114,41.59308],[1.98096,41.59286],[1.98102,41.59284],[1.9812,41.59305],[1.98114,41.59308]]]},"properties":{"dam_id":"way/217810311","osm_type":"way","osm_id":217810311,"country":"ES","name":"Parets del Pantà de la Xoriguera","uso":"desconhecido"}},{"type":"Feature","geometry":{"type":"Polygon","coordinates":[[[0.55777,42.63366],[0.5577,42.63366],[0.55765,42.63376],[0.55743,42.63393],[0.55708,42.63409],[0.5569,42.63404],[0.5568,42.6339],[0.5565,42.63392],[0.55643,42.63395],[0.55638,42.63402],[0.55632,42.63404],[0.55628,42.63411],[0.55611,42.6342],[0.55598,42.63419],[0.55588,42.63415],[0.55587,42.63418],[0.55609,42.63427],[0.5565,42.63435],[0.55677,42.63434],[0.55704,42.63429],[0.55732,42.63417],[0.55748,42.63405],[0.55767,42.63385],[0.55777,42.63366]]]},"properties":{"dam_id":"way/218167116","osm_type":"way","osm_id":218167116,"country":"ES","name":null,"uso":"desconhecido"}},{"type":"Feature","geometry":{"type":"LineString","coordinates":[[-5.69936,38.65309],[-5.69822,38.65268]]},"properties":{"dam_id":"way/218222178","osm_type":"way","osm_id":218222178,"country":"ES","name":null,"uso":"desconhecido"}},{"type":"Feature","geometry":{"type":"Polygon","coordinates":[[[-6.41078,39.84291],[-6.40901,39.84467],[-6.40923,39.84476],[-6.40967,39.84467],[-6.40994,39.84454],[-6.41032,39.84429],[-6.41073,39.84385],[-6.41091,39.84361],[-6.41104,39.84299],[-6.41103,39.84287],[-6.41099,39.84281],[-6.41078,39.84291]]]},"properties":{"dam_id":"way/218249032","osm_type":"way","osm_id":218249032,"country":"ES","name":null,"uso":"desconhecido"}},{"type":"Feature","geometry":{"type":"LineString","coordinates":[[2.96936,41.80746],[2.96964,41.80746],[2.96982,41.80752]]},"properties":{"dam_id":"way/218290255","osm_type":"way","osm_id":218290255,"country":"ES","name":null,"uso":"desconhecido"}},{"type":"Feature","geometry":{"type":"LineString","coordinates":[[2.80659,41.77928],[2.80692,41.77936]]},"properties":{"dam_id":"way/218469820","osm_type":"way","osm_id":218469820,"country":"ES","name":null,"uso":"desconhecido"}},{"type":"Feature","geometry":{"type":"LineString","coordinates":[[2.81554,41.7833],[2.81545,41.78322],[2.81543,41.78311],[2.81525,41.783]]},"properties":{"dam_id":"way/218473274","osm_type":"way","osm_id":218473274,"country":"ES","name":null,"uso":"desconhecido"}},{"type":"Feature","geometry":{"type":"LineString","coordinates":[[2.825,41.78394],[2.82497,41.78361]]},"properties":{"dam_id":"way/218473283","osm_type":"way","osm_id":218473283,"country":"ES","name":null,"uso":"desconhecido"}},{"type":"Feature","geometry":{"type":"LineString","coordinates":[[2.79881,41.77229],[2.79825,41.7719]]},"properties":{"dam_id":"way/218473285","osm_type":"way","osm_id":218473285,"country":"ES","name":null,"uso":"desconhecido"}},{"type":"Feature","geometry":{"type":"LineString","coordinates":[[-4.52675,36.7223],[-4.52695,36.72221]]},"properties":{"dam_id":"way/218903793","osm_type":"way","osm_id":218903793,"country":"ES","name":null,"uso":"desconhecido"}},{"type":"Feature","geometry":{"type":"Polygon","coordinates":[[[-7.26252,37.36655],[-7.26376,37.36645],[-7.26434,37.36636],[-7.26518,37.36647],[-7.2664,37.36631],[-7.26687,37.36634],[-7.2675,37.36656],[-7.26798,37.36668],[-7.26919,37.36689],[-7.26931,37.36698],[-7.26917,37.36705],[-7.2664,37.36683],[-7.26299,37.36669],[-7.26251,37.3666],[-7.26252,37.36655]]]},"properties":{"dam_id":"way/219262909","osm_type":"way","osm_id":219262909,"country":"ES","name":"Presa del Piedras","uso":"desconhecido"}},{"type":"Feature","geometry":{"type":"Polygon","coordinates":[[[-4.44266,39.96239],[-4.44242,39.96239],[-4.44246,39.96204],[-4.44269,39.96204],[-4.44266,39.96239]]]},"properties":{"dam_id":"way/219292065","osm_type":"way","osm_id":219292065,"country":"ES","name":null,"uso":"desconhecido"}},{"type":"Feature","geometry":{"type":"LineString","coordinates":[[-6.09652,42.67011],[-6.09639,42.67007]]},"properties":{"dam_id":"way/219499428","osm_type":"way","osm_id":219499428,"country":"ES","name":null,"uso":"desconhecido"}},{"type":"Feature","geometry":{"type":"Polygon","coordinates":[[[0.48318,42.58447],[0.48343,42.58315],[0.48381,42.5821],[0.48385,42.58214],[0.48358,42.58317],[0.48362,42.58319],[0.48361,42.58324],[0.48356,42.58325],[0.4835,42.58348],[0.48354,42.58351],[0.48348,42.58352],[0.48325,42.58443],[0.48318,42.58447]]]},"properties":{"dam_id":"way/219673638","osm_type":"way","osm_id":219673638,"country":"ES","name":null,"uso":"desconhecido"}},{"type":"Feature","geometry":{"type":"Polygon","coordinates":[[[0.538,42.63188],[0.538,42.63184],[0.53818,42.63187],[0.53846,42.63182],[0.53847,42.63186],[0.53824,42.63191],[0.538,42.63188]]]},"properties":{"dam_id":"way/219680874","osm_type":"way","osm_id":219680874,"country":"ES","name":null,"uso":"desconhecido"}},{"type":"Feature","geometry":{"type":"LineString","coordinates":[[-2.99598,43.09955],[-2.99567,43.09948]]},"properties":{"dam_id":"way/220494325","osm_type":"way","osm_id":220494325,"country":"ES","name":null,"uso":"desconhecido"}},{"type":"Feature","geometry":{"type":"Polygon","coordinates":[[[-0.87966,38.03168],[-0.87713,38.03398],[-0.87541,38.03441],[-0.87519,38.03421],[-0.87446,38.03411],[-0.87384,38.03378],[-0.87194,38.03383],[-0.87162,38.03326],[-0.87947,38.03122],[-0.87966,38.03168]]]},"properties":{"dam_id":"way/220735245","osm_type":"way","osm_id":220735245,"country":"ES","name":null,"uso":"desconhecido"}},{"type":"Feature","geometry":{"type":"LineString","coordinates":[[1.7597,41.7274],[1.75947,41.72733]]},"properties":{"dam_id":"way/220776800","osm_type":"way","osm_id":220776800,"country":"ES","name":"Resclosa de Can Gallifa","uso":"desconhecido"}},{"type":"Feature","geometry":{"type":"LineString","coordinates":[[2.2679,42.36593],[2.26789,42.36574],[2.2682,42.36564]]},"properties":{"dam_id":"way/221652149","osm_type":"way","osm_id":221652149,"country":"ES","name":null,"uso":"desconhecido"}},{"type":"Feature","geometry":{"type":"LineString","coordinates":[[2.83675,42.0847],[2.83696,42.08448]]},"properties":{"dam_id":"way/221741165","osm_type":"way","osm_id":221741165,"country":"ES","name":null,"uso":"desconhecido"}},{"type":"Feature","geometry":{"type":"LineString","coordinates":[[2.85058,42.04431],[2.85093,42.04397]]},"properties":{"dam_id":"way/221741166","osm_type":"way","osm_id":221741166,"country":"ES","name":"Resclosa de Can Sarasa","uso":"desconhecido"}},{"type":"Feature","geometry":{"type":"LineString","coordinates":[[2.81999,42.09223],[2.81988,42.09192]]},"properties":{"dam_id":"way/221741167","osm_type":"way","osm_id":221741167,"country":"ES","name":null,"uso":"desconhecido"}},{"type":"Feature","geometry":{"type":"Polygon","coordinates":[[[-8.79723,42.86456],[-8.79735,42.86466],[-8.79737,42.86464],[-8.79766,42.86489],[-8.79753,42.86497],[-8.7976,42.86503],[-8.7977,42.86545],[-8.79764,42.8655],[-8.79724,42.86515],[-8.7972,42.86517],[-8.79705,42.86504],[-8.7969,42.86491],[-8.79694,42.86488],[-8.79663,42.86461],[-8.7967,42.86457],[-8.79723,42.86456]]]},"properties":{"dam_id":"way/221840372","osm_type":"way","osm_id":221840372,"country":"ES","name":"Presa de Barrié de la Maza","uso":"desconhecido"}},{"type":"Feature","geometry":{"type":"LineString","coordinates":[[-8.57297,42.97127],[-8.57289,42.97118],[-8.57296,42.97109],[-8.57291,42.97093],[-8.57274,42.97079],[-8.57254,42.97075],[-8.57239,42.97077],[-8.57218,42.97083],[-8.57204,42.97104],[-8.57204,42.97113]]},"properties":{"dam_id":"way/221846220","osm_type":"way","osm_id":221846220,"country":"ES","name":null,"uso":"desconhecido"}},{"type":"Feature","geometry":{"type":"Polygon","coordinates":[[[-8.01092,43.40867],[-8.01078,43.40817],[-8.01074,43.40787],[-8.01096,43.40744],[-8.01159,43.40703],[-8.01202,43.40693],[-8.01253,43.40701],[-8.01255,43.40693],[-8.01218,43.4069],[-8.01188,43.4069],[-8.01144,43.40702],[-8.01112,43.40719],[-8.01089,43.40739],[-8.01072,43.4076],[-8.01064,43.40785],[-8.01066,43.40817],[-8.01032,43.40822],[-8.01034,43.40834],[-8.01092,43.40867]]]},"properties":{"dam_id":"way/221851933","osm_type":"way","osm_id":221851933,"country":"ES","name":"Presa do Eume","uso":"desconhecido"}},{"type":"Feature","geometry":{"type":"Polygon","coordinates":[[[-7.86085,43.44322],[-7.86072,43.44324],[-7.86053,43.44278],[-7.86064,43.44275],[-7.8607,43.44289],[-7.86087,43.44286],[-7.86089,43.4429],[-7.86073,43.44293],[-7.86085,43.44322]]]},"properties":{"dam_id":"way/221879988","osm_type":"way","osm_id":221879988,"country":"ES","name":"Encoro da Central","uso":"desconhecido"}},{"type":"Feature","geometry":{"type":"Polygon","coordinates":[[[-3.97776,37.1675],[-3.97766,37.16724],[-3.97788,37.16727],[-3.97776,37.1675]]]},"properties":{"dam_id":"way/222139409","osm_type":"way","osm_id":222139409,"country":"ES","name":null,"uso":"desconhecido"}},{"type":"Feature","geometry":{"type":"LineString","coordinates":[[1.91979,41.63308],[1.92033,41.63318]]},"properties":{"dam_id":"way/222334156","osm_type":"way","osm_id":222334156,"country":"ES","name":"Presa de Rellinars","uso":"desconhecido"}},{"type":"Feature","geometry":{"type":"Polygon","coordinates":[[[-0.91382,39.6648],[-0.91373,39.66494],[-0.91321,39.66478],[-0.91325,39.66514],[-0.91334,39.66513],[-0.91334,39.66521],[-0.91327,39.66523],[-0.91326,39.66581],[-0.91335,39.66581],[-0.91333,39.66592],[-0.91325,39.66591],[-0.91308,39.66653],[-0.91296,39.6665],[-0.91303,39.66634],[-0.91301,39.66601],[-0.91291,39.66587],[-0.91241,39.66581],[-0.91244,39.66574],[-0.91279,39.66576],[-0.9128,39.66572],[-0.91275,39.66572],[-0.91275,39.66569],[-0.9128,39.66569],[-0.91281,39.66558],[-0.91276,39.66559],[-0.91276,39.66555],[-0.91281,39.66555],[-0.91281,39.66545],[-0.91276,39.66545],[-0.91276,39.66541],[-0.91281,39.66541],[-0.91281,39.66531],[-0.91276,39.66532],[-0.91276,39.66528],[-0.91281,39.66528],[-0.9128,39.66525],[-0.91244,39.66526],[-0.91231,39.66511],[-0.91233,39.66506],[-0.91247,39.6651],[-0.9126,39.66508],[-0.91289,39.66517],[-0.91305,39.66484],[-0.91312,39.66484],[-0.91308,39.66462],[-0.91294,39.66457],[-0.91296,39.66452],[-0.91382,39.6648]]]},"properties":{"dam_id":"way/222506395","osm_type":"way","osm_id":222506395,"country":"ES","name":"Presa de Loriguilla","uso":"desconhecido"}},{"type":"Feature","geometry":{"type":"LineString","coordinates":[[2.77923,41.83577],[2.78048,41.8364]]},"properties":{"dam_id":"way/222547072","osm_type":"way","osm_id":222547072,"country":"ES","name":null,"uso":"desconhecido"}},{"type":"Feature","geometry":{"type":"LineString","coordinates":[[1.63133,42.37497],[1.63171,42.37489],[1.63183,42.37484],[1.63206,42.37462]]},"properties":{"dam_id":"way/222819430","osm_type":"way","osm_id":222819430,"country":"ES","name":"Presa del Rec del Solà","uso":"desconhecido"}},{"type":"Feature","geometry":{"type":"LineString","coordinates":[[-6.78507,38.68041],[-6.78374,38.68083],[-6.78081,38.68209],[-6.7806,38.68238]]},"properties":{"dam_id":"way/222889886","osm_type":"way","osm_id":222889886,"country":"ES","name":null,"uso":"desconhecido"}},{"type":"Feature","geometry":{"type":"LineString","coordinates":[[-4.45604,43.2955],[-4.45675,43.2957]]},"properties":{"dam_id":"way/222911561","osm_type":"way","osm_id":222911561,"country":"ES","name":"Embalse de Palombera","uso":"desconhecido"}},{"type":"Feature","geometry":{"type":"Polygon","coordinates":[[[-1.77224,43.27672],[-1.7721,43.27675],[-1.77226,43.27708],[-1.77225,43.27721],[-1.77251,43.27727],[-1.77488,43.27706],[-1.7747,43.27692],[-1.77243,43.27713],[-1.77224,43.27672]]]},"properties":{"dam_id":"way/223212225","osm_type":"way","osm_id":223212225,"country":"ES","name":null,"uso":"desconhecido"}},{"type":"Feature","geometry":{"type":"LineString","coordinates":[[-3.57479,41.69716],[-3.57471,41.69712]]},"properties":{"dam_id":"way/223238331","osm_type":"way","osm_id":223238331,"country":"ES","name":null,"uso":"desconhecido"}},{"type":"Feature","geometry":{"type":"Polygon","coordinates":[[[0.61116,41.78321],[0.6118,41.78354],[0.61172,41.7836],[0.61111,41.78329],[0.61116,41.78321]]]},"properties":{"dam_id":"way/223303560","osm_type":"way","osm_id":223303560,"country":"ES","name":null,"uso":"desconhecido"}},{"type":"Feature","geometry":{"type":"Polygon","coordinates":[[[-4.06905,37.14355],[-4.06894,37.14349],[-4.06891,37.14353],[-4.06902,37.14359],[-4.06905,37.14355]]]},"properties":{"dam_id":"way/223440314","osm_type":"way","osm_id":223440314,"country":"ES","name":"Fuente del Bañuelo","uso":"desconhecido"}},{"type":"Feature","geometry":{"type":"LineString","coordinates":[[1.14261,41.64601],[1.14299,41.64598]]},"properties":{"dam_id":"way/223981384","osm_type":"way","osm_id":223981384,"country":"ES","name":null,"uso":"desconhecido"}},{"type":"Feature","geometry":{"type":"LineString","coordinates":[[0.57917,41.88273],[0.57985,41.88276],[0.58032,41.88268],[0.5809,41.88245],[0.58126,41.8822],[0.5815,41.88197]]},"properties":{"dam_id":"way/224123445","osm_type":"way","osm_id":224123445,"country":"ES","name":"Pantà de Santa Anna","uso":"desconhecido"}},{"type":"Feature","geometry":{"type":"Polygon","coordinates":[[[0.57791,41.87424],[0.57792,41.8742],[0.57803,41.87418],[0.57819,41.87431],[0.57835,41.87434],[0.57845,41.87433],[0.57852,41.87442],[0.57827,41.87444],[0.57817,41.87443],[0.578,41.87433],[0.57791,41.87424]]]},"properties":{"dam_id":"way/1506725405","osm_type":"way","osm_id":1506725405,"country":"ES","name":"Presa del Canal de Piñana","uso":"desconhecido"}},{"type":"Feature","geometry":{"type":"Polygon","coordinates":[[[-3.06566,43.29376],[-3.06551,43.29429],[-3.06495,43.29422],[-3.0645,43.29405],[-3.0641,43.29379],[-3.06437,43.29366],[-3.06486,43.29349],[-3.06497,43.2936],[-3.06537,43.29375],[-3.06556,43.29378],[-3.06566,43.29376]]]},"properties":{"dam_id":"way/225111984","osm_type":"way","osm_id":225111984,"country":"ES","name":null,"uso":"desconhecido"}},{"type":"Feature","geometry":{"type":"LineString","coordinates":[[0.74151,41.68546],[0.74138,41.68533]]},"properties":{"dam_id":"way/225810736","osm_type":"way","osm_id":225810736,"country":"ES","name":null,"uso":"hidroelétrica"}},{"type":"Feature","geometry":{"type":"LineString","coordinates":[[0.76053,41.69095],[0.76061,41.69081],[0.76067,41.6908],[0.76067,41.69084],[0.76074,41.69089]]},"properties":{"dam_id":"way/225810739","osm_type":"way","osm_id":225810739,"country":"ES","name":null,"uso":"desconhecido"}},{"type":"Feature","geometry":{"type":"LineString","coordinates":[[0.83355,41.69686],[0.83348,41.69677]]},"properties":{"dam_id":"way/225888345","osm_type":"way","osm_id":225888345,"country":"ES","name":null,"uso":"desconhecido"}},{"type":"Feature","geometry":{"type":"LineString","coordinates":[[0.81606,41.69974],[0.81602,41.69973],[0.81601,41.69964]]},"properties":{"dam_id":"way/225888346","osm_type":"way","osm_id":225888346,"country":"ES","name":null,"uso":"desconhecido"}},{"type":"Feature","geometry":{"type":"LineString","coordinates":[[0.84432,41.69176],[0.8441,41.69179],[0.84407,41.69175]]},"properties":{"dam_id":"way/225892873","osm_type":"way","osm_id":225892873,"country":"ES","name":null,"uso":"desconhecido"}},{"type":"Feature","geometry":{"type":"LineString","coordinates":[[-3.43534,41.23473],[-3.43568,41.23449]]},"properties":{"dam_id":"way/226258289","osm_type":"way","osm_id":226258289,"country":"ES","name":null,"uso":"desconhecido"}},{"type":"Feature","geometry":{"type":"LineString","coordinates":[[-3.43567,41.23849],[-3.43537,41.23824]]},"properties":{"dam_id":"way/226258291","osm_type":"way","osm_id":226258291,"country":"ES","name":null,"uso":"desconhecido"}},{"type":"Feature","geometry":{"type":"LineString","coordinates":[[-2.61075,40.6922],[-2.61019,40.69173]]},"properties":{"dam_id":"way/226364131","osm_type":"way","osm_id":226364131,"country":"ES","name":null,"uso":"desconhecido"}},{"type":"Feature","geometry":{"type":"Polygon","coordinates":[[[-4.49604,36.80565],[-4.49567,36.80501],[-4.49561,36.80456],[-4.49573,36.80422],[-4.49597,36.80383],[-4.49613,36.80366],[-4.49632,36.80381],[-4.49607,36.80402],[-4.49598,36.80444],[-4.49597,36.80466],[-4.496,36.80488],[-4.49607,36.80503],[-4.49604,36.80521],[-4.49632,36.80555],[-4.49605,36.80571],[-4.49604,36.80565]]]},"properties":{"dam_id":"way/226774749","osm_type":"way","osm_id":226774749,"country":"ES","name":"Presa de Casasola","uso":"desconhecido"}},{"type":"Feature","geometry":{"type":"Polygon","coordinates":[[[-1.50423,39.5444],[-1.50213,39.54301],[-1.50224,39.54289],[-1.50266,39.54303],[-1.50346,39.54301],[-1.50389,39.54327],[-1.504,39.54337],[-1.50376,39.54389],[-1.50432,39.54434],[-1.50423,39.5444]]]},"properties":{"dam_id":"way/226882966","osm_type":"way","osm_id":226882966,"country":"ES","name":"Presa de Contreras","uso":"desconhecido"}},{"type":"Feature","geometry":{"type":"LineString","coordinates":[[-0.93981,39.59659],[-0.93994,39.59646],[-0.94004,39.59624],[-0.94003,39.59598],[-0.93997,39.59583],[-0.93985,39.59568],[-0.93969,39.59557],[-0.93945,39.59547]]},"properties":{"dam_id":"way/226986924","osm_type":"way","osm_id":226986924,"country":"ES","name":"Presa de Buseo","uso":"desconhecido"}},{"type":"Feature","geometry":{"type":"Polygon","coordinates":[[[0.28001,42.66883],[0.28029,42.66882],[0.28064,42.66893],[0.2811,42.66867],[0.28125,42.66868],[0.28142,42.66863],[0.28165,42.6686],[0.28185,42.66847],[0.28201,42.66821],[0.28216,42.66806],[0.28001,42.66883]]]},"properties":{"dam_id":"way/227131011","osm_type":"way","osm_id":227131011,"country":"ES","name":null,"uso":"desconhecido"}},{"type":"Feature","geometry":{"type":"Polygon","coordinates":[[[-1.09819,39.72595],[-1.09822,39.72617],[-1.09734,39.72642],[-1.09743,39.72662],[-1.09968,39.72627],[-1.09967,39.72622],[-1.09959,39.72618],[-1.09894,39.72608],[-1.09872,39.72585],[-1.09819,39.72595]]]},"properties":{"dam_id":"way/374056872","osm_type":"way","osm_id":374056872,"country":"ES","name":"Presa Benagéber","uso":"desconhecido"}},{"type":"Feature","geometry":{"type":"Polygon","coordinates":[[[0.45342,41.47456],[0.45348,41.47457],[0.45346,41.47459],[0.45358,41.47468],[0.4536,41.47466],[0.45363,41.47469],[0.45361,41.4747],[0.45374,41.4748],[0.45376,41.47478],[0.45379,41.4748],[0.45364,41.4749],[0.45362,41.47488],[0.45372,41.47481],[0.45359,41.47471],[0.45351,41.47477],[0.45349,41.47475],[0.45357,41.4747],[0.45344,41.4746],[0.45337,41.47466],[0.45335,41.47464],[0.45342,41.47459],[0.45339,41.47457],[0.45331,41.47463],[0.45287,41.47453],[0.45321,41.47454],[0.45321,41.47433],[0.45292,41.47433],[0.45292,41.47428],[0.45323,41.4743],[0.45324,41.47454],[0.45341,41.47454],[0.45341,41.47428],[0.45351,41.47428],[0.45351,41.47434],[0.45344,41.47434],[0.45347,41.47454],[0.45342,41.47456]]]},"properties":{"dam_id":"way/227833186","osm_type":"way","osm_id":227833186,"country":"ES","name":null,"uso":"hidroelétrica"}},{"type":"Feature","geometry":{"type":"Polygon","coordinates":[[[0.46501,41.46927],[0.46499,41.4692],[0.46521,41.46917],[0.46522,41.46924],[0.46501,41.46927]]]},"properties":{"dam_id":"way/227833188","osm_type":"way","osm_id":227833188,"country":"ES","name":null,"uso":"hidroelétrica"}},{"type":"Feature","geometry":{"type":"LineString","coordinates":[[1.88112,42.23005],[1.88106,42.22985],[1.88098,42.22979],[1.88083,42.22974],[1.88086,42.22964]]},"properties":{"dam_id":"way/227970945","osm_type":"way","osm_id":227970945,"country":"ES","name":"Resclosa de Cal Vidal","uso":"hidroelétrica"}},{"type":"Feature","geometry":{"type":"Polygon","coordinates":[[[-2.64612,40.55769],[-2.64614,40.55761],[-2.646,40.55757],[-2.64597,40.55765],[-2.64612,40.55769]]]},"properties":{"dam_id":"way/228144257","osm_type":"way","osm_id":228144257,"country":"ES","name":null,"uso":"desconhecido"}},{"type":"Feature","geometry":{"type":"Polygon","coordinates":[[[-4.25278,38.06769],[-4.2521,38.06752],[-4.25079,38.06712],[-4.2501,38.06687],[-4.2493,38.0665],[-4.24821,38.06588],[-4.2473,38.06513],[-4.24704,38.06472],[-4.24714,38.06455],[-4.24744,38.0647],[-4.24767,38.06491],[-4.24829,38.06523],[-4.24903,38.06547],[-4.24989,38.06556],[-4.25075,38.06549],[-4.25186,38.06576],[-4.25219,38.06616],[-4.25214,38.06661],[-4.2523,38.06693],[-4.25261,38.06713],[-4.25278,38.06769]]]},"properties":{"dam_id":"way/228238226","osm_type":"way","osm_id":228238226,"country":"ES","name":null,"uso":"desconhecido"}},{"type":"Feature","geometry":{"type":"LineString","coordinates":[[-2.37701,40.47912],[-2.37643,40.47943]]},"properties":{"dam_id":"way/228486903","osm_type":"way","osm_id":228486903,"country":"ES","name":null,"uso":"hidroelétrica"}},{"type":"Feature","geometry":{"type":"LineString","coordinates":[[-7.97141,43.45182],[-7.97155,43.45185],[-7.97155,43.45191],[-7.97161,43.45187],[-7.97158,43.45179],[-7.97146,43.45178],[-7.97141,43.45182]]},"properties":{"dam_id":"way/228968981","osm_type":"way","osm_id":228968981,"country":"ES","name":null,"uso":"desconhecido"}},{"type":"Feature","geometry":{"type":"Polygon","coordinates":[[[-7.83092,43.45937],[-7.83032,43.45901],[-7.82949,43.45873],[-7.82888,43.45864],[-7.8279,43.45861],[-7.83092,43.45937]]]},"properties":{"dam_id":"way/229084403","osm_type":"way","osm_id":229084403,"country":"ES","name":null,"uso":"desconhecido"}},{"type":"Feature","geometry":{"type":"LineString","coordinates":[[0.61267,41.97796],[0.61262,41.97822],[0.61249,41.97847],[0.61231,41.97868],[0.61212,41.9788],[0.61188,41.9789],[0.6116,41.97898],[0.61132,41.979],[0.61087,41.97893]]},"properties":{"dam_id":"way/229709412","osm_type":"way","osm_id":229709412,"country":"ES","name":"Presa de Canelles","uso":"hidroelétrica"}},{"type":"Feature","geometry":{"type":"LineString","coordinates":[[-5.79632,36.7466],[-5.79613,36.74651]]},"properties":{"dam_id":"way/1207013514","osm_type":"way","osm_id":1207013514,"country":"ES","name":null,"uso":"desconhecido"}},{"type":"Feature","geometry":{"type":"LineString","coordinates":[[-5.8172,36.74409],[-5.81709,36.74402],[-5.81617,36.7441],[-5.81504,36.74415]]},"properties":{"dam_id":"way/230957951","osm_type":"way","osm_id":230957951,"country":"ES","name":null,"uso":"desconhecido"}},{"type":"Feature","geometry":{"type":"LineString","coordinates":[[-5.80084,36.74347],[-5.80056,36.74253],[-5.80027,36.74197]]},"properties":{"dam_id":"way/230957952","osm_type":"way","osm_id":230957952,"country":"ES","name":null,"uso":"desconhecido"}},{"type":"Feature","geometry":{"type":"Polygon","coordinates":[[[-7.20525,37.31273],[-7.20509,37.31298],[-7.20338,37.31473],[-7.20315,37.31489],[-7.20306,37.31484],[-7.20325,37.31454],[-7.20348,37.31406],[-7.20341,37.31393],[-7.2035,37.31372],[-7.20449,37.31319],[-7.2046,37.31311],[-7.20475,37.3129],[-7.20515,37.31267],[-7.20525,37.31273]]]},"properties":{"dam_id":"way/231623921","osm_type":"way","osm_id":231623921,"country":"ES","name":"Presa de los Machos","uso":"desconhecido"}},{"type":"Feature","geometry":{"type":"LineString","coordinates":[[2.30985,41.86871],[2.30989,41.86853]]},"properties":{"dam_id":"way/232036108","osm_type":"way","osm_id":232036108,"country":"ES","name":null,"uso":"desconhecido"}},{"type":"Feature","geometry":{"type":"LineString","coordinates":[[2.30428,41.86932],[2.30408,41.86919],[2.30391,41.86912]]},"properties":{"dam_id":"way/232036109","osm_type":"way","osm_id":232036109,"country":"ES","name":null,"uso":"desconhecido"}},{"type":"Feature","geometry":{"type":"LineString","coordinates":[[-0.18242,41.06325],[-0.1832,41.06188]]},"properties":{"dam_id":"way/232367059","osm_type":"way","osm_id":232367059,"country":"ES","name":null,"uso":"desconhecido"}},{"type":"Feature","geometry":{"type":"LineString","coordinates":[[2.06093,42.19463],[2.06073,42.19455]]},"properties":{"dam_id":"way/232413492","osm_type":"way","osm_id":232413492,"country":"ES","name":null,"uso":"desconhecido"}},{"type":"Feature","geometry":{"type":"LineString","coordinates":[[2.05565,41.68383],[2.05568,41.68353],[2.05596,41.68355],[2.05591,41.68419]]},"properties":{"dam_id":"way/233652632","osm_type":"way","osm_id":233652632,"country":"ES","name":null,"uso":"desconhecido"}},{"type":"Feature","geometry":{"type":"LineString","coordinates":[[1.79514,41.8586],[1.79511,41.8584],[1.7953,41.85839],[1.79542,41.85831],[1.79533,41.85807]]},"properties":{"dam_id":"way/233665988","osm_type":"way","osm_id":233665988,"country":"ES","name":null,"uso":"desconhecido"}},{"type":"Feature","geometry":{"type":"Polygon","coordinates":[[[-8.01185,43.17984],[-8.01193,43.17999],[-8.01211,43.17992],[-8.012,43.17977],[-8.01185,43.17984]]]},"properties":{"dam_id":"way/233845787","osm_type":"way","osm_id":233845787,"country":"ES","name":"Encoro da Castellana","uso":"desconhecido"}},{"type":"Feature","geometry":{"type":"LineString","coordinates":[[-0.73365,42.79405],[-0.73349,42.79394]]},"properties":{"dam_id":"way/234142886","osm_type":"way","osm_id":234142886,"country":"ES","name":null,"uso":"desconhecido"}},{"type":"Feature","geometry":{"type":"LineString","coordinates":[[-0.1893,38.72864],[-0.18911,38.7285]]},"properties":{"dam_id":"way/234274013","osm_type":"way","osm_id":234274013,"country":"ES","name":null,"uso":"desconhecido"}},{"type":"Feature","geometry":{"type":"Polygon","coordinates":[[[-4.51556,39.8433],[-4.51558,39.84341],[-4.51555,39.84347],[-4.51546,39.84352],[-4.51528,39.84352],[-4.51519,39.84345],[-4.51518,39.84335],[-4.51527,39.84325],[-4.51543,39.84323],[-4.51556,39.8433]]]},"properties":{"dam_id":"way/234571683","osm_type":"way","osm_id":234571683,"country":"ES","name":null,"uso":"desconhecido"}},{"type":"Feature","geometry":{"type":"LineString","coordinates":[[2.47837,42.32226],[2.47829,42.32216],[2.47831,42.32208]]},"properties":{"dam_id":"way/234859598","osm_type":"way","osm_id":234859598,"country":"ES","name":null,"uso":"desconhecido"}},{"type":"Feature","geometry":{"type":"LineString","coordinates":[[-0.61345,38.79873],[-0.61339,38.79852],[-0.61328,38.79842]]},"properties":{"dam_id":"way/234886985","osm_type":"way","osm_id":234886985,"country":"ES","name":null,"uso":"desconhecido"}},{"type":"Feature","geometry":{"type":"Polygon","coordinates":[[[-4.96175,36.53503],[-4.96228,36.5348],[-4.96222,36.53475],[-4.96197,36.53483],[-4.96176,36.53483],[-4.96177,36.53478],[-4.96151,36.53466],[-4.96141,36.53436],[-4.96136,36.53436],[-4.96145,36.53468],[-4.96141,36.53474],[-4.96068,36.53501],[-4.96067,36.53499],[-4.96036,36.53511],[-4.96033,36.5351],[-4.96035,36.53514],[-4.96,36.53532],[-4.95974,36.53583],[-4.95962,36.53588],[-4.95966,36.53596],[-4.95956,36.53603],[-4.95943,36.53605],[-4.95949,36.53612],[-4.95964,36.53608],[-4.96048,36.53556],[-4.96061,36.53549],[-4.96061,36.53556],[-4.96066,36.5355],[-4.96063,36.53549],[-4.9607,36.53546],[-4.96071,36.5355],[-4.96076,36.53545],[-4.96073,36.53544],[-4.9608,36.53541],[-4.96081,36.53545],[-4.96083,36.5354],[-4.9609,36.53537],[-4.96095,36.53542],[-4.96095,36.53537],[-4.9617,36.53505],[-4.96173,36.53506],[-4.96175,36.53503]]]},"properties":{"dam_id":"way/234982794","osm_type":"way","osm_id":234982794,"country":"ES","name":null,"uso":"desconhecido"}},{"type":"Feature","geometry":{"type":"LineString","coordinates":[[-3.441,43.29251],[-3.44072,43.29211]]},"properties":{"dam_id":"way/235011095","osm_type":"way","osm_id":235011095,"country":"ES","name":null,"uso":"desconhecido"}},{"type":"Feature","geometry":{"type":"Polygon","coordinates":[[[-6.43216,43.48888],[-6.4321,43.48857],[-6.43195,43.48859],[-6.43198,43.48887],[-6.43216,43.48888]]]},"properties":{"dam_id":"way/235877392","osm_type":"way","osm_id":235877392,"country":"ES","name":"Banzáu de Luisín","uso":"desconhecido"}},{"type":"Feature","geometry":{"type":"LineString","coordinates":[[-0.02218,38.81328],[-0.02239,38.8132]]},"properties":{"dam_id":"way/236145975","osm_type":"way","osm_id":236145975,"country":"ES","name":null,"uso":"desconhecido"}},{"type":"Feature","geometry":{"type":"LineString","coordinates":[[-3.57071,40.98596],[-3.57064,40.98619],[-3.57029,40.98628],[-3.56999,40.98628],[-3.56982,40.98625]]},"properties":{"dam_id":"way/237015941","osm_type":"way","osm_id":237015941,"country":"ES","name":null,"uso":"hidroelétrica"}},{"type":"Feature","geometry":{"type":"LineString","coordinates":[[-0.08015,38.75747],[-0.07985,38.75742]]},"properties":{"dam_id":"way/237257437","osm_type":"way","osm_id":237257437,"country":"ES","name":null,"uso":"desconhecido"}},{"type":"Feature","geometry":{"type":"Polygon","coordinates":[[[-5.6871,41.50196],[-5.68669,41.50198],[-5.68672,41.5023],[-5.68713,41.5023],[-5.6871,41.50196]]]},"properties":{"dam_id":"way/237740018","osm_type":"way","osm_id":237740018,"country":"ES","name":"Presa de Villaralbo","uso":"desconhecido"}},{"type":"Feature","geometry":{"type":"LineString","coordinates":[[-5.52281,36.22191],[-5.52434,36.22043],[-5.52436,36.22029]]},"properties":{"dam_id":"way/237819742","osm_type":"way","osm_id":237819742,"country":"ES","name":null,"uso":"desconhecido"}},{"type":"Feature","geometry":{"type":"LineString","coordinates":[[-1.42133,39.18812],[-1.42128,39.18785]]},"properties":{"dam_id":"way/237829318","osm_type":"way","osm_id":237829318,"country":"ES","name":null,"uso":"desconhecido"}},{"type":"Feature","geometry":{"type":"Polygon","coordinates":[[[-8.08154,43.25215],[-8.08151,43.25216],[-8.08119,43.25196],[-8.08114,43.25182],[-8.08116,43.25177],[-8.08124,43.25182],[-8.08137,43.25202],[-8.08155,43.25212],[-8.08157,43.25218],[-8.08154,43.25215]]]},"properties":{"dam_id":"way/238551860","osm_type":"way","osm_id":238551860,"country":"ES","name":null,"uso":"desconhecido"}},{"type":"Feature","geometry":{"type":"LineString","coordinates":[[-0.39321,38.72091],[-0.39304,38.72047]]},"properties":{"dam_id":"way/238818869","osm_type":"way","osm_id":238818869,"country":"ES","name":null,"uso":"desconhecido"}},{"type":"Feature","geometry":{"type":"LineString","coordinates":[[-6.26378,40.39051],[-6.26252,40.39058]]},"properties":{"dam_id":"way/239192616","osm_type":"way","osm_id":239192616,"country":"ES","name":null,"uso":"desconhecido"}},{"type":"Feature","geometry":{"type":"Polygon","coordinates":[[[-6.08701,41.49156],[-6.08728,41.49053],[-6.08721,41.4904],[-6.08704,41.49035],[-6.0869,41.49037],[-6.08682,41.49044],[-6.08666,41.49098],[-6.08588,41.49087],[-6.08593,41.49069],[-6.0859,41.4906],[-6.08571,41.49121],[-6.08504,41.49109],[-6.08427,41.49087],[-6.08412,41.49093],[-6.08409,41.49099],[-6.08433,41.49106],[-6.08436,41.49113],[-6.08434,41.49121],[-6.08439,41.4912],[-6.08442,41.49115],[-6.08466,41.49123],[-6.08463,41.49128],[-6.08466,41.49131],[-6.08472,41.4913],[-6.08474,41.49125],[-6.08498,41.49131],[-6.08496,41.49137],[-6.085,41.49139],[-6.08505,41.49139],[-6.08507,41.49133],[-6.08531,41.49138],[-6.0853,41.49143],[-6.08534,41.49146],[-6.08539,41.49145],[-6.08541,41.4914],[-6.08566,41.49143],[-6.08565,41.49149],[-6.08629,41.49157],[-6.08632,41.49146],[-6.08701,41.49156]]]},"properties":{"dam_id":"way/239482199","osm_type":"way","osm_id":239482199,"country":"ES","name":"Presa de Villalcampo","uso":"desconhecido"}},{"type":"Feature","geometry":{"type":"LineString","coordinates":[[-6.38014,40.35631],[-6.38028,40.35618],[-6.38082,40.35637]]},"properties":{"dam_id":"way/240374548","osm_type":"way","osm_id":240374548,"country":"ES","name":null,"uso":"desconhecido"}},{"type":"Feature","geometry":{"type":"Polygon","coordinates":[[[-6.33801,40.43873],[-6.33738,40.43899],[-6.33735,40.439],[-6.33757,40.43904],[-6.33789,40.43893],[-6.33801,40.43873]]]},"properties":{"dam_id":"way/240625430","osm_type":"way","osm_id":240625430,"country":"ES","name":"Presa de Majarobledo","uso":"desconhecido"}},{"type":"Feature","geometry":{"type":"LineString","coordinates":[[-6.30277,40.34545],[-6.30276,40.34533],[-6.30308,40.34491],[-6.30335,40.34485]]},"properties":{"dam_id":"way/241621044","osm_type":"way","osm_id":241621044,"country":"ES","name":null,"uso":"desconhecido"}},{"type":"Feature","geometry":{"type":"Polygon","coordinates":[[[-4.10494,40.95014],[-4.10494,40.95017],[-4.10487,40.95018],[-4.10468,40.95046],[-4.10465,40.95044],[-4.10483,40.95017],[-4.10494,40.95014]]]},"properties":{"dam_id":"way/242419113","osm_type":"way","osm_id":242419113,"country":"ES","name":"Presa de los Batanes","uso":"desconhecido"}},{"type":"Feature","geometry":{"type":"LineString","coordinates":[[-4.09681,40.94758],[-4.09708,40.94757],[-4.09706,40.94752],[-4.09715,40.94747],[-4.09718,40.9475],[-4.09725,40.94748],[-4.09721,40.94707]]},"properties":{"dam_id":"way/242419114","osm_type":"way","osm_id":242419114,"country":"ES","name":"Azud de la Confianza","uso":"desconhecido"}},{"type":"Feature","geometry":{"type":"LineString","coordinates":[[-6.3315,40.29849],[-6.33171,40.29847],[-6.33154,40.29888]]},"properties":{"dam_id":"way/242947475","osm_type":"way","osm_id":242947475,"country":"ES","name":null,"uso":"desconhecido"}},{"type":"Feature","geometry":{"type":"LineString","coordinates":[[-6.41511,40.2885],[-6.41489,40.2885],[-6.41495,40.28859],[-6.41497,40.28877]]},"properties":{"dam_id":"way/242947476","osm_type":"way","osm_id":242947476,"country":"ES","name":null,"uso":"desconhecido"}},{"type":"Feature","geometry":{"type":"LineString","coordinates":[[-6.35921,40.30061],[-6.35896,40.30042],[-6.35927,40.30022]]},"properties":{"dam_id":"way/242947477","osm_type":"way","osm_id":242947477,"country":"ES","name":null,"uso":"desconhecido"}},{"type":"Feature","geometry":{"type":"LineString","coordinates":[[2.4704,41.76761],[2.47041,41.7679],[2.47048,41.76819],[2.4706,41.76839],[2.47102,41.76875],[2.47144,41.76892]]},"properties":{"dam_id":"way/243096657","osm_type":"way","osm_id":243096657,"country":"ES","name":null,"uso":"hidroelétrica"}},{"type":"Feature","geometry":{"type":"Polygon","coordinates":[[[0.29286,42.11446],[0.29305,42.11429],[0.293,42.11423],[0.29282,42.11438],[0.29286,42.11446]]]},"properties":{"dam_id":"way/243195779","osm_type":"way","osm_id":243195779,"country":"ES","name":null,"uso":"hidroelétrica"}},{"type":"Feature","geometry":{"type":"LineString","coordinates":[[1.15291,41.64457],[1.15288,41.64448],[1.15278,41.64437]]},"properties":{"dam_id":"way/243538082","osm_type":"way","osm_id":243538082,"country":"ES","name":null,"uso":"desconhecido"}},{"type":"Feature","geometry":{"type":"LineString","coordinates":[[-4.06755,40.63361],[-4.06775,40.63313]]},"properties":{"dam_id":"way/243630984","osm_type":"way","osm_id":243630984,"country":"ES","name":null,"uso":"desconhecido"}},{"type":"Feature","geometry":{"type":"Polygon","coordinates":[[[-4.22952,37.6374],[-4.2295,37.6373],[-4.22928,37.63736],[-4.22924,37.63711],[-4.22932,37.6369],[-4.2281,37.6372],[-4.22827,37.63743],[-4.22776,37.63769],[-4.22726,37.638],[-4.22694,37.63823],[-4.22615,37.63892],[-4.22571,37.63949],[-4.22518,37.64044],[-4.22535,37.64048],[-4.22725,37.64035],[-4.22814,37.63927],[-4.22887,37.63897],[-4.22889,37.63865],[-4.22859,37.63812],[-4.2287,37.63765],[-4.22952,37.6374]]]},"properties":{"dam_id":"way/244298404","osm_type":"way","osm_id":244298404,"country":"ES","name":null,"uso":"desconhecido"}},{"type":"Feature","geometry":{"type":"Polygon","coordinates":[[[-5.74407,36.37927],[-5.74392,36.37973],[-5.74319,36.38033],[-5.74272,36.38033],[-5.7409,36.36869],[-5.741,36.36853],[-5.74141,36.36868],[-5.74158,36.36928],[-5.74263,36.37],[-5.74407,36.37927]]]},"properties":{"dam_id":"way/251368359","osm_type":"way","osm_id":251368359,"country":"ES","name":"Presa de Barbate","uso":"desconhecido"}},{"type":"Feature","geometry":{"type":"LineString","coordinates":[[-5.73832,36.36037],[-5.73827,36.36249]]},"properties":{"dam_id":"way/244808573","osm_type":"way","osm_id":244808573,"country":"ES","name":null,"uso":"desconhecido"}},{"type":"Feature","geometry":{"type":"Polygon","coordinates":[[[-3.72328,37.39985],[-3.72344,37.39984],[-3.72347,37.39964],[-3.72328,37.39946],[-3.72298,37.39908],[-3.72275,37.39892],[-3.72269,37.39848],[-3.72193,37.39823],[-3.72173,37.39842],[-3.72132,37.39845],[-3.7209,37.39842],[-3.72008,37.39854],[-3.71989,37.39849],[-3.71966,37.39878],[-3.72328,37.39985]]]},"properties":{"dam_id":"way/244917410","osm_type":"way","osm_id":244917410,"country":"ES","name":"Presa de Colomera","uso":"desconhecido"}},{"type":"Feature","geometry":{"type":"Polygon","coordinates":[[[-4.38798,37.27677],[-4.38711,37.27634],[-4.38663,37.27599],[-4.38514,37.27443],[-4.38528,37.27432],[-4.38583,37.2741],[-4.3859,37.2741],[-4.38608,37.27419],[-4.38615,37.27425],[-4.3862,37.27449],[-4.38625,37.27455],[-4.38665,37.27478],[-4.38661,37.2748],[-4.38681,37.27501],[-4.38669,37.27509],[-4.38696,37.27536],[-4.38707,37.27528],[-4.38752,37.27568],[-4.38807,37.27599],[-4.38789,37.27632],[-4.38794,37.27647],[-4.38808,37.27669],[-4.38798,37.27677]]]},"properties":{"dam_id":"way/244919145","osm_type":"way","osm_id":244919145,"country":"ES","name":"Presa de Iznájar","uso":"desconhecido"}},{"type":"Feature","geometry":{"type":"Polygon","coordinates":[[[-1.8652,38.50909],[-1.86528,38.50906],[-1.86526,38.50884],[-1.86512,38.50869],[-1.86495,38.50862],[-1.8648,38.50858],[-1.86451,38.50855],[-1.86419,38.50858],[-1.86384,38.5087],[-1.86383,38.50864],[-1.86378,38.50862],[-1.8637,38.50865],[-1.86377,38.50879],[-1.86389,38.50884],[-1.86392,38.50881],[-1.86389,38.50876],[-1.86434,38.50862],[-1.8647,38.50862],[-1.86486,38.50865],[-1.86511,38.50876],[-1.86517,38.50882],[-1.8652,38.50909]]]},"properties":{"dam_id":"way/244921742","osm_type":"way","osm_id":244921742,"country":"ES","name":null,"uso":"desconhecido"}},{"type":"Feature","geometry":{"type":"Polygon","coordinates":[[[-1.77606,38.36642],[-1.77609,38.36465],[-1.77636,38.36454],[-1.77631,38.36444],[-1.77584,38.36443],[-1.77583,38.36454],[-1.77563,38.36503],[-1.77535,38.36537],[-1.77535,38.36574],[-1.77566,38.36614],[-1.77582,38.36643],[-1.77606,38.36642]]]},"properties":{"dam_id":"way/244922062","osm_type":"way","osm_id":244922062,"country":"ES","name":"Presa del Cenajo","uso":"hidroelétrica"}},{"type":"Feature","geometry":{"type":"Polygon","coordinates":[[[-2.95497,37.5618],[-2.95512,37.56174],[-2.9554,37.5613],[-2.95493,37.56035],[-2.95482,37.56022],[-2.95441,37.55954],[-2.9541,37.5589],[-2.95342,37.55826],[-2.9534,37.55805],[-2.95321,37.55807],[-2.95493,37.5616],[-2.95497,37.5618]]]},"properties":{"dam_id":"way/244922188","osm_type":"way","osm_id":244922188,"country":"ES","name":null,"uso":"desconhecido"}},{"type":"Feature","geometry":{"type":"Polygon","coordinates":[[[-5.24446,37.12933],[-5.24416,37.12957],[-5.24403,37.12986],[-5.24352,37.13008],[-5.24338,37.13006],[-5.24301,37.13019],[-5.2425,37.13017],[-5.24231,37.13025],[-5.24226,37.13016],[-5.24339,37.12971],[-5.24439,37.12926],[-5.24446,37.12933]]]},"properties":{"dam_id":"way/244922677","osm_type":"way","osm_id":244922677,"country":"ES","name":null,"uso":"desconhecido"}},{"type":"Feature","geometry":{"type":"Polygon","coordinates":[[[-3.72988,37.63283],[-3.72991,37.63274],[-3.72947,37.63269],[-3.72912,37.63271],[-3.72893,37.63275],[-3.72883,37.6328],[-3.72882,37.63278],[-3.7285,37.63295],[-3.72837,37.63306],[-3.72818,37.63331],[-3.72807,37.63356],[-3.7282,37.63358],[-3.72817,37.63364],[-3.72812,37.63364],[-3.72814,37.63385],[-3.72805,37.6339],[-3.72774,37.63359],[-3.72778,37.63357],[-3.72785,37.63363],[-3.72801,37.63356],[-3.72813,37.63329],[-3.72831,37.63305],[-3.7285,37.63289],[-3.72849,37.63286],[-3.72853,37.63287],[-3.72859,37.63283],[-3.72859,37.6328],[-3.72863,37.63281],[-3.72869,37.63278],[-3.72869,37.63275],[-3.72873,37.63277],[-3.72879,37.63274],[-3.7288,37.6327],[-3.72883,37.63273],[-3.7289,37.63271],[-3.72891,37.63267],[-3.72894,37.63269],[-3.72923,37.63264],[-3.72968,37.63265],[-3.73,37.63271],[-3.73025,37.63286],[-3.7302,37.63292],[-3.72997,37.6328],[-3.72995,37.63284],[-3.72988,37.63283]]]},"properties":{"dam_id":"way/244941923","osm_type":"way","osm_id":244941923,"country":"ES","name":"Presa del Quiebrajano","uso":"desconhecido"}},{"type":"Feature","geometry":{"type":"Polygon","coordinates":[[[-4.67486,38.04226],[-4.67489,38.04217],[-4.67438,38.04213],[-4.67441,38.04207],[-4.6743,38.04205],[-4.67428,38.04208],[-4.67384,38.042],[-4.67293,38.04173],[-4.67177,38.04124],[-4.67181,38.0412],[-4.67134,38.04094],[-4.67124,38.04105],[-4.6714,38.04118],[-4.67179,38.04136],[-4.67206,38.04156],[-4.67281,38.04187],[-4.67379,38.04213],[-4.67486,38.04226]]]},"properties":{"dam_id":"way/244944215","osm_type":"way","osm_id":244944215,"country":"ES","name":"Presa del Guadalmellato","uso":"hidroelétrica"}},{"type":"Feature","geometry":{"type":"Polygon","coordinates":[[[-4.01255,37.63957],[-4.01206,37.63945],[-4.0119,37.63935],[-4.01171,37.63915],[-4.01163,37.63895],[-4.01162,37.63873],[-4.01167,37.63853],[-4.0118,37.63832],[-4.01187,37.63835],[-4.01174,37.6386],[-4.01172,37.63877],[-4.01181,37.639],[-4.01187,37.63905],[-4.01193,37.63905],[-4.01203,37.63918],[-4.012,37.63924],[-4.01207,37.6393],[-4.01258,37.63953],[-4.01255,37.63957]]]},"properties":{"dam_id":"way/244944944","osm_type":"way","osm_id":244944944,"country":"ES","name":null,"uso":"desconhecido"}},{"type":"Feature","geometry":{"type":"Polygon","coordinates":[[[-5.21217,37.90177],[-5.21119,37.90182],[-5.21118,37.90186],[-5.21061,37.90187],[-5.21023,37.90181],[-5.21023,37.90177],[-5.20957,37.90164],[-5.20906,37.9015],[-5.20908,37.90142],[-5.20991,37.90138],[-5.21033,37.90126],[-5.21043,37.90126],[-5.21045,37.90121],[-5.21105,37.90124],[-5.21193,37.9016],[-5.21215,37.90167],[-5.21217,37.90177]]]},"properties":{"dam_id":"way/244948560","osm_type":"way","osm_id":244948560,"country":"ES","name":null,"uso":"desconhecido"}},{"type":"Feature","geometry":{"type":"Polygon","coordinates":[[[-5.34997,37.84095],[-5.34991,37.84089],[-5.34978,37.84099],[-5.34943,37.84109],[-5.34912,37.8413],[-5.34879,37.84172],[-5.34865,37.84184],[-5.34873,37.84189],[-5.34922,37.8415],[-5.34927,37.84154],[-5.34962,37.84127],[-5.34959,37.84123],[-5.34997,37.84095]]]},"properties":{"dam_id":"way/245036750","osm_type":"way","osm_id":245036750,"country":"ES","name":"Presa Embalse del Retortillo","uso":"desconhecido"}},{"type":"Feature","geometry":{"type":"Polygon","coordinates":[[[-5.31062,37.74543],[-5.31055,37.74511],[-5.31042,37.74513],[-5.31038,37.74503],[-5.30962,37.74512],[-5.30906,37.74527],[-5.30909,37.74536],[-5.3096,37.7453],[-5.30962,37.74537],[-5.31014,37.74531],[-5.31013,37.74524],[-5.31043,37.7452],[-5.31046,37.74545],[-5.31062,37.74543]]]},"properties":{"dam_id":"way/245040372","osm_type":"way","osm_id":245040372,"country":"ES","name":"Presa Derivación Retortillo","uso":"desconhecido"}},{"type":"Feature","geometry":{"type":"Polygon","coordinates":[[[-5.22206,38.25963],[-5.22171,38.25929],[-5.22238,38.25808],[-5.22193,38.25793],[-5.22223,38.25742],[-5.22274,38.25757],[-5.22396,38.25558],[-5.22422,38.25568],[-5.22311,38.25764],[-5.22317,38.25767],[-5.22287,38.25824],[-5.22281,38.25823],[-5.22206,38.25963]]]},"properties":{"dam_id":"way/245045834","osm_type":"way","osm_id":245045834,"country":"ES","name":null,"uso":"desconhecido"}},{"type":"Feature","geometry":{"type":"Polygon","coordinates":[[[-5.04779,37.82855],[-5.04264,37.82629],[-5.04105,37.82551],[-5.04108,37.82543],[-5.04359,37.82661],[-5.04484,37.82522],[-5.04519,37.82543],[-5.04534,37.82567],[-5.04528,37.82686],[-5.04655,37.82746],[-5.04685,37.82768],[-5.04719,37.82782],[-5.0473,37.82805],[-5.04766,37.82831],[-5.0479,37.82837],[-5.04779,37.82855]]]},"properties":{"dam_id":"way/245050659","osm_type":"way","osm_id":245050659,"country":"ES","name":null,"uso":"desconhecido"}},{"type":"Feature","geometry":{"type":"LineString","coordinates":[[-5.33417,38.28734],[-5.3339,38.28711],[-5.3337,38.287],[-5.33336,38.28689],[-5.3329,38.2868]]},"properties":{"dam_id":"way/245095515","osm_type":"way","osm_id":245095515,"country":"ES","name":null,"uso":"desconhecido"}},{"type":"Feature","geometry":{"type":"LineString","coordinates":[[-4.06072,39.66056],[-4.05868,39.66013],[-4.05784,39.65988]]},"properties":{"dam_id":"way/245376455","osm_type":"way","osm_id":245376455,"country":"ES","name":"Presa romana de Alcantarilla","uso":"desconhecido"}},{"type":"Feature","geometry":{"type":"Polygon","coordinates":[[[-2.20903,38.39137],[-2.20877,38.39138],[-2.20874,38.39162],[-2.20853,38.39164],[-2.20839,38.39176],[-2.20823,38.39183],[-2.20807,38.39185],[-2.20802,38.39177],[-2.20791,38.39179],[-2.20795,38.39186],[-2.20786,38.39189],[-2.20754,38.39187],[-2.20686,38.39195],[-2.20674,38.39202],[-2.20668,38.39192],[-2.20717,38.39159],[-2.20752,38.39142],[-2.20789,38.39132],[-2.20834,38.39126],[-2.20869,38.39126],[-2.20891,38.39122],[-2.20902,38.39128],[-2.20903,38.39137]]]},"properties":{"dam_id":"way/246158583","osm_type":"way","osm_id":246158583,"country":"ES","name":null,"uso":"desconhecido"}},{"type":"Feature","geometry":{"type":"Polygon","coordinates":[[[-2.26104,38.19286],[-2.26158,38.19223],[-2.26201,38.19192],[-2.26245,38.19167],[-2.26347,38.19133],[-2.26378,38.1916],[-2.26343,38.19194],[-2.26339,38.19225],[-2.26257,38.19284],[-2.26163,38.19303],[-2.26121,38.19322],[-2.26104,38.19286]]]},"properties":{"dam_id":"way/246226622","osm_type":"way","osm_id":246226622,"country":"ES","name":"Presa del Taibilla","uso":"desconhecido"}},{"type":"Feature","geometry":{"type":"LineString","coordinates":[[-8.62963,42.35038],[-8.63344,42.34968],[-8.63368,42.34961]]},"properties":{"dam_id":"way/246789862","osm_type":"way","osm_id":246789862,"country":"ES","name":"As Salinas do Ulló","uso":"desconhecido"}},{"type":"Feature","geometry":{"type":"Polygon","coordinates":[[[-4.49194,37.97534],[-4.49215,37.97393],[-4.492,37.97392],[-4.49182,37.97534],[-4.49194,37.97534]]]},"properties":{"dam_id":"way/246833375","osm_type":"way","osm_id":246833375,"country":"ES","name":null,"uso":"desconhecido"}},{"type":"Feature","geometry":{"type":"LineString","coordinates":[[-0.18675,38.76052],[-0.18684,38.76035]]},"properties":{"dam_id":"way/247484957","osm_type":"way","osm_id":247484957,"country":"ES","name":null,"uso":"desconhecido"}},{"type":"Feature","geometry":{"type":"Polygon","coordinates":[[[-5.7959,36.75165],[-5.79583,36.75169],[-5.79561,36.75147],[-5.79553,36.75152],[-5.7955,36.7515],[-5.79554,36.75147],[-5.79545,36.75137],[-5.79536,36.75136],[-5.79538,36.7513],[-5.7953,36.75122],[-5.79523,36.75123],[-5.79529,36.75117],[-5.79522,36.75111],[-5.79531,36.75106],[-5.7959,36.75165]]]},"properties":{"dam_id":"way/247648587","osm_type":"way","osm_id":247648587,"country":"ES","name":"Presa de Arcos","uso":"desconhecido"}},{"type":"Feature","geometry":{"type":"LineString","coordinates":[[-4.15886,40.63516],[-4.15979,40.63585]]},"properties":{"dam_id":"way/248010877","osm_type":"way","osm_id":248010877,"country":"ES","name":null,"uso":"desconhecido"}},{"type":"Feature","geometry":{"type":"LineString","coordinates":[[-4.18132,40.60654],[-4.18163,40.60615],[-4.18164,40.60578]]},"properties":{"dam_id":"way/248010878","osm_type":"way","osm_id":248010878,"country":"ES","name":null,"uso":"desconhecido"}},{"type":"Feature","geometry":{"type":"LineString","coordinates":[[-4.13391,40.64452],[-4.13374,40.64451],[-4.13377,40.64435]]},"properties":{"dam_id":"way/248010879","osm_type":"way","osm_id":248010879,"country":"ES","name":null,"uso":"desconhecido"}},{"type":"Feature","geometry":{"type":"LineString","coordinates":[[-4.0594,40.59581],[-4.05927,40.59585],[-4.05918,40.59592],[-4.05908,40.59613]]},"properties":{"dam_id":"way/248010881","osm_type":"way","osm_id":248010881,"country":"ES","name":null,"uso":"desconhecido"}},{"type":"Feature","geometry":{"type":"LineString","coordinates":[[0.98004,42.6984],[0.97983,42.69792]]},"properties":{"dam_id":"way/248080218","osm_type":"way","osm_id":248080218,"country":"ES","name":null,"uso":"desconhecido"}},{"type":"Feature","geometry":{"type":"Polygon","coordinates":[[[-4.16155,40.58679],[-4.16119,40.587],[-4.16121,40.58701],[-4.16155,40.58679]]]},"properties":{"dam_id":"way/248826438","osm_type":"way","osm_id":248826438,"country":"ES","name":"Presa del Infante","uso":"desconhecido"}},{"type":"Feature","geometry":{"type":"LineString","coordinates":[[-4.13684,40.6022],[-4.13665,40.60239]]},"properties":{"dam_id":"way/248826445","osm_type":"way","osm_id":248826445,"country":"ES","name":null,"uso":"desconhecido"}},{"type":"Feature","geometry":{"type":"LineString","coordinates":[[-4.10625,40.67722],[-4.10568,40.67688],[-4.10531,40.67713],[-4.10541,40.67757]]},"properties":{"dam_id":"way/248826449","osm_type":"way","osm_id":248826449,"country":"ES","name":null,"uso":"desconhecido"}},{"type":"Feature","geometry":{"type":"Polygon","coordinates":[[[-5.00912,38.54323],[-5.00921,38.54325],[-5.00931,38.54305],[-5.00976,38.54276],[-5.00996,38.54285],[-5.01031,38.54265],[-5.01017,38.54243],[-5.01025,38.54233],[-5.01089,38.54216],[-5.01142,38.54219],[-5.01144,38.54213],[-5.01091,38.54209],[-5.01064,38.5421],[-5.0102,38.5422],[-5.00998,38.54228],[-5.00966,38.54247],[-5.0094,38.5427],[-5.00925,38.5429],[-5.00912,38.54323]]]},"properties":{"dam_id":"way/250089374","osm_type":"way","osm_id":250089374,"country":"ES","name":null,"uso":"desconhecido"}},{"type":"Feature","geometry":{"type":"Polygon","coordinates":[[[-2.53195,38.20536],[-2.53174,38.20456],[-2.53147,38.20371],[-2.53134,38.20391],[-2.53134,38.20417],[-2.53149,38.20478],[-2.53167,38.20516],[-2.53189,38.20537],[-2.53195,38.20536]]]},"properties":{"dam_id":"way/250646094","osm_type":"way","osm_id":250646094,"country":"ES","name":null,"uso":"desconhecido"}},{"type":"Feature","geometry":{"type":"Polygon","coordinates":[[[-5.96416,43.36769],[-5.96423,43.36771],[-5.96429,43.36755],[-5.96451,43.3676],[-5.96469,43.36713],[-5.9644,43.36707],[-5.96438,43.36711],[-5.96453,43.36714],[-5.96438,43.36754],[-5.96422,43.36751],[-5.96416,43.36769]]]},"properties":{"dam_id":"way/251026769","osm_type":"way","osm_id":251026769,"country":"ES","name":null,"uso":"hidroelétrica"}},{"type":"Feature","geometry":{"type":"Polygon","coordinates":[[[-5.47993,38.91766],[-5.47708,38.91609],[-5.47715,38.91587],[-5.47796,38.91609],[-5.4796,38.917],[-5.47982,38.91717],[-5.47997,38.91743],[-5.48016,38.91751],[-5.48018,38.9177],[-5.47993,38.91766]]]},"properties":{"dam_id":"way/251197901","osm_type":"way","osm_id":251197901,"country":"ES","name":"Presa del Zujar","uso":"desconhecido"}},{"type":"Feature","geometry":{"type":"Polygon","coordinates":[[[-3.97019,43.33295],[-3.97008,43.33343],[-3.97037,43.33342],[-3.97049,43.33298],[-3.97019,43.33295]]]},"properties":{"dam_id":"way/251916302","osm_type":"way","osm_id":251916302,"country":"ES","name":null,"uso":"desconhecido"}},{"type":"Feature","geometry":{"type":"Polygon","coordinates":[[[2.12029,41.55088],[2.12052,41.55079],[2.12052,41.55081],[2.12029,41.55088]]]},"properties":{"dam_id":"way/252630650","osm_type":"way","osm_id":252630650,"country":"ES","name":null,"uso":"desconhecido"}},{"type":"Feature","geometry":{"type":"LineString","coordinates":[[-1.38171,42.76805],[-1.38176,42.76847]]},"properties":{"dam_id":"way/252647719","osm_type":"way","osm_id":252647719,"country":"ES","name":null,"uso":"desconhecido"}},{"type":"Feature","geometry":{"type":"LineString","coordinates":[[-2.61134,42.08691],[-2.6105,42.0885],[-2.60793,42.09029]]},"properties":{"dam_id":"way/253097674","osm_type":"way","osm_id":253097674,"country":"ES","name":"Presa de Pajares","uso":"desconhecido"}},{"type":"Feature","geometry":{"type":"Polygon","coordinates":[[[-5.33461,38.2943],[-5.33449,38.29412],[-5.33426,38.29392],[-5.33401,38.2938],[-5.33379,38.29374],[-5.33381,38.2938],[-5.33412,38.29394],[-5.33453,38.29428],[-5.33461,38.2943]]]},"properties":{"dam_id":"way/253207215","osm_type":"way","osm_id":253207215,"country":"ES","name":null,"uso":"desconhecido"}},{"type":"Feature","geometry":{"type":"LineString","coordinates":[[-3.87552,43.31732],[-3.87616,43.31754]]},"properties":{"dam_id":"way/253683331","osm_type":"way","osm_id":253683331,"country":"ES","name":null,"uso":"desconhecido"}},{"type":"Feature","geometry":{"type":"LineString","coordinates":[[-1.60679,42.89053],[-1.60655,42.89058]]},"properties":{"dam_id":"way/253974380","osm_type":"way","osm_id":253974380,"country":"ES","name":null,"uso":"desconhecido"}},{"type":"Feature","geometry":{"type":"Polygon","coordinates":[[[-5.72144,38.15764],[-5.7214,38.15744],[-5.72143,38.1572],[-5.72136,38.15707],[-5.72121,38.15698],[-5.72112,38.15679],[-5.72109,38.1568],[-5.72117,38.15701],[-5.72136,38.15712],[-5.7214,38.15721],[-5.7214,38.15735],[-5.72133,38.15745],[-5.72141,38.15764],[-5.72144,38.15764]]]},"properties":{"dam_id":"way/254185428","osm_type":"way","osm_id":254185428,"country":"ES","name":null,"uso":"desconhecido"}},{"type":"Feature","geometry":{"type":"Polygon","coordinates":[[[-5.65966,38.18698],[-5.65981,38.18662],[-5.65984,38.18642],[-5.65978,38.18641],[-5.65973,38.18663],[-5.65959,38.18696],[-5.65966,38.18698]]]},"properties":{"dam_id":"way/254249177","osm_type":"way","osm_id":254249177,"country":"ES","name":null,"uso":"desconhecido"}},{"type":"Feature","geometry":{"type":"LineString","coordinates":[[1.87513,41.85179],[1.87498,41.852],[1.87498,41.85216],[1.87503,41.85228]]},"properties":{"dam_id":"way/254861167","osm_type":"way","osm_id":254861167,"country":"ES","name":"Resclosa de Vilafruns","uso":"desconhecido"}},{"type":"Feature","geometry":{"type":"Polygon","coordinates":[[[-0.50003,42.6357],[-0.50006,42.63567],[-0.49979,42.63554],[-0.49949,42.63541],[-0.49947,42.63543],[-0.50003,42.6357]]]},"properties":{"dam_id":"way/256182798","osm_type":"way","osm_id":256182798,"country":"ES","name":null,"uso":"desconhecido"}},{"type":"Feature","geometry":{"type":"Polygon","coordinates":[[[-3.31375,37.9257],[-3.31378,37.92564],[-3.31389,37.92567],[-3.31383,37.92557],[-3.31312,37.92532],[-3.31308,37.92539],[-3.31319,37.92543],[-3.31315,37.92549],[-3.3132,37.92551],[-3.31324,37.92545],[-3.31337,37.9255],[-3.31334,37.92556],[-3.31339,37.92557],[-3.31342,37.92551],[-3.31354,37.92555],[-3.31351,37.92561],[-3.31356,37.92563],[-3.31359,37.92557],[-3.31374,37.92562],[-3.3137,37.92568],[-3.31375,37.9257]]]},"properties":{"dam_id":"way/256212676","osm_type":"way","osm_id":256212676,"country":"ES","name":"Presa de Doña Aldonza","uso":"desconhecido"}},{"type":"Feature","geometry":{"type":"LineString","coordinates":[[-1.27803,38.31892],[-1.27785,38.31881],[-1.27769,38.31855],[-1.27776,38.31849],[-1.27786,38.31849],[-1.27798,38.31843]]},"properties":{"dam_id":"way/256366959","osm_type":"way","osm_id":256366959,"country":"ES","name":"Presa de Román","uso":"desconhecido"}},{"type":"Feature","geometry":{"type":"Polygon","coordinates":[[[-4.13489,38.53688],[-4.13498,38.53682],[-4.13361,38.53575],[-4.13355,38.53588],[-4.13489,38.53688]]]},"properties":{"dam_id":"way/256591105","osm_type":"way","osm_id":256591105,"country":"ES","name":null,"uso":"desconhecido"}},{"type":"Feature","geometry":{"type":"Polygon","coordinates":[[[-4.10158,38.52509],[-4.10166,38.52496],[-4.10158,38.52485],[-4.10121,38.52503],[-4.10066,38.52511],[-4.10002,38.52505],[-4.09961,38.52498],[-4.09902,38.52468],[-4.09883,38.52451],[-4.09878,38.52454],[-4.09886,38.52463],[-4.09895,38.52482],[-4.09926,38.52507],[-4.09962,38.52526],[-4.10004,38.52537],[-4.10042,38.52541],[-4.10088,38.52536],[-4.10131,38.52523],[-4.10158,38.52509]]]},"properties":{"dam_id":"way/256592131","osm_type":"way","osm_id":256592131,"country":"ES","name":null,"uso":"desconhecido"}},{"type":"Feature","geometry":{"type":"LineString","coordinates":[[-2.9711,36.94176],[-2.97114,36.94199]]},"properties":{"dam_id":"way/256618582","osm_type":"way","osm_id":256618582,"country":"ES","name":null,"uso":"desconhecido"}},{"type":"Feature","geometry":{"type":"Polygon","coordinates":[[[-3.68081,38.61673],[-3.68098,38.61674],[-3.68133,38.61593],[-3.68121,38.6159],[-3.68081,38.61673]]]},"properties":{"dam_id":"way/256622257","osm_type":"way","osm_id":256622257,"country":"ES","name":null,"uso":"desconhecido"}},{"type":"Feature","geometry":{"type":"Polygon","coordinates":[[[-3.63056,38.55881],[-3.63029,38.55865],[-3.62996,38.55856],[-3.62976,38.5586],[-3.629,38.55883],[-3.62885,38.55899],[-3.62871,38.55927],[-3.62865,38.55922],[-3.62874,38.55902],[-3.62894,38.55878],[-3.6291,38.55866],[-3.62943,38.55851],[-3.62974,38.55847],[-3.63016,38.55854],[-3.63045,38.55869],[-3.63048,38.55866],[-3.63056,38.55871],[-3.63064,38.55879],[-3.63056,38.55881]]]},"properties":{"dam_id":"way/256906458","osm_type":"way","osm_id":256906458,"country":"ES","name":null,"uso":"desconhecido"}},{"type":"Feature","geometry":{"type":"Polygon","coordinates":[[[-4.09988,38.07138],[-4.09894,38.07201],[-4.09892,38.07195],[-4.09927,38.07173],[-4.09925,38.0717],[-4.09953,38.07151],[-4.09957,38.07153],[-4.09981,38.07134],[-4.09988,38.07138]]]},"properties":{"dam_id":"way/257027237","osm_type":"way","osm_id":257027237,"country":"ES","name":"Azud La Ropera","uso":"desconhecido"}},{"type":"Feature","geometry":{"type":"Polygon","coordinates":[[[-5.64585,36.87293],[-5.64503,36.87256],[-5.64501,36.87258],[-5.64585,36.87293]]]},"properties":{"dam_id":"way/257227112","osm_type":"way","osm_id":257227112,"country":"ES","name":"Azud de Villamartín","uso":"desconhecido"}},{"type":"Feature","geometry":{"type":"LineString","coordinates":[[-0.11413,38.74147],[-0.11396,38.74125]]},"properties":{"dam_id":"way/258430394","osm_type":"way","osm_id":258430394,"country":"ES","name":null,"uso":"desconhecido"}},{"type":"Feature","geometry":{"type":"LineString","coordinates":[[1.71346,41.89234],[1.7136,41.89234],[1.71382,41.89239],[1.71401,41.89248],[1.71417,41.8926]]},"properties":{"dam_id":"way/258614067","osm_type":"way","osm_id":258614067,"country":"ES","name":"Presa de Malagarriga","uso":"desconhecido"}},{"type":"Feature","geometry":{"type":"LineString","coordinates":[[-0.10388,38.78624],[-0.10398,38.78602]]},"properties":{"dam_id":"way/258857413","osm_type":"way","osm_id":258857413,"country":"ES","name":"Assut d'Isbert","uso":"desconhecido"}},{"type":"Feature","geometry":{"type":"LineString","coordinates":[[-2.61167,36.91378],[-2.61182,36.91371]]},"properties":{"dam_id":"way/259087714","osm_type":"way","osm_id":259087714,"country":"ES","name":null,"uso":"desconhecido"}},{"type":"Feature","geometry":{"type":"LineString","coordinates":[[-2.60281,36.91523],[-2.60263,36.91516]]},"properties":{"dam_id":"way/259095764","osm_type":"way","osm_id":259095764,"country":"ES","name":null,"uso":"desconhecido"}},{"type":"Feature","geometry":{"type":"LineString","coordinates":[[-2.59686,36.92022],[-2.59704,36.92012]]},"properties":{"dam_id":"way/259095766","osm_type":"way","osm_id":259095766,"country":"ES","name":null,"uso":"desconhecido"}},{"type":"Feature","geometry":{"type":"LineString","coordinates":[[-2.60705,36.93619],[-2.60701,36.93593]]},"properties":{"dam_id":"way/259097778","osm_type":"way","osm_id":259097778,"country":"ES","name":null,"uso":"desconhecido"}},{"type":"Feature","geometry":{"type":"LineString","coordinates":[[-2.59789,36.94517],[-2.5979,36.94526]]},"properties":{"dam_id":"way/259100639","osm_type":"way","osm_id":259100639,"country":"ES","name":null,"uso":"desconhecido"}},{"type":"Feature","geometry":{"type":"LineString","coordinates":[[-1.15517,42.21317],[-1.15137,42.21154]]},"properties":{"dam_id":"way/259223522","osm_type":"way","osm_id":259223522,"country":"ES","name":"Embalse de San Bartolomé","uso":"desconhecido"}},{"type":"Feature","geometry":{"type":"LineString","coordinates":[[-2.47404,37.13846],[-2.47432,37.13833]]},"properties":{"dam_id":"way/259229906","osm_type":"way","osm_id":259229906,"country":"ES","name":null,"uso":"desconhecido"}},{"type":"Feature","geometry":{"type":"LineString","coordinates":[[-3.93132,42.80281],[-3.92967,42.80257]]},"properties":{"dam_id":"way/260108984","osm_type":"way","osm_id":260108984,"country":"ES","name":"Presa del Molino","uso":"desconhecido"}},{"type":"Feature","geometry":{"type":"Polygon","coordinates":[[[0.92353,42.62601],[0.92354,42.62605],[0.9234,42.62616],[0.92309,42.62625],[0.92236,42.62643],[0.92179,42.62647],[0.92352,42.62599],[0.92363,42.62586],[0.92365,42.62587],[0.92353,42.62601]]]},"properties":{"dam_id":"way/260506695","osm_type":"way","osm_id":260506695,"country":"ES","name":"Barratge de Colomèrs","uso":"desconhecido"}},{"type":"Feature","geometry":{"type":"LineString","coordinates":[[0.91364,42.55049],[0.91338,42.55047],[0.91327,42.55049],[0.91281,42.55087],[0.91264,42.55088],[0.91253,42.55082],[0.91254,42.55087],[0.91248,42.55099]]},"properties":{"dam_id":"way/260605001","osm_type":"way","osm_id":260605001,"country":"ES","name":null,"uso":"desconhecido"}},{"type":"Feature","geometry":{"type":"LineString","coordinates":[[-2.47736,36.90917],[-2.47707,36.90923]]},"properties":{"dam_id":"way/260998339","osm_type":"way","osm_id":260998339,"country":"ES","name":null,"uso":"desconhecido"}},{"type":"Feature","geometry":{"type":"Polygon","coordinates":[[[-6.76932,42.20255],[-6.76929,42.20244],[-6.76914,42.2023],[-6.76905,42.20223],[-6.76889,42.20221],[-6.76905,42.20233],[-6.76927,42.20258],[-6.76932,42.20255]]]},"properties":{"dam_id":"way/261257980","osm_type":"way","osm_id":261257980,"country":"ES","name":null,"uso":"desconhecido"}},{"type":"Feature","geometry":{"type":"Polygon","coordinates":[[[-6.77856,42.18049],[-6.7786,42.18052],[-6.77902,42.18028],[-6.78047,42.17744],[-6.78042,42.17743],[-6.78019,42.17776],[-6.77975,42.17807],[-6.77924,42.1797],[-6.77898,42.18026],[-6.77856,42.18049]]]},"properties":{"dam_id":"way/261257988","osm_type":"way","osm_id":261257988,"country":"ES","name":"Presa da Veiga do Teira","uso":"desconhecido"}},{"type":"Feature","geometry":{"type":"LineString","coordinates":[[-6.77713,42.19784],[-6.77682,42.19787],[-6.77681,42.19781],[-6.77675,42.19781]]},"properties":{"dam_id":"way/261257990","osm_type":"way","osm_id":261257990,"country":"ES","name":null,"uso":"desconhecido"}},{"type":"Feature","geometry":{"type":"Polygon","coordinates":[[[1.33119,41.196],[1.3312,41.19593],[1.33088,41.19583],[1.33034,41.19576],[1.33027,41.19535],[1.3304,41.19414],[1.33024,41.19414],[1.33014,41.19534],[1.33007,41.19553],[1.32915,41.19448],[1.32807,41.19406],[1.32749,41.19436],[1.32714,41.19443],[1.32677,41.1945],[1.32626,41.1944],[1.32592,41.19438],[1.32586,41.19447],[1.32583,41.19473],[1.32628,41.19504],[1.32644,41.19534],[1.3277,41.19578],[1.32867,41.19616],[1.32957,41.19631],[1.32993,41.19613],[1.33,41.19595],[1.33007,41.19596],[1.3301,41.196],[1.33011,41.19595],[1.33019,41.19596],[1.3302,41.19601],[1.33023,41.19596],[1.33031,41.19597],[1.33033,41.19601],[1.33035,41.19597],[1.33119,41.196]]]},"properties":{"dam_id":"way/261441149","osm_type":"way","osm_id":261441149,"country":"ES","name":"Pantà del Catllar","uso":"desconhecido"}},{"type":"Feature","geometry":{"type":"LineString","coordinates":[[-5.48278,39.90068],[-5.48228,39.90058]]},"properties":{"dam_id":"way/262639204","osm_type":"way","osm_id":262639204,"country":"ES","name":null,"uso":"desconhecido"}},{"type":"Feature","geometry":{"type":"Polygon","coordinates":[[[-2.27873,42.14611],[-2.27783,42.1446],[-2.27699,42.14306],[-2.27687,42.14295],[-2.27678,42.14308],[-2.27677,42.14316],[-2.27669,42.14326],[-2.27678,42.14354],[-2.27676,42.14419],[-2.27681,42.14435],[-2.27672,42.14439],[-2.27706,42.14496],[-2.27725,42.14502],[-2.27739,42.14523],[-2.27779,42.14538],[-2.2782,42.1457],[-2.27864,42.14612],[-2.27873,42.14611]]]},"properties":{"dam_id":"way/262865972","osm_type":"way","osm_id":262865972,"country":"ES","name":"Presa de Enciso","uso":"desconhecido"}},{"type":"Feature","geometry":{"type":"Polygon","coordinates":[[[-4.06603,40.76622],[-4.0661,40.76617],[-4.06668,40.76629],[-4.06733,40.76656],[-4.0673,40.76661],[-4.06603,40.76622]]]},"properties":{"dam_id":"way/262991570","osm_type":"way","osm_id":262991570,"country":"ES","name":null,"uso":"desconhecido"}},{"type":"Feature","geometry":{"type":"Polygon","coordinates":[[[-5.6968,37.77313],[-5.69664,37.77325],[-5.69647,37.77333],[-5.69619,37.77337],[-5.69614,37.77324],[-5.6964,37.77321],[-5.69665,37.77304],[-5.6968,37.77313]]]},"properties":{"dam_id":"way/263081528","osm_type":"way","osm_id":263081528,"country":"ES","name":null,"uso":"desconhecido"}},{"type":"Feature","geometry":{"type":"Polygon","coordinates":[[[-3.33306,41.33071],[-3.33381,41.33146],[-3.33368,41.33151],[-3.3334,41.33135],[-3.33323,41.33135],[-3.33315,41.33103],[-3.33287,41.33079],[-3.33283,41.33069],[-3.33306,41.33071]]]},"properties":{"dam_id":"way/263340727","osm_type":"way","osm_id":263340727,"country":"ES","name":null,"uso":"desconhecido"}},{"type":"Feature","geometry":{"type":"LineString","coordinates":[[-6.54985,42.83572],[-6.54935,42.83583]]},"properties":{"dam_id":"way/263972792","osm_type":"way","osm_id":263972792,"country":"ES","name":null,"uso":"desconhecido"}},{"type":"Feature","geometry":{"type":"LineString","coordinates":[[-4.40268,38.63898],[-4.4034,38.6392]]},"properties":{"dam_id":"way/264755819","osm_type":"way","osm_id":264755819,"country":"ES","name":null,"uso":"desconhecido"}},{"type":"Feature","geometry":{"type":"LineString","coordinates":[[-8.45943,42.70063],[-8.45921,42.70048]]},"properties":{"dam_id":"way/265059521","osm_type":"way","osm_id":265059521,"country":"ES","name":null,"uso":"desconhecido"}},{"type":"Feature","geometry":{"type":"LineString","coordinates":[[-8.51167,42.65236],[-8.51229,42.65239]]},"properties":{"dam_id":"way/265098158","osm_type":"way","osm_id":265098158,"country":"ES","name":null,"uso":"desconhecido"}},{"type":"Feature","geometry":{"type":"LineString","coordinates":[[-8.4698,42.71764],[-8.46962,42.71742]]},"properties":{"dam_id":"way/265352114","osm_type":"way","osm_id":265352114,"country":"ES","name":null,"uso":"desconhecido"}},{"type":"Feature","geometry":{"type":"Polygon","coordinates":[[[-6.33805,40.51831],[-6.3378,40.51828],[-6.33683,40.51798],[-6.33728,40.51779],[-6.33754,40.51776],[-6.33779,40.5178],[-6.33797,40.51793],[-6.33806,40.51793],[-6.33805,40.51831]]]},"properties":{"dam_id":"way/265744854","osm_type":"way","osm_id":265744854,"country":"ES","name":null,"uso":"desconhecido"}},{"type":"Feature","geometry":{"type":"Polygon","coordinates":[[[0.95969,41.13428],[0.95964,41.13417],[0.95919,41.13399],[0.95889,41.13382],[0.95854,41.13355],[0.95813,41.13308],[0.95797,41.13276],[0.95803,41.13273],[0.95818,41.13291],[0.95836,41.13301],[0.95852,41.13314],[0.95877,41.13323],[0.95948,41.13382],[0.95979,41.134],[0.95992,41.1341],[0.95984,41.13424],[0.95969,41.13428]]]},"properties":{"dam_id":"way/266618708","osm_type":"way","osm_id":266618708,"country":"ES","name":null,"uso":"desconhecido"}},{"type":"Feature","geometry":{"type":"LineString","coordinates":[[1.90432,41.77048],[1.90467,41.77049],[1.90491,41.77043],[1.90515,41.7703],[1.90532,41.77038]]},"properties":{"dam_id":"way/267290114","osm_type":"way","osm_id":267290114,"country":"ES","name":null,"uso":"desconhecido"}},{"type":"Feature","geometry":{"type":"Polygon","coordinates":[[[0.43306,41.24392],[0.43303,41.24398],[0.43313,41.24401],[0.43316,41.24395],[0.43334,41.244],[0.43331,41.24406],[0.43335,41.24407],[0.43338,41.24401],[0.43355,41.24406],[0.43352,41.24412],[0.43356,41.24414],[0.4336,41.24408],[0.43377,41.24413],[0.43373,41.24419],[0.43378,41.2442],[0.43381,41.24414],[0.43399,41.24419],[0.43395,41.24425],[0.434,41.24427],[0.43403,41.24421],[0.4342,41.24426],[0.43417,41.24432],[0.43421,41.24433],[0.43424,41.24427],[0.43441,41.24432],[0.43438,41.24438],[0.43443,41.2444],[0.43446,41.24434],[0.43463,41.24439],[0.4346,41.24445],[0.43464,41.24446],[0.4347,41.24434],[0.43505,41.24442],[0.43508,41.24439],[0.43525,41.24437],[0.43531,41.24426],[0.43522,41.24421],[0.43513,41.24424],[0.43511,41.24427],[0.43478,41.24414],[0.43326,41.24369],[0.43376,41.24274],[0.4337,41.24273],[0.43317,41.24373],[0.43295,41.24367],[0.43348,41.24266],[0.43342,41.24264],[0.43289,41.24364],[0.43276,41.24361],[0.43328,41.24261],[0.43322,41.24259],[0.43286,41.24326],[0.43186,41.24299],[0.43187,41.24296],[0.43184,41.24295],[0.43219,41.24227],[0.43212,41.24226],[0.43175,41.24297],[0.4316,41.24295],[0.43172,41.24287],[0.4317,41.24285],[0.43158,41.24294],[0.43152,41.24292],[0.43162,41.24284],[0.43157,41.2428],[0.43146,41.2429],[0.4314,41.24289],[0.43149,41.24279],[0.43146,41.24278],[0.43137,41.24287],[0.43096,41.24275],[0.43084,41.24294],[0.43031,41.24278],[0.42998,41.24276],[0.42964,41.24265],[0.42958,41.24276],[0.43109,41.24322],[0.43104,41.2433],[0.43136,41.2434],[0.43137,41.24337],[0.43265,41.24377],[0.43264,41.24379],[0.4328,41.24384],[0.43262,41.24417],[0.43267,41.24418],[0.43285,41.24385],[0.43306,41.24392]]]},"properties":{"dam_id":"way/268061755","osm_type":"way","osm_id":268061755,"country":"ES","name":"Central hidroelèctrica de Riba-roja","uso":"desconhecido"}},{"type":"Feature","geometry":{"type":"LineString","coordinates":[[-0.99911,38.0863],[-0.99882,38.08643]]},"properties":{"dam_id":"way/268069036","osm_type":"way","osm_id":268069036,"country":"ES","name":"Presa de Raiguero de Levante","uso":"desconhecido"}},{"type":"Feature","geometry":{"type":"LineString","coordinates":[[-1.082,41.4656],[-1.08101,41.46574]]},"properties":{"dam_id":"way/268364179","osm_type":"way","osm_id":268364179,"country":"ES","name":"Presa Romana","uso":"desconhecido"}},{"type":"Feature","geometry":{"type":"LineString","coordinates":[[-0.82188,41.01905],[-0.82149,41.01882],[-0.82125,41.01883]]},"properties":{"dam_id":"way/268365939","osm_type":"way","osm_id":268365939,"country":"ES","name":"La Pared de los Moros","uso":"desconhecido"}},{"type":"Feature","geometry":{"type":"LineString","coordinates":[[-6.47127,40.94108],[-6.47148,40.94062]]},"properties":{"dam_id":"way/268569228","osm_type":"way","osm_id":268569228,"country":"ES","name":null,"uso":"desconhecido"}},{"type":"Feature","geometry":{"type":"LineString","coordinates":[[-8.46519,42.67394],[-8.46523,42.67392]]},"properties":{"dam_id":"way/269101594","osm_type":"way","osm_id":269101594,"country":"ES","name":null,"uso":"desconhecido"}},{"type":"Feature","geometry":{"type":"Polygon","coordinates":[[[2.72043,41.97261],[2.72011,41.97241],[2.71981,41.97218],[2.71968,41.97203],[2.7196,41.97178],[2.7196,41.97167],[2.71965,41.9717],[2.71975,41.97195],[2.72006,41.97223],[2.72046,41.9725],[2.72043,41.97261]]]},"properties":{"dam_id":"way/269904846","osm_type":"way","osm_id":269904846,"country":"ES","name":null,"uso":"desconhecido"}},{"type":"Feature","geometry":{"type":"LineString","coordinates":[[-1.73302,43.25229],[-1.73325,43.25221]]},"properties":{"dam_id":"way/270940178","osm_type":"way","osm_id":270940178,"country":"ES","name":null,"uso":"desconhecido"}},{"type":"Feature","geometry":{"type":"LineString","coordinates":[[-1.28555,38.42006],[-1.28544,38.41983]]},"properties":{"dam_id":"way/271093577","osm_type":"way","osm_id":271093577,"country":"ES","name":null,"uso":"desconhecido"}},{"type":"Feature","geometry":{"type":"Polygon","coordinates":[[[-3.511,38.09325],[-3.51351,38.08972],[-3.51427,38.08874],[-3.51455,38.08883],[-3.51401,38.08988],[-3.51401,38.09044],[-3.51429,38.09115],[-3.51283,38.09322],[-3.51217,38.09314],[-3.51097,38.09379],[-3.51079,38.09376],[-3.511,38.09325]]]},"properties":{"dam_id":"way/272485820","osm_type":"way","osm_id":272485820,"country":"ES","name":null,"uso":"desconhecido"}},{"type":"Feature","geometry":{"type":"Polygon","coordinates":[[[-1.50502,38.64033],[-1.50582,38.64019],[-1.50571,38.63992],[-1.50455,38.63963],[-1.50298,38.63934],[-1.49965,38.6393],[-1.49902,38.63947],[-1.4981,38.63996],[-1.4987,38.64024],[-1.50502,38.64033]]]},"properties":{"dam_id":"way/272820686","osm_type":"way","osm_id":272820686,"country":"ES","name":null,"uso":"desconhecido"}},{"type":"Feature","geometry":{"type":"LineString","coordinates":[[2.27314,42.22707],[2.27412,42.22775]]},"properties":{"dam_id":"way/272998034","osm_type":"way","osm_id":272998034,"country":"ES","name":null,"uso":"desconhecido"}},{"type":"Feature","geometry":{"type":"LineString","coordinates":[[-1.7732,41.78615],[-1.77311,41.78568]]},"properties":{"dam_id":"way/273216072","osm_type":"way","osm_id":273216072,"country":"ES","name":null,"uso":"desconhecido"}},{"type":"Feature","geometry":{"type":"Polygon","coordinates":[[[0.96845,42.50637],[0.96866,42.50636],[0.96893,42.50631],[0.96926,42.50618],[0.96894,42.50624],[0.96845,42.50637]]]},"properties":{"dam_id":"way/273916216","osm_type":"way","osm_id":273916216,"country":"ES","name":null,"uso":"hidroelétrica"}},{"type":"Feature","geometry":{"type":"Polygon","coordinates":[[[0.95958,42.51421],[0.9589,42.51448],[0.95938,42.51433],[0.95971,42.51415],[0.95996,42.51393],[0.96014,42.51365],[0.95996,42.51384],[0.95973,42.51394],[0.95978,42.51396],[0.95969,42.51403],[0.95963,42.51417],[0.95958,42.51421]]]},"properties":{"dam_id":"way/273938261","osm_type":"way","osm_id":273938261,"country":"ES","name":null,"uso":"desconhecido"}},{"type":"Feature","geometry":{"type":"Polygon","coordinates":[[[0.9589,42.50752],[0.95937,42.50762],[0.95937,42.50771],[0.95962,42.50783],[0.95969,42.50795],[0.95959,42.50784],[0.95927,42.50773],[0.9589,42.50752]]]},"properties":{"dam_id":"way/273959639","osm_type":"way","osm_id":273959639,"country":"ES","name":null,"uso":"desconhecido"}},{"type":"Feature","geometry":{"type":"Polygon","coordinates":[[[0.9478,42.50597],[0.94788,42.5059],[0.94778,42.50598],[0.9478,42.50597]]]},"properties":{"dam_id":"way/273966505","osm_type":"way","osm_id":273966505,"country":"ES","name":null,"uso":"desconhecido"}},{"type":"Feature","geometry":{"type":"Polygon","coordinates":[[[0.94001,42.50886],[0.94006,42.50887],[0.94024,42.50891],[0.94012,42.50886],[0.94001,42.50886]]]},"properties":{"dam_id":"way/273982002","osm_type":"way","osm_id":273982002,"country":"ES","name":null,"uso":"desconhecido"}},{"type":"Feature","geometry":{"type":"Polygon","coordinates":[[[0.94151,42.5052],[0.94151,42.50516],[0.94132,42.50496],[0.94149,42.5051],[0.94153,42.50517],[0.94152,42.50521],[0.94159,42.50519],[0.94162,42.50521],[0.94158,42.50528],[0.94151,42.5052]]]},"properties":{"dam_id":"way/273995961","osm_type":"way","osm_id":273995961,"country":"ES","name":null,"uso":"desconhecido"}},{"type":"Feature","geometry":{"type":"Polygon","coordinates":[[[-3.30138,41.00416],[-3.30099,41.00346],[-3.30059,41.00283],[-3.30084,41.00298],[-3.30123,41.00313],[-3.30142,41.00349],[-3.30138,41.00416]]]},"properties":{"dam_id":"way/275074814","osm_type":"way","osm_id":275074814,"country":"ES","name":"Presa de El Vado","uso":"desconhecido"}},{"type":"Feature","geometry":{"type":"LineString","coordinates":[[-6.67146,40.38937],[-6.67142,40.38909],[-6.67126,40.38896],[-6.67096,40.38889],[-6.67094,40.38884]]},"properties":{"dam_id":"way/275925001","osm_type":"way","osm_id":275925001,"country":"ES","name":null,"uso":"desconhecido"}},{"type":"Feature","geometry":{"type":"LineString","coordinates":[[-2.17794,40.55217],[-2.17791,40.55204],[-2.17797,40.55186]]},"properties":{"dam_id":"way/276068350","osm_type":"way","osm_id":276068350,"country":"ES","name":"presa embalse de la Chincha","uso":"desconhecido"}},{"type":"Feature","geometry":{"type":"LineString","coordinates":[[-6.43163,42.824],[-6.43176,42.82345]]},"properties":{"dam_id":"way/276129199","osm_type":"way","osm_id":276129199,"country":"ES","name":"Presa de Salentinos","uso":"desconhecido"}},{"type":"Feature","geometry":{"type":"LineString","coordinates":[[-6.44933,40.40051],[-6.44823,40.4003]]},"properties":{"dam_id":"way/276173846","osm_type":"way","osm_id":276173846,"country":"ES","name":"Embalse de Burguillos","uso":"desconhecido"}},{"type":"Feature","geometry":{"type":"LineString","coordinates":[[-4.07384,43.30379],[-4.07368,43.3037],[-4.07339,43.30366]]},"properties":{"dam_id":"way/276202246","osm_type":"way","osm_id":276202246,"country":"ES","name":"Embalse de Los Corrales de Buelna","uso":"desconhecido"}},{"type":"Feature","geometry":{"type":"LineString","coordinates":[[-6.75705,40.29711],[-6.75696,40.29715],[-6.75616,40.29707]]},"properties":{"dam_id":"way/276706788","osm_type":"way","osm_id":276706788,"country":"ES","name":null,"uso":"desconhecido"}},{"type":"Feature","geometry":{"type":"LineString","coordinates":[[1.46274,41.80752],[1.46288,41.8075]]},"properties":{"dam_id":"way/277366381","osm_type":"way","osm_id":277366381,"country":"ES","name":null,"uso":"desconhecido"}},{"type":"Feature","geometry":{"type":"Polygon","coordinates":[[[-8.11494,42.29221],[-8.11504,42.29201],[-8.11478,42.29194],[-8.11493,42.29164],[-8.11575,42.29185],[-8.11583,42.29173],[-8.116,42.29163],[-8.11577,42.29217],[-8.11596,42.29221],[-8.11607,42.29197],[-8.11612,42.29198],[-8.11603,42.29223],[-8.11623,42.29227],[-8.11633,42.29202],[-8.11638,42.29203],[-8.1163,42.29228],[-8.1165,42.29232],[-8.11659,42.29206],[-8.11663,42.29206],[-8.11657,42.29232],[-8.11677,42.29235],[-8.11683,42.29211],[-8.11688,42.29212],[-8.11684,42.29236],[-8.11705,42.29238],[-8.11701,42.29255],[-8.1175,42.29261],[-8.1175,42.29266],[-8.11629,42.29252],[-8.11543,42.29234],[-8.11494,42.29221]]]},"properties":{"dam_id":"way/922318169","osm_type":"way","osm_id":922318169,"country":"ES","name":"Encoro de Castrelo de Miño","uso":"desconhecido"}},{"type":"Feature","geometry":{"type":"LineString","coordinates":[[-7.98227,42.40522],[-7.98232,42.40558]]},"properties":{"dam_id":"way/278202909","osm_type":"way","osm_id":278202909,"country":"ES","name":"Encoro do Barbantiño","uso":"desconhecido"}},{"type":"Feature","geometry":{"type":"LineString","coordinates":[[-7.17754,37.80412],[-7.17712,37.80487]]},"properties":{"dam_id":"way/278830123","osm_type":"way","osm_id":278830123,"country":"ES","name":null,"uso":"desconhecido"}},{"type":"Feature","geometry":{"type":"LineString","coordinates":[[-6.36854,42.56155],[-6.36871,42.56159]]},"properties":{"dam_id":"way/279258045","osm_type":"way","osm_id":279258045,"country":"ES","name":null,"uso":"desconhecido"}},{"type":"Feature","geometry":{"type":"LineString","coordinates":[[-6.37298,42.55248],[-6.37313,42.55236],[-6.37331,42.55236],[-6.37344,42.55244]]},"properties":{"dam_id":"way/279258047","osm_type":"way","osm_id":279258047,"country":"ES","name":null,"uso":"desconhecido"}},{"type":"Feature","geometry":{"type":"LineString","coordinates":[[-8.36621,42.44681],[-8.36596,42.4468]]},"properties":{"dam_id":"way/279532576","osm_type":"way","osm_id":279532576,"country":"ES","name":null,"uso":"desconhecido"}},{"type":"Feature","geometry":{"type":"LineString","coordinates":[[2.30327,41.83222],[2.30383,41.83294]]},"properties":{"dam_id":"way/279860655","osm_type":"way","osm_id":279860655,"country":"ES","name":null,"uso":"desconhecido"}},{"type":"Feature","geometry":{"type":"Polygon","coordinates":[[[-6.72277,37.57202],[-6.72262,37.57188],[-6.72215,37.57194],[-6.72191,37.57201],[-6.72166,37.57227],[-6.72165,37.5724],[-6.72277,37.57202]]]},"properties":{"dam_id":"way/280079520","osm_type":"way","osm_id":280079520,"country":"ES","name":null,"uso":"desconhecido"}},{"type":"Feature","geometry":{"type":"Polygon","coordinates":[[[-6.72175,37.57881],[-6.72176,37.57877],[-6.72208,37.57878],[-6.72246,37.57886],[-6.723,37.57905],[-6.72299,37.57911],[-6.72175,37.57881]]]},"properties":{"dam_id":"way/280079521","osm_type":"way","osm_id":280079521,"country":"ES","name":null,"uso":"desconhecido"}},{"type":"Feature","geometry":{"type":"LineString","coordinates":[[-6.51091,42.36772],[-6.51042,42.36754]]},"properties":{"dam_id":"way/281708857","osm_type":"way","osm_id":281708857,"country":"ES","name":null,"uso":"desconhecido"}},{"type":"Feature","geometry":{"type":"Polygon","coordinates":[[[-5.1783,39.28721],[-5.17887,39.28764],[-5.17874,39.28774],[-5.17811,39.2873],[-5.17776,39.2873],[-5.17697,39.28665],[-5.17669,39.28633],[-5.1767,39.28619],[-5.1769,39.28605],[-5.17747,39.28635],[-5.17825,39.287],[-5.1783,39.28721]]]},"properties":{"dam_id":"way/282955777","osm_type":"way","osm_id":282955777,"country":"ES","name":null,"uso":"desconhecido"}},{"type":"Feature","geometry":{"type":"Polygon","coordinates":[[[0.69349,42.57995],[0.69365,42.58023],[0.69385,42.58048],[0.69427,42.58079],[0.69461,42.58093],[0.69483,42.58097],[0.6952,42.58097],[0.69549,42.58094],[0.69579,42.58084],[0.69614,42.58067],[0.6961,42.5806],[0.69572,42.5808],[0.6954,42.5809],[0.6951,42.58093],[0.69476,42.58092],[0.69444,42.58082],[0.69417,42.58065],[0.69382,42.58032],[0.6937,42.58017],[0.69362,42.57995],[0.69349,42.57995]]]},"properties":{"dam_id":"way/283115854","osm_type":"way","osm_id":283115854,"country":"ES","name":"Llauset","uso":"desconhecido"}},{"type":"Feature","geometry":{"type":"Polygon","coordinates":[[[-1.92278,40.21109],[-1.92255,40.21116],[-1.92222,40.21043],[-1.92198,40.2096],[-1.92213,40.2096],[-1.9223,40.20983],[-1.92249,40.21034],[-1.92262,40.21031],[-1.92265,40.21038],[-1.92251,40.21041],[-1.92278,40.21109]]]},"properties":{"dam_id":"way/283397851","osm_type":"way","osm_id":283397851,"country":"ES","name":"Presa del embalse de La Toba","uso":"desconhecido"}},{"type":"Feature","geometry":{"type":"Polygon","coordinates":[[[1.49266,41.55765],[1.49293,41.55773],[1.49353,41.55773],[1.49398,41.55755],[1.49613,41.55651],[1.49396,41.55547],[1.49346,41.55539],[1.4934,41.55565],[1.49355,41.55572],[1.49372,41.55585],[1.49266,41.55765]]]},"properties":{"dam_id":"way/1486145493","osm_type":"way","osm_id":1486145493,"country":"ES","name":null,"uso":"desconhecido"}},{"type":"Feature","geometry":{"type":"LineString","coordinates":[[1.76483,42.0676],[1.76506,42.0676]]},"properties":{"dam_id":"way/284269758","osm_type":"way","osm_id":284269758,"country":"ES","name":null,"uso":"desconhecido"}},{"type":"Feature","geometry":{"type":"LineString","coordinates":[[1.8423,42.02501],[1.84243,42.02564]]},"properties":{"dam_id":"way/284292872","osm_type":"way","osm_id":284292872,"country":"ES","name":null,"uso":"desconhecido"}},{"type":"Feature","geometry":{"type":"LineString","coordinates":[[1.92475,42.02163],[1.92453,42.02147]]},"properties":{"dam_id":"way/284294920","osm_type":"way","osm_id":284294920,"country":"ES","name":null,"uso":"desconhecido"}},{"type":"Feature","geometry":{"type":"LineString","coordinates":[[1.92332,42.02486],[1.92342,42.02467]]},"properties":{"dam_id":"way/284294923","osm_type":"way","osm_id":284294923,"country":"ES","name":null,"uso":"desconhecido"}},{"type":"Feature","geometry":{"type":"LineString","coordinates":[[1.7483,41.70925],[1.7483,41.70894]]},"properties":{"dam_id":"way/285774425","osm_type":"way","osm_id":285774425,"country":"ES","name":null,"uso":"desconhecido"}},{"type":"Feature","geometry":{"type":"LineString","coordinates":[[-4.0927,43.36201],[-4.09306,43.36193],[-4.09321,43.36185],[-4.0933,43.36177]]},"properties":{"dam_id":"way/285802615","osm_type":"way","osm_id":285802615,"country":"ES","name":null,"uso":"desconhecido"}},{"type":"Feature","geometry":{"type":"Polygon","coordinates":[[[1.25122,42.63671],[1.25148,42.63678],[1.25146,42.63685],[1.25152,42.63699],[1.25165,42.63711],[1.25098,42.63694],[1.25101,42.63689],[1.25113,42.63684],[1.25122,42.63671]]]},"properties":{"dam_id":"way/285865525","osm_type":"way","osm_id":285865525,"country":"ES","name":"Presa de Tavascan","uso":"hidroelétrica"}},{"type":"Feature","geometry":{"type":"LineString","coordinates":[[-2.39023,41.58514],[-2.38984,41.58685]]},"properties":{"dam_id":"way/286025238","osm_type":"way","osm_id":286025238,"country":"ES","name":"Presa de Almaril","uso":"desconhecido"}},{"type":"Feature","geometry":{"type":"Polygon","coordinates":[[[0.75201,41.09932],[0.75109,41.09793],[0.75106,41.09789],[0.75103,41.09795],[0.75125,41.09826],[0.7512,41.09828],[0.75122,41.09832],[0.75117,41.09836],[0.75125,41.09861],[0.7512,41.09867],[0.7513,41.0989],[0.75138,41.09891],[0.75143,41.09889],[0.75159,41.09905],[0.75193,41.0993],[0.75201,41.09932]]]},"properties":{"dam_id":"way/286337477","osm_type":"way","osm_id":286337477,"country":"ES","name":"Presa del Pantà dels Guiamets","uso":"desconhecido"}},{"type":"Feature","geometry":{"type":"LineString","coordinates":[[0.30068,42.57136],[0.30151,42.56929]]},"properties":{"dam_id":"way/287037728","osm_type":"way","osm_id":287037728,"country":"ES","name":"Presa del Embalse de Plandescun","uso":"desconhecido"}},{"type":"Feature","geometry":{"type":"Polygon","coordinates":[[[-2.81836,37.95495],[-2.81849,37.95496],[-2.81849,37.95495],[-2.81836,37.95495]]]},"properties":{"dam_id":"way/287705766","osm_type":"way","osm_id":287705766,"country":"ES","name":null,"uso":"desconhecido"}},{"type":"Feature","geometry":{"type":"Polygon","coordinates":[[[-2.81589,37.96466],[-2.81564,37.96462],[-2.81553,37.96468],[-2.81565,37.96463],[-2.81589,37.96466]]]},"properties":{"dam_id":"way/287705767","osm_type":"way","osm_id":287705767,"country":"ES","name":null,"uso":"desconhecido"}},{"type":"Feature","geometry":{"type":"LineString","coordinates":[[-2.43035,42.6902],[-2.42992,42.69028]]},"properties":{"dam_id":"way/287759590","osm_type":"way","osm_id":287759590,"country":"ES","name":null,"uso":"desconhecido"}},{"type":"Feature","geometry":{"type":"LineString","coordinates":[[-6.58214,42.36516],[-6.58211,42.36525],[-6.58189,42.3653]]},"properties":{"dam_id":"way/288567531","osm_type":"way","osm_id":288567531,"country":"ES","name":null,"uso":"desconhecido"}},{"type":"Feature","geometry":{"type":"Polygon","coordinates":[[[-3.54364,41.63724],[-3.54335,41.63708],[-3.54297,41.63673],[-3.54281,41.63644],[-3.54276,41.63607],[-3.54307,41.63604],[-3.54323,41.636],[-3.54328,41.63622],[-3.54291,41.63621],[-3.54296,41.63643],[-3.54323,41.63682],[-3.54346,41.637],[-3.54369,41.6371],[-3.54364,41.63724]]]},"properties":{"dam_id":"way/288568969","osm_type":"way","osm_id":288568969,"country":"ES","name":null,"uso":"hidroelétrica"}},{"type":"Feature","geometry":{"type":"LineString","coordinates":[[-0.09655,42.56913],[-0.0964,42.56849]]},"properties":{"dam_id":"way/288653519","osm_type":"way","osm_id":288653519,"country":"ES","name":null,"uso":"desconhecido"}},{"type":"Feature","geometry":{"type":"LineString","coordinates":[[-0.14223,42.59542],[-0.14209,42.59494]]},"properties":{"dam_id":"way/288932802","osm_type":"way","osm_id":288932802,"country":"ES","name":null,"uso":"desconhecido"}},{"type":"Feature","geometry":{"type":"Polygon","coordinates":[[[-4.10874,40.72107],[-4.10692,40.72188],[-4.10699,40.7218],[-4.1077,40.72147],[-4.1084,40.72117],[-4.10874,40.72107]]]},"properties":{"dam_id":"way/294832428","osm_type":"way","osm_id":294832428,"country":"ES","name":"Presa de los Irrios","uso":"desconhecido"}},{"type":"Feature","geometry":{"type":"LineString","coordinates":[[-4.65958,40.40355],[-4.65968,40.40375],[-4.65937,40.40401]]},"properties":{"dam_id":"way/289539406","osm_type":"way","osm_id":289539406,"country":"ES","name":null,"uso":"desconhecido"}},{"type":"Feature","geometry":{"type":"Polygon","coordinates":[[[0.20269,42.63385],[0.20104,42.63486],[0.20099,42.63498],[0.20078,42.63495],[0.20061,42.63484],[0.20078,42.63473],[0.20081,42.63475],[0.20216,42.6339],[0.20254,42.63373],[0.20269,42.63385]]]},"properties":{"dam_id":"way/289652192","osm_type":"way","osm_id":289652192,"country":"ES","name":"Embalse de Pineta","uso":"desconhecido"}},{"type":"Feature","geometry":{"type":"LineString","coordinates":[[-0.22763,42.80029],[-0.22792,42.80014],[-0.22798,42.79972]]},"properties":{"dam_id":"way/289717448","osm_type":"way","osm_id":289717448,"country":"ES","name":"Dique Embalse Pecico","uso":"desconhecido"}},{"type":"Feature","geometry":{"type":"LineString","coordinates":[[-5.19247,39.64719],[-5.19008,39.64688]]},"properties":{"dam_id":"way/290002580","osm_type":"way","osm_id":290002580,"country":"ES","name":null,"uso":"desconhecido"}},{"type":"Feature","geometry":{"type":"Polygon","coordinates":[[[-3.66734,37.13129],[-3.66731,37.13126],[-3.66724,37.13131],[-3.66727,37.13133],[-3.66734,37.13129]]]},"properties":{"dam_id":"way/290555732","osm_type":"way","osm_id":290555732,"country":"ES","name":null,"uso":"desconhecido"}},{"type":"Feature","geometry":{"type":"Polygon","coordinates":[[[-5.73617,39.78317],[-5.73606,39.78316],[-5.73612,39.78291],[-5.73402,39.7826],[-5.73404,39.78251],[-5.73497,39.78265],[-5.73501,39.78247],[-5.73526,39.78251],[-5.73534,39.78215],[-5.73546,39.78217],[-5.73533,39.78268],[-5.73571,39.78274],[-5.73576,39.78256],[-5.73581,39.78257],[-5.73578,39.78269],[-5.73586,39.7827],[-5.73585,39.78276],[-5.73637,39.78284],[-5.73634,39.78294],[-5.73623,39.78292],[-5.73617,39.78317]]]},"properties":{"dam_id":"way/290663085","osm_type":"way","osm_id":290663085,"country":"ES","name":null,"uso":"hidroelétrica"}},{"type":"Feature","geometry":{"type":"Polygon","coordinates":[[[-5.95259,39.78033],[-5.95263,39.78031],[-5.95276,39.78041],[-5.95296,39.78044],[-5.95297,39.78047],[-5.95275,39.78043],[-5.95259,39.78033]]]},"properties":{"dam_id":"way/290808832","osm_type":"way","osm_id":290808832,"country":"ES","name":null,"uso":"desconhecido"}},{"type":"Feature","geometry":{"type":"Polygon","coordinates":[[[-6.00295,39.76942],[-6.00299,39.77016],[-6.00207,39.77094],[-6.0027,39.77042],[-6.00273,39.77044],[-6.00303,39.77019],[-6.00295,39.76942]]]},"properties":{"dam_id":"way/290848923","osm_type":"way","osm_id":290848923,"country":"ES","name":null,"uso":"desconhecido"}},{"type":"Feature","geometry":{"type":"LineString","coordinates":[[-5.87922,39.8271],[-5.87918,39.82684],[-5.87763,39.82542],[-5.87742,39.82534]]},"properties":{"dam_id":"way/290956690","osm_type":"way","osm_id":290956690,"country":"ES","name":null,"uso":"desconhecido"}},{"type":"Feature","geometry":{"type":"LineString","coordinates":[[-5.94385,39.75197],[-5.94364,39.75188],[-5.94339,39.75186]]},"properties":{"dam_id":"way/290958046","osm_type":"way","osm_id":290958046,"country":"ES","name":null,"uso":"desconhecido"}},{"type":"Feature","geometry":{"type":"Polygon","coordinates":[[[0.40878,42.63995],[0.40944,42.63999],[0.40965,42.63999],[0.40981,42.63992],[0.40843,42.63979],[0.40848,42.63986],[0.40878,42.63995]]]},"properties":{"dam_id":"way/290964428","osm_type":"way","osm_id":290964428,"country":"ES","name":null,"uso":"desconhecido"}},{"type":"Feature","geometry":{"type":"Polygon","coordinates":[[[-6.15632,39.84367],[-6.15533,39.84408],[-6.15528,39.8441],[-6.1559,39.8437],[-6.15632,39.84367]]]},"properties":{"dam_id":"way/291162536","osm_type":"way","osm_id":291162536,"country":"ES","name":null,"uso":"desconhecido"}},{"type":"Feature","geometry":{"type":"LineString","coordinates":[[-6.60365,42.35753],[-6.6037,42.35743]]},"properties":{"dam_id":"way/291247275","osm_type":"way","osm_id":291247275,"country":"ES","name":null,"uso":"desconhecido"}},{"type":"Feature","geometry":{"type":"Polygon","coordinates":[[[-5.89785,40.28199],[-5.89738,40.28191],[-5.89395,40.28166],[-5.88899,40.28138],[-5.88785,40.28157],[-5.88697,40.28201],[-5.88642,40.28267],[-5.8859,40.28247],[-5.88619,40.28207],[-5.88684,40.28145],[-5.88747,40.28122],[-5.8885,40.28097],[-5.89151,40.28096],[-5.8931,40.28092],[-5.89369,40.28082],[-5.89416,40.28087],[-5.89658,40.28094],[-5.89799,40.28175],[-5.89785,40.28199]]]},"properties":{"dam_id":"way/291294857","osm_type":"way","osm_id":291294857,"country":"ES","name":null,"uso":"desconhecido"}},{"type":"Feature","geometry":{"type":"Polygon","coordinates":[[[-5.59849,40.66646],[-5.60468,40.66724],[-5.60467,40.66734],[-5.60371,40.66722],[-5.60353,40.66724],[-5.60311,40.66722],[-5.60206,40.6673],[-5.6009,40.66715],[-5.60079,40.66774],[-5.60075,40.66774],[-5.60076,40.66735],[-5.60052,40.66727],[-5.60041,40.66765],[-5.60029,40.66764],[-5.6003,40.66749],[-5.6002,40.66735],[-5.60004,40.66698],[-5.59977,40.66694],[-5.59961,40.66679],[-5.59886,40.66668],[-5.59851,40.66659],[-5.59849,40.66646]]]},"properties":{"dam_id":"way/291296801","osm_type":"way","osm_id":291296801,"country":"ES","name":null,"uso":"desconhecido"}},{"type":"Feature","geometry":{"type":"Polygon","coordinates":[[[-3.62607,40.75665],[-3.62609,40.75674],[-3.62592,40.75709],[-3.62581,40.75697],[-3.62566,40.75689],[-3.62558,40.75672],[-3.62514,40.75665],[-3.62494,40.75659],[-3.62474,40.75648],[-3.62457,40.75629],[-3.6245,40.75614],[-3.62444,40.75589],[-3.62436,40.75591],[-3.62441,40.75586],[-3.6244,40.75581],[-3.62437,40.7558],[-3.6244,40.7558],[-3.62439,40.75574],[-3.62434,40.75573],[-3.6244,40.75569],[-3.62421,40.75555],[-3.62433,40.75547],[-3.62439,40.7555],[-3.62446,40.7555],[-3.62455,40.75573],[-3.62516,40.75565],[-3.62517,40.75569],[-3.62498,40.75575],[-3.62497,40.75581],[-3.62457,40.75586],[-3.62459,40.75611],[-3.62469,40.75627],[-3.62485,40.75642],[-3.62506,40.75654],[-3.62534,40.75658],[-3.62587,40.75655],[-3.62593,40.75663],[-3.62607,40.75665]]]},"properties":{"dam_id":"way/291666108","osm_type":"way","osm_id":291666108,"country":"ES","name":null,"uso":"desconhecido"}},{"type":"Feature","geometry":{"type":"Polygon","coordinates":[[[-5.14254,40.04821],[-5.14329,40.04829],[-5.14327,40.04836],[-5.14165,40.04818],[-5.14165,40.04812],[-5.14206,40.04816],[-5.14207,40.04811],[-5.14255,40.04816],[-5.14254,40.04821]]]},"properties":{"dam_id":"way/291796100","osm_type":"way","osm_id":291796100,"country":"ES","name":null,"uso":"desconhecido"}},{"type":"Feature","geometry":{"type":"Polygon","coordinates":[[[-3.79782,40.82209],[-3.79535,40.82226],[-3.79515,40.82199],[-3.79762,40.82187],[-3.79735,40.82148],[-3.7977,40.82143],[-3.79826,40.82186],[-3.79825,40.82191],[-3.79812,40.82191],[-3.79806,40.82185],[-3.79779,40.82197],[-3.79782,40.82209]]]},"properties":{"dam_id":"way/292208380","osm_type":"way","osm_id":292208380,"country":"ES","name":"Presa de Miraflores de la Sierra","uso":"desconhecido"}},{"type":"Feature","geometry":{"type":"LineString","coordinates":[[-5.84649,39.8677],[-5.84623,39.86765],[-5.84531,39.86784]]},"properties":{"dam_id":"way/292213342","osm_type":"way","osm_id":292213342,"country":"ES","name":null,"uso":"desconhecido"}},{"type":"Feature","geometry":{"type":"LineString","coordinates":[[2.00832,41.7062],[2.00893,41.70656]]},"properties":{"dam_id":"way/292214967","osm_type":"way","osm_id":292214967,"country":"ES","name":"presa","uso":"desconhecido"}},{"type":"Feature","geometry":{"type":"Polygon","coordinates":[[[-5.87894,39.89812],[-5.8788,39.89816],[-5.87677,39.89919],[-5.87629,39.89933],[-5.8756,39.89942],[-5.8757,39.89959],[-5.87632,39.89949],[-5.87748,39.89985],[-5.87842,39.89947],[-5.87894,39.89812]]]},"properties":{"dam_id":"way/292220745","osm_type":"way","osm_id":292220745,"country":"ES","name":null,"uso":"desconhecido"}},{"type":"Feature","geometry":{"type":"LineString","coordinates":[[-5.81703,39.89834],[-5.8168,39.89859]]},"properties":{"dam_id":"way/292222954","osm_type":"way","osm_id":292222954,"country":"ES","name":null,"uso":"desconhecido"}},{"type":"Feature","geometry":{"type":"LineString","coordinates":[[-5.79256,39.8935],[-5.79234,39.89381]]},"properties":{"dam_id":"way/292222955","osm_type":"way","osm_id":292222955,"country":"ES","name":null,"uso":"desconhecido"}},{"type":"Feature","geometry":{"type":"LineString","coordinates":[[-5.78221,39.88772],[-5.78179,39.88795]]},"properties":{"dam_id":"way/292226194","osm_type":"way","osm_id":292226194,"country":"ES","name":null,"uso":"desconhecido"}},{"type":"Feature","geometry":{"type":"LineString","coordinates":[[-5.77364,39.88812],[-5.77333,39.88851]]},"properties":{"dam_id":"way/292226824","osm_type":"way","osm_id":292226824,"country":"ES","name":null,"uso":"desconhecido"}},{"type":"Feature","geometry":{"type":"LineString","coordinates":[[-5.8699,39.8151],[-5.86642,39.81665]]},"properties":{"dam_id":"way/292283588","osm_type":"way","osm_id":292283588,"country":"ES","name":null,"uso":"desconhecido"}},{"type":"Feature","geometry":{"type":"LineString","coordinates":[[-5.74866,39.79591],[-5.7476,39.79552],[-5.74621,39.79511]]},"properties":{"dam_id":"way/292283648","osm_type":"way","osm_id":292283648,"country":"ES","name":null,"uso":"hidroelétrica"}},{"type":"Feature","geometry":{"type":"Polygon","coordinates":[[[-4.02109,40.87986],[-4.02106,40.87961],[-4.02099,40.87962],[-4.02094,40.87978],[-4.0207,40.87974],[-4.02037,40.87975],[-4.02039,40.87966],[-4.02027,40.87964],[-4.02025,40.87975],[-4.02031,40.87978],[-4.02029,40.87984],[-4.02034,40.87985],[-4.02036,40.87979],[-4.0207,40.87979],[-4.02109,40.87986]]]},"properties":{"dam_id":"way/292439088","osm_type":"way","osm_id":292439088,"country":"ES","name":"Presa del Salto del Olvido","uso":"desconhecido"}},{"type":"Feature","geometry":{"type":"LineString","coordinates":[[-5.94906,39.86953],[-5.9487,39.87013]]},"properties":{"dam_id":"way/292650114","osm_type":"way","osm_id":292650114,"country":"ES","name":null,"uso":"desconhecido"}},{"type":"Feature","geometry":{"type":"Polygon","coordinates":[[[-5.95464,39.87149],[-5.95421,39.87146],[-5.9541,39.87141],[-5.95422,39.87094],[-5.95473,39.87095],[-5.95464,39.87149]]]},"properties":{"dam_id":"way/292650116","osm_type":"way","osm_id":292650116,"country":"ES","name":null,"uso":"desconhecido"}},{"type":"Feature","geometry":{"type":"LineString","coordinates":[[-5.95446,39.90129],[-5.95346,39.90196],[-5.9529,39.90247],[-5.9528,39.90261]]},"properties":{"dam_id":"way/292652902","osm_type":"way","osm_id":292652902,"country":"ES","name":null,"uso":"desconhecido"}},{"type":"Feature","geometry":{"type":"LineString","coordinates":[[-5.68256,39.70418],[-5.68202,39.70436],[-5.68084,39.70444],[-5.68036,39.70439]]},"properties":{"dam_id":"way/292794808","osm_type":"way","osm_id":292794808,"country":"ES","name":null,"uso":"desconhecido"}},{"type":"Feature","geometry":{"type":"LineString","coordinates":[[-5.72147,39.72297],[-5.72082,39.72304]]},"properties":{"dam_id":"way/292796231","osm_type":"way","osm_id":292796231,"country":"ES","name":null,"uso":"desconhecido"}},{"type":"Feature","geometry":{"type":"Polygon","coordinates":[[[-4.435,36.77417],[-4.43441,36.77428],[-4.43395,36.77428],[-4.43351,36.77421],[-4.43344,36.77411],[-4.43376,36.77413],[-4.4339,36.77408],[-4.43422,36.7741],[-4.43421,36.77401],[-4.43461,36.77397],[-4.43463,36.77405],[-4.43493,36.774],[-4.43499,36.77408],[-4.4354,36.77401],[-4.43541,36.77407],[-4.4353,36.77413],[-4.43509,36.77419],[-4.43511,36.77422],[-4.43501,36.77425],[-4.435,36.77417]]]},"properties":{"dam_id":"way/292875030","osm_type":"way","osm_id":292875030,"country":"ES","name":"Presa del Agujero","uso":"desconhecido"}},{"type":"Feature","geometry":{"type":"LineString","coordinates":[[-5.78283,39.68205],[-5.78172,39.6819]]},"properties":{"dam_id":"way/292931676","osm_type":"way","osm_id":292931676,"country":"ES","name":null,"uso":"desconhecido"}},{"type":"Feature","geometry":{"type":"LineString","coordinates":[[-5.78849,39.68456],[-5.7885,39.6847],[-5.78839,39.68532],[-5.78818,39.68629]]},"properties":{"dam_id":"way/292931677","osm_type":"way","osm_id":292931677,"country":"ES","name":null,"uso":"desconhecido"}},{"type":"Feature","geometry":{"type":"LineString","coordinates":[[-0.50313,41.04331],[-0.50304,41.04341]]},"properties":{"dam_id":"way/293297733","osm_type":"way","osm_id":293297733,"country":"ES","name":"Presa de Valdoria","uso":"desconhecido"}},{"type":"Feature","geometry":{"type":"Polygon","coordinates":[[[-4.00995,40.74282],[-4.0095,40.74291],[-4.00943,40.7429],[-4.00952,40.74282],[-4.00986,40.74276],[-4.00995,40.74282]]]},"properties":{"dam_id":"way/293432060","osm_type":"way","osm_id":293432060,"country":"ES","name":null,"uso":"desconhecido"}},{"type":"Feature","geometry":{"type":"Polygon","coordinates":[[[-6.7281,42.17556],[-6.72805,42.17555],[-6.72805,42.17536],[-6.7279,42.17487],[-6.72776,42.17422],[-6.72783,42.17422],[-6.72784,42.17445],[-6.72812,42.17534],[-6.7281,42.17556]]]},"properties":{"dam_id":"way/294258862","osm_type":"way","osm_id":294258862,"country":"ES","name":null,"uso":"desconhecido"}},{"type":"Feature","geometry":{"type":"Polygon","coordinates":[[[-5.69527,40.13465],[-5.69526,40.13463],[-5.69539,40.13454],[-5.69543,40.13458],[-5.69536,40.13458],[-5.69527,40.13465]]]},"properties":{"dam_id":"way/294765354","osm_type":"way","osm_id":294765354,"country":"ES","name":null,"uso":"desconhecido"}},{"type":"Feature","geometry":{"type":"Polygon","coordinates":[[[-4.11149,39.86677],[-4.1115,39.86681],[-4.11203,39.86716],[-4.11221,39.86721],[-4.11282,39.86733],[-4.11331,39.8673],[-4.11332,39.86708],[-4.11295,39.86711],[-4.11222,39.86694],[-4.11185,39.86675],[-4.11149,39.86677]]]},"properties":{"dam_id":"way/294804896","osm_type":"way","osm_id":294804896,"country":"ES","name":null,"uso":"desconhecido"}},{"type":"Feature","geometry":{"type":"Polygon","coordinates":[[[1.08855,42.65398],[1.08886,42.6539],[1.08889,42.65376],[1.08917,42.65379],[1.08908,42.6539],[1.08909,42.65404],[1.08855,42.65398]]]},"properties":{"dam_id":"way/294805424","osm_type":"way","osm_id":294805424,"country":"ES","name":"Presa de Borén","uso":"desconhecido"}},{"type":"Feature","geometry":{"type":"Polygon","coordinates":[[[-3.41324,37.90901],[-3.41305,37.9088],[-3.41302,37.90883],[-3.41306,37.90889],[-3.41296,37.90897],[-3.4129,37.90891],[-3.41287,37.90894],[-3.41292,37.90899],[-3.41281,37.90907],[-3.41276,37.90901],[-3.41272,37.90904],[-3.41278,37.9091],[-3.41267,37.90917],[-3.41261,37.90911],[-3.41257,37.90914],[-3.41263,37.9092],[-3.41252,37.90928],[-3.41246,37.90923],[-3.41216,37.90945],[-3.41222,37.9095],[-3.41246,37.90934],[-3.41254,37.90932],[-3.41265,37.90942],[-3.41324,37.90901]]]},"properties":{"dam_id":"way/295397842","osm_type":"way","osm_id":295397842,"country":"ES","name":"Presa de Pedro Marín","uso":"desconhecido"}},{"type":"Feature","geometry":{"type":"Polygon","coordinates":[[[-3.18996,37.95963],[-3.19003,37.95959],[-3.18974,37.95932],[-3.18967,37.95937],[-3.18976,37.95945],[-3.18973,37.95948],[-3.18978,37.95953],[-3.18982,37.9595],[-3.18996,37.95963]]]},"properties":{"dam_id":"way/295425772","osm_type":"way","osm_id":295425772,"country":"ES","name":"Presa Puente de la Cerrada","uso":"desconhecido"}},{"type":"Feature","geometry":{"type":"LineString","coordinates":[[-3.30007,37.94279],[-3.30016,37.94274]]},"properties":{"dam_id":"way/295429873","osm_type":"way","osm_id":295429873,"country":"ES","name":null,"uso":"desconhecido"}},{"type":"Feature","geometry":{"type":"Polygon","coordinates":[[[-4.10001,40.46011],[-4.09967,40.46032],[-4.09931,40.46037],[-4.09906,40.46034],[-4.09894,40.4603],[-4.09861,40.46006],[-4.09869,40.46002],[-4.09881,40.46011],[-4.09903,40.46018],[-4.09944,40.46022],[-4.09974,40.46018],[-4.09991,40.46004],[-4.10001,40.46011]]]},"properties":{"dam_id":"way/295463566","osm_type":"way","osm_id":295463566,"country":"ES","name":null,"uso":"desconhecido"}},{"type":"Feature","geometry":{"type":"LineString","coordinates":[[-5.90942,38.31311],[-5.91022,38.31368],[-5.91049,38.3138],[-5.91078,38.31386],[-5.91468,38.31362]]},"properties":{"dam_id":"way/295974571","osm_type":"way","osm_id":295974571,"country":"ES","name":"Embalse de ArroyoConejo","uso":"desconhecido"}},{"type":"Feature","geometry":{"type":"Polygon","coordinates":[[[-2.43271,42.26734],[-2.43336,42.26712],[-2.43346,42.26694],[-2.43293,42.26648],[-2.42983,42.2658],[-2.42966,42.26596],[-2.42958,42.26614],[-2.42957,42.26631],[-2.42967,42.2668],[-2.43271,42.26734]]]},"properties":{"dam_id":"way/296266144","osm_type":"way","osm_id":296266144,"country":"ES","name":"Presa Soto - Terroba","uso":"desconhecido"}},{"type":"Feature","geometry":{"type":"LineString","coordinates":[[-4.53445,40.42312],[-4.5342,40.42349]]},"properties":{"dam_id":"way/296402983","osm_type":"way","osm_id":296402983,"country":"ES","name":"Carretera de Ávila","uso":"desconhecido"}},{"type":"Feature","geometry":{"type":"LineString","coordinates":[[0.98034,42.51248],[0.98063,42.51254],[0.98092,42.51254],[0.9812,42.51249],[0.9814,42.51242],[0.98172,42.51249]]},"properties":{"dam_id":"way/296745947","osm_type":"way","osm_id":296745947,"country":"ES","name":null,"uso":"hidroelétrica"}},{"type":"Feature","geometry":{"type":"Polygon","coordinates":[[[-4.76136,40.13298],[-4.76033,40.13201],[-4.76019,40.13203],[-4.75963,40.13189],[-4.75936,40.13197],[-4.76079,40.13338],[-4.76102,40.13357],[-4.7613,40.13348],[-4.76136,40.13298]]]},"properties":{"dam_id":"way/296753313","osm_type":"way","osm_id":296753313,"country":"ES","name":null,"uso":"desconhecido"}},{"type":"Feature","geometry":{"type":"Polygon","coordinates":[[[1.00411,42.52389],[1.00434,42.52368],[1.00454,42.52342],[1.00431,42.52372],[1.00411,42.52389]]]},"properties":{"dam_id":"way/296820775","osm_type":"way","osm_id":296820775,"country":"ES","name":null,"uso":"desconhecido"}},{"type":"Feature","geometry":{"type":"Polygon","coordinates":[[[0.97457,42.53517],[0.97518,42.53506],[0.97574,42.53489],[0.97517,42.53504],[0.97458,42.53505],[0.974,42.53517],[0.97355,42.53522],[0.9741,42.53522],[0.97457,42.53517]]]},"properties":{"dam_id":"way/296857317","osm_type":"way","osm_id":296857317,"country":"ES","name":null,"uso":"desconhecido"}},{"type":"Feature","geometry":{"type":"Polygon","coordinates":[[[0.9744,42.53045],[0.97433,42.5304],[0.97432,42.53031],[0.97422,42.53021],[0.97415,42.5302],[0.97407,42.53007],[0.97418,42.53032],[0.97432,42.53043],[0.9744,42.53045]]]},"properties":{"dam_id":"way/296882657","osm_type":"way","osm_id":296882657,"country":"ES","name":null,"uso":"desconhecido"}},{"type":"Feature","geometry":{"type":"LineString","coordinates":[[-0.44513,40.05222],[-0.44441,40.05335]]},"properties":{"dam_id":"way/297015529","osm_type":"way","osm_id":297015529,"country":"ES","name":"Presa de Cirat","uso":"desconhecido"}},{"type":"Feature","geometry":{"type":"Polygon","coordinates":[[[1.0024,42.50793],[1.00229,42.50806],[1.00211,42.50814],[1.00184,42.50835],[1.0013,42.50853],[1.00121,42.50852],[1.00108,42.50843],[1.00102,42.50845],[1.00111,42.50855],[1.00106,42.50867],[1.00092,42.50872],[1.00056,42.50877],[1.00056,42.50878],[1.00083,42.50877],[1.00108,42.50872],[1.00135,42.50861],[1.00153,42.50847],[1.00195,42.50834],[1.00234,42.50806],[1.00243,42.50794],[1.0024,42.50793]]]},"properties":{"dam_id":"way/297038893","osm_type":"way","osm_id":297038893,"country":"ES","name":null,"uso":"hidroelétrica"}},{"type":"Feature","geometry":{"type":"Polygon","coordinates":[[[1.01216,42.51573],[1.01223,42.51572],[1.01189,42.51563],[1.0118,42.51566],[1.01216,42.51573]]]},"properties":{"dam_id":"way/297051603","osm_type":"way","osm_id":297051603,"country":"ES","name":null,"uso":"hidroelétrica"}},{"type":"Feature","geometry":{"type":"Polygon","coordinates":[[[1.01053,42.52018],[1.01063,42.52008],[1.01082,42.51999],[1.01091,42.51987],[1.01077,42.52001],[1.01059,42.52009],[1.01053,42.52018]]]},"properties":{"dam_id":"way/297053944","osm_type":"way","osm_id":297053944,"country":"ES","name":null,"uso":"desconhecido"}},{"type":"Feature","geometry":{"type":"Polygon","coordinates":[[[-3.57935,38.07894],[-3.57966,38.07935],[-3.57993,38.07959],[-3.58023,38.0798],[-3.58095,38.08021],[-3.581,38.08017],[-3.58082,38.08003],[-3.58031,38.07978],[-3.58004,38.0796],[-3.57975,38.07935],[-3.57985,38.0793],[-3.57981,38.07926],[-3.57973,38.07933],[-3.57938,38.07894],[-3.57935,38.07894]]]},"properties":{"dam_id":"way/297373026","osm_type":"way","osm_id":297373026,"country":"ES","name":null,"uso":"desconhecido"}},{"type":"Feature","geometry":{"type":"LineString","coordinates":[[-5.25497,40.3894],[-5.25437,40.38893]]},"properties":{"dam_id":"way/297721931","osm_type":"way","osm_id":297721931,"country":"ES","name":"Presa de Navacepeda","uso":"desconhecido"}},{"type":"Feature","geometry":{"type":"LineString","coordinates":[[-5.13523,40.30894],[-5.13496,40.30908]]},"properties":{"dam_id":"way/297771903","osm_type":"way","osm_id":297771903,"country":"ES","name":null,"uso":"desconhecido"}},{"type":"Feature","geometry":{"type":"LineString","coordinates":[[0.64925,40.62797],[0.64975,40.62812]]},"properties":{"dam_id":"way/298280535","osm_type":"way","osm_id":298280535,"country":"ES","name":null,"uso":"desconhecido"}},{"type":"Feature","geometry":{"type":"LineString","coordinates":[[0.22156,42.11011],[0.22143,42.10999],[0.22128,42.10971],[0.22126,42.10944],[0.22129,42.10927]]},"properties":{"dam_id":"way/298888349","osm_type":"way","osm_id":298888349,"country":"ES","name":null,"uso":"hidroelétrica"}},{"type":"Feature","geometry":{"type":"Polygon","coordinates":[[[-5.77718,36.30016],[-5.77703,36.30039],[-5.77693,36.30039],[-5.77698,36.29942],[-5.7771,36.29942],[-5.7772,36.29964],[-5.77718,36.30016]]]},"properties":{"dam_id":"way/299282177","osm_type":"way","osm_id":299282177,"country":"ES","name":"Presa de Celemín","uso":"desconhecido"}},{"type":"Feature","geometry":{"type":"Polygon","coordinates":[[[-5.56405,36.66158],[-5.56407,36.66138],[-5.5628,36.66127],[-5.56233,36.66098],[-5.56172,36.66093],[-5.56155,36.66104],[-5.56103,36.661],[-5.56025,36.66109],[-5.55986,36.66104],[-5.55981,36.661],[-5.55982,36.66091],[-5.55969,36.66089],[-5.55965,36.66125],[-5.56022,36.66128],[-5.56023,36.66126],[-5.56314,36.66148],[-5.56313,36.66151],[-5.56405,36.66158]]]},"properties":{"dam_id":"way/299283649","osm_type":"way","osm_id":299283649,"country":"ES","name":"Presa de Los Hurones","uso":"desconhecido"}},{"type":"Feature","geometry":{"type":"LineString","coordinates":[[-0.27236,38.82034],[-0.27247,38.8202]]},"properties":{"dam_id":"way/299871759","osm_type":"way","osm_id":299871759,"country":"ES","name":null,"uso":"desconhecido"}},{"type":"Feature","geometry":{"type":"LineString","coordinates":[[-4.59948,39.3283],[-4.59843,39.3298]]},"properties":{"dam_id":"way/300533570","osm_type":"way","osm_id":300533570,"country":"ES","name":null,"uso":"desconhecido"}},{"type":"Feature","geometry":{"type":"LineString","coordinates":[[-0.32037,40.02662],[-0.32114,40.02632]]},"properties":{"dam_id":"way/301092305","osm_type":"way","osm_id":301092305,"country":"ES","name":null,"uso":"desconhecido"}},{"type":"Feature","geometry":{"type":"LineString","coordinates":[[-4.89059,40.09784],[-4.8904,40.09822],[-4.88935,40.09837],[-4.88929,40.09841]]},"properties":{"dam_id":"way/301600054","osm_type":"way","osm_id":301600054,"country":"ES","name":null,"uso":"desconhecido"}},{"type":"Feature","geometry":{"type":"LineString","coordinates":[[-4.83416,40.08482],[-4.83392,40.0853]]},"properties":{"dam_id":"way/301601873","osm_type":"way","osm_id":301601873,"country":"ES","name":null,"uso":"desconhecido"}},{"type":"Feature","geometry":{"type":"LineString","coordinates":[[-4.85788,40.07763],[-4.85836,40.07836],[-4.85829,40.07848]]},"properties":{"dam_id":"way/301601880","osm_type":"way","osm_id":301601880,"country":"ES","name":null,"uso":"desconhecido"}},{"type":"Feature","geometry":{"type":"LineString","coordinates":[[-5.87289,42.31363],[-5.87251,42.3134]]},"properties":{"dam_id":"way/301667087","osm_type":"way","osm_id":301667087,"country":"ES","name":null,"uso":"desconhecido"}},{"type":"Feature","geometry":{"type":"LineString","coordinates":[[-6.05646,42.63151],[-6.05655,42.63131]]},"properties":{"dam_id":"way/301787477","osm_type":"way","osm_id":301787477,"country":"ES","name":null,"uso":"desconhecido"}},{"type":"Feature","geometry":{"type":"Polygon","coordinates":[[[-0.19182,38.68059],[-0.19165,38.68054],[-0.19153,38.68009],[-0.19168,38.67971],[-0.19246,38.67849],[-0.19254,38.67849],[-0.19253,38.67864],[-0.19182,38.68059]]]},"properties":{"dam_id":"way/302347560","osm_type":"way","osm_id":302347560,"country":"ES","name":"Presa de Guadalest","uso":"desconhecido"}},{"type":"Feature","geometry":{"type":"Polygon","coordinates":[[[-0.48097,38.93904],[-0.48103,38.93921],[-0.4787,38.9396],[-0.47822,38.93998],[-0.47717,38.94014],[-0.47712,38.93995],[-0.47695,38.93998],[-0.47696,38.94008],[-0.4765,38.93998],[-0.47638,38.9398],[-0.48097,38.93904]]]},"properties":{"dam_id":"way/302348446","osm_type":"way","osm_id":302348446,"country":"ES","name":null,"uso":"desconhecido"}},{"type":"Feature","geometry":{"type":"Polygon","coordinates":[[[-4.90066,43.21773],[-4.90062,43.21781],[-4.90062,43.21774],[-4.9005,43.2177],[-4.90049,43.21766],[-4.90066,43.21773]]]},"properties":{"dam_id":"way/302586412","osm_type":"way","osm_id":302586412,"country":"ES","name":"Presa de Caín","uso":"desconhecido"}},{"type":"Feature","geometry":{"type":"Polygon","coordinates":[[[-5.02723,43.20645],[-5.02713,43.20634],[-5.02708,43.20634],[-5.02707,43.2062],[-5.02701,43.20632],[-5.02687,43.20636],[-5.02679,43.20643],[-5.02677,43.20652],[-5.02667,43.20653],[-5.02654,43.20659],[-5.0267,43.20663],[-5.02665,43.20665],[-5.0267,43.2067],[-5.02686,43.2067],[-5.02683,43.20647],[-5.02694,43.20637],[-5.02723,43.20645]]]},"properties":{"dam_id":"way/302589613","osm_type":"way","osm_id":302589613,"country":"ES","name":"Presa de La Jocica","uso":"desconhecido"}},{"type":"Feature","geometry":{"type":"Polygon","coordinates":[[[-5.6674,40.13547],[-5.66759,40.13548],[-5.6674,40.13546],[-5.6674,40.13547]]]},"properties":{"dam_id":"way/302884367","osm_type":"way","osm_id":302884367,"country":"ES","name":null,"uso":"desconhecido"}},{"type":"Feature","geometry":{"type":"LineString","coordinates":[[-4.66737,40.04999],[-4.66695,40.05]]},"properties":{"dam_id":"way/303172946","osm_type":"way","osm_id":303172946,"country":"ES","name":null,"uso":"desconhecido"}},{"type":"Feature","geometry":{"type":"LineString","coordinates":[[-4.67318,40.04253],[-4.67303,40.04253],[-4.67293,40.04258],[-4.67285,40.04268]]},"properties":{"dam_id":"way/303172953","osm_type":"way","osm_id":303172953,"country":"ES","name":null,"uso":"desconhecido"}},{"type":"Feature","geometry":{"type":"LineString","coordinates":[[-4.55335,39.62936],[-4.55318,39.62932]]},"properties":{"dam_id":"way/303657475","osm_type":"way","osm_id":303657475,"country":"ES","name":null,"uso":"desconhecido"}},{"type":"Feature","geometry":{"type":"LineString","coordinates":[[-5.46364,39.30222],[-5.46303,39.30214]]},"properties":{"dam_id":"way/303912335","osm_type":"way","osm_id":303912335,"country":"ES","name":null,"uso":"desconhecido"}},{"type":"Feature","geometry":{"type":"Polygon","coordinates":[[[-5.3899,39.39203],[-5.39004,39.39228],[-5.39053,39.39264],[-5.39062,39.39278],[-5.39073,39.39318],[-5.39073,39.39337],[-5.39083,39.39376],[-5.39074,39.39379],[-5.38992,39.39226],[-5.38981,39.39206],[-5.3899,39.39203]]]},"properties":{"dam_id":"way/303927993","osm_type":"way","osm_id":303927993,"country":"ES","name":"Presa Cancho del Fresno","uso":"desconhecido"}},{"type":"Feature","geometry":{"type":"LineString","coordinates":[[-0.79149,39.13174],[-0.79147,39.13161]]},"properties":{"dam_id":"way/304407411","osm_type":"way","osm_id":304407411,"country":"ES","name":null,"uso":"desconhecido"}},{"type":"Feature","geometry":{"type":"LineString","coordinates":[[-8.50314,42.38196],[-8.50278,42.38232],[-8.50317,42.38268]]},"properties":{"dam_id":"way/304407614","osm_type":"way","osm_id":304407614,"country":"ES","name":null,"uso":"desconhecido"}},{"type":"Feature","geometry":{"type":"LineString","coordinates":[[-0.79655,39.13444],[-0.79661,39.13432]]},"properties":{"dam_id":"way/304407972","osm_type":"way","osm_id":304407972,"country":"ES","name":null,"uso":"desconhecido"}},{"type":"Feature","geometry":{"type":"LineString","coordinates":[[-8.55542,42.35034],[-8.55539,42.3503]]},"properties":{"dam_id":"way/304421151","osm_type":"way","osm_id":304421151,"country":"ES","name":null,"uso":"hidroelétrica"}},{"type":"Feature","geometry":{"type":"LineString","coordinates":[[-4.38605,39.62541],[-4.38554,39.62527],[-4.38476,39.62514]]},"properties":{"dam_id":"way/304428429","osm_type":"way","osm_id":304428429,"country":"ES","name":null,"uso":"desconhecido"}},{"type":"Feature","geometry":{"type":"LineString","coordinates":[[-4.39719,39.59351],[-4.39664,39.59354],[-4.39661,39.59364],[-4.39639,39.59373],[-4.3941,39.59327]]},"properties":{"dam_id":"way/304436737","osm_type":"way","osm_id":304436737,"country":"ES","name":null,"uso":"desconhecido"}},{"type":"Feature","geometry":{"type":"LineString","coordinates":[[-2.94658,35.30166],[-2.9463,35.30162]]},"properties":{"dam_id":"way/304668754","osm_type":"way","osm_id":304668754,"country":"ES","name":null,"uso":"desconhecido"}},{"type":"Feature","geometry":{"type":"LineString","coordinates":[[-2.95435,35.29912],[-2.95413,35.29912]]},"properties":{"dam_id":"way/304679176","osm_type":"way","osm_id":304679176,"country":"ES","name":null,"uso":"desconhecido"}},{"type":"Feature","geometry":{"type":"LineString","coordinates":[[-5.35275,41.4858],[-5.35096,41.48648]]},"properties":{"dam_id":"way/304709955","osm_type":"way","osm_id":304709955,"country":"ES","name":null,"uso":"desconhecido"}},{"type":"Feature","geometry":{"type":"LineString","coordinates":[[0.57826,41.84819],[0.57907,41.84817]]},"properties":{"dam_id":"way/305265519","osm_type":"way","osm_id":305265519,"country":"ES","name":null,"uso":"desconhecido"}},{"type":"Feature","geometry":{"type":"Polygon","coordinates":[[[1.16361,41.92958],[1.16366,41.92964],[1.16395,41.92969],[1.16394,41.92971],[1.16433,41.92996],[1.16439,41.9299],[1.16455,41.92989],[1.16456,41.92987],[1.16422,41.92966],[1.16469,41.92817],[1.16441,41.92812],[1.16399,41.92964],[1.16361,41.92958]]]},"properties":{"dam_id":"way/305431090","osm_type":"way","osm_id":305431090,"country":"ES","name":"Presa del Canal d'Urgell","uso":"desconhecido"}},{"type":"Feature","geometry":{"type":"Polygon","coordinates":[[[-5.6494,39.19184],[-5.64417,39.19366],[-5.64131,39.19461],[-5.64126,39.19451],[-5.64187,39.19419],[-5.64383,39.19339],[-5.64522,39.19294],[-5.64629,39.19255],[-5.64714,39.19252],[-5.64813,39.19221],[-5.64907,39.19185],[-5.64931,39.19166],[-5.6494,39.19184]]]},"properties":{"dam_id":"way/305682787","osm_type":"way","osm_id":305682787,"country":"ES","name":"Presa de Sierra Brava","uso":"desconhecido"}},{"type":"Feature","geometry":{"type":"LineString","coordinates":[[-4.52029,43.3816],[-4.52041,43.38168],[-4.52069,43.3821]]},"properties":{"dam_id":"way/305779240","osm_type":"way","osm_id":305779240,"country":"ES","name":null,"uso":"desconhecido"}},{"type":"Feature","geometry":{"type":"LineString","coordinates":[[-4.35113,43.32883],[-4.35137,43.32879]]},"properties":{"dam_id":"way/305912408","osm_type":"way","osm_id":305912408,"country":"ES","name":null,"uso":"desconhecido"}},{"type":"Feature","geometry":{"type":"Polygon","coordinates":[[[-4.37775,43.14931],[-4.37773,43.14933],[-4.37755,43.14921],[-4.37737,43.1493],[-4.37749,43.14919],[-4.37734,43.14908],[-4.3772,43.14919],[-4.37731,43.14906],[-4.37714,43.14896],[-4.37715,43.14893],[-4.37775,43.14931]]]},"properties":{"dam_id":"way/306148303","osm_type":"way","osm_id":306148303,"country":"ES","name":null,"uso":"desconhecido"}},{"type":"Feature","geometry":{"type":"Polygon","coordinates":[[[-5.98319,39.19212],[-5.98286,39.19134],[-5.9812,39.18884],[-5.97965,39.18815],[-5.9785,39.18758],[-5.97763,39.18699],[-5.97835,39.18768],[-5.97995,39.18907],[-5.98319,39.19212]]]},"properties":{"dam_id":"way/306811258","osm_type":"way","osm_id":306811258,"country":"ES","name":null,"uso":"desconhecido"}},{"type":"Feature","geometry":{"type":"LineString","coordinates":[[-6.50361,39.3472],[-6.50443,39.34642]]},"properties":{"dam_id":"way/306914256","osm_type":"way","osm_id":306914256,"country":"ES","name":null,"uso":"desconhecido"}},{"type":"Feature","geometry":{"type":"Polygon","coordinates":[[[-5.74342,39.24979],[-5.74349,39.24986],[-5.74422,39.2495],[-5.74654,39.24831],[-5.74928,39.24698],[-5.74923,39.24691],[-5.74697,39.24795],[-5.74471,39.24909],[-5.74342,39.24979]]]},"properties":{"dam_id":"way/307105128","osm_type":"way","osm_id":307105128,"country":"ES","name":"Presa de Alcollarín","uso":"desconhecido"}},{"type":"Feature","geometry":{"type":"Polygon","coordinates":[[[-0.42845,42.30422],[-0.42844,42.30419],[-0.42859,42.30415],[-0.42864,42.30411],[-0.42878,42.30394],[-0.42887,42.30393],[-0.42886,42.30382],[-0.42905,42.30392],[-0.42909,42.30391],[-0.42954,42.30406],[-0.42956,42.30411],[-0.42912,42.30412],[-0.42845,42.30422]]]},"properties":{"dam_id":"way/307160508","osm_type":"way","osm_id":307160508,"country":"ES","name":"Embalse de Arguis","uso":"desconhecido"}},{"type":"Feature","geometry":{"type":"Polygon","coordinates":[[[-3.86245,36.81448],[-3.86202,36.81441],[-3.86201,36.81443],[-3.86243,36.8145],[-3.86245,36.81448]]]},"properties":{"dam_id":"way/307183071","osm_type":"way","osm_id":307183071,"country":"ES","name":"La Presa","uso":"desconhecido"}},{"type":"Feature","geometry":{"type":"Polygon","coordinates":[[[-3.74616,36.85069],[-3.74562,36.85092],[-3.74564,36.85097],[-3.74619,36.85073],[-3.74616,36.85069]]]},"properties":{"dam_id":"way/307210068","osm_type":"way","osm_id":307210068,"country":"ES","name":null,"uso":"desconhecido"}},{"type":"Feature","geometry":{"type":"LineString","coordinates":[[-6.56499,39.50411],[-6.55909,39.503]]},"properties":{"dam_id":"way/307219293","osm_type":"way","osm_id":307219293,"country":"ES","name":null,"uso":"desconhecido"}},{"type":"Feature","geometry":{"type":"LineString","coordinates":[[-6.44323,39.59295],[-6.44653,39.59313],[-6.4478,39.59383],[-6.44823,39.59374]]},"properties":{"dam_id":"way/307219834","osm_type":"way","osm_id":307219834,"country":"ES","name":null,"uso":"desconhecido"}},{"type":"Feature","geometry":{"type":"LineString","coordinates":[[-6.61052,39.64169],[-6.61253,39.63978]]},"properties":{"dam_id":"way/307219971","osm_type":"way","osm_id":307219971,"country":"ES","name":"Embalse de Navas del Madroño","uso":"desconhecido"}},{"type":"Feature","geometry":{"type":"LineString","coordinates":[[-6.58807,39.6606],[-6.58772,39.66059],[-6.5874,39.66054],[-6.58657,39.66109]]},"properties":{"dam_id":"way/307220129","osm_type":"way","osm_id":307220129,"country":"ES","name":null,"uso":"desconhecido"}},{"type":"Feature","geometry":{"type":"Polygon","coordinates":[[[-6.50431,39.42069],[-6.50434,39.42069],[-6.50432,39.42084],[-6.50424,39.42102],[-6.50428,39.42103],[-6.50422,39.42104],[-6.50409,39.42121],[-6.50403,39.4214],[-6.50422,39.42141],[-6.50427,39.42144],[-6.50423,39.42148],[-6.50402,39.42145],[-6.50406,39.42151],[-6.50401,39.42151],[-6.50405,39.42154],[-6.50401,39.42154],[-6.50401,39.42157],[-6.50405,39.42157],[-6.504,39.42161],[-6.50404,39.42163],[-6.50399,39.42162],[-6.50396,39.42175],[-6.50393,39.42175],[-6.50384,39.422],[-6.50375,39.42215],[-6.50376,39.42221],[-6.50372,39.42229],[-6.50376,39.4223],[-6.50371,39.42231],[-6.50369,39.42236],[-6.50373,39.42237],[-6.50371,39.4224],[-6.50367,39.42238],[-6.50366,39.42247],[-6.50362,39.42245],[-6.50345,39.42264],[-6.50315,39.42284],[-6.5032,39.42301],[-6.50336,39.42317],[-6.5035,39.42324],[-6.50347,39.42325],[-6.50358,39.42343],[-6.50362,39.42341],[-6.5036,39.42345],[-6.50368,39.42348],[-6.50367,39.42353],[-6.50372,39.42353],[-6.50368,39.42355],[-6.50372,39.4236],[-6.50377,39.42359],[-6.50378,39.42361],[-6.50375,39.42363],[-6.50376,39.42365],[-6.5038,39.42363],[-6.50389,39.42376],[-6.50388,39.42377],[-6.50395,39.42381],[-6.50398,39.42392],[-6.50416,39.42414],[-6.50365,39.42358],[-6.50343,39.42326],[-6.50318,39.42301],[-6.50313,39.42287],[-6.50314,39.42283],[-6.50322,39.42272],[-6.50354,39.42247],[-6.50384,39.422],[-6.50397,39.42159],[-6.504,39.4213],[-6.50425,39.42093],[-6.50431,39.42069]]]},"properties":{"dam_id":"way/307220325","osm_type":"way","osm_id":307220325,"country":"ES","name":null,"uso":"desconhecido"}},{"type":"Feature","geometry":{"type":"LineString","coordinates":[[-6.66201,40.1817],[-6.66184,40.18163]]},"properties":{"dam_id":"way/307331401","osm_type":"way","osm_id":307331401,"country":"ES","name":null,"uso":"desconhecido"}},{"type":"Feature","geometry":{"type":"LineString","coordinates":[[-6.53514,40.23561],[-6.53486,40.23563]]},"properties":{"dam_id":"way/307332180","osm_type":"way","osm_id":307332180,"country":"ES","name":null,"uso":"desconhecido"}},{"type":"Feature","geometry":{"type":"LineString","coordinates":[[-6.79256,40.21206],[-6.79254,40.21196]]},"properties":{"dam_id":"way/307333627","osm_type":"way","osm_id":307333627,"country":"ES","name":null,"uso":"desconhecido"}},{"type":"Feature","geometry":{"type":"LineString","coordinates":[[-6.6923,40.17359],[-6.69189,40.1738]]},"properties":{"dam_id":"way/307333996","osm_type":"way","osm_id":307333996,"country":"ES","name":null,"uso":"desconhecido"}},{"type":"Feature","geometry":{"type":"LineString","coordinates":[[-6.67925,40.16907],[-6.6792,40.16892]]},"properties":{"dam_id":"way/307335461","osm_type":"way","osm_id":307335461,"country":"ES","name":null,"uso":"desconhecido"}},{"type":"Feature","geometry":{"type":"LineString","coordinates":[[-6.49165,40.22545],[-6.49088,40.22411]]},"properties":{"dam_id":"way/307345989","osm_type":"way","osm_id":307345989,"country":"ES","name":null,"uso":"desconhecido"}},{"type":"Feature","geometry":{"type":"LineString","coordinates":[[-6.31191,39.67303],[-6.31227,39.67098]]},"properties":{"dam_id":"way/307348859","osm_type":"way","osm_id":307348859,"country":"ES","name":null,"uso":"desconhecido"}},{"type":"Feature","geometry":{"type":"LineString","coordinates":[[-5.98198,40.26224],[-5.98178,40.26214]]},"properties":{"dam_id":"way/307790924","osm_type":"way","osm_id":307790924,"country":"ES","name":null,"uso":"desconhecido"}},{"type":"Feature","geometry":{"type":"LineString","coordinates":[[-6.18561,40.38322],[-6.1856,40.38283]]},"properties":{"dam_id":"way/307992044","osm_type":"way","osm_id":307992044,"country":"ES","name":null,"uso":"desconhecido"}},{"type":"Feature","geometry":{"type":"LineString","coordinates":[[-6.71503,40.2179],[-6.71483,40.21797]]},"properties":{"dam_id":"way/307995589","osm_type":"way","osm_id":307995589,"country":"ES","name":null,"uso":"desconhecido"}},{"type":"Feature","geometry":{"type":"Polygon","coordinates":[[[-6.63808,40.13687],[-6.63722,40.13711],[-6.63725,40.13722],[-6.6374,40.13718],[-6.6374,40.13714],[-6.63735,40.13709],[-6.63794,40.13692],[-6.63802,40.137],[-6.63814,40.13696],[-6.63808,40.13687]]]},"properties":{"dam_id":"way/369175880","osm_type":"way","osm_id":369175880,"country":"ES","name":"Represa Auxiliar","uso":"desconhecido"}},{"type":"Feature","geometry":{"type":"Polygon","coordinates":[[[-6.57809,40.12588],[-6.57739,40.12516],[-6.57677,40.12453],[-6.57696,40.12458],[-6.57736,40.12482],[-6.5778,40.12525],[-6.57795,40.12552],[-6.57809,40.12588]]]},"properties":{"dam_id":"way/307996479","osm_type":"way","osm_id":307996479,"country":"ES","name":"Presa de Borbollon","uso":"desconhecido"}},{"type":"Feature","geometry":{"type":"LineString","coordinates":[[-5.85507,40.31814],[-5.85517,40.31803]]},"properties":{"dam_id":"way/308002571","osm_type":"way","osm_id":308002571,"country":"ES","name":null,"uso":"desconhecido"}},{"type":"Feature","geometry":{"type":"LineString","coordinates":[[-6.21295,40.45939],[-6.21283,40.45934]]},"properties":{"dam_id":"way/308004193","osm_type":"way","osm_id":308004193,"country":"ES","name":null,"uso":"desconhecido"}},{"type":"Feature","geometry":{"type":"LineString","coordinates":[[-6.47048,40.32533],[-6.47038,40.32525]]},"properties":{"dam_id":"way/308005493","osm_type":"way","osm_id":308005493,"country":"ES","name":null,"uso":"desconhecido"}},{"type":"Feature","geometry":{"type":"LineString","coordinates":[[-6.48317,40.30753],[-6.48298,40.30757]]},"properties":{"dam_id":"way/308005628","osm_type":"way","osm_id":308005628,"country":"ES","name":null,"uso":"desconhecido"}},{"type":"Feature","geometry":{"type":"LineString","coordinates":[[-6.49914,40.28951],[-6.499,40.28958]]},"properties":{"dam_id":"way/308005874","osm_type":"way","osm_id":308005874,"country":"ES","name":null,"uso":"desconhecido"}},{"type":"Feature","geometry":{"type":"LineString","coordinates":[[-6.50798,40.19029],[-6.5077,40.19012]]},"properties":{"dam_id":"way/308006576","osm_type":"way","osm_id":308006576,"country":"ES","name":null,"uso":"desconhecido"}},{"type":"Feature","geometry":{"type":"LineString","coordinates":[[-6.57841,39.48057],[-6.57894,39.48135]]},"properties":{"dam_id":"way/308020389","osm_type":"way","osm_id":308020389,"country":"ES","name":null,"uso":"desconhecido"}},{"type":"Feature","geometry":{"type":"LineString","coordinates":[[-6.58281,39.47879],[-6.58207,39.47848]]},"properties":{"dam_id":"way/308020556","osm_type":"way","osm_id":308020556,"country":"ES","name":null,"uso":"desconhecido"}},{"type":"Feature","geometry":{"type":"Polygon","coordinates":[[[-4.03514,38.53068],[-4.03499,38.53075],[-4.03463,38.53086],[-4.03462,38.53083],[-4.03477,38.53074],[-4.03512,38.53066],[-4.03514,38.53068]]]},"properties":{"dam_id":"way/308197416","osm_type":"way","osm_id":308197416,"country":"ES","name":null,"uso":"desconhecido"}},{"type":"Feature","geometry":{"type":"Polygon","coordinates":[[[-4.10766,38.59401],[-4.10759,38.59385],[-4.1076,38.59385],[-4.10766,38.59401]]]},"properties":{"dam_id":"way/308244852","osm_type":"way","osm_id":308244852,"country":"ES","name":null,"uso":"desconhecido"}},{"type":"Feature","geometry":{"type":"LineString","coordinates":[[-5.65709,40.15849],[-5.65689,40.15836]]},"properties":{"dam_id":"way/308409185","osm_type":"way","osm_id":308409185,"country":"ES","name":null,"uso":"desconhecido"}},{"type":"Feature","geometry":{"type":"LineString","coordinates":[[-0.33219,39.93649],[-0.33089,39.93646]]},"properties":{"dam_id":"way/308414386","osm_type":"way","osm_id":308414386,"country":"ES","name":null,"uso":"desconhecido"}},{"type":"Feature","geometry":{"type":"LineString","coordinates":[[-5.75777,39.94176],[-5.75739,39.94175]]},"properties":{"dam_id":"way/308417550","osm_type":"way","osm_id":308417550,"country":"ES","name":null,"uso":"desconhecido"}},{"type":"Feature","geometry":{"type":"Polygon","coordinates":[[[-2.91274,42.15832],[-2.91285,42.15837],[-2.91278,42.15845],[-2.91168,42.15862],[-2.91146,42.15862],[-2.91107,42.15852],[-2.91107,42.15846],[-2.91094,42.15826],[-2.91063,42.15793],[-2.91063,42.15787],[-2.91274,42.15832]]]},"properties":{"dam_id":"way/308532333","osm_type":"way","osm_id":308532333,"country":"ES","name":"Presa de Mansilla","uso":"desconhecido"}},{"type":"Feature","geometry":{"type":"LineString","coordinates":[[-3.90655,43.31156],[-3.90705,43.31135]]},"properties":{"dam_id":"way/308535617","osm_type":"way","osm_id":308535617,"country":"ES","name":null,"uso":"desconhecido"}},{"type":"Feature","geometry":{"type":"Polygon","coordinates":[[[-3.97506,38.2253],[-3.97487,38.22522],[-3.97432,38.22508],[-3.97396,38.22493],[-3.97389,38.22502],[-3.97374,38.22494],[-3.97368,38.22491],[-3.97374,38.22482],[-3.97332,38.22453],[-3.973,38.22421],[-3.97321,38.22408],[-3.97404,38.2242],[-3.97417,38.22415],[-3.9748,38.22444],[-3.97489,38.22485],[-3.97519,38.22513],[-3.97506,38.2253]]]},"properties":{"dam_id":"way/309057402","osm_type":"way","osm_id":309057402,"country":"ES","name":"Presa del Jándula","uso":"desconhecido"}},{"type":"Feature","geometry":{"type":"LineString","coordinates":[[2.26014,42.34103],[2.25976,42.34076]]},"properties":{"dam_id":"way/309363762","osm_type":"way","osm_id":309363762,"country":"ES","name":"Presa de Tregurà","uso":"desconhecido"}},{"type":"Feature","geometry":{"type":"Polygon","coordinates":[[[-1.71232,43.07303],[-1.71203,43.07295],[-1.71192,43.0729],[-1.71156,43.0726],[-1.71115,43.07244],[-1.71112,43.07239],[-1.71157,43.07249],[-1.7118,43.0726],[-1.71221,43.07287],[-1.71232,43.07303]]]},"properties":{"dam_id":"way/309375403","osm_type":"way","osm_id":309375403,"country":"ES","name":null,"uso":"desconhecido"}},{"type":"Feature","geometry":{"type":"Polygon","coordinates":[[[-0.16211,40.02846],[-0.16213,40.02843],[-0.16233,40.02849],[-0.16264,40.02852],[-0.163,40.02849],[-0.16327,40.02835],[-0.16364,40.02822],[-0.16385,40.02807],[-0.16404,40.02785],[-0.16425,40.02754],[-0.16427,40.02741],[-0.16441,40.02732],[-0.16447,40.0272],[-0.16454,40.02719],[-0.16454,40.02754],[-0.16447,40.02776],[-0.16435,40.02796],[-0.16415,40.02819],[-0.16385,40.02839],[-0.16361,40.02849],[-0.16323,40.02859],[-0.16287,40.02862],[-0.16258,40.0286],[-0.1623,40.02854],[-0.16211,40.02846]]]},"properties":{"dam_id":"way/309738932","osm_type":"way","osm_id":309738932,"country":"ES","name":null,"uso":"desconhecido"}},{"type":"Feature","geometry":{"type":"Polygon","coordinates":[[[-4.63067,39.23181],[-4.63007,39.23157],[-4.63005,39.23154],[-4.63023,39.23156],[-4.63057,39.23168],[-4.63067,39.23181]]]},"properties":{"dam_id":"way/310165369","osm_type":"way","osm_id":310165369,"country":"ES","name":null,"uso":"desconhecido"}},{"type":"Feature","geometry":{"type":"LineString","coordinates":[[0.5712,41.83741],[0.57119,41.83729]]},"properties":{"dam_id":"way/310772940","osm_type":"way","osm_id":310772940,"country":"ES","name":null,"uso":"desconhecido"}},{"type":"Feature","geometry":{"type":"LineString","coordinates":[[1.87318,41.85605],[1.87325,41.85596],[1.87424,41.85661],[1.87522,41.85683]]},"properties":{"dam_id":"way/311224047","osm_type":"way","osm_id":311224047,"country":"ES","name":null,"uso":"desconhecido"}},{"type":"Feature","geometry":{"type":"LineString","coordinates":[[1.87962,41.83054],[1.87973,41.83065],[1.87951,41.83084],[1.87952,41.83102],[1.87969,41.83119],[1.87996,41.83131],[1.88008,41.83134],[1.88007,41.83141]]},"properties":{"dam_id":"way/311224874","osm_type":"way","osm_id":311224874,"country":"ES","name":null,"uso":"desconhecido"}},{"type":"Feature","geometry":{"type":"Polygon","coordinates":[[[-6.25095,43.11838],[-6.25098,43.11826],[-6.25105,43.11818],[-6.25109,43.1182],[-6.25095,43.11838]]]},"properties":{"dam_id":"way/311372693","osm_type":"way","osm_id":311372693,"country":"ES","name":"Embalse de Saliencia","uso":"desconhecido"}},{"type":"Feature","geometry":{"type":"Polygon","coordinates":[[[-6.25123,43.11796],[-6.25121,43.11801],[-6.25138,43.11807],[-6.25151,43.11807],[-6.25153,43.11804],[-6.25145,43.11805],[-6.25123,43.11796]]]},"properties":{"dam_id":"way/311462665","osm_type":"way","osm_id":311462665,"country":"ES","name":"Embalse de Somiedo","uso":"desconhecido"}},{"type":"Feature","geometry":{"type":"Polygon","coordinates":[[[-3.44239,40.88343],[-3.4417,40.88364],[-3.44155,40.88361],[-3.44135,40.88346],[-3.44232,40.88313],[-3.44234,40.88317],[-3.44237,40.88316],[-3.44245,40.88335],[-3.44239,40.88343]]]},"properties":{"dam_id":"way/312065377","osm_type":"way","osm_id":312065377,"country":"ES","name":"Pontón de la Oliva","uso":"hidroelétrica"}},{"type":"Feature","geometry":{"type":"LineString","coordinates":[[-6.54347,39.71777],[-6.54391,39.7171]]},"properties":{"dam_id":"way/312369615","osm_type":"way","osm_id":312369615,"country":"ES","name":null,"uso":"desconhecido"}},{"type":"Feature","geometry":{"type":"LineString","coordinates":[[-4.07499,43.28889],[-4.07493,43.28959],[-4.07486,43.28959]]},"properties":{"dam_id":"way/312605725","osm_type":"way","osm_id":312605725,"country":"ES","name":null,"uso":"desconhecido"}},{"type":"Feature","geometry":{"type":"Polygon","coordinates":[[[-3.80529,41.03866],[-3.80587,41.03889],[-3.80581,41.03896],[-3.80547,41.03882],[-3.80517,41.03886],[-3.80505,41.03896],[-3.80486,41.0389],[-3.80483,41.03884],[-3.80421,41.03878],[-3.80383,41.03879],[-3.80339,41.03888],[-3.80331,41.03895],[-3.80322,41.03894],[-3.80318,41.03888],[-3.80325,41.0388],[-3.80336,41.03881],[-3.80428,41.0386],[-3.80474,41.03857],[-3.80529,41.03866]]]},"properties":{"dam_id":"way/312661131","osm_type":"way","osm_id":312661131,"country":"ES","name":"Presa del río Ceguilla","uso":"desconhecido"}},{"type":"Feature","geometry":{"type":"Polygon","coordinates":[[[-3.83631,41.07662],[-3.83628,41.07664],[-3.83629,41.0769],[-3.83636,41.07691],[-3.83638,41.07685],[-3.83631,41.07662]]]},"properties":{"dam_id":"way/312850751","osm_type":"way","osm_id":312850751,"country":"ES","name":null,"uso":"desconhecido"}},{"type":"Feature","geometry":{"type":"Polygon","coordinates":[[[-4.19326,40.80576],[-4.19319,40.80586],[-4.19306,40.80601],[-4.19326,40.80588],[-4.19328,40.80585],[-4.19324,40.80584],[-4.19326,40.80576]]]},"properties":{"dam_id":"way/313884745","osm_type":"way","osm_id":313884745,"country":"ES","name":null,"uso":"desconhecido"}},{"type":"Feature","geometry":{"type":"LineString","coordinates":[[-6.05989,42.62022],[-6.05992,42.6201],[-6.0599,42.62004]]},"properties":{"dam_id":"way/314106918","osm_type":"way","osm_id":314106918,"country":"ES","name":null,"uso":"desconhecido"}},{"type":"Feature","geometry":{"type":"LineString","coordinates":[[-4.13496,43.35772],[-4.13455,43.35805]]},"properties":{"dam_id":"way/314275154","osm_type":"way","osm_id":314275154,"country":"ES","name":null,"uso":"desconhecido"}},{"type":"Feature","geometry":{"type":"LineString","coordinates":[[-3.44436,40.90692],[-3.44402,40.90672]]},"properties":{"dam_id":"way/314449109","osm_type":"way","osm_id":314449109,"country":"ES","name":"Presa de los Navarejos","uso":"desconhecido"}},{"type":"Feature","geometry":{"type":"Polygon","coordinates":[[[-7.82237,42.34747],[-7.82242,42.34738],[-7.82237,42.34737],[-7.82232,42.34745],[-7.82237,42.34747]]]},"properties":{"dam_id":"way/314549885","osm_type":"way","osm_id":314549885,"country":"ES","name":"Encoro de Castadón","uso":"desconhecido"}},{"type":"Feature","geometry":{"type":"Polygon","coordinates":[[[-6.66419,40.06751],[-6.66425,40.06735],[-6.66437,40.0672],[-6.66436,40.06716],[-6.66423,40.06732],[-6.66418,40.06745],[-6.66419,40.06751]]]},"properties":{"dam_id":"way/640362770","osm_type":"way","osm_id":640362770,"country":"ES","name":null,"uso":"desconhecido"}},{"type":"Feature","geometry":{"type":"Polygon","coordinates":[[[-3.03917,38.40744],[-3.03909,38.40781],[-3.0391,38.40829],[-3.03906,38.40834],[-3.03921,38.40837],[-3.03918,38.40828],[-3.0394,38.40795],[-3.03948,38.40792],[-3.0395,38.40772],[-3.03935,38.4077],[-3.03924,38.40765],[-3.03923,38.40746],[-3.03917,38.40744]]]},"properties":{"dam_id":"way/315256152","osm_type":"way","osm_id":315256152,"country":"ES","name":"Presa del Pantano del Dañador","uso":"desconhecido"}},{"type":"Feature","geometry":{"type":"LineString","coordinates":[[-1.65853,39.7145],[-1.65806,39.71464]]},"properties":{"dam_id":"way/315392928","osm_type":"way","osm_id":315392928,"country":"ES","name":"El Batanejo","uso":"desconhecido"}},{"type":"Feature","geometry":{"type":"LineString","coordinates":[[-1.62579,39.71591],[-1.6255,39.71594],[-1.62564,39.71651],[-1.62559,39.71655],[-1.6255,39.71657],[-1.62474,39.71638]]},"properties":{"dam_id":"way/315499381","osm_type":"way","osm_id":315499381,"country":"ES","name":"presa de Villora","uso":"desconhecido"}},{"type":"Feature","geometry":{"type":"Polygon","coordinates":[[[-5.23995,36.75325],[-5.23992,36.75343],[-5.23984,36.75355],[-5.23964,36.75364],[-5.23942,36.75365],[-5.23964,36.75366],[-5.23985,36.75356],[-5.23994,36.75344],[-5.23995,36.75325]]]},"properties":{"dam_id":"way/316875130","osm_type":"way","osm_id":316875130,"country":"ES","name":"Presa de los Caballeros","uso":"desconhecido"}},{"type":"Feature","geometry":{"type":"Polygon","coordinates":[[[-2.17163,40.79706],[-2.17148,40.79706],[-2.17153,40.79731],[-2.17159,40.79741],[-2.17162,40.79755],[-2.17151,40.79776],[-2.17164,40.79794],[-2.17184,40.79801],[-2.17206,40.7977],[-2.1718,40.79759],[-2.17179,40.79749],[-2.17168,40.79733],[-2.17163,40.79706]]]},"properties":{"dam_id":"way/317197756","osm_type":"way","osm_id":317197756,"country":"ES","name":"Presa de Clemente","uso":"desconhecido"}},{"type":"Feature","geometry":{"type":"Polygon","coordinates":[[[-2.81965,40.36094],[-2.81871,40.36194],[-2.81852,40.3624],[-2.81842,40.36291],[-2.81849,40.36329],[-2.8186,40.36354],[-2.81868,40.36351],[-2.81898,40.36316],[-2.81974,40.36301],[-2.81973,40.36266],[-2.8189,40.36252],[-2.819,40.36222],[-2.81973,40.36146],[-2.81958,40.36121],[-2.81984,40.36105],[-2.81965,40.36094]]]},"properties":{"dam_id":"way/317531763","osm_type":"way","osm_id":317531763,"country":"ES","name":"Presa de Bolarque","uso":"desconhecido"}},{"type":"Feature","geometry":{"type":"Polygon","coordinates":[[[-2.78471,40.39947],[-2.78413,40.39944],[-2.78412,40.39936],[-2.78399,40.39935],[-2.78386,40.39964],[-2.78388,40.39994],[-2.78404,40.39986],[-2.78414,40.39984],[-2.78421,40.39985],[-2.78431,40.39998],[-2.78453,40.39987],[-2.78462,40.39989],[-2.78472,40.39998],[-2.78471,40.40005],[-2.78449,40.40005],[-2.78401,40.40029],[-2.78396,40.40021],[-2.78389,40.40023],[-2.78381,40.40016],[-2.78387,40.40012],[-2.78369,40.39988],[-2.78359,40.39966],[-2.78356,40.39946],[-2.78359,40.39924],[-2.78353,40.39924],[-2.78356,40.39892],[-2.78362,40.39892],[-2.78375,40.39804],[-2.784,40.39767],[-2.78431,40.39741],[-2.78438,40.39751],[-2.78415,40.39794],[-2.78422,40.3982],[-2.78446,40.3983],[-2.78499,40.39835],[-2.78499,40.39842],[-2.78469,40.39837],[-2.78434,40.39837],[-2.78427,40.39895],[-2.78479,40.39897],[-2.78478,40.399],[-2.78449,40.39903],[-2.78451,40.39914],[-2.78448,40.39916],[-2.7845,40.39925],[-2.78446,40.39932],[-2.78473,40.39931],[-2.78471,40.39947]]]},"properties":{"dam_id":"way/317534727","osm_type":"way","osm_id":317534727,"country":"ES","name":null,"uso":"desconhecido"}},{"type":"Feature","geometry":{"type":"LineString","coordinates":[[-3.76041,36.82868],[-3.76035,36.82892]]},"properties":{"dam_id":"way/317995539","osm_type":"way","osm_id":317995539,"country":"ES","name":null,"uso":"desconhecido"}},{"type":"Feature","geometry":{"type":"Polygon","coordinates":[[[-4.2965,39.8328],[-4.29629,39.83294],[-4.29614,39.83295],[-4.29612,39.83288],[-4.29566,39.83291],[-4.29567,39.83296],[-4.29556,39.83297],[-4.2951,39.83396],[-4.2941,39.8357],[-4.29296,39.83665],[-4.28806,39.8395],[-4.28601,39.84037],[-4.28454,39.84076],[-4.28322,39.84106],[-4.28319,39.84088],[-4.28763,39.83825],[-4.29171,39.83575],[-4.293,39.83465],[-4.29375,39.83369],[-4.29384,39.8335],[-4.29421,39.83367],[-4.29487,39.8338],[-4.29537,39.83292],[-4.29487,39.83275],[-4.29428,39.83261],[-4.29445,39.83247],[-4.29509,39.83267],[-4.29526,39.83281],[-4.29554,39.83286],[-4.29591,39.83286],[-4.2961,39.83285],[-4.29608,39.83257],[-4.29609,39.83246],[-4.29614,39.8324],[-4.29662,39.83267],[-4.2965,39.8328]]]},"properties":{"dam_id":"way/318004027","osm_type":"way","osm_id":318004027,"country":"ES","name":null,"uso":"desconhecido"}},{"type":"Feature","geometry":{"type":"Polygon","coordinates":[[[-5.24986,39.70665],[-5.24982,39.70663],[-5.24961,39.70704],[-5.24909,39.70772],[-5.24914,39.70774],[-5.2495,39.70732],[-5.24962,39.70735],[-5.24974,39.70719],[-5.24962,39.70714],[-5.24972,39.70697],[-5.24979,39.70699],[-5.2498,39.70694],[-5.24972,39.70691],[-5.24986,39.70665]]]},"properties":{"dam_id":"way/318069903","osm_type":"way","osm_id":318069903,"country":"ES","name":null,"uso":"desconhecido"}},{"type":"Feature","geometry":{"type":"Polygon","coordinates":[[[-6.25033,40.0991],[-6.25045,40.09933],[-6.25073,40.0996],[-6.25104,40.09984],[-6.25106,40.10003],[-6.25142,40.10001],[-6.25148,40.09997],[-6.25137,40.09985],[-6.25117,40.09973],[-6.25123,40.09956],[-6.25134,40.09938],[-6.25145,40.09929],[-6.25116,40.09895],[-6.25088,40.09913],[-6.25071,40.09917],[-6.25039,40.09904],[-6.25033,40.0991]]]},"properties":{"dam_id":"way/318091854","osm_type":"way","osm_id":318091854,"country":"ES","name":"Presa del Embalse de Valdeobispo","uso":"hidroelétrica"}},{"type":"Feature","geometry":{"type":"LineString","coordinates":[[-1.01225,39.22765],[-1.01179,39.22762]]},"properties":{"dam_id":"way/318122259","osm_type":"way","osm_id":318122259,"country":"ES","name":null,"uso":"desconhecido"}},{"type":"Feature","geometry":{"type":"LineString","coordinates":[[-5.27846,37.61973],[-5.27617,37.61981]]},"properties":{"dam_id":"way/318137378","osm_type":"way","osm_id":318137378,"country":"ES","name":null,"uso":"desconhecido"}},{"type":"Feature","geometry":{"type":"LineString","coordinates":[[-6.03861,38.72483],[-6.03957,38.72373]]},"properties":{"dam_id":"way/318138037","osm_type":"way","osm_id":318138037,"country":"ES","name":null,"uso":"desconhecido"}},{"type":"Feature","geometry":{"type":"Polygon","coordinates":[[[-0.6989,39.12957],[-0.69891,39.12993],[-0.69901,39.12995],[-0.69933,39.12988],[-0.69909,39.12926],[-0.6989,39.129],[-0.69863,39.12875],[-0.69848,39.12865],[-0.69822,39.12851],[-0.6977,39.12833],[-0.69738,39.12826],[-0.69675,39.12825],[-0.69675,39.12843],[-0.69742,39.12852],[-0.6974,39.12862],[-0.69775,39.1287],[-0.69827,39.12896],[-0.69845,39.1291],[-0.69868,39.12937],[-0.69878,39.12934],[-0.6989,39.12957]]]},"properties":{"dam_id":"way/318165556","osm_type":"way","osm_id":318165556,"country":"ES","name":"Presa de Escalona","uso":"desconhecido"}},{"type":"Feature","geometry":{"type":"Polygon","coordinates":[[[-6.68838,39.41527],[-6.68722,39.41479],[-6.68714,39.41492],[-6.68713,39.4152],[-6.68788,39.41549],[-6.68845,39.41536],[-6.68852,39.41527],[-6.68838,39.41527]]]},"properties":{"dam_id":"way/318202043","osm_type":"way","osm_id":318202043,"country":"ES","name":null,"uso":"desconhecido"}},{"type":"Feature","geometry":{"type":"Polygon","coordinates":[[[-7.01368,39.47655],[-7.0131,39.47651],[-7.01309,39.47652],[-7.01368,39.47655]]]},"properties":{"dam_id":"way/318202525","osm_type":"way","osm_id":318202525,"country":"ES","name":null,"uso":"desconhecido"}},{"type":"Feature","geometry":{"type":"Polygon","coordinates":[[[-5.41589,38.91089],[-5.41602,38.91102],[-5.41562,38.91129],[-5.41513,38.91188],[-5.41177,38.9141],[-5.41106,38.91437],[-5.41085,38.91427],[-5.41099,38.91421],[-5.41262,38.91306],[-5.41589,38.91089]]]},"properties":{"dam_id":"way/318734294","osm_type":"way","osm_id":318734294,"country":"ES","name":"Presa de La Serena","uso":"desconhecido"}},{"type":"Feature","geometry":{"type":"Polygon","coordinates":[[[-5.16346,39.2725],[-5.16375,39.27242],[-5.16409,39.27256],[-5.16412,39.27263],[-5.16006,39.27306],[-5.16003,39.27295],[-5.16068,39.27288],[-5.16064,39.27241],[-5.16073,39.27223],[-5.16107,39.27233],[-5.16099,39.27255],[-5.16105,39.27278],[-5.16346,39.2725]]]},"properties":{"dam_id":"way/318819935","osm_type":"way","osm_id":318819935,"country":"ES","name":"Presa del Embalse Valdecaballeros","uso":"desconhecido"}},{"type":"Feature","geometry":{"type":"Polygon","coordinates":[[[-6.26665,39.83309],[-6.26759,39.83314],[-6.26759,39.83307],[-6.26724,39.83295],[-6.26692,39.83294],[-6.2668,39.833],[-6.26665,39.83302],[-6.26665,39.83309]]]},"properties":{"dam_id":"way/318856183","osm_type":"way","osm_id":318856183,"country":"ES","name":null,"uso":"desconhecido"}},{"type":"Feature","geometry":{"type":"Polygon","coordinates":[[[-6.36544,39.80056],[-6.36543,39.80052],[-6.36461,39.80024],[-6.36389,39.80019],[-6.36387,39.80022],[-6.36544,39.80056]]]},"properties":{"dam_id":"way/318860901","osm_type":"way","osm_id":318860901,"country":"ES","name":null,"uso":"desconhecido"}},{"type":"Feature","geometry":{"type":"LineString","coordinates":[[-0.45292,42.12164],[-0.45266,42.12139],[-0.45258,42.12136],[-0.4508,42.12129],[-0.44989,42.12138],[-0.44946,42.12165],[-0.4494,42.12174],[-0.4492,42.12239]]},"properties":{"dam_id":"way/318880349","osm_type":"way","osm_id":318880349,"country":"ES","name":null,"uso":"desconhecido"}},{"type":"Feature","geometry":{"type":"Polygon","coordinates":[[[-7.08003,39.61545],[-7.07991,39.6154],[-7.07977,39.61535],[-7.07977,39.61542],[-7.07987,39.61546],[-7.08,39.6155],[-7.08003,39.61545]]]},"properties":{"dam_id":"way/319099043","osm_type":"way","osm_id":319099043,"country":"ES","name":null,"uso":"desconhecido"}},{"type":"Feature","geometry":{"type":"LineString","coordinates":[[-6.60938,39.32468],[-6.60852,39.32595]]},"properties":{"dam_id":"way/319394284","osm_type":"way","osm_id":319394284,"country":"ES","name":null,"uso":"desconhecido"}},{"type":"Feature","geometry":{"type":"LineString","coordinates":[[-0.80246,39.17678],[-0.80265,39.17657]]},"properties":{"dam_id":"way/319431669","osm_type":"way","osm_id":319431669,"country":"ES","name":null,"uso":"desconhecido"}},{"type":"Feature","geometry":{"type":"LineString","coordinates":[[-0.79362,39.17957],[-0.7934,39.17925]]},"properties":{"dam_id":"way/319453993","osm_type":"way","osm_id":319453993,"country":"ES","name":null,"uso":"desconhecido"}},{"type":"Feature","geometry":{"type":"LineString","coordinates":[[-0.79754,39.17859],[-0.79741,39.17826]]},"properties":{"dam_id":"way/319454776","osm_type":"way","osm_id":319454776,"country":"ES","name":null,"uso":"desconhecido"}},{"type":"Feature","geometry":{"type":"LineString","coordinates":[[-6.57078,39.52402],[-6.56859,39.52513]]},"properties":{"dam_id":"way/319650995","osm_type":"way","osm_id":319650995,"country":"ES","name":null,"uso":"desconhecido"}},{"type":"Feature","geometry":{"type":"LineString","coordinates":[[-6.56597,39.53386],[-6.56444,39.53277],[-6.56333,39.53148],[-6.56334,39.53107]]},"properties":{"dam_id":"way/319650997","osm_type":"way","osm_id":319650997,"country":"ES","name":null,"uso":"desconhecido"}},{"type":"Feature","geometry":{"type":"LineString","coordinates":[[-6.66963,39.5113],[-6.66929,39.51054],[-6.66915,39.50975],[-6.66931,39.50923],[-6.66956,39.50879]]},"properties":{"dam_id":"way/319650998","osm_type":"way","osm_id":319650998,"country":"ES","name":null,"uso":"desconhecido"}},{"type":"Feature","geometry":{"type":"Polygon","coordinates":[[[-6.21202,40.352],[-6.21329,40.35164],[-6.21327,40.35161],[-6.21272,40.35161],[-6.21239,40.35172],[-6.21225,40.35183],[-6.21199,40.35194],[-6.21202,40.352]]]},"properties":{"dam_id":"way/319865214","osm_type":"way","osm_id":319865214,"country":"ES","name":null,"uso":"desconhecido"}},{"type":"Feature","geometry":{"type":"Polygon","coordinates":[[[-5.96012,40.27746],[-5.95943,40.27735],[-5.95886,40.27753],[-5.95886,40.27764],[-5.95918,40.27755],[-5.96026,40.27775],[-5.96055,40.27796],[-5.96067,40.27789],[-5.96046,40.27761],[-5.96012,40.27746]]]},"properties":{"dam_id":"way/320317333","osm_type":"way","osm_id":320317333,"country":"ES","name":null,"uso":"desconhecido"}},{"type":"Feature","geometry":{"type":"LineString","coordinates":[[-1.09549,39.47564],[-1.09554,39.47531]]},"properties":{"dam_id":"way/320339430","osm_type":"way","osm_id":320339430,"country":"ES","name":null,"uso":"desconhecido"}},{"type":"Feature","geometry":{"type":"LineString","coordinates":[[-6.59358,39.37318],[-6.59334,39.37317],[-6.59315,39.37321],[-6.5931,39.37325]]},"properties":{"dam_id":"way/320432366","osm_type":"way","osm_id":320432366,"country":"ES","name":null,"uso":"desconhecido"}},{"type":"Feature","geometry":{"type":"LineString","coordinates":[[-6.55261,39.27326],[-6.55273,39.27302]]},"properties":{"dam_id":"way/320438854","osm_type":"way","osm_id":320438854,"country":"ES","name":null,"uso":"desconhecido"}},{"type":"Feature","geometry":{"type":"LineString","coordinates":[[-6.55806,39.67136],[-6.55818,39.67136],[-6.55818,39.67128]]},"properties":{"dam_id":"way/320460717","osm_type":"way","osm_id":320460717,"country":"ES","name":null,"uso":"desconhecido"}},{"type":"Feature","geometry":{"type":"Polygon","coordinates":[[[-5.77583,40.34902],[-5.77552,40.34907],[-5.77368,40.34852],[-5.77354,40.34838],[-5.77313,40.34691],[-5.77312,40.34662],[-5.77583,40.34902]]]},"properties":{"dam_id":"way/320575503","osm_type":"way","osm_id":320575503,"country":"ES","name":null,"uso":"desconhecido"}},{"type":"Feature","geometry":{"type":"LineString","coordinates":[[-6.11695,39.13067],[-6.11385,39.13175]]},"properties":{"dam_id":"way/321044453","osm_type":"way","osm_id":321044453,"country":"ES","name":null,"uso":"desconhecido"}},{"type":"Feature","geometry":{"type":"Polygon","coordinates":[[[-5.6105,40.6655],[-5.61059,40.66556],[-5.61032,40.6659],[-5.60907,40.66728],[-5.60896,40.66724],[-5.60935,40.66676],[-5.6105,40.6655]]]},"properties":{"dam_id":"way/321249620","osm_type":"way","osm_id":321249620,"country":"ES","name":null,"uso":"desconhecido"}},{"type":"Feature","geometry":{"type":"Polygon","coordinates":[[[-5.46884,39.97059],[-5.46886,39.97061],[-5.46852,39.97117],[-5.46786,39.97201],[-5.46759,39.97221],[-5.46756,39.97219],[-5.46884,39.97059]]]},"properties":{"dam_id":"way/321354326","osm_type":"way","osm_id":321354326,"country":"ES","name":null,"uso":"desconhecido"}},{"type":"Feature","geometry":{"type":"Polygon","coordinates":[[[-5.49787,39.97005],[-5.4976,39.97014],[-5.49785,39.97022],[-5.49823,39.97054],[-5.4984,39.97054],[-5.49828,39.9704],[-5.49817,39.97032],[-5.49807,39.97018],[-5.49793,39.97012],[-5.49787,39.97005]]]},"properties":{"dam_id":"way/321354327","osm_type":"way","osm_id":321354327,"country":"ES","name":null,"uso":"desconhecido"}},{"type":"Feature","geometry":{"type":"Polygon","coordinates":[[[-5.47661,39.95434],[-5.47675,39.95433],[-5.47684,39.95439],[-5.47676,39.95438],[-5.47672,39.95452],[-5.47677,39.9546],[-5.47685,39.95456],[-5.47678,39.95463],[-5.47681,39.95469],[-5.47693,39.95465],[-5.47666,39.95476],[-5.47659,39.9545],[-5.47661,39.95434]]]},"properties":{"dam_id":"way/321354328","osm_type":"way","osm_id":321354328,"country":"ES","name":null,"uso":"desconhecido"}},{"type":"Feature","geometry":{"type":"LineString","coordinates":[[-3.65027,39.64891],[-3.65078,39.64944],[-3.65105,39.64996],[-3.65215,39.6527]]},"properties":{"dam_id":"way/321418488","osm_type":"way","osm_id":321418488,"country":"ES","name":null,"uso":"desconhecido"}},{"type":"Feature","geometry":{"type":"LineString","coordinates":[[0.83686,42.51955],[0.83701,42.51963]]},"properties":{"dam_id":"way/321775915","osm_type":"way","osm_id":321775915,"country":"ES","name":null,"uso":"desconhecido"}},{"type":"Feature","geometry":{"type":"LineString","coordinates":[[0.78752,42.4956],[0.78717,42.49585]]},"properties":{"dam_id":"way/321781328","osm_type":"way","osm_id":321781328,"country":"ES","name":"Presa de Cardet","uso":"desconhecido"}},{"type":"Feature","geometry":{"type":"Polygon","coordinates":[[[-5.61102,40.05935],[-5.61104,40.05924],[-5.61006,40.05882],[-5.60958,40.05865],[-5.60898,40.05863],[-5.60791,40.0589],[-5.60764,40.05937],[-5.60718,40.05969],[-5.60715,40.05985],[-5.60751,40.06011],[-5.60749,40.05999],[-5.60756,40.05996],[-5.60832,40.05994],[-5.60879,40.05983],[-5.60899,40.05983],[-5.60933,40.05978],[-5.60945,40.05981],[-5.60951,40.05975],[-5.60967,40.05975],[-5.60996,40.0596],[-5.61102,40.05935]]]},"properties":{"dam_id":"way/321884005","osm_type":"way","osm_id":321884005,"country":"ES","name":null,"uso":"desconhecido"}},{"type":"Feature","geometry":{"type":"LineString","coordinates":[[-5.87105,40.27411],[-5.87112,40.27404],[-5.87075,40.27373],[-5.87063,40.27379]]},"properties":{"dam_id":"way/322314473","osm_type":"way","osm_id":322314473,"country":"ES","name":null,"uso":"desconhecido"}},{"type":"Feature","geometry":{"type":"LineString","coordinates":[[2.16342,42.24947],[2.16375,42.24935],[2.16397,42.24943]]},"properties":{"dam_id":"way/322425986","osm_type":"way","osm_id":322425986,"country":"ES","name":null,"uso":"desconhecido"}},{"type":"Feature","geometry":{"type":"LineString","coordinates":[[-5.85677,40.27587],[-5.8568,40.27575]]},"properties":{"dam_id":"way/322452703","osm_type":"way","osm_id":322452703,"country":"ES","name":null,"uso":"desconhecido"}},{"type":"Feature","geometry":{"type":"LineString","coordinates":[[-0.43847,42.16534],[-0.438,42.16557]]},"properties":{"dam_id":"way/322671211","osm_type":"way","osm_id":322671211,"country":"ES","name":null,"uso":"desconhecido"}},{"type":"Feature","geometry":{"type":"LineString","coordinates":[[-4.2754,39.81844],[-4.27525,39.81846],[-4.27495,39.81859]]},"properties":{"dam_id":"way/322911448","osm_type":"way","osm_id":322911448,"country":"ES","name":null,"uso":"desconhecido"}},{"type":"Feature","geometry":{"type":"LineString","coordinates":[[-4.26107,39.79632],[-4.26063,39.79656],[-4.26052,39.79652]]},"properties":{"dam_id":"way/322911456","osm_type":"way","osm_id":322911456,"country":"ES","name":null,"uso":"desconhecido"}},{"type":"Feature","geometry":{"type":"LineString","coordinates":[[-4.25309,39.79095],[-4.25281,39.79092],[-4.25264,39.79095],[-4.25234,39.79109],[-4.25215,39.79114]]},"properties":{"dam_id":"way/322911474","osm_type":"way","osm_id":322911474,"country":"ES","name":"Presa de Polán","uso":"desconhecido"}},{"type":"Feature","geometry":{"type":"LineString","coordinates":[[-4.78621,40.09702],[-4.78514,40.09613]]},"properties":{"dam_id":"way/324877057","osm_type":"way","osm_id":324877057,"country":"ES","name":null,"uso":"desconhecido"}},{"type":"Feature","geometry":{"type":"LineString","coordinates":[[0.57723,41.20036],[0.57506,41.20101]]},"properties":{"dam_id":"way/324946719","osm_type":"way","osm_id":324946719,"country":"ES","name":null,"uso":"desconhecido"}},{"type":"Feature","geometry":{"type":"LineString","coordinates":[[0.8931,41.90616],[0.8931,41.90635],[0.89304,41.90647],[0.89294,41.90659],[0.8928,41.90669]]},"properties":{"dam_id":"way/325464237","osm_type":"way","osm_id":325464237,"country":"ES","name":null,"uso":"desconhecido"}},{"type":"Feature","geometry":{"type":"LineString","coordinates":[[-4.49541,40.61688],[-4.49595,40.61671]]},"properties":{"dam_id":"way/325530488","osm_type":"way","osm_id":325530488,"country":"ES","name":null,"uso":"desconhecido"}},{"type":"Feature","geometry":{"type":"LineString","coordinates":[[2.267,41.91098],[2.26681,41.91084]]},"properties":{"dam_id":"way/325762139","osm_type":"way","osm_id":325762139,"country":"ES","name":null,"uso":"desconhecido"}},{"type":"Feature","geometry":{"type":"LineString","coordinates":[[-5.10034,40.21335],[-5.10041,40.21283],[-5.1004,40.21237]]},"properties":{"dam_id":"way/325824193","osm_type":"way","osm_id":325824193,"country":"ES","name":null,"uso":"desconhecido"}},{"type":"Feature","geometry":{"type":"LineString","coordinates":[[-5.52366,38.74394],[-5.52375,38.74377],[-5.52379,38.74358],[-5.52393,38.74336]]},"properties":{"dam_id":"way/325987510","osm_type":"way","osm_id":325987510,"country":"ES","name":null,"uso":"desconhecido"}},{"type":"Feature","geometry":{"type":"LineString","coordinates":[[2.25688,41.92768],[2.25688,41.92765],[2.25661,41.92768],[2.25644,41.9276],[2.2564,41.9274]]},"properties":{"dam_id":"way/325988243","osm_type":"way","osm_id":325988243,"country":"ES","name":null,"uso":"desconhecido"}},{"type":"Feature","geometry":{"type":"LineString","coordinates":[[-5.48905,38.82486],[-5.48897,38.82463],[-5.48897,38.8244]]},"properties":{"dam_id":"way/325988684","osm_type":"way","osm_id":325988684,"country":"ES","name":null,"uso":"desconhecido"}},{"type":"Feature","geometry":{"type":"LineString","coordinates":[[-5.52788,38.74833],[-5.5255,38.74819]]},"properties":{"dam_id":"way/325993228","osm_type":"way","osm_id":325993228,"country":"ES","name":null,"uso":"desconhecido"}},{"type":"Feature","geometry":{"type":"LineString","coordinates":[[-5.53369,38.74143],[-5.53395,38.74097]]},"properties":{"dam_id":"way/325993237","osm_type":"way","osm_id":325993237,"country":"ES","name":null,"uso":"desconhecido"}},{"type":"Feature","geometry":{"type":"LineString","coordinates":[[-5.58441,38.85853],[-5.58449,38.85831],[-5.58471,38.85818]]},"properties":{"dam_id":"way/325997662","osm_type":"way","osm_id":325997662,"country":"ES","name":null,"uso":"desconhecido"}},{"type":"Feature","geometry":{"type":"LineString","coordinates":[[-4.66863,38.5823],[-4.66812,38.5827]]},"properties":{"dam_id":"way/326042204","osm_type":"way","osm_id":326042204,"country":"ES","name":null,"uso":"desconhecido"}},{"type":"Feature","geometry":{"type":"LineString","coordinates":[[-4.68337,38.58445],[-4.6831,38.58483],[-4.68303,38.58519]]},"properties":{"dam_id":"way/326042205","osm_type":"way","osm_id":326042205,"country":"ES","name":null,"uso":"desconhecido"}},{"type":"Feature","geometry":{"type":"LineString","coordinates":[[-4.65339,38.54497],[-4.65304,38.5447],[-4.6527,38.54463]]},"properties":{"dam_id":"way/326042933","osm_type":"way","osm_id":326042933,"country":"ES","name":null,"uso":"desconhecido"}},{"type":"Feature","geometry":{"type":"LineString","coordinates":[[-4.62281,38.54179],[-4.62239,38.54169],[-4.6219,38.54174],[-4.62162,38.54184]]},"properties":{"dam_id":"way/326042934","osm_type":"way","osm_id":326042934,"country":"ES","name":null,"uso":"desconhecido"}},{"type":"Feature","geometry":{"type":"LineString","coordinates":[[-4.63647,38.54554],[-4.63596,38.54552]]},"properties":{"dam_id":"way/326042942","osm_type":"way","osm_id":326042942,"country":"ES","name":null,"uso":"desconhecido"}},{"type":"Feature","geometry":{"type":"LineString","coordinates":[[-4.65956,38.55253],[-4.65933,38.55282]]},"properties":{"dam_id":"way/326042943","osm_type":"way","osm_id":326042943,"country":"ES","name":null,"uso":"desconhecido"}},{"type":"Feature","geometry":{"type":"LineString","coordinates":[[-4.60943,38.55354],[-4.60748,38.55484]]},"properties":{"dam_id":"way/326042952","osm_type":"way","osm_id":326042952,"country":"ES","name":null,"uso":"desconhecido"}},{"type":"Feature","geometry":{"type":"LineString","coordinates":[[-4.60677,38.61945],[-4.60626,38.6202]]},"properties":{"dam_id":"way/326043108","osm_type":"way","osm_id":326043108,"country":"ES","name":null,"uso":"desconhecido"}},{"type":"Feature","geometry":{"type":"LineString","coordinates":[[-6.59702,38.55629],[-6.59678,38.55575]]},"properties":{"dam_id":"way/326198420","osm_type":"way","osm_id":326198420,"country":"ES","name":null,"uso":"desconhecido"}},{"type":"Feature","geometry":{"type":"LineString","coordinates":[[-4.71017,38.65013],[-4.71021,38.6499],[-4.71017,38.64966],[-4.71001,38.64943]]},"properties":{"dam_id":"way/326539959","osm_type":"way","osm_id":326539959,"country":"ES","name":null,"uso":"desconhecido"}},{"type":"Feature","geometry":{"type":"LineString","coordinates":[[-4.63608,38.65997],[-4.63533,38.66026]]},"properties":{"dam_id":"way/326543147","osm_type":"way","osm_id":326543147,"country":"ES","name":null,"uso":"desconhecido"}},{"type":"Feature","geometry":{"type":"LineString","coordinates":[[-4.65145,38.66386],[-4.65159,38.66383],[-4.65173,38.66367],[-4.65162,38.66338]]},"properties":{"dam_id":"way/326543149","osm_type":"way","osm_id":326543149,"country":"ES","name":null,"uso":"desconhecido"}},{"type":"Feature","geometry":{"type":"LineString","coordinates":[[-4.61235,38.66236],[-4.61234,38.66198]]},"properties":{"dam_id":"way/326543156","osm_type":"way","osm_id":326543156,"country":"ES","name":null,"uso":"desconhecido"}},{"type":"Feature","geometry":{"type":"LineString","coordinates":[[-4.59789,38.67721],[-4.59725,38.67726]]},"properties":{"dam_id":"way/326543171","osm_type":"way","osm_id":326543171,"country":"ES","name":null,"uso":"desconhecido"}},{"type":"Feature","geometry":{"type":"LineString","coordinates":[[-4.59784,38.65787],[-4.59758,38.65775]]},"properties":{"dam_id":"way/326558649","osm_type":"way","osm_id":326558649,"country":"ES","name":null,"uso":"desconhecido"}},{"type":"Feature","geometry":{"type":"LineString","coordinates":[[-4.50463,38.64832],[-4.50394,38.64832]]},"properties":{"dam_id":"way/326558651","osm_type":"way","osm_id":326558651,"country":"ES","name":null,"uso":"desconhecido"}},{"type":"Feature","geometry":{"type":"LineString","coordinates":[[-4.4959,38.63271],[-4.49502,38.63308]]},"properties":{"dam_id":"way/326558661","osm_type":"way","osm_id":326558661,"country":"ES","name":null,"uso":"desconhecido"}},{"type":"Feature","geometry":{"type":"LineString","coordinates":[[-4.44888,38.63928],[-4.4483,38.63917]]},"properties":{"dam_id":"way/326558674","osm_type":"way","osm_id":326558674,"country":"ES","name":null,"uso":"desconhecido"}},{"type":"Feature","geometry":{"type":"LineString","coordinates":[[-4.62604,39.03985],[-4.62514,39.03934]]},"properties":{"dam_id":"way/326973363","osm_type":"way","osm_id":326973363,"country":"ES","name":null,"uso":"desconhecido"}},{"type":"Feature","geometry":{"type":"LineString","coordinates":[[-4.78967,39.14996],[-4.78972,39.14938]]},"properties":{"dam_id":"way/326979347","osm_type":"way","osm_id":326979347,"country":"ES","name":null,"uso":"desconhecido"}},{"type":"Feature","geometry":{"type":"LineString","coordinates":[[-4.81602,39.14694],[-4.81582,39.14689],[-4.81557,39.14689]]},"properties":{"dam_id":"way/326979355","osm_type":"way","osm_id":326979355,"country":"ES","name":null,"uso":"desconhecido"}},{"type":"Feature","geometry":{"type":"LineString","coordinates":[[-4.82674,39.14482],[-4.827,39.14446]]},"properties":{"dam_id":"way/326979358","osm_type":"way","osm_id":326979358,"country":"ES","name":null,"uso":"desconhecido"}},{"type":"Feature","geometry":{"type":"LineString","coordinates":[[-6.12759,38.37207],[-6.12766,38.37174]]},"properties":{"dam_id":"way/327484186","osm_type":"way","osm_id":327484186,"country":"ES","name":null,"uso":"desconhecido"}},{"type":"Feature","geometry":{"type":"LineString","coordinates":[[-6.08705,38.56855],[-6.08645,38.56773]]},"properties":{"dam_id":"way/327491625","osm_type":"way","osm_id":327491625,"country":"ES","name":null,"uso":"desconhecido"}},{"type":"Feature","geometry":{"type":"LineString","coordinates":[[-5.96351,38.67759],[-5.96302,38.67788]]},"properties":{"dam_id":"way/327501121","osm_type":"way","osm_id":327501121,"country":"ES","name":null,"uso":"desconhecido"}},{"type":"Feature","geometry":{"type":"LineString","coordinates":[[-7.11053,38.50853],[-7.1104,38.50889],[-7.11013,38.50908],[-7.10994,38.50912],[-7.1097,38.50912]]},"properties":{"dam_id":"way/327528757","osm_type":"way","osm_id":327528757,"country":"ES","name":null,"uso":"desconhecido"}},{"type":"Feature","geometry":{"type":"LineString","coordinates":[[-7.13129,38.50268],[-7.13116,38.50205]]},"properties":{"dam_id":"way/327528760","osm_type":"way","osm_id":327528760,"country":"ES","name":null,"uso":"desconhecido"}},{"type":"Feature","geometry":{"type":"LineString","coordinates":[[-7.11319,38.49095],[-7.11236,38.49128]]},"properties":{"dam_id":"way/327528771","osm_type":"way","osm_id":327528771,"country":"ES","name":null,"uso":"desconhecido"}},{"type":"Feature","geometry":{"type":"LineString","coordinates":[[-7.1733,38.52666],[-7.17304,38.52653],[-7.1727,38.52655]]},"properties":{"dam_id":"way/327528872","osm_type":"way","osm_id":327528872,"country":"ES","name":null,"uso":"desconhecido"}},{"type":"Feature","geometry":{"type":"LineString","coordinates":[[-7.17959,38.51206],[-7.17903,38.51219]]},"properties":{"dam_id":"way/327528873","osm_type":"way","osm_id":327528873,"country":"ES","name":null,"uso":"desconhecido"}},{"type":"Feature","geometry":{"type":"LineString","coordinates":[[-7.17684,38.52304],[-7.1766,38.5229],[-7.17624,38.52282],[-7.17581,38.5228]]},"properties":{"dam_id":"way/327528877","osm_type":"way","osm_id":327528877,"country":"ES","name":null,"uso":"desconhecido"}},{"type":"Feature","geometry":{"type":"LineString","coordinates":[[-7.18488,38.50538],[-7.18491,38.50558],[-7.18467,38.50587]]},"properties":{"dam_id":"way/327528982","osm_type":"way","osm_id":327528982,"country":"ES","name":null,"uso":"desconhecido"}},{"type":"Feature","geometry":{"type":"LineString","coordinates":[[-7.17224,38.50155],[-7.1725,38.50125],[-7.17257,38.50096]]},"properties":{"dam_id":"way/327528988","osm_type":"way","osm_id":327528988,"country":"ES","name":null,"uso":"desconhecido"}},{"type":"Feature","geometry":{"type":"LineString","coordinates":[[-7.16589,38.49781],[-7.16593,38.49793],[-7.16577,38.49812],[-7.16559,38.49819]]},"properties":{"dam_id":"way/327528990","osm_type":"way","osm_id":327528990,"country":"ES","name":null,"uso":"desconhecido"}},{"type":"Feature","geometry":{"type":"LineString","coordinates":[[-7.18087,38.5001],[-7.18105,38.49994],[-7.18111,38.49958]]},"properties":{"dam_id":"way/327545039","osm_type":"way","osm_id":327545039,"country":"ES","name":null,"uso":"desconhecido"}},{"type":"Feature","geometry":{"type":"LineString","coordinates":[[-7.03625,38.55996],[-7.03627,38.55958],[-7.03615,38.55937],[-7.03554,38.55917],[-7.03501,38.55919]]},"properties":{"dam_id":"way/327545046","osm_type":"way","osm_id":327545046,"country":"ES","name":null,"uso":"desconhecido"}},{"type":"Feature","geometry":{"type":"LineString","coordinates":[[-7.18511,38.57758],[-7.18461,38.57749]]},"properties":{"dam_id":"way/327545051","osm_type":"way","osm_id":327545051,"country":"ES","name":null,"uso":"desconhecido"}},{"type":"Feature","geometry":{"type":"LineString","coordinates":[[-7.18063,38.52596],[-7.18052,38.5259],[-7.18011,38.52585],[-7.17995,38.52592]]},"properties":{"dam_id":"way/327545056","osm_type":"way","osm_id":327545056,"country":"ES","name":null,"uso":"desconhecido"}},{"type":"Feature","geometry":{"type":"LineString","coordinates":[[-7.20033,38.49046],[-7.19987,38.48985]]},"properties":{"dam_id":"way/327545059","osm_type":"way","osm_id":327545059,"country":"ES","name":null,"uso":"desconhecido"}},{"type":"Feature","geometry":{"type":"LineString","coordinates":[[-7.21867,38.48316],[-7.21842,38.48297],[-7.21802,38.48291]]},"properties":{"dam_id":"way/327545076","osm_type":"way","osm_id":327545076,"country":"ES","name":null,"uso":"desconhecido"}},{"type":"Feature","geometry":{"type":"LineString","coordinates":[[-6.99536,38.60467],[-6.99407,38.6036]]},"properties":{"dam_id":"way/327548890","osm_type":"way","osm_id":327548890,"country":"ES","name":null,"uso":"desconhecido"}},{"type":"Feature","geometry":{"type":"LineString","coordinates":[[-7.059,38.38411],[-7.05893,38.38394],[-7.05872,38.38379],[-7.05829,38.38375]]},"properties":{"dam_id":"way/327564816","osm_type":"way","osm_id":327564816,"country":"ES","name":null,"uso":"desconhecido"}},{"type":"Feature","geometry":{"type":"LineString","coordinates":[[-0.26725,38.88275],[-0.2672,38.8826],[-0.2671,38.88248]]},"properties":{"dam_id":"way/327939970","osm_type":"way","osm_id":327939970,"country":"ES","name":null,"uso":"desconhecido"}},{"type":"Feature","geometry":{"type":"LineString","coordinates":[[-2.51006,42.85719],[-2.50894,42.85693]]},"properties":{"dam_id":"way/327991743","osm_type":"way","osm_id":327991743,"country":"ES","name":null,"uso":"desconhecido"}},{"type":"Feature","geometry":{"type":"Polygon","coordinates":[[[-2.53382,42.85788],[-2.53257,42.85825],[-2.5325,42.85814],[-2.53375,42.85777],[-2.53382,42.85788]]]},"properties":{"dam_id":"way/327996665","osm_type":"way","osm_id":327996665,"country":"ES","name":null,"uso":"desconhecido"}},{"type":"Feature","geometry":{"type":"LineString","coordinates":[[-2.49203,42.85335],[-2.4908,42.85341]]},"properties":{"dam_id":"way/327996666","osm_type":"way","osm_id":327996666,"country":"ES","name":null,"uso":"desconhecido"}},{"type":"Feature","geometry":{"type":"LineString","coordinates":[[-2.98178,43.1006],[-2.98139,43.10131]]},"properties":{"dam_id":"way/327996668","osm_type":"way","osm_id":327996668,"country":"ES","name":null,"uso":"desconhecido"}},{"type":"Feature","geometry":{"type":"LineString","coordinates":[[-5.75518,37.5447],[-5.75306,37.54413]]},"properties":{"dam_id":"way/328468640","osm_type":"way","osm_id":328468640,"country":"ES","name":null,"uso":"desconhecido"}},{"type":"Feature","geometry":{"type":"LineString","coordinates":[[-5.77512,37.53507],[-5.77583,37.53381]]},"properties":{"dam_id":"way/328468649","osm_type":"way","osm_id":328468649,"country":"ES","name":null,"uso":"desconhecido"}},{"type":"Feature","geometry":{"type":"LineString","coordinates":[[-6.04241,40.93296],[-6.04082,40.93202]]},"properties":{"dam_id":"way/328595276","osm_type":"way","osm_id":328595276,"country":"ES","name":null,"uso":"desconhecido"}},{"type":"Feature","geometry":{"type":"LineString","coordinates":[[-6.31898,39.0903],[-6.31886,39.08953],[-6.3186,39.08877]]},"properties":{"dam_id":"way/328967513","osm_type":"way","osm_id":328967513,"country":"ES","name":null,"uso":"desconhecido"}},{"type":"Feature","geometry":{"type":"LineString","coordinates":[[-4.71376,39.32405],[-4.7139,39.3243]]},"properties":{"dam_id":"way/329029760","osm_type":"way","osm_id":329029760,"country":"ES","name":null,"uso":"desconhecido"}},{"type":"Feature","geometry":{"type":"LineString","coordinates":[[-4.76202,39.39195],[-4.76205,39.39171],[-4.76203,39.39128],[-4.76188,39.39095]]},"properties":{"dam_id":"way/329034131","osm_type":"way","osm_id":329034131,"country":"ES","name":null,"uso":"desconhecido"}},{"type":"Feature","geometry":{"type":"LineString","coordinates":[[-4.79871,39.37702],[-4.79834,39.3769],[-4.79801,39.37684]]},"properties":{"dam_id":"way/329037811","osm_type":"way","osm_id":329037811,"country":"ES","name":null,"uso":"desconhecido"}},{"type":"Feature","geometry":{"type":"LineString","coordinates":[[-4.909,39.40484],[-4.90787,39.4046]]},"properties":{"dam_id":"way/329037822","osm_type":"way","osm_id":329037822,"country":"ES","name":null,"uso":"desconhecido"}},{"type":"Feature","geometry":{"type":"LineString","coordinates":[[-4.18544,39.06561],[-4.18423,39.06542]]},"properties":{"dam_id":"way/329090794","osm_type":"way","osm_id":329090794,"country":"ES","name":null,"uso":"desconhecido"}},{"type":"Feature","geometry":{"type":"LineString","coordinates":[[-4.396,39.71283],[-4.39582,39.71295],[-4.39555,39.71302],[-4.39542,39.71289]]},"properties":{"dam_id":"way/329155673","osm_type":"way","osm_id":329155673,"country":"ES","name":null,"uso":"desconhecido"}},{"type":"Feature","geometry":{"type":"LineString","coordinates":[[-4.20428,39.80817],[-4.20374,39.80781]]},"properties":{"dam_id":"way/329159884","osm_type":"way","osm_id":329159884,"country":"ES","name":null,"uso":"desconhecido"}},{"type":"Feature","geometry":{"type":"LineString","coordinates":[[2.9207,39.79861],[2.92054,39.7985]]},"properties":{"dam_id":"way/329444794","osm_type":"way","osm_id":329444794,"country":"ES","name":null,"uso":"desconhecido"}},{"type":"Feature","geometry":{"type":"LineString","coordinates":[[-0.49443,42.08952],[-0.49392,42.08998],[-0.49384,42.09012]]},"properties":{"dam_id":"way/330425777","osm_type":"way","osm_id":330425777,"country":"ES","name":null,"uso":"desconhecido"}},{"type":"Feature","geometry":{"type":"LineString","coordinates":[[-0.49688,42.10031],[-0.49675,42.10028],[-0.4967,42.10021],[-0.49653,42.09987],[-0.4965,42.09963],[-0.49655,42.09951]]},"properties":{"dam_id":"way/330425817","osm_type":"way","osm_id":330425817,"country":"ES","name":null,"uso":"desconhecido"}},{"type":"Feature","geometry":{"type":"LineString","coordinates":[[0.84077,42.70438],[0.84146,42.70453]]},"properties":{"dam_id":"way/331202098","osm_type":"way","osm_id":331202098,"country":"ES","name":null,"uso":"desconhecido"}},{"type":"Feature","geometry":{"type":"LineString","coordinates":[[-1.70174,41.50099],[-1.70097,41.50069]]},"properties":{"dam_id":"way/331350705","osm_type":"way","osm_id":331350705,"country":"ES","name":null,"uso":"desconhecido"}},{"type":"Feature","geometry":{"type":"LineString","coordinates":[[-1.84631,41.64574],[-1.84597,41.64579]]},"properties":{"dam_id":"way/331436399","osm_type":"way","osm_id":331436399,"country":"ES","name":null,"uso":"desconhecido"}},{"type":"Feature","geometry":{"type":"LineString","coordinates":[[-6.64912,39.33407],[-6.64883,39.33452]]},"properties":{"dam_id":"way/331443330","osm_type":"way","osm_id":331443330,"country":"ES","name":null,"uso":"desconhecido"}},{"type":"Feature","geometry":{"type":"LineString","coordinates":[[-7.1411,38.40508],[-7.14079,38.4053],[-7.14047,38.40531]]},"properties":{"dam_id":"way/331588542","osm_type":"way","osm_id":331588542,"country":"ES","name":null,"uso":"desconhecido"}},{"type":"Feature","geometry":{"type":"LineString","coordinates":[[-7.12699,38.41666],[-7.12683,38.41657],[-7.1265,38.4166],[-7.12634,38.4167],[-7.12629,38.41684]]},"properties":{"dam_id":"way/331588555","osm_type":"way","osm_id":331588555,"country":"ES","name":null,"uso":"desconhecido"}},{"type":"Feature","geometry":{"type":"LineString","coordinates":[[-7.12831,38.4215],[-7.12817,38.42142],[-7.12804,38.42139],[-7.12788,38.42143],[-7.12775,38.42158]]},"properties":{"dam_id":"way/331588582","osm_type":"way","osm_id":331588582,"country":"ES","name":null,"uso":"desconhecido"}},{"type":"Feature","geometry":{"type":"LineString","coordinates":[[-7.12508,38.43768],[-7.12493,38.43779]]},"properties":{"dam_id":"way/331588604","osm_type":"way","osm_id":331588604,"country":"ES","name":null,"uso":"desconhecido"}},{"type":"Feature","geometry":{"type":"LineString","coordinates":[[-7.11666,38.43024],[-7.11623,38.43034],[-7.11587,38.43062],[-7.11586,38.43087]]},"properties":{"dam_id":"way/331588606","osm_type":"way","osm_id":331588606,"country":"ES","name":null,"uso":"desconhecido"}},{"type":"Feature","geometry":{"type":"LineString","coordinates":[[-7.10501,38.34026],[-7.10479,38.34024],[-7.10458,38.34033],[-7.10442,38.34046]]},"properties":{"dam_id":"way/331588610","osm_type":"way","osm_id":331588610,"country":"ES","name":null,"uso":"desconhecido"}},{"type":"Feature","geometry":{"type":"LineString","coordinates":[[-7.24609,38.63882],[-7.24594,38.63882],[-7.24575,38.63887]]},"properties":{"dam_id":"way/331588617","osm_type":"way","osm_id":331588617,"country":"ES","name":null,"uso":"desconhecido"}},{"type":"Feature","geometry":{"type":"LineString","coordinates":[[-7.13176,38.41417],[-7.13154,38.4141],[-7.1314,38.4139]]},"properties":{"dam_id":"way/331588626","osm_type":"way","osm_id":331588626,"country":"ES","name":null,"uso":"desconhecido"}},{"type":"Feature","geometry":{"type":"LineString","coordinates":[[-7.09862,38.35243],[-7.09709,38.35214]]},"properties":{"dam_id":"way/331588635","osm_type":"way","osm_id":331588635,"country":"ES","name":null,"uso":"desconhecido"}},{"type":"Feature","geometry":{"type":"LineString","coordinates":[[-7.09842,38.43923],[-7.09803,38.4391]]},"properties":{"dam_id":"way/331588640","osm_type":"way","osm_id":331588640,"country":"ES","name":null,"uso":"desconhecido"}},{"type":"Feature","geometry":{"type":"LineString","coordinates":[[-7.12983,38.46153],[-7.12955,38.46166],[-7.12929,38.46166]]},"properties":{"dam_id":"way/331588641","osm_type":"way","osm_id":331588641,"country":"ES","name":null,"uso":"desconhecido"}},{"type":"Feature","geometry":{"type":"LineString","coordinates":[[-7.11845,38.43535],[-7.11833,38.43531],[-7.11812,38.43537],[-7.11808,38.43546]]},"properties":{"dam_id":"way/331588649","osm_type":"way","osm_id":331588649,"country":"ES","name":null,"uso":"desconhecido"}},{"type":"Feature","geometry":{"type":"LineString","coordinates":[[-4.82299,38.34662],[-4.82123,38.34714]]},"properties":{"dam_id":"way/332017707","osm_type":"way","osm_id":332017707,"country":"ES","name":null,"uso":"desconhecido"}},{"type":"Feature","geometry":{"type":"Polygon","coordinates":[[[-5.79894,40.15057],[-5.79885,40.15058],[-5.79894,40.15055],[-5.79939,40.15077],[-5.79972,40.1509],[-5.80039,40.15128],[-5.80117,40.15138],[-5.80039,40.15131],[-5.79894,40.15057]]]},"properties":{"dam_id":"way/332092970","osm_type":"way","osm_id":332092970,"country":"ES","name":null,"uso":"desconhecido"}},{"type":"Feature","geometry":{"type":"LineString","coordinates":[[-5.12879,37.63214],[-5.12802,37.63107]]},"properties":{"dam_id":"way/332199307","osm_type":"way","osm_id":332199307,"country":"ES","name":null,"uso":"desconhecido"}},{"type":"Feature","geometry":{"type":"LineString","coordinates":[[-4.76899,38.90571],[-4.7692,38.9053]]},"properties":{"dam_id":"way/332325755","osm_type":"way","osm_id":332325755,"country":"ES","name":null,"uso":"desconhecido"}},{"type":"Feature","geometry":{"type":"LineString","coordinates":[[-5.38487,40.06884],[-5.38405,40.06941]]},"properties":{"dam_id":"way/332402650","osm_type":"way","osm_id":332402650,"country":"ES","name":null,"uso":"desconhecido"}},{"type":"Feature","geometry":{"type":"LineString","coordinates":[[-5.44552,40.04141],[-5.44525,40.04135],[-5.44507,40.04124]]},"properties":{"dam_id":"way/332411258","osm_type":"way","osm_id":332411258,"country":"ES","name":null,"uso":"desconhecido"}},{"type":"Feature","geometry":{"type":"LineString","coordinates":[[-0.69449,38.47989],[-0.69465,38.47982]]},"properties":{"dam_id":"way/332769572","osm_type":"way","osm_id":332769572,"country":"ES","name":"Presa del Racó del Xoli","uso":"desconhecido"}},{"type":"Feature","geometry":{"type":"LineString","coordinates":[[0.91507,42.73048],[0.91525,42.73062]]},"properties":{"dam_id":"way/333044368","osm_type":"way","osm_id":333044368,"country":"ES","name":"Barratge de Santa Margalida","uso":"desconhecido"}},{"type":"Feature","geometry":{"type":"LineString","coordinates":[[0.86588,42.65123],[0.86601,42.65097]]},"properties":{"dam_id":"way/333222810","osm_type":"way","osm_id":333222810,"country":"ES","name":"Barratge deth Ressèc","uso":"desconhecido"}},{"type":"Feature","geometry":{"type":"LineString","coordinates":[[1.14132,42.57664],[1.14168,42.57623],[1.1419,42.57588],[1.14224,42.57589],[1.14263,42.57577]]},"properties":{"dam_id":"way/333384577","osm_type":"way","osm_id":333384577,"country":"ES","name":"Pantà de la Torrassa","uso":"desconhecido"}},{"type":"Feature","geometry":{"type":"Polygon","coordinates":[[[-7.8175,42.43122],[-7.81727,42.43103],[-7.81728,42.43102],[-7.81733,42.43102],[-7.81756,42.43117],[-7.81751,42.43121],[-7.81756,42.43124],[-7.8175,42.43122]]]},"properties":{"dam_id":"way/333462448","osm_type":"way","osm_id":333462448,"country":"ES","name":null,"uso":"desconhecido"}},{"type":"Feature","geometry":{"type":"LineString","coordinates":[[-2.67188,36.69578],[-2.67181,36.6958]]},"properties":{"dam_id":"way/333561504","osm_type":"way","osm_id":333561504,"country":"ES","name":"Compuertas de las salinas","uso":"desconhecido"}},{"type":"Feature","geometry":{"type":"LineString","coordinates":[[0.82024,42.09418],[0.82007,42.09407]]},"properties":{"dam_id":"way/334155247","osm_type":"way","osm_id":334155247,"country":"ES","name":null,"uso":"desconhecido"}},{"type":"Feature","geometry":{"type":"Polygon","coordinates":[[[-0.91811,39.26219],[-0.91793,39.26225],[-0.91783,39.26207],[-0.91772,39.26218],[-0.91708,39.26231],[-0.91705,39.2623],[-0.91689,39.26247],[-0.91684,39.26238],[-0.91682,39.26224],[-0.91686,39.2622],[-0.91724,39.26193],[-0.91776,39.26168],[-0.91844,39.26156],[-0.91894,39.26157],[-0.91962,39.26174],[-0.92009,39.26198],[-0.92072,39.2626],[-0.92056,39.26268],[-0.9203,39.26256],[-0.92019,39.26224],[-0.91997,39.26207],[-0.91949,39.26195],[-0.9189,39.26193],[-0.91888,39.26204],[-0.91808,39.26213],[-0.91811,39.26219]]]},"properties":{"dam_id":"way/334334294","osm_type":"way","osm_id":334334294,"country":"ES","name":"Presa de Cortes II","uso":"desconhecido"}},{"type":"Feature","geometry":{"type":"Polygon","coordinates":[[[-0.85076,39.278],[-0.85062,39.27787],[-0.85044,39.2779],[-0.85038,39.27773],[-0.85105,39.27759],[-0.8513,39.27757],[-0.8519,39.27763],[-0.85224,39.27771],[-0.85251,39.27783],[-0.85243,39.27798],[-0.85198,39.27799],[-0.85166,39.27794],[-0.85118,39.27792],[-0.85076,39.278]]]},"properties":{"dam_id":"way/334342509","osm_type":"way","osm_id":334342509,"country":"ES","name":"Presa del Naranjero","uso":"desconhecido"}},{"type":"Feature","geometry":{"type":"LineString","coordinates":[[1.94478,41.8927],[1.94474,41.89255]]},"properties":{"dam_id":"way/335259518","osm_type":"way","osm_id":335259518,"country":"ES","name":null,"uso":"desconhecido"}},{"type":"Feature","geometry":{"type":"LineString","coordinates":[[1.82926,41.99228],[1.8296,41.99224],[1.82986,41.99226]]},"properties":{"dam_id":"way/335268158","osm_type":"way","osm_id":335268158,"country":"ES","name":null,"uso":"desconhecido"}},{"type":"Feature","geometry":{"type":"LineString","coordinates":[[1.84377,41.95919],[1.84391,41.95908],[1.84429,41.9591]]},"properties":{"dam_id":"way/335268159","osm_type":"way","osm_id":335268159,"country":"ES","name":null,"uso":"desconhecido"}},{"type":"Feature","geometry":{"type":"LineString","coordinates":[[1.88864,41.96787],[1.88889,41.96785],[1.88908,41.96797],[1.88937,41.96797],[1.88961,41.96793]]},"properties":{"dam_id":"way/335268160","osm_type":"way","osm_id":335268160,"country":"ES","name":null,"uso":"desconhecido"}},{"type":"Feature","geometry":{"type":"LineString","coordinates":[[-6.21744,39.926],[-6.21755,39.92621],[-6.21616,39.92662]]},"properties":{"dam_id":"way/335373185","osm_type":"way","osm_id":335373185,"country":"ES","name":null,"uso":"desconhecido"}},{"type":"Feature","geometry":{"type":"LineString","coordinates":[[-4.65912,39.61762],[-4.65801,39.61742]]},"properties":{"dam_id":"way/335584259","osm_type":"way","osm_id":335584259,"country":"ES","name":null,"uso":"desconhecido"}},{"type":"Feature","geometry":{"type":"LineString","coordinates":[[1.65854,41.67545],[1.65905,41.67519]]},"properties":{"dam_id":"way/335602932","osm_type":"way","osm_id":335602932,"country":"ES","name":null,"uso":"desconhecido"}},{"type":"Feature","geometry":{"type":"LineString","coordinates":[[-2.9239,37.92514],[-2.92374,37.92504]]},"properties":{"dam_id":"way/336053001","osm_type":"way","osm_id":336053001,"country":"ES","name":null,"uso":"desconhecido"}},{"type":"Feature","geometry":{"type":"Polygon","coordinates":[[[3.28564,42.32139],[3.28541,42.32141],[3.28527,42.32151],[3.2854,42.32139],[3.28564,42.32139]]]},"properties":{"dam_id":"way/336910388","osm_type":"way","osm_id":336910388,"country":"ES","name":null,"uso":"desconhecido"}},{"type":"Feature","geometry":{"type":"LineString","coordinates":[[2.8718,42.42122],[2.87155,42.42119]]},"properties":{"dam_id":"way/337442378","osm_type":"way","osm_id":337442378,"country":"ES","name":null,"uso":"desconhecido"}},{"type":"Feature","geometry":{"type":"LineString","coordinates":[[2.30028,42.37266],[2.30028,42.37255],[2.30033,42.37251]]},"properties":{"dam_id":"way/338006894","osm_type":"way","osm_id":338006894,"country":"ES","name":null,"uso":"desconhecido"}},{"type":"Feature","geometry":{"type":"LineString","coordinates":[[1.0906,42.5745],[1.09009,42.57419]]},"properties":{"dam_id":"way/338926442","osm_type":"way","osm_id":338926442,"country":"ES","name":null,"uso":"hidroelétrica"}},{"type":"Feature","geometry":{"type":"LineString","coordinates":[[-3.09448,40.89886],[-3.0936,40.89961]]},"properties":{"dam_id":"way/340401662","osm_type":"way","osm_id":340401662,"country":"ES","name":null,"uso":"desconhecido"}},{"type":"Feature","geometry":{"type":"Polygon","coordinates":[[[2.11143,41.45161],[2.11142,41.45146],[2.11149,41.45134],[2.11144,41.45147],[2.11143,41.45161]]]},"properties":{"dam_id":"way/340720472","osm_type":"way","osm_id":340720472,"country":"ES","name":null,"uso":"desconhecido"}},{"type":"Feature","geometry":{"type":"LineString","coordinates":[[-0.7281,38.96269],[-0.72804,38.96249]]},"properties":{"dam_id":"way/342672999","osm_type":"way","osm_id":342672999,"country":"ES","name":null,"uso":"desconhecido"}},{"type":"Feature","geometry":{"type":"LineString","coordinates":[[-8.55694,42.28397],[-8.55732,42.28406]]},"properties":{"dam_id":"way/344459973","osm_type":"way","osm_id":344459973,"country":"ES","name":null,"uso":"desconhecido"}},{"type":"Feature","geometry":{"type":"LineString","coordinates":[[-2.55654,37.13107],[-2.5566,37.13079]]},"properties":{"dam_id":"way/345689967","osm_type":"way","osm_id":345689967,"country":"ES","name":null,"uso":"desconhecido"}},{"type":"Feature","geometry":{"type":"LineString","coordinates":[[-2.56835,37.18576],[-2.5683,37.18552]]},"properties":{"dam_id":"way/345693855","osm_type":"way","osm_id":345693855,"country":"ES","name":null,"uso":"desconhecido"}},{"type":"Feature","geometry":{"type":"LineString","coordinates":[[1.97654,41.39124],[1.97672,41.39107]]},"properties":{"dam_id":"way/345949818","osm_type":"way","osm_id":345949818,"country":"ES","name":null,"uso":"desconhecido"}},{"type":"Feature","geometry":{"type":"LineString","coordinates":[[1.8762,42.08155],[1.8763,42.08148],[1.87642,42.08153],[1.87656,42.08152],[1.87673,42.08145],[1.87677,42.08137]]},"properties":{"dam_id":"way/346289155","osm_type":"way","osm_id":346289155,"country":"ES","name":"Resclosa de Cal Rosal","uso":"desconhecido"}},{"type":"Feature","geometry":{"type":"LineString","coordinates":[[1.81325,42.2682],[1.8131,42.2681]]},"properties":{"dam_id":"way/348010997","osm_type":"way","osm_id":348010997,"country":"ES","name":null,"uso":"desconhecido"}},{"type":"Feature","geometry":{"type":"LineString","coordinates":[[1.83995,42.28884],[1.83965,42.28883]]},"properties":{"dam_id":"way/348010999","osm_type":"way","osm_id":348010999,"country":"ES","name":null,"uso":"desconhecido"}},{"type":"Feature","geometry":{"type":"LineString","coordinates":[[-8.35277,42.27042],[-8.35301,42.27051]]},"properties":{"dam_id":"way/349507127","osm_type":"way","osm_id":349507127,"country":"ES","name":null,"uso":"desconhecido"}},{"type":"Feature","geometry":{"type":"LineString","coordinates":[[-4.45326,41.93191],[-4.45277,41.93178]]},"properties":{"dam_id":"way/350660575","osm_type":"way","osm_id":350660575,"country":"ES","name":null,"uso":"desconhecido"}},{"type":"Feature","geometry":{"type":"LineString","coordinates":[[-4.37548,41.97937],[-4.3766,41.97818],[-4.3769,41.97794],[-4.37769,41.97788],[-4.37801,41.97778],[-4.37821,41.97791],[-4.37833,41.97807],[-4.37861,41.97823],[-4.37985,41.97808]]},"properties":{"dam_id":"way/350671159","osm_type":"way","osm_id":350671159,"country":"ES","name":null,"uso":"desconhecido"}},{"type":"Feature","geometry":{"type":"LineString","coordinates":[[-0.77205,39.05344],[-0.77207,39.05315]]},"properties":{"dam_id":"way/352200382","osm_type":"way","osm_id":352200382,"country":"ES","name":null,"uso":"desconhecido"}},{"type":"Feature","geometry":{"type":"Polygon","coordinates":[[[2.21092,41.92347],[2.21092,41.92343],[2.21116,41.92332],[2.21125,41.92338],[2.21126,41.92341],[2.21111,41.9235],[2.21092,41.92347]]]},"properties":{"dam_id":"way/354191511","osm_type":"way","osm_id":354191511,"country":"ES","name":null,"uso":"desconhecido"}},{"type":"Feature","geometry":{"type":"Polygon","coordinates":[[[-0.88485,38.02601],[-0.8849,38.0259],[-0.88491,38.02413],[-0.88526,38.02284],[-0.88565,38.0209],[-0.8858,38.02047],[-0.88693,38.01794],[-0.88701,38.01792],[-0.88716,38.0176],[-0.88731,38.01746],[-0.88738,38.01712],[-0.88759,38.01713],[-0.88777,38.01694],[-0.88816,38.01624],[-0.88912,38.01647],[-0.88921,38.01717],[-0.88911,38.01758],[-0.88882,38.01807],[-0.88857,38.01803],[-0.88833,38.01821],[-0.88805,38.01855],[-0.88771,38.01885],[-0.8874,38.01991],[-0.88714,38.0206],[-0.88692,38.02103],[-0.8868,38.0216],[-0.88662,38.02193],[-0.88655,38.02217],[-0.8865,38.02314],[-0.88614,38.02405],[-0.8864,38.02445],[-0.88643,38.02482],[-0.88624,38.02509],[-0.88599,38.02612],[-0.88586,38.02625],[-0.88579,38.02642],[-0.88592,38.02659],[-0.88553,38.02665],[-0.88553,38.02674],[-0.88522,38.02695],[-0.88514,38.02694],[-0.88501,38.02699],[-0.88486,38.02672],[-0.88465,38.0266],[-0.88454,38.02657],[-0.88406,38.02653],[-0.88379,38.02656],[-0.88365,38.02653],[-0.8842,38.02619],[-0.8844,38.02602],[-0.88485,38.02601]]]},"properties":{"dam_id":"way/354332519","osm_type":"way","osm_id":354332519,"country":"ES","name":null,"uso":"desconhecido"}},{"type":"Feature","geometry":{"type":"LineString","coordinates":[[-3.523,36.82771],[-3.52253,36.82689]]},"properties":{"dam_id":"way/356080424","osm_type":"way","osm_id":356080424,"country":"ES","name":null,"uso":"desconhecido"}},{"type":"Feature","geometry":{"type":"Polygon","coordinates":[[[-0.69318,40.98743],[-0.69274,40.98751],[-0.6926,40.98759],[-0.69242,40.98754],[-0.69242,40.98738],[-0.69221,40.98728],[-0.69198,40.98723],[-0.69195,40.98726],[-0.69184,40.98727],[-0.69183,40.98718],[-0.69219,40.98713],[-0.69255,40.98715],[-0.69285,40.98724],[-0.69318,40.98743]]]},"properties":{"dam_id":"way/356112335","osm_type":"way","osm_id":356112335,"country":"ES","name":"Embalse de Cueva Foradada","uso":"desconhecido"}},{"type":"Feature","geometry":{"type":"Polygon","coordinates":[[[-7.43974,43.67668],[-7.43957,43.67678],[-7.44316,43.67906],[-7.44327,43.67898],[-7.43974,43.67668]]]},"properties":{"dam_id":"way/356323061","osm_type":"way","osm_id":356323061,"country":"ES","name":null,"uso":"desconhecido"}},{"type":"Feature","geometry":{"type":"Polygon","coordinates":[[[-7.42893,43.60087],[-7.42881,43.60087],[-7.4286,43.60099],[-7.42853,43.60127],[-7.42854,43.60133],[-7.42893,43.60087]]]},"properties":{"dam_id":"way/356386126","osm_type":"way","osm_id":356386126,"country":"ES","name":"Encoro do Río Xunco","uso":"desconhecido"}},{"type":"Feature","geometry":{"type":"LineString","coordinates":[[-5.59499,36.20597],[-5.59471,36.20554]]},"properties":{"dam_id":"way/357828593","osm_type":"way","osm_id":357828593,"country":"ES","name":null,"uso":"desconhecido"}},{"type":"Feature","geometry":{"type":"LineString","coordinates":[[1.90756,41.75805],[1.90809,41.75782]]},"properties":{"dam_id":"way/358298145","osm_type":"way","osm_id":358298145,"country":"ES","name":null,"uso":"desconhecido"}},{"type":"Feature","geometry":{"type":"LineString","coordinates":[[-5.8248,40.26831],[-5.82434,40.26915],[-5.82374,40.26981]]},"properties":{"dam_id":"way/358902171","osm_type":"way","osm_id":358902171,"country":"ES","name":null,"uso":"desconhecido"}},{"type":"Feature","geometry":{"type":"LineString","coordinates":[[-5.81669,40.27101],[-5.81656,40.27105]]},"properties":{"dam_id":"way/359172228","osm_type":"way","osm_id":359172228,"country":"ES","name":null,"uso":"desconhecido"}},{"type":"Feature","geometry":{"type":"LineString","coordinates":[[-4.13396,36.89819],[-4.13365,36.89804],[-4.13369,36.89794],[-4.13364,36.8979],[-4.13352,36.89792],[-4.13336,36.89778],[-4.13294,36.89766]]},"properties":{"dam_id":"way/359950461","osm_type":"way","osm_id":359950461,"country":"ES","name":"Presa de Alcaucín","uso":"desconhecido"}},{"type":"Feature","geometry":{"type":"Polygon","coordinates":[[[-6.79458,42.12892],[-6.79461,42.12882],[-6.79445,42.12874],[-6.79435,42.12873],[-6.7941,42.1289],[-6.79384,42.12897],[-6.79397,42.12907],[-6.79404,42.12918],[-6.79412,42.12922],[-6.79419,42.12919],[-6.79433,42.12885],[-6.79458,42.12892]]]},"properties":{"dam_id":"way/360142069","osm_type":"way","osm_id":360142069,"country":"ES","name":null,"uso":"desconhecido"}},{"type":"Feature","geometry":{"type":"Polygon","coordinates":[[[-6.80081,42.12957],[-6.80144,42.12952],[-6.80131,42.12948],[-6.8009,42.12949],[-6.80083,42.12952],[-6.80081,42.12957]]]},"properties":{"dam_id":"way/360142070","osm_type":"way","osm_id":360142070,"country":"ES","name":null,"uso":"desconhecido"}},{"type":"Feature","geometry":{"type":"Polygon","coordinates":[[[-6.8822,42.14264],[-6.88246,42.14264],[-6.88253,42.1427],[-6.8824,42.14291],[-6.8824,42.14304],[-6.88231,42.14327],[-6.88207,42.14317],[-6.88199,42.14329],[-6.88172,42.14321],[-6.88184,42.14308],[-6.88169,42.14297],[-6.8822,42.14264]]]},"properties":{"dam_id":"way/360145201","osm_type":"way","osm_id":360145201,"country":"ES","name":null,"uso":"desconhecido"}},{"type":"Feature","geometry":{"type":"Polygon","coordinates":[[[-6.94768,42.1443],[-6.94788,42.14318],[-6.94806,42.14319],[-6.94806,42.14359],[-6.94821,42.14402],[-6.9485,42.14421],[-6.94853,42.14429],[-6.94852,42.14435],[-6.94818,42.14444],[-6.94791,42.14468],[-6.9477,42.14499],[-6.94751,42.14556],[-6.94736,42.14556],[-6.94768,42.1443]]]},"properties":{"dam_id":"way/360145447","osm_type":"way","osm_id":360145447,"country":"ES","name":"Encoro de San Sebastián","uso":"desconhecido"}},{"type":"Feature","geometry":{"type":"Polygon","coordinates":[[[-6.9884,42.10227],[-6.98854,42.10238],[-6.99132,42.10196],[-6.99129,42.10179],[-6.99076,42.10127],[-6.98963,42.10134],[-6.98944,42.10158],[-6.98887,42.1019],[-6.98843,42.10201],[-6.9884,42.10227]]]},"properties":{"dam_id":"way/360158960","osm_type":"way","osm_id":360158960,"country":"ES","name":"Encoro de Pías","uso":"desconhecido"}},{"type":"Feature","geometry":{"type":"Polygon","coordinates":[[[-6.81123,42.12546],[-6.81024,42.12508],[-6.80958,42.12482],[-6.81009,42.1251],[-6.81123,42.12546]]]},"properties":{"dam_id":"way/360942539","osm_type":"way","osm_id":360942539,"country":"ES","name":null,"uso":"desconhecido"}},{"type":"Feature","geometry":{"type":"LineString","coordinates":[[-8.30494,43.18111],[-8.30489,43.18237]]},"properties":{"dam_id":"way/362662958","osm_type":"way","osm_id":362662958,"country":"ES","name":"Encoro de Beche","uso":"desconhecido"}},{"type":"Feature","geometry":{"type":"LineString","coordinates":[[-3.9854,36.98602],[-3.98396,36.98556],[-3.98387,36.98534]]},"properties":{"dam_id":"way/362831243","osm_type":"way","osm_id":362831243,"country":"ES","name":"Humedal la Pantaneta","uso":"desconhecido"}},{"type":"Feature","geometry":{"type":"LineString","coordinates":[[-3.96217,43.29565],[-3.96206,43.29568],[-3.96216,43.29591]]},"properties":{"dam_id":"way/363651845","osm_type":"way","osm_id":363651845,"country":"ES","name":null,"uso":"desconhecido"}},{"type":"Feature","geometry":{"type":"Polygon","coordinates":[[[-2.43909,42.99759],[-2.439,42.99778],[-2.4388,42.99779],[-2.43869,42.99777],[-2.43854,42.9976],[-2.43854,42.99757],[-2.43909,42.99759]]]},"properties":{"dam_id":"way/363803829","osm_type":"way","osm_id":363803829,"country":"ES","name":null,"uso":"desconhecido"}},{"type":"Feature","geometry":{"type":"LineString","coordinates":[[-6.49022,39.42612],[-6.49022,39.42607],[-6.49021,39.42609],[-6.49001,39.42598],[-6.48978,39.42598],[-6.48951,39.42584],[-6.48917,39.42587]]},"properties":{"dam_id":"way/364742664","osm_type":"way","osm_id":364742664,"country":"ES","name":null,"uso":"desconhecido"}},{"type":"Feature","geometry":{"type":"LineString","coordinates":[[-0.73127,39.16422],[-0.73087,39.16419]]},"properties":{"dam_id":"way/364762147","osm_type":"way","osm_id":364762147,"country":"ES","name":null,"uso":"desconhecido"}},{"type":"Feature","geometry":{"type":"LineString","coordinates":[[-6.51085,39.45282],[-6.51111,39.4524],[-6.51116,39.45227],[-6.51112,39.45199],[-6.51123,39.45182],[-6.51133,39.45178],[-6.51131,39.45166],[-6.5115,39.45116]]},"properties":{"dam_id":"way/364808299","osm_type":"way","osm_id":364808299,"country":"ES","name":null,"uso":"desconhecido"}},{"type":"Feature","geometry":{"type":"LineString","coordinates":[[-6.51783,39.47483],[-6.51766,39.47465],[-6.51762,39.47456],[-6.51773,39.47393],[-6.51773,39.47382],[-6.51765,39.47368]]},"properties":{"dam_id":"way/364808300","osm_type":"way","osm_id":364808300,"country":"ES","name":null,"uso":"desconhecido"}},{"type":"Feature","geometry":{"type":"LineString","coordinates":[[-7.22837,42.3092],[-7.22925,42.30948]]},"properties":{"dam_id":"way/365258472","osm_type":"way","osm_id":365258472,"country":"ES","name":"Presa da Acea","uso":"desconhecido"}},{"type":"Feature","geometry":{"type":"LineString","coordinates":[[1.97854,42.12958],[1.97854,42.12944]]},"properties":{"dam_id":"way/365714544","osm_type":"way","osm_id":365714544,"country":"ES","name":null,"uso":"desconhecido"}},{"type":"Feature","geometry":{"type":"LineString","coordinates":[[2.0749,41.73705],[2.07509,41.73683],[2.0752,41.73679],[2.07541,41.73678]]},"properties":{"dam_id":"way/367020668","osm_type":"way","osm_id":367020668,"country":"ES","name":null,"uso":"desconhecido"}},{"type":"Feature","geometry":{"type":"Polygon","coordinates":[[[-5.86395,39.39396],[-5.86352,39.39392],[-5.86393,39.39444],[-5.86515,39.39485],[-5.86638,39.39497],[-5.86741,39.39484],[-5.86652,39.39457],[-5.86395,39.39396]]]},"properties":{"dam_id":"way/367297588","osm_type":"way","osm_id":367297588,"country":"ES","name":null,"uso":"desconhecido"}},{"type":"Feature","geometry":{"type":"Polygon","coordinates":[[[-5.86079,39.39931],[-5.86121,39.39969],[-5.86139,39.40011],[-5.86118,39.40047],[-5.86041,39.40079],[-5.85968,39.40091],[-5.85971,39.40077],[-5.85988,39.40066],[-5.86089,39.40018],[-5.861,39.39993],[-5.86079,39.39931]]]},"properties":{"dam_id":"way/367297600","osm_type":"way","osm_id":367297600,"country":"ES","name":null,"uso":"desconhecido"}},{"type":"Feature","geometry":{"type":"LineString","coordinates":[[2.17533,42.00791],[2.17574,42.00793]]},"properties":{"dam_id":"way/367311427","osm_type":"way","osm_id":367311427,"country":"ES","name":null,"uso":"desconhecido"}},{"type":"Feature","geometry":{"type":"Polygon","coordinates":[[[-4.76643,38.70628],[-4.76636,38.7063],[-4.76604,38.70525],[-4.7661,38.70524],[-4.76643,38.70628]]]},"properties":{"dam_id":"way/368000323","osm_type":"way","osm_id":368000323,"country":"ES","name":null,"uso":"desconhecido"}},{"type":"Feature","geometry":{"type":"Polygon","coordinates":[[[-4.79913,38.73965],[-4.79911,38.73961],[-4.80221,38.73863],[-4.80223,38.73867],[-4.79913,38.73965]]]},"properties":{"dam_id":"way/368055650","osm_type":"way","osm_id":368055650,"country":"ES","name":null,"uso":"desconhecido"}},{"type":"Feature","geometry":{"type":"Polygon","coordinates":[[[-3.78478,38.76022],[-3.78464,38.76013],[-3.78433,38.76003],[-3.78443,38.7599],[-3.78488,38.7601],[-3.78502,38.75991],[-3.78758,38.76103],[-3.78821,38.76152],[-3.78937,38.76215],[-3.78925,38.76232],[-3.78474,38.76029],[-3.78478,38.76022]]]},"properties":{"dam_id":"way/368082461","osm_type":"way","osm_id":368082461,"country":"ES","name":null,"uso":"desconhecido"}},{"type":"Feature","geometry":{"type":"Polygon","coordinates":[[[-0.28698,42.61846],[-0.28683,42.61839],[-0.28731,42.61799],[-0.28721,42.61808],[-0.28732,42.61813],[-0.28698,42.61846]]]},"properties":{"dam_id":"way/368529174","osm_type":"way","osm_id":368529174,"country":"ES","name":null,"uso":"desconhecido"}},{"type":"Feature","geometry":{"type":"Polygon","coordinates":[[[-0.29666,42.61743],[-0.29668,42.61665],[-0.29671,42.61665],[-0.29671,42.61681],[-0.29676,42.61681],[-0.29675,42.61708],[-0.2967,42.61708],[-0.29669,42.61743],[-0.29666,42.61743]]]},"properties":{"dam_id":"way/368530016","osm_type":"way","osm_id":368530016,"country":"ES","name":null,"uso":"desconhecido"}},{"type":"Feature","geometry":{"type":"LineString","coordinates":[[-6.00797,38.45974],[-6.00789,38.45975],[-6.00768,38.45948],[-6.00742,38.45923]]},"properties":{"dam_id":"way/368980096","osm_type":"way","osm_id":368980096,"country":"ES","name":"La Campana","uso":"desconhecido"}},{"type":"Feature","geometry":{"type":"LineString","coordinates":[[-7.80264,42.3381],[-7.80154,42.33862]]},"properties":{"dam_id":"way/369240781","osm_type":"way","osm_id":369240781,"country":"ES","name":null,"uso":"desconhecido"}},{"type":"Feature","geometry":{"type":"Polygon","coordinates":[[[-8.61885,42.45205],[-8.6187,42.45176],[-8.61871,42.45173],[-8.61893,42.45177],[-8.61896,42.45182],[-8.61902,42.45196],[-8.61894,42.45202],[-8.61885,42.45205]]]},"properties":{"dam_id":"way/369502785","osm_type":"way","osm_id":369502785,"country":"ES","name":"Presa de Monte Porreiro","uso":"desconhecido"}},{"type":"Feature","geometry":{"type":"LineString","coordinates":[[-6.57786,40.44576],[-6.57833,40.44543],[-6.57878,40.44497],[-6.57891,40.44474],[-6.57902,40.44434],[-6.57904,40.44408],[-6.57892,40.44363],[-6.57867,40.44315],[-6.57838,40.44277]]},"properties":{"dam_id":"way/369656142","osm_type":"way","osm_id":369656142,"country":"ES","name":"Presa del Águeda","uso":"desconhecido"}},{"type":"Feature","geometry":{"type":"LineString","coordinates":[[-6.57695,40.4446],[-6.57703,40.44396]]},"properties":{"dam_id":"way/369657657","osm_type":"way","osm_id":369657657,"country":"ES","name":"Represa del embalse La Junta","uso":"desconhecido"}},{"type":"Feature","geometry":{"type":"Polygon","coordinates":[[[-1.77131,40.10685],[-1.77122,40.10675],[-1.77112,40.10681],[-1.77097,40.10699],[-1.77115,40.10704],[-1.77131,40.10685]]]},"properties":{"dam_id":"way/369664086","osm_type":"way","osm_id":369664086,"country":"ES","name":"La Somailla, Baño","uso":"desconhecido"}},{"type":"Feature","geometry":{"type":"Polygon","coordinates":[[[-0.44695,42.06926],[-0.44711,42.06917],[-0.44719,42.06902],[-0.44725,42.06867],[-0.44725,42.0684],[-0.44718,42.06828],[-0.44512,42.06838],[-0.44375,42.0685],[-0.44311,42.0686],[-0.44305,42.06875],[-0.44305,42.06891],[-0.44335,42.06891],[-0.44708,42.06861],[-0.44716,42.06875],[-0.44713,42.06897],[-0.44709,42.06909],[-0.4469,42.06918],[-0.44695,42.06926]]]},"properties":{"dam_id":"way/370946309","osm_type":"way","osm_id":370946309,"country":"ES","name":null,"uso":"desconhecido"}},{"type":"Feature","geometry":{"type":"LineString","coordinates":[[1.20547,42.45388],[1.20546,42.45424]]},"properties":{"dam_id":"way/371246731","osm_type":"way","osm_id":371246731,"country":"ES","name":null,"uso":"desconhecido"}},{"type":"Feature","geometry":{"type":"LineString","coordinates":[[1.26642,42.44745],[1.26688,42.44767]]},"properties":{"dam_id":"way/371246732","osm_type":"way","osm_id":371246732,"country":"ES","name":null,"uso":"desconhecido"}},{"type":"Feature","geometry":{"type":"LineString","coordinates":[[1.27224,42.44299],[1.27206,42.44297]]},"properties":{"dam_id":"way/371248137","osm_type":"way","osm_id":371248137,"country":"ES","name":null,"uso":"desconhecido"}},{"type":"Feature","geometry":{"type":"LineString","coordinates":[[1.33047,42.62067],[1.33028,42.62094]]},"properties":{"dam_id":"way/371268397","osm_type":"way","osm_id":371268397,"country":"ES","name":null,"uso":"desconhecido"}},{"type":"Feature","geometry":{"type":"Polygon","coordinates":[[[-4.67003,38.72868],[-4.66993,38.72868],[-4.66996,38.72589],[-4.67007,38.7259],[-4.67003,38.72868]]]},"properties":{"dam_id":"way/371541213","osm_type":"way","osm_id":371541213,"country":"ES","name":null,"uso":"desconhecido"}},{"type":"Feature","geometry":{"type":"LineString","coordinates":[[-2.51284,38.40434],[-2.51272,38.40438],[-2.5126,38.40445]]},"properties":{"dam_id":"way/371640334","osm_type":"way","osm_id":371640334,"country":"ES","name":null,"uso":"desconhecido"}},{"type":"Feature","geometry":{"type":"Polygon","coordinates":[[[-1.43172,38.28042],[-1.43167,38.28047],[-1.43192,38.28064],[-1.43216,38.28086],[-1.43332,38.28206],[-1.43461,38.28346],[-1.43472,38.2834],[-1.43365,38.2822],[-1.43331,38.28174],[-1.43285,38.28126],[-1.43211,38.28065],[-1.43191,38.2805],[-1.43172,38.28042]]]},"properties":{"dam_id":"way/371736004","osm_type":"way","osm_id":371736004,"country":"ES","name":null,"uso":"desconhecido"}},{"type":"Feature","geometry":{"type":"LineString","coordinates":[[-4.33044,42.61276],[-4.33037,42.61361],[-4.3303,42.61383],[-4.33024,42.61396],[-4.32997,42.61425]]},"properties":{"dam_id":"way/371771146","osm_type":"way","osm_id":371771146,"country":"ES","name":null,"uso":"desconhecido"}},{"type":"Feature","geometry":{"type":"LineString","coordinates":[[2.03158,41.75676],[2.03156,41.75679],[2.03168,41.75687]]},"properties":{"dam_id":"way/372333743","osm_type":"way","osm_id":372333743,"country":"ES","name":null,"uso":"desconhecido"}},{"type":"Feature","geometry":{"type":"Polygon","coordinates":[[[-0.32273,42.66],[-0.32253,42.65993],[-0.3225,42.65995],[-0.32244,42.65992],[-0.32252,42.65989],[-0.32253,42.65985],[-0.32257,42.65985],[-0.3226,42.65979],[-0.32281,42.65987],[-0.32273,42.66]]]},"properties":{"dam_id":"way/372716964","osm_type":"way","osm_id":372716964,"country":"ES","name":null,"uso":"desconhecido"}},{"type":"Feature","geometry":{"type":"Polygon","coordinates":[[[-0.24,42.62146],[-0.23996,42.62151],[-0.24006,42.62121],[-0.24009,42.62122],[-0.24006,42.6213],[-0.24024,42.62135],[-0.24018,42.6215],[-0.24,42.62146]]]},"properties":{"dam_id":"way/372717941","osm_type":"way","osm_id":372717941,"country":"ES","name":null,"uso":"desconhecido"}},{"type":"Feature","geometry":{"type":"Polygon","coordinates":[[[-0.25547,42.62011],[-0.2555,42.61972],[-0.25555,42.61972],[-0.25553,42.61989],[-0.25572,42.6199],[-0.25571,42.62007],[-0.25553,42.62006],[-0.25553,42.62011],[-0.25547,42.62011]]]},"properties":{"dam_id":"way/372729104","osm_type":"way","osm_id":372729104,"country":"ES","name":null,"uso":"desconhecido"}},{"type":"Feature","geometry":{"type":"LineString","coordinates":[[1.77615,41.6864],[1.77616,41.68667],[1.77623,41.68677]]},"properties":{"dam_id":"way/372790820","osm_type":"way","osm_id":372790820,"country":"ES","name":null,"uso":"desconhecido"}},{"type":"Feature","geometry":{"type":"LineString","coordinates":[[-4.06233,43.26399],[-4.06237,43.26392]]},"properties":{"dam_id":"way/372798996","osm_type":"way","osm_id":372798996,"country":"ES","name":null,"uso":"desconhecido"}},{"type":"Feature","geometry":{"type":"LineString","coordinates":[[0.40046,42.63424],[0.40007,42.63406]]},"properties":{"dam_id":"way/373403286","osm_type":"way","osm_id":373403286,"country":"ES","name":"Presa de Millares Alto (Ibón de Leners)","uso":"desconhecido"}},{"type":"Feature","geometry":{"type":"Polygon","coordinates":[[[-0.36683,42.72697],[-0.36783,42.72709],[-0.36724,42.72706],[-0.36679,42.72699],[-0.36605,42.72676],[-0.3657,42.72653],[-0.36542,42.72665],[-0.36534,42.72659],[-0.36517,42.72637],[-0.36512,42.72609],[-0.36518,42.7261],[-0.36612,42.72677],[-0.36683,42.72697]]]},"properties":{"dam_id":"way/373462843","osm_type":"way","osm_id":373462843,"country":"ES","name":null,"uso":"desconhecido"}},{"type":"Feature","geometry":{"type":"Polygon","coordinates":[[[-0.33351,42.61909],[-0.33366,42.61897],[-0.33412,42.61851],[-0.33397,42.61845],[-0.33356,42.61886],[-0.33358,42.6189],[-0.33349,42.61903],[-0.33351,42.61909]]]},"properties":{"dam_id":"way/373835264","osm_type":"way","osm_id":373835264,"country":"ES","name":null,"uso":"desconhecido"}},{"type":"Feature","geometry":{"type":"Polygon","coordinates":[[[-0.34379,42.61988],[-0.34374,42.61988],[-0.34374,42.61983],[-0.34366,42.61982],[-0.34367,42.61977],[-0.34372,42.61977],[-0.34372,42.61952],[-0.34378,42.61952],[-0.34381,42.61943],[-0.34387,42.61944],[-0.34379,42.61988]]]},"properties":{"dam_id":"way/373835272","osm_type":"way","osm_id":373835272,"country":"ES","name":null,"uso":"desconhecido"}},{"type":"Feature","geometry":{"type":"LineString","coordinates":[[1.68493,41.86422],[1.68459,41.86406],[1.68446,41.86396]]},"properties":{"dam_id":"way/373862150","osm_type":"way","osm_id":373862150,"country":"ES","name":null,"uso":"desconhecido"}},{"type":"Feature","geometry":{"type":"Polygon","coordinates":[[[-0.28273,42.20756],[-0.28273,42.20754],[-0.2826,42.20755],[-0.28244,42.20758],[-0.28244,42.20761],[-0.28273,42.20756]]]},"properties":{"dam_id":"way/373975578","osm_type":"way","osm_id":373975578,"country":"ES","name":null,"uso":"desconhecido"}},{"type":"Feature","geometry":{"type":"Polygon","coordinates":[[[-6.62928,41.19924],[-6.62907,41.1991],[-6.6288,41.19902],[-6.6285,41.19901],[-6.62928,41.19924]]]},"properties":{"dam_id":"way/374009056","osm_type":"way","osm_id":374009056,"country":"ES","name":null,"uso":"desconhecido"}},{"type":"Feature","geometry":{"type":"LineString","coordinates":[[-7.21594,37.99222],[-7.21568,37.9927]]},"properties":{"dam_id":"way/374350504","osm_type":"way","osm_id":374350504,"country":"ES","name":null,"uso":"desconhecido"}},{"type":"Feature","geometry":{"type":"LineString","coordinates":[[-7.20289,37.99801],[-7.20253,37.99785]]},"properties":{"dam_id":"way/374350516","osm_type":"way","osm_id":374350516,"country":"ES","name":null,"uso":"desconhecido"}},{"type":"Feature","geometry":{"type":"LineString","coordinates":[[-7.08686,38.01425],[-7.08703,38.01397]]},"properties":{"dam_id":"way/374350522","osm_type":"way","osm_id":374350522,"country":"ES","name":null,"uso":"desconhecido"}},{"type":"Feature","geometry":{"type":"LineString","coordinates":[[-7.14551,37.99582],[-7.14553,37.99573],[-7.14546,37.99557]]},"properties":{"dam_id":"way/374350526","osm_type":"way","osm_id":374350526,"country":"ES","name":null,"uso":"desconhecido"}},{"type":"Feature","geometry":{"type":"LineString","coordinates":[[-7.11764,38.02389],[-7.1172,38.02372]]},"properties":{"dam_id":"way/374350527","osm_type":"way","osm_id":374350527,"country":"ES","name":null,"uso":"desconhecido"}},{"type":"Feature","geometry":{"type":"LineString","coordinates":[[-7.10243,38.03188],[-7.10221,38.03204]]},"properties":{"dam_id":"way/374351382","osm_type":"way","osm_id":374351382,"country":"ES","name":null,"uso":"desconhecido"}},{"type":"Feature","geometry":{"type":"LineString","coordinates":[[-7.11997,38.0341],[-7.11957,38.03407]]},"properties":{"dam_id":"way/374355225","osm_type":"way","osm_id":374355225,"country":"ES","name":null,"uso":"desconhecido"}},{"type":"Feature","geometry":{"type":"LineString","coordinates":[[-6.67768,39.59203],[-6.67683,39.59249],[-6.67658,39.59271],[-6.67636,39.59307],[-6.6764,39.5934],[-6.67615,39.59355]]},"properties":{"dam_id":"way/374411243","osm_type":"way","osm_id":374411243,"country":"ES","name":null,"uso":"desconhecido"}},{"type":"Feature","geometry":{"type":"LineString","coordinates":[[-6.7551,40.4243],[-6.75392,40.42402]]},"properties":{"dam_id":"way/374515849","osm_type":"way","osm_id":374515849,"country":"ES","name":null,"uso":"desconhecido"}},{"type":"Feature","geometry":{"type":"LineString","coordinates":[[-6.81455,40.44393],[-6.8147,40.44375],[-6.81481,40.44344]]},"properties":{"dam_id":"way/374517378","osm_type":"way","osm_id":374517378,"country":"ES","name":null,"uso":"desconhecido"}},{"type":"Feature","geometry":{"type":"LineString","coordinates":[[-6.80929,40.41796],[-6.80925,40.41751]]},"properties":{"dam_id":"way/374517382","osm_type":"way","osm_id":374517382,"country":"ES","name":null,"uso":"desconhecido"}},{"type":"Feature","geometry":{"type":"LineString","coordinates":[[-6.0443,41.52688],[-6.04404,41.52702]]},"properties":{"dam_id":"way/374995225","osm_type":"way","osm_id":374995225,"country":"ES","name":null,"uso":"desconhecido"}},{"type":"Feature","geometry":{"type":"LineString","coordinates":[[-6.4431,40.68812],[-6.44357,40.68711],[-6.44505,40.68558]]},"properties":{"dam_id":"way/375040365","osm_type":"way","osm_id":375040365,"country":"ES","name":null,"uso":"desconhecido"}},{"type":"Feature","geometry":{"type":"LineString","coordinates":[[-6.3208,42.65218],[-6.32029,42.65208]]},"properties":{"dam_id":"way/375058766","osm_type":"way","osm_id":375058766,"country":"ES","name":null,"uso":"desconhecido"}},{"type":"Feature","geometry":{"type":"LineString","coordinates":[[-5.56773,39.97468],[-5.56768,39.97564],[-5.56758,39.97619]]},"properties":{"dam_id":"way/375198347","osm_type":"way","osm_id":375198347,"country":"ES","name":null,"uso":"desconhecido"}},{"type":"Feature","geometry":{"type":"LineString","coordinates":[[-5.68954,39.93988],[-5.69013,39.94057]]},"properties":{"dam_id":"way/375202402","osm_type":"way","osm_id":375202402,"country":"ES","name":null,"uso":"desconhecido"}},{"type":"Feature","geometry":{"type":"LineString","coordinates":[[-5.70492,39.94354],[-5.70433,39.9438],[-5.70384,39.94408]]},"properties":{"dam_id":"way/375202415","osm_type":"way","osm_id":375202415,"country":"ES","name":null,"uso":"desconhecido"}},{"type":"Feature","geometry":{"type":"LineString","coordinates":[[-5.64204,39.89416],[-5.64164,39.89444],[-5.64111,39.89463]]},"properties":{"dam_id":"way/375202427","osm_type":"way","osm_id":375202427,"country":"ES","name":null,"uso":"desconhecido"}},{"type":"Feature","geometry":{"type":"LineString","coordinates":[[-5.65672,39.9073],[-5.6572,39.90693]]},"properties":{"dam_id":"way/375202430","osm_type":"way","osm_id":375202430,"country":"ES","name":null,"uso":"desconhecido"}},{"type":"Feature","geometry":{"type":"LineString","coordinates":[[-5.67081,39.93367],[-5.67044,39.93359],[-5.67005,39.93361],[-5.66966,39.93369]]},"properties":{"dam_id":"way/375202433","osm_type":"way","osm_id":375202433,"country":"ES","name":null,"uso":"desconhecido"}},{"type":"Feature","geometry":{"type":"LineString","coordinates":[[-5.72372,39.93121],[-5.72357,39.93133],[-5.72332,39.9314]]},"properties":{"dam_id":"way/375202447","osm_type":"way","osm_id":375202447,"country":"ES","name":null,"uso":"desconhecido"}},{"type":"Feature","geometry":{"type":"LineString","coordinates":[[-5.83661,41.43179],[-5.83627,41.432]]},"properties":{"dam_id":"way/375541236","osm_type":"way","osm_id":375541236,"country":"ES","name":null,"uso":"desconhecido"}},{"type":"Feature","geometry":{"type":"Polygon","coordinates":[[[-5.07797,41.75499],[-5.07809,41.7549],[-5.0781,41.75439],[-5.07797,41.75432],[-5.07797,41.75499]]]},"properties":{"dam_id":"way/376134915","osm_type":"way","osm_id":376134915,"country":"ES","name":null,"uso":"desconhecido"}},{"type":"Feature","geometry":{"type":"LineString","coordinates":[[-5.57427,40.23019],[-5.57383,40.23006],[-5.57369,40.23005],[-5.57343,40.23015]]},"properties":{"dam_id":"way/376347644","osm_type":"way","osm_id":376347644,"country":"ES","name":null,"uso":"desconhecido"}},{"type":"Feature","geometry":{"type":"LineString","coordinates":[[-6.674,39.10971],[-6.67406,39.10961],[-6.67407,39.1095],[-6.67398,39.10933]]},"properties":{"dam_id":"way/376356289","osm_type":"way","osm_id":376356289,"country":"ES","name":null,"uso":"desconhecido"}},{"type":"Feature","geometry":{"type":"LineString","coordinates":[[-6.68471,39.04285],[-6.68078,39.04282],[-6.68005,39.04294]]},"properties":{"dam_id":"way/376359916","osm_type":"way","osm_id":376359916,"country":"ES","name":"Presa de Morantes","uso":"desconhecido"}},{"type":"Feature","geometry":{"type":"LineString","coordinates":[[-5.28832,40.00404],[-5.28804,40.00393],[-5.28795,40.00383],[-5.28792,40.00372]]},"properties":{"dam_id":"way/376465292","osm_type":"way","osm_id":376465292,"country":"ES","name":null,"uso":"desconhecido"}},{"type":"Feature","geometry":{"type":"LineString","coordinates":[[-5.27631,40.06111],[-5.27567,40.05911]]},"properties":{"dam_id":"way/376465294","osm_type":"way","osm_id":376465294,"country":"ES","name":null,"uso":"desconhecido"}},{"type":"Feature","geometry":{"type":"LineString","coordinates":[[-5.25644,40.03925],[-5.25629,40.03847]]},"properties":{"dam_id":"way/376465487","osm_type":"way","osm_id":376465487,"country":"ES","name":null,"uso":"desconhecido"}},{"type":"Feature","geometry":{"type":"LineString","coordinates":[[-5.2661,39.97973],[-5.26617,39.97964],[-5.26619,39.97953],[-5.26616,39.97941],[-5.266,39.97923],[-5.2659,39.9792]]},"properties":{"dam_id":"way/376465852","osm_type":"way","osm_id":376465852,"country":"ES","name":null,"uso":"desconhecido"}},{"type":"Feature","geometry":{"type":"LineString","coordinates":[[-5.26059,39.98738],[-5.26043,39.98742],[-5.26016,39.9874]]},"properties":{"dam_id":"way/376465859","osm_type":"way","osm_id":376465859,"country":"ES","name":null,"uso":"desconhecido"}},{"type":"Feature","geometry":{"type":"LineString","coordinates":[[-5.31316,39.96554],[-5.31307,39.96574],[-5.3128,39.966]]},"properties":{"dam_id":"way/376466755","osm_type":"way","osm_id":376466755,"country":"ES","name":null,"uso":"desconhecido"}},{"type":"Feature","geometry":{"type":"LineString","coordinates":[[-6.1651,39.97381],[-6.16428,39.97374],[-6.16276,39.97372]]},"properties":{"dam_id":"way/376489867","osm_type":"way","osm_id":376489867,"country":"ES","name":null,"uso":"desconhecido"}},{"type":"Feature","geometry":{"type":"LineString","coordinates":[[-4.98227,39.10964],[-4.98254,39.10983]]},"properties":{"dam_id":"way/377113979","osm_type":"way","osm_id":377113979,"country":"ES","name":null,"uso":"desconhecido"}},{"type":"Feature","geometry":{"type":"LineString","coordinates":[[-6.1745,40.84809],[-6.17318,40.84799]]},"properties":{"dam_id":"way/377152030","osm_type":"way","osm_id":377152030,"country":"ES","name":null,"uso":"desconhecido"}},{"type":"Feature","geometry":{"type":"Polygon","coordinates":[[[-0.26566,42.59866],[-0.26564,42.59857],[-0.26572,42.59856],[-0.26569,42.59843],[-0.26561,42.59844],[-0.26557,42.5984],[-0.26563,42.59866],[-0.26566,42.59866]]]},"properties":{"dam_id":"way/377153010","osm_type":"way","osm_id":377153010,"country":"ES","name":null,"uso":"desconhecido"}},{"type":"Feature","geometry":{"type":"Polygon","coordinates":[[[-0.53835,42.62527],[-0.53847,42.62525],[-0.53839,42.62499],[-0.53826,42.62501],[-0.53835,42.62527]]]},"properties":{"dam_id":"way/377288537","osm_type":"way","osm_id":377288537,"country":"ES","name":null,"uso":"desconhecido"}},{"type":"Feature","geometry":{"type":"Polygon","coordinates":[[[-0.4017,42.59872],[-0.40152,42.59868],[-0.40108,42.59859],[-0.4012,42.59853],[-0.40178,42.59866],[-0.4017,42.59872]]]},"properties":{"dam_id":"way/377316119","osm_type":"way","osm_id":377316119,"country":"ES","name":null,"uso":"desconhecido"}},{"type":"Feature","geometry":{"type":"LineString","coordinates":[[-4.426,41.35436],[-4.42602,41.35429]]},"properties":{"dam_id":"way/377437591","osm_type":"way","osm_id":377437591,"country":"ES","name":null,"uso":"desconhecido"}},{"type":"Feature","geometry":{"type":"Polygon","coordinates":[[[-0.34989,42.62381],[-0.34975,42.62396],[-0.34968,42.62415],[-0.34962,42.62413],[-0.3496,42.6241],[-0.34967,42.62398],[-0.34943,42.62391],[-0.34954,42.62377],[-0.34976,42.62385],[-0.34984,42.62377],[-0.34989,42.62381]]]},"properties":{"dam_id":"way/377467425","osm_type":"way","osm_id":377467425,"country":"ES","name":null,"uso":"desconhecido"}},{"type":"Feature","geometry":{"type":"Polygon","coordinates":[[[-0.36028,42.64033],[-0.36034,42.64015],[-0.36031,42.6402],[-0.36015,42.64017],[-0.36011,42.64023],[-0.36027,42.64027],[-0.36025,42.64033],[-0.36028,42.64033]]]},"properties":{"dam_id":"way/377484762","osm_type":"way","osm_id":377484762,"country":"ES","name":null,"uso":"desconhecido"}},{"type":"Feature","geometry":{"type":"LineString","coordinates":[[-5.87048,40.02593],[-5.87123,40.02546]]},"properties":{"dam_id":"way/377545617","osm_type":"way","osm_id":377545617,"country":"ES","name":null,"uso":"desconhecido"}},{"type":"Feature","geometry":{"type":"Polygon","coordinates":[[[-5.87611,40.03188],[-5.87567,40.03192],[-5.87532,40.032],[-5.8763,40.03192],[-5.87611,40.03188]]]},"properties":{"dam_id":"way/377545621","osm_type":"way","osm_id":377545621,"country":"ES","name":null,"uso":"desconhecido"}},{"type":"Feature","geometry":{"type":"Polygon","coordinates":[[[-0.46269,42.62736],[-0.46208,42.6271],[-0.46209,42.62707],[-0.46265,42.62728],[-0.46272,42.62733],[-0.46269,42.62736]]]},"properties":{"dam_id":"way/377753893","osm_type":"way","osm_id":377753893,"country":"ES","name":null,"uso":"desconhecido"}},{"type":"Feature","geometry":{"type":"LineString","coordinates":[[-7.08318,38.55735],[-7.08303,38.55686],[-7.08243,38.55641],[-7.08198,38.55629]]},"properties":{"dam_id":"way/377779342","osm_type":"way","osm_id":377779342,"country":"ES","name":null,"uso":"desconhecido"}},{"type":"Feature","geometry":{"type":"LineString","coordinates":[[2.24613,41.98586],[2.24612,41.98596],[2.24607,41.98598]]},"properties":{"dam_id":"way/377893509","osm_type":"way","osm_id":377893509,"country":"ES","name":null,"uso":"desconhecido"}},{"type":"Feature","geometry":{"type":"Polygon","coordinates":[[[-0.2584,42.73528],[-0.25809,42.73508],[-0.25809,42.73505],[-0.25801,42.73511],[-0.25789,42.73512],[-0.25791,42.73507],[-0.25795,42.73505],[-0.25799,42.73509],[-0.25813,42.73498],[-0.25812,42.73505],[-0.25823,42.73496],[-0.25835,42.73505],[-0.25825,42.73515],[-0.25827,42.73516],[-0.25829,42.73512],[-0.25834,42.73515],[-0.25831,42.73518],[-0.25841,42.73526],[-0.2584,42.73528]]]},"properties":{"dam_id":"way/377969500","osm_type":"way","osm_id":377969500,"country":"ES","name":null,"uso":"desconhecido"}},{"type":"Feature","geometry":{"type":"LineString","coordinates":[[1.88236,41.9421],[1.8813,41.94222],[1.88114,41.94229]]},"properties":{"dam_id":"way/378300939","osm_type":"way","osm_id":378300939,"country":"ES","name":"Resclosa de Cal Vidal","uso":"desconhecido"}},{"type":"Feature","geometry":{"type":"LineString","coordinates":[[1.88052,41.93079],[1.88067,41.9308],[1.881,41.93106]]},"properties":{"dam_id":"way/378305309","osm_type":"way","osm_id":378305309,"country":"ES","name":null,"uso":"desconhecido"}},{"type":"Feature","geometry":{"type":"Polygon","coordinates":[[[-0.34278,42.59784],[-0.34228,42.59742],[-0.34233,42.59741],[-0.34281,42.59783],[-0.34278,42.59784]]]},"properties":{"dam_id":"way/378349632","osm_type":"way","osm_id":378349632,"country":"ES","name":null,"uso":"desconhecido"}},{"type":"Feature","geometry":{"type":"LineString","coordinates":[[-7.23922,39.59656],[-7.23853,39.59825],[-7.23823,39.59838],[-7.2372,39.59841]]},"properties":{"dam_id":"way/378379538","osm_type":"way","osm_id":378379538,"country":"ES","name":null,"uso":"desconhecido"}},{"type":"Feature","geometry":{"type":"LineString","coordinates":[[-7.05895,37.68747],[-7.05912,37.68707]]},"properties":{"dam_id":"way/378469120","osm_type":"way","osm_id":378469120,"country":"ES","name":null,"uso":"desconhecido"}},{"type":"Feature","geometry":{"type":"LineString","coordinates":[[-7.07208,37.66777],[-7.07214,37.66738]]},"properties":{"dam_id":"way/378469131","osm_type":"way","osm_id":378469131,"country":"ES","name":null,"uso":"desconhecido"}},{"type":"Feature","geometry":{"type":"LineString","coordinates":[[-7.06339,37.66417],[-7.06332,37.66406],[-7.06335,37.66393],[-7.06348,37.66376]]},"properties":{"dam_id":"way/378469926","osm_type":"way","osm_id":378469926,"country":"ES","name":null,"uso":"desconhecido"}},{"type":"Feature","geometry":{"type":"Polygon","coordinates":[[[-7.16355,37.54374],[-7.16363,37.54294],[-7.16342,37.54308],[-7.16339,37.54363],[-7.16355,37.54374]]]},"properties":{"dam_id":"way/378473562","osm_type":"way","osm_id":378473562,"country":"ES","name":null,"uso":"desconhecido"}},{"type":"Feature","geometry":{"type":"LineString","coordinates":[[-7.16415,37.55449],[-7.16364,37.55484],[-7.16338,37.55519]]},"properties":{"dam_id":"way/378473722","osm_type":"way","osm_id":378473722,"country":"ES","name":null,"uso":"desconhecido"}},{"type":"Feature","geometry":{"type":"LineString","coordinates":[[-7.28741,37.62416],[-7.28742,37.62319]]},"properties":{"dam_id":"way/378479474","osm_type":"way","osm_id":378479474,"country":"ES","name":null,"uso":"desconhecido"}},{"type":"Feature","geometry":{"type":"LineString","coordinates":[[-7.28326,37.61915],[-7.28194,37.61923],[-7.28175,37.61938]]},"properties":{"dam_id":"way/378479481","osm_type":"way","osm_id":378479481,"country":"ES","name":null,"uso":"desconhecido"}},{"type":"Feature","geometry":{"type":"LineString","coordinates":[[-1.04649,42.30466],[-1.04622,42.30461],[-1.04616,42.30466]]},"properties":{"dam_id":"way/379040848","osm_type":"way","osm_id":379040848,"country":"ES","name":null,"uso":"desconhecido"}},{"type":"Feature","geometry":{"type":"LineString","coordinates":[[-6.77957,38.41917],[-6.77951,38.42012]]},"properties":{"dam_id":"way/379532235","osm_type":"way","osm_id":379532235,"country":"ES","name":null,"uso":"desconhecido"}},{"type":"Feature","geometry":{"type":"LineString","coordinates":[[-5.13505,37.99675],[-5.1348,37.99649],[-5.13465,37.99643]]},"properties":{"dam_id":"way/379556144","osm_type":"way","osm_id":379556144,"country":"ES","name":null,"uso":"desconhecido"}},{"type":"Feature","geometry":{"type":"LineString","coordinates":[[-5.10962,37.98872],[-5.10901,37.98887],[-5.10905,37.98925]]},"properties":{"dam_id":"way/379557626","osm_type":"way","osm_id":379557626,"country":"ES","name":null,"uso":"desconhecido"}},{"type":"Feature","geometry":{"type":"LineString","coordinates":[[-5.09555,37.99433],[-5.09479,37.99436]]},"properties":{"dam_id":"way/379557629","osm_type":"way","osm_id":379557629,"country":"ES","name":null,"uso":"desconhecido"}},{"type":"Feature","geometry":{"type":"LineString","coordinates":[[-5.19755,37.96009],[-5.19749,37.95965]]},"properties":{"dam_id":"way/379562979","osm_type":"way","osm_id":379562979,"country":"ES","name":null,"uso":"desconhecido"}},{"type":"Feature","geometry":{"type":"Polygon","coordinates":[[[-5.18941,37.95915],[-5.1894,37.95896],[-5.18882,37.95886],[-5.18943,37.9589],[-5.18961,37.95866],[-5.18941,37.95915]]]},"properties":{"dam_id":"way/379562982","osm_type":"way","osm_id":379562982,"country":"ES","name":null,"uso":"desconhecido"}},{"type":"Feature","geometry":{"type":"LineString","coordinates":[[-5.14615,37.96874],[-5.14623,37.96834],[-5.14624,37.96766]]},"properties":{"dam_id":"way/379566998","osm_type":"way","osm_id":379566998,"country":"ES","name":null,"uso":"desconhecido"}},{"type":"Feature","geometry":{"type":"Polygon","coordinates":[[[-5.30255,38.06262],[-5.30205,38.06259],[-5.30168,38.06261],[-5.30205,38.06245],[-5.30255,38.06262]]]},"properties":{"dam_id":"way/379578555","osm_type":"way","osm_id":379578555,"country":"ES","name":null,"uso":"desconhecido"}},{"type":"Feature","geometry":{"type":"Polygon","coordinates":[[[-1.126,42.37579],[-1.1251,42.37525],[-1.12578,42.37508],[-1.12623,42.37549],[-1.126,42.37579]]]},"properties":{"dam_id":"way/379601955","osm_type":"way","osm_id":379601955,"country":"ES","name":null,"uso":"desconhecido"}},{"type":"Feature","geometry":{"type":"LineString","coordinates":[[-5.42659,39.2345],[-5.42523,39.23421]]},"properties":{"dam_id":"way/380043630","osm_type":"way","osm_id":380043630,"country":"ES","name":null,"uso":"desconhecido"}},{"type":"Feature","geometry":{"type":"Polygon","coordinates":[[[-5.40387,39.23543],[-5.4019,39.23523],[-5.40259,39.23512],[-5.40381,39.23534],[-5.40387,39.23543]]]},"properties":{"dam_id":"way/380043651","osm_type":"way","osm_id":380043651,"country":"ES","name":null,"uso":"desconhecido"}},{"type":"Feature","geometry":{"type":"Polygon","coordinates":[[[-5.34136,39.13128],[-5.34081,39.13112],[-5.34015,39.13112],[-5.33971,39.13122],[-5.33923,39.13145],[-5.33877,39.13187],[-5.3385,39.1317],[-5.33818,39.13195],[-5.33815,39.1317],[-5.33942,39.13097],[-5.34074,39.1308],[-5.34146,39.13093],[-5.34136,39.13128]]]},"properties":{"dam_id":"way/380045073","osm_type":"way","osm_id":380045073,"country":"ES","name":null,"uso":"desconhecido"}},{"type":"Feature","geometry":{"type":"Polygon","coordinates":[[[-5.35592,39.18709],[-5.35646,39.18728],[-5.35797,39.18812],[-5.3702,39.19466],[-5.37055,39.19435],[-5.36803,39.19264],[-5.36063,39.1887],[-5.35689,39.18713],[-5.35592,39.18709]]]},"properties":{"dam_id":"way/380045076","osm_type":"way","osm_id":380045076,"country":"ES","name":null,"uso":"desconhecido"}},{"type":"Feature","geometry":{"type":"LineString","coordinates":[[-4.63161,38.51669],[-4.63163,38.51579],[-4.63145,38.51558]]},"properties":{"dam_id":"way/380101668","osm_type":"way","osm_id":380101668,"country":"ES","name":null,"uso":"desconhecido"}},{"type":"Feature","geometry":{"type":"LineString","coordinates":[[-6.69829,39.62828],[-6.69908,39.62871]]},"properties":{"dam_id":"way/380300357","osm_type":"way","osm_id":380300357,"country":"ES","name":null,"uso":"desconhecido"}},{"type":"Feature","geometry":{"type":"LineString","coordinates":[[-6.713,39.62649],[-6.71283,39.62668],[-6.71267,39.62725]]},"properties":{"dam_id":"way/380300358","osm_type":"way","osm_id":380300358,"country":"ES","name":null,"uso":"desconhecido"}},{"type":"Feature","geometry":{"type":"Polygon","coordinates":[[[-0.23477,41.13478],[-0.2335,41.13524],[-0.23329,41.13508],[-0.23364,41.13489],[-0.23447,41.13461],[-0.23474,41.13467],[-0.23477,41.13478]]]},"properties":{"dam_id":"way/380607924","osm_type":"way","osm_id":380607924,"country":"ES","name":null,"uso":"desconhecido"}},{"type":"Feature","geometry":{"type":"LineString","coordinates":[[2.16531,41.94742],[2.16552,41.94715],[2.16562,41.9471],[2.16577,41.9471],[2.16589,41.94713],[2.16599,41.94721],[2.16602,41.94728],[2.16603,41.94752]]},"properties":{"dam_id":"way/380650463","osm_type":"way","osm_id":380650463,"country":"ES","name":null,"uso":"desconhecido"}},{"type":"Feature","geometry":{"type":"LineString","coordinates":[[2.13922,41.92203],[2.13927,41.922],[2.13945,41.92206],[2.13953,41.92202],[2.13964,41.92191],[2.13959,41.92182],[2.13963,41.92177]]},"properties":{"dam_id":"way/380651797","osm_type":"way","osm_id":380651797,"country":"ES","name":null,"uso":"desconhecido"}},{"type":"Feature","geometry":{"type":"LineString","coordinates":[[2.1169,41.92232],[2.11692,41.92193]]},"properties":{"dam_id":"way/380651803","osm_type":"way","osm_id":380651803,"country":"ES","name":null,"uso":"desconhecido"}},{"type":"Feature","geometry":{"type":"Polygon","coordinates":[[[-0.31734,42.79573],[-0.31717,42.79523],[-0.31721,42.79522],[-0.31731,42.79549],[-0.31738,42.79573],[-0.31734,42.79573]]]},"properties":{"dam_id":"way/380977425","osm_type":"way","osm_id":380977425,"country":"ES","name":null,"uso":"desconhecido"}},{"type":"Feature","geometry":{"type":"Polygon","coordinates":[[[-0.32199,42.79366],[-0.32195,42.79366],[-0.32196,42.79331],[-0.322,42.79332],[-0.32199,42.79366]]]},"properties":{"dam_id":"way/380978398","osm_type":"way","osm_id":380978398,"country":"ES","name":null,"uso":"desconhecido"}},{"type":"Feature","geometry":{"type":"LineString","coordinates":[[-6.58915,39.48829],[-6.58914,39.48833],[-6.58933,39.4884],[-6.58951,39.48842],[-6.5899,39.48817],[-6.58987,39.48812],[-6.58997,39.48804],[-6.59042,39.48806],[-6.59083,39.48823],[-6.5913,39.4886],[-6.59142,39.48867],[-6.59155,39.48869],[-6.592,39.48906],[-6.59225,39.4892],[-6.59207,39.48931],[-6.59159,39.48944]]},"properties":{"dam_id":"way/381015066","osm_type":"way","osm_id":381015066,"country":"ES","name":null,"uso":"desconhecido"}},{"type":"Feature","geometry":{"type":"LineString","coordinates":[[-6.06252,38.63748],[-6.06191,38.63719]]},"properties":{"dam_id":"way/381110146","osm_type":"way","osm_id":381110146,"country":"ES","name":null,"uso":"desconhecido"}},{"type":"Feature","geometry":{"type":"LineString","coordinates":[[-6.07101,38.63972],[-6.07115,38.63911]]},"properties":{"dam_id":"way/381110166","osm_type":"way","osm_id":381110166,"country":"ES","name":null,"uso":"desconhecido"}},{"type":"Feature","geometry":{"type":"LineString","coordinates":[[-6.12494,38.64389],[-6.1247,38.64394],[-6.12452,38.64382]]},"properties":{"dam_id":"way/381110170","osm_type":"way","osm_id":381110170,"country":"ES","name":null,"uso":"desconhecido"}},{"type":"Feature","geometry":{"type":"LineString","coordinates":[[-6.17328,38.69186],[-6.17396,38.69126]]},"properties":{"dam_id":"way/381112141","osm_type":"way","osm_id":381112141,"country":"ES","name":null,"uso":"desconhecido"}},{"type":"Feature","geometry":{"type":"Polygon","coordinates":[[[-5.39603,37.60288],[-5.39678,37.60121],[-5.39693,37.60125],[-5.3968,37.60191],[-5.3966,37.60235],[-5.39644,37.60263],[-5.39617,37.6029],[-5.39603,37.60288]]]},"properties":{"dam_id":"way/381226093","osm_type":"way","osm_id":381226093,"country":"ES","name":null,"uso":"desconhecido"}},{"type":"Feature","geometry":{"type":"Polygon","coordinates":[[[-5.40752,37.58548],[-5.40729,37.58569],[-5.40683,37.58587],[-5.40674,37.58582],[-5.40707,37.58547],[-5.40603,37.58389],[-5.40567,37.58389],[-5.4057,37.58378],[-5.40597,37.58369],[-5.40634,37.58363],[-5.40752,37.58548]]]},"properties":{"dam_id":"way/381226103","osm_type":"way","osm_id":381226103,"country":"ES","name":null,"uso":"desconhecido"}},{"type":"Feature","geometry":{"type":"Polygon","coordinates":[[[-5.38324,37.60473],[-5.381,37.60553],[-5.38098,37.60559],[-5.38108,37.60561],[-5.38142,37.60555],[-5.38187,37.60552],[-5.38268,37.60522],[-5.38334,37.60475],[-5.38324,37.60473]]]},"properties":{"dam_id":"way/381226116","osm_type":"way","osm_id":381226116,"country":"ES","name":null,"uso":"desconhecido"}},{"type":"Feature","geometry":{"type":"Polygon","coordinates":[[[-5.37238,37.61185],[-5.37083,37.61105],[-5.37098,37.6109],[-5.37223,37.611],[-5.37272,37.61189],[-5.37238,37.61185]]]},"properties":{"dam_id":"way/381226379","osm_type":"way","osm_id":381226379,"country":"ES","name":null,"uso":"desconhecido"}},{"type":"Feature","geometry":{"type":"Polygon","coordinates":[[[-5.37886,37.61387],[-5.37822,37.61336],[-5.37725,37.61299],[-5.37706,37.61272],[-5.37852,37.61308],[-5.37913,37.61377],[-5.37908,37.61439],[-5.37892,37.61444],[-5.37886,37.61387]]]},"properties":{"dam_id":"way/381226382","osm_type":"way","osm_id":381226382,"country":"ES","name":null,"uso":"desconhecido"}},{"type":"Feature","geometry":{"type":"Polygon","coordinates":[[[-5.37982,37.60239],[-5.38102,37.60098],[-5.38116,37.60102],[-5.38117,37.6013],[-5.38021,37.60239],[-5.38006,37.60245],[-5.37989,37.60243],[-5.37982,37.60239]]]},"properties":{"dam_id":"way/381226385","osm_type":"way","osm_id":381226385,"country":"ES","name":null,"uso":"desconhecido"}},{"type":"Feature","geometry":{"type":"Polygon","coordinates":[[[-5.40285,37.63104],[-5.40187,37.62948],[-5.4018,37.62955],[-5.40179,37.63001],[-5.40183,37.63022],[-5.40201,37.63054],[-5.40261,37.63104],[-5.40271,37.63109],[-5.40285,37.63104]]]},"properties":{"dam_id":"way/381226988","osm_type":"way","osm_id":381226988,"country":"ES","name":null,"uso":"desconhecido"}},{"type":"Feature","geometry":{"type":"Polygon","coordinates":[[[-5.37919,37.62562],[-5.37934,37.6238],[-5.37945,37.62373],[-5.37952,37.62373],[-5.3796,37.6239],[-5.37965,37.62477],[-5.37937,37.6255],[-5.37929,37.62563],[-5.37919,37.62562]]]},"properties":{"dam_id":"way/381226990","osm_type":"way","osm_id":381226990,"country":"ES","name":null,"uso":"desconhecido"}},{"type":"Feature","geometry":{"type":"Polygon","coordinates":[[[-5.39508,37.62037],[-5.39508,37.62053],[-5.39584,37.62108],[-5.39734,37.62124],[-5.39746,37.6212],[-5.39508,37.62037]]]},"properties":{"dam_id":"way/381226994","osm_type":"way","osm_id":381226994,"country":"ES","name":null,"uso":"desconhecido"}},{"type":"Feature","geometry":{"type":"Polygon","coordinates":[[[-5.40228,37.64031],[-5.40188,37.63919],[-5.40276,37.63971],[-5.40228,37.64031]]]},"properties":{"dam_id":"way/381226995","osm_type":"way","osm_id":381226995,"country":"ES","name":null,"uso":"desconhecido"}},{"type":"Feature","geometry":{"type":"Polygon","coordinates":[[[-5.4104,37.62822],[-5.41032,37.62823],[-5.41016,37.62799],[-5.41002,37.62766],[-5.40984,37.62745],[-5.40984,37.62736],[-5.41006,37.62671],[-5.41012,37.62669],[-5.4104,37.62822]]]},"properties":{"dam_id":"way/381226998","osm_type":"way","osm_id":381226998,"country":"ES","name":null,"uso":"desconhecido"}},{"type":"Feature","geometry":{"type":"LineString","coordinates":[[-5.38236,37.64739],[-5.38037,37.64765]]},"properties":{"dam_id":"way/381227163","osm_type":"way","osm_id":381227163,"country":"ES","name":null,"uso":"desconhecido"}},{"type":"Feature","geometry":{"type":"LineString","coordinates":[[-5.36989,37.6508],[-5.36978,37.64951]]},"properties":{"dam_id":"way/381227164","osm_type":"way","osm_id":381227164,"country":"ES","name":null,"uso":"desconhecido"}},{"type":"Feature","geometry":{"type":"LineString","coordinates":[[-5.34895,37.65165],[-5.34792,37.64999]]},"properties":{"dam_id":"way/381227204","osm_type":"way","osm_id":381227204,"country":"ES","name":null,"uso":"desconhecido"}},{"type":"Feature","geometry":{"type":"LineString","coordinates":[[-5.30543,37.60116],[-5.3038,37.59994]]},"properties":{"dam_id":"way/381232984","osm_type":"way","osm_id":381232984,"country":"ES","name":null,"uso":"desconhecido"}},{"type":"Feature","geometry":{"type":"Polygon","coordinates":[[[-0.49243,42.05801],[-0.49228,42.05749],[-0.49193,42.05666],[-0.49067,42.05392],[-0.49011,42.05237],[-0.48986,42.0515],[-0.4895,42.04997],[-0.48935,42.04864],[-0.48924,42.04705],[-0.48926,42.04532],[-0.48939,42.04366],[-0.48961,42.04202],[-0.48993,42.04042],[-0.49022,42.03925],[-0.49059,42.03835],[-0.49205,42.03605],[-0.49302,42.03478],[-0.49408,42.03355],[-0.49649,42.03115],[-0.49698,42.03055],[-0.49708,42.0301],[-0.49694,42.03002],[-0.49649,42.03024],[-0.49561,42.031],[-0.49464,42.03205],[-0.49416,42.03269],[-0.49213,42.03472],[-0.49125,42.03572],[-0.49037,42.03704],[-0.49026,42.03749],[-0.4893,42.03945],[-0.48886,42.04068],[-0.48834,42.04296],[-0.48826,42.04371],[-0.48816,42.04634],[-0.4882,42.04734],[-0.48829,42.04841],[-0.48844,42.04949],[-0.48868,42.05064],[-0.48898,42.0518],[-0.48937,42.05298],[-0.48979,42.05405],[-0.49052,42.05569],[-0.49094,42.05645],[-0.49159,42.05752],[-0.49167,42.05763],[-0.49224,42.05811],[-0.4925,42.05857],[-0.49317,42.05932],[-0.49349,42.05983],[-0.49366,42.05968],[-0.49335,42.05917],[-0.49301,42.0588],[-0.49243,42.05801]]]},"properties":{"dam_id":"way/381700527","osm_type":"way","osm_id":381700527,"country":"ES","name":null,"uso":"desconhecido"}},{"type":"Feature","geometry":{"type":"LineString","coordinates":[[-0.501,42.06631],[-0.50095,42.06624],[-0.50088,42.06623],[-0.50016,42.06638],[-0.49998,42.06646]]},"properties":{"dam_id":"way/381700533","osm_type":"way","osm_id":381700533,"country":"ES","name":null,"uso":"desconhecido"}},{"type":"Feature","geometry":{"type":"LineString","coordinates":[[-6.72197,39.81139],[-6.72194,39.81126],[-6.72183,39.81113],[-6.72152,39.81101]]},"properties":{"dam_id":"way/381809776","osm_type":"way","osm_id":381809776,"country":"ES","name":null,"uso":"desconhecido"}},{"type":"Feature","geometry":{"type":"LineString","coordinates":[[1.4453,41.86411],[1.44497,41.864],[1.44468,41.86401]]},"properties":{"dam_id":"way/382204133","osm_type":"way","osm_id":382204133,"country":"ES","name":null,"uso":"desconhecido"}},{"type":"Feature","geometry":{"type":"LineString","coordinates":[[-4.21113,38.78821],[-4.21004,38.78738]]},"properties":{"dam_id":"way/382434637","osm_type":"way","osm_id":382434637,"country":"ES","name":null,"uso":"desconhecido"}},{"type":"Feature","geometry":{"type":"Polygon","coordinates":[[[-3.53807,37.95241],[-3.53798,37.95233],[-3.53811,37.95224],[-3.53819,37.95232],[-3.53807,37.95241]]]},"properties":{"dam_id":"way/604030989","osm_type":"way","osm_id":604030989,"country":"ES","name":null,"uso":"desconhecido"}},{"type":"Feature","geometry":{"type":"LineString","coordinates":[[-3.30006,41.09253],[-3.29994,41.09234]]},"properties":{"dam_id":"way/382552360","osm_type":"way","osm_id":382552360,"country":"ES","name":null,"uso":"desconhecido"}},{"type":"Feature","geometry":{"type":"LineString","coordinates":[[-3.61871,37.95176],[-3.61864,37.95165],[-3.61859,37.95144],[-3.6186,37.95106]]},"properties":{"dam_id":"way/382561740","osm_type":"way","osm_id":382561740,"country":"ES","name":null,"uso":"desconhecido"}},{"type":"Feature","geometry":{"type":"Polygon","coordinates":[[[-1.7876,41.87811],[-1.78751,41.87803],[-1.78737,41.87767],[-1.78684,41.87718],[-1.7865,41.87617],[-1.78638,41.87542],[-1.78654,41.87497],[-1.78664,41.87486],[-1.78665,41.87469],[-1.78672,41.87463],[-1.7876,41.87811]]]},"properties":{"dam_id":"way/382753042","osm_type":"way","osm_id":382753042,"country":"ES","name":null,"uso":"desconhecido"}},{"type":"Feature","geometry":{"type":"LineString","coordinates":[[-2.11362,42.97544],[-2.11012,42.97634]]},"properties":{"dam_id":"way/382801932","osm_type":"way","osm_id":382801932,"country":"ES","name":"Lareo","uso":"desconhecido"}},{"type":"Feature","geometry":{"type":"LineString","coordinates":[[-4.27909,38.26634],[-4.27885,38.26698],[-4.27871,38.26762]]},"properties":{"dam_id":"way/383637075","osm_type":"way","osm_id":383637075,"country":"ES","name":null,"uso":"desconhecido"}},{"type":"Feature","geometry":{"type":"LineString","coordinates":[[-4.29218,38.19537],[-4.29172,38.1959]]},"properties":{"dam_id":"way/383639525","osm_type":"way","osm_id":383639525,"country":"ES","name":null,"uso":"desconhecido"}},{"type":"Feature","geometry":{"type":"Polygon","coordinates":[[[0.92999,42.23409],[0.93022,42.23437],[0.93012,42.23417],[0.92999,42.23409]]]},"properties":{"dam_id":"way/384371976","osm_type":"way","osm_id":384371976,"country":"ES","name":null,"uso":"desconhecido"}},{"type":"Feature","geometry":{"type":"Polygon","coordinates":[[[-6.05456,36.54581],[-6.0547,36.54614],[-6.05418,36.54713],[-6.05384,36.54741],[-6.05375,36.54736],[-6.05379,36.54723],[-6.05449,36.54578],[-6.05456,36.54581]]]},"properties":{"dam_id":"way/384800857","osm_type":"way","osm_id":384800857,"country":"ES","name":"Presa de Barrancos Altos","uso":"desconhecido"}},{"type":"Feature","geometry":{"type":"Polygon","coordinates":[[[-6.05133,36.55279],[-6.05137,36.55288],[-6.05107,36.55319],[-6.05079,36.55327],[-6.05024,36.55334],[-6.0502,36.55323],[-6.05133,36.55279]]]},"properties":{"dam_id":"way/384801678","osm_type":"way","osm_id":384801678,"country":"ES","name":"Presa de los Barrancos Bajos","uso":"desconhecido"}},{"type":"Feature","geometry":{"type":"Polygon","coordinates":[[[-6.77404,42.13808],[-6.77428,42.13793],[-6.77422,42.13761],[-6.7741,42.13755],[-6.77417,42.13763],[-6.77423,42.13792],[-6.77404,42.13808]]]},"properties":{"dam_id":"way/385157724","osm_type":"way","osm_id":385157724,"country":"ES","name":null,"uso":"desconhecido"}},{"type":"Feature","geometry":{"type":"LineString","coordinates":[[-8.42859,43.15394],[-8.42708,43.15426]]},"properties":{"dam_id":"way/385184271","osm_type":"way","osm_id":385184271,"country":"ES","name":null,"uso":"desconhecido"}},{"type":"Feature","geometry":{"type":"Polygon","coordinates":[[[-8.49113,43.09507],[-8.49022,43.0952],[-8.49172,43.09452],[-8.49217,43.09434],[-8.49254,43.09426],[-8.4927,43.09419],[-8.49595,43.09366],[-8.49603,43.09388],[-8.49113,43.09507]]]},"properties":{"dam_id":"way/385184272","osm_type":"way","osm_id":385184272,"country":"ES","name":null,"uso":"desconhecido"}},{"type":"Feature","geometry":{"type":"LineString","coordinates":[[-9.05392,42.96264],[-9.05352,42.9633]]},"properties":{"dam_id":"way/385184274","osm_type":"way","osm_id":385184274,"country":"ES","name":null,"uso":"desconhecido"}},{"type":"Feature","geometry":{"type":"LineString","coordinates":[[-0.64319,40.84743],[-0.64304,40.84707],[-0.6431,40.84647]]},"properties":{"dam_id":"way/385397401","osm_type":"way","osm_id":385397401,"country":"ES","name":null,"uso":"desconhecido"}},{"type":"Feature","geometry":{"type":"LineString","coordinates":[[-0.24088,42.76175],[-0.24095,42.76153],[-0.24103,42.76146]]},"properties":{"dam_id":"way/385413356","osm_type":"way","osm_id":385413356,"country":"ES","name":null,"uso":"desconhecido"}},{"type":"Feature","geometry":{"type":"LineString","coordinates":[[-3.95043,39.45099],[-3.95008,39.45109],[-3.94983,39.45123],[-3.94956,39.45149],[-3.94941,39.45173]]},"properties":{"dam_id":"way/386020535","osm_type":"way","osm_id":386020535,"country":"ES","name":null,"uso":"desconhecido"}},{"type":"Feature","geometry":{"type":"LineString","coordinates":[[-3.06583,41.48613],[-3.06542,41.48591]]},"properties":{"dam_id":"way/386068884","osm_type":"way","osm_id":386068884,"country":"ES","name":null,"uso":"desconhecido"}},{"type":"Feature","geometry":{"type":"LineString","coordinates":[[-4.62566,38.77428],[-4.62631,38.77365],[-4.62633,38.77349],[-4.62589,38.77256]]},"properties":{"dam_id":"way/386282563","osm_type":"way","osm_id":386282563,"country":"ES","name":null,"uso":"desconhecido"}},{"type":"Feature","geometry":{"type":"LineString","coordinates":[[-4.52712,38.77133],[-4.52696,38.77135],[-4.52678,38.77144]]},"properties":{"dam_id":"way/386282565","osm_type":"way","osm_id":386282565,"country":"ES","name":null,"uso":"desconhecido"}},{"type":"Feature","geometry":{"type":"LineString","coordinates":[[-4.61884,38.77366],[-4.61884,38.77398],[-4.61903,38.7744]]},"properties":{"dam_id":"way/386282571","osm_type":"way","osm_id":386282571,"country":"ES","name":null,"uso":"desconhecido"}},{"type":"Feature","geometry":{"type":"LineString","coordinates":[[-4.56168,38.84752],[-4.561,38.84707]]},"properties":{"dam_id":"way/386282573","osm_type":"way","osm_id":386282573,"country":"ES","name":null,"uso":"desconhecido"}},{"type":"Feature","geometry":{"type":"Polygon","coordinates":[[[-2.45802,38.17681],[-2.45801,38.17688],[-2.45788,38.1769],[-2.45776,38.17695],[-2.45765,38.17694],[-2.45757,38.17691],[-2.45755,38.17671],[-2.45758,38.17667],[-2.45802,38.17681]]]},"properties":{"dam_id":"way/387728888","osm_type":"way","osm_id":387728888,"country":"ES","name":null,"uso":"desconhecido"}},{"type":"Feature","geometry":{"type":"LineString","coordinates":[[2.36556,42.16787],[2.36575,42.16801]]},"properties":{"dam_id":"way/387808988","osm_type":"way","osm_id":387808988,"country":"ES","name":null,"uso":"desconhecido"}},{"type":"Feature","geometry":{"type":"LineString","coordinates":[[-3.44618,43.14357],[-3.44625,43.1436]]},"properties":{"dam_id":"way/388116866","osm_type":"way","osm_id":388116866,"country":"ES","name":null,"uso":"desconhecido"}},{"type":"Feature","geometry":{"type":"Polygon","coordinates":[[[-3.68271,37.27378],[-3.68301,37.27372],[-3.68346,37.27394],[-3.68385,37.27398],[-3.68396,37.27417],[-3.68415,37.27482],[-3.68345,37.27581],[-3.68327,37.27584],[-3.68303,37.27484],[-3.68271,37.27378]]]},"properties":{"dam_id":"way/388846472","osm_type":"way","osm_id":388846472,"country":"ES","name":"Presa del Cubillas","uso":"desconhecido"}},{"type":"Feature","geometry":{"type":"LineString","coordinates":[[-2.90044,43.24769],[-2.90109,43.24788]]},"properties":{"dam_id":"way/389719895","osm_type":"way","osm_id":389719895,"country":"ES","name":null,"uso":"desconhecido"}},{"type":"Feature","geometry":{"type":"LineString","coordinates":[[0.71131,41.45917],[0.71141,41.45905],[0.71132,41.45889]]},"properties":{"dam_id":"way/390519408","osm_type":"way","osm_id":390519408,"country":"ES","name":null,"uso":"desconhecido"}},{"type":"Feature","geometry":{"type":"LineString","coordinates":[[0.69171,41.47939],[0.69183,41.47937],[0.69193,41.47944],[0.69194,41.47949]]},"properties":{"dam_id":"way/390519410","osm_type":"way","osm_id":390519410,"country":"ES","name":null,"uso":"desconhecido"}},{"type":"Feature","geometry":{"type":"LineString","coordinates":[[-5.05809,40.74659],[-5.05882,40.74829]]},"properties":{"dam_id":"way/390826989","osm_type":"way","osm_id":390826989,"country":"ES","name":null,"uso":"desconhecido"}},{"type":"Feature","geometry":{"type":"LineString","coordinates":[[-7.26448,39.54278],[-7.26411,39.54267],[-7.2639,39.54256],[-7.26371,39.54236]]},"properties":{"dam_id":"way/391086287","osm_type":"way","osm_id":391086287,"country":"ES","name":null,"uso":"desconhecido"}},{"type":"Feature","geometry":{"type":"LineString","coordinates":[[-5.79896,39.57434],[-5.79896,39.57461],[-5.79887,39.57496]]},"properties":{"dam_id":"way/391280647","osm_type":"way","osm_id":391280647,"country":"ES","name":null,"uso":"desconhecido"}},{"type":"Feature","geometry":{"type":"LineString","coordinates":[[-5.79497,39.57926],[-5.79447,39.57945],[-5.79359,39.58001]]},"properties":{"dam_id":"way/391280651","osm_type":"way","osm_id":391280651,"country":"ES","name":null,"uso":"desconhecido"}},{"type":"Feature","geometry":{"type":"LineString","coordinates":[[-5.75418,39.54222],[-5.75368,39.54228],[-5.7525,39.54226]]},"properties":{"dam_id":"way/391280990","osm_type":"way","osm_id":391280990,"country":"ES","name":null,"uso":"desconhecido"}},{"type":"Feature","geometry":{"type":"LineString","coordinates":[[-5.74003,39.53101],[-5.73995,39.53099],[-5.73995,39.53089],[-5.73983,39.53085]]},"properties":{"dam_id":"way/391283244","osm_type":"way","osm_id":391283244,"country":"ES","name":null,"uso":"desconhecido"}},{"type":"Feature","geometry":{"type":"LineString","coordinates":[[-5.90161,39.59878],[-5.90119,39.59872],[-5.90115,39.59875],[-5.90129,39.59889],[-5.90161,39.59899],[-5.90189,39.59978]]},"properties":{"dam_id":"way/391288821","osm_type":"way","osm_id":391288821,"country":"ES","name":null,"uso":"desconhecido"}},{"type":"Feature","geometry":{"type":"LineString","coordinates":[[-5.84666,39.51685],[-5.84652,39.51701]]},"properties":{"dam_id":"way/391289317","osm_type":"way","osm_id":391289317,"country":"ES","name":null,"uso":"desconhecido"}},{"type":"Feature","geometry":{"type":"LineString","coordinates":[[-7.12764,37.70628],[-7.12704,37.70706]]},"properties":{"dam_id":"way/391391703","osm_type":"way","osm_id":391391703,"country":"ES","name":null,"uso":"desconhecido"}},{"type":"Feature","geometry":{"type":"LineString","coordinates":[[-7.12689,37.77445],[-7.1256,37.77445]]},"properties":{"dam_id":"way/391391714","osm_type":"way","osm_id":391391714,"country":"ES","name":null,"uso":"desconhecido"}},{"type":"Feature","geometry":{"type":"LineString","coordinates":[[-7.1223,37.75282],[-7.12178,37.75248]]},"properties":{"dam_id":"way/391391719","osm_type":"way","osm_id":391391719,"country":"ES","name":null,"uso":"desconhecido"}},{"type":"Feature","geometry":{"type":"Polygon","coordinates":[[[-0.35854,42.29354],[-0.35806,42.29349],[-0.35786,42.29342],[-0.35763,42.29328],[-0.35744,42.2931],[-0.35777,42.29315],[-0.35801,42.29323],[-0.35855,42.29351],[-0.35854,42.29354]]]},"properties":{"dam_id":"way/391684755","osm_type":"way","osm_id":391684755,"country":"ES","name":"Embalse de Cienfuens","uso":"desconhecido"}},{"type":"Feature","geometry":{"type":"LineString","coordinates":[[-4.98386,39.2488],[-4.98388,39.2486],[-4.98336,39.24807]]},"properties":{"dam_id":"way/391808277","osm_type":"way","osm_id":391808277,"country":"ES","name":null,"uso":"desconhecido"}},{"type":"Feature","geometry":{"type":"LineString","coordinates":[[-4.86758,39.22629],[-4.86683,39.22824]]},"properties":{"dam_id":"way/391814579","osm_type":"way","osm_id":391814579,"country":"ES","name":null,"uso":"desconhecido"}},{"type":"Feature","geometry":{"type":"LineString","coordinates":[[-5.91663,39.57903],[-5.91521,39.57968],[-5.91423,39.57979]]},"properties":{"dam_id":"way/392058840","osm_type":"way","osm_id":392058840,"country":"ES","name":null,"uso":"desconhecido"}},{"type":"Feature","geometry":{"type":"LineString","coordinates":[[-4.28222,39.21536],[-4.28203,39.21506]]},"properties":{"dam_id":"way/392354575","osm_type":"way","osm_id":392354575,"country":"ES","name":null,"uso":"desconhecido"}},{"type":"Feature","geometry":{"type":"LineString","coordinates":[[-5.46564,39.49642],[-5.46517,39.49586]]},"properties":{"dam_id":"way/392482258","osm_type":"way","osm_id":392482258,"country":"ES","name":null,"uso":"desconhecido"}},{"type":"Feature","geometry":{"type":"LineString","coordinates":[[-0.8048,39.10399],[-0.80437,39.10374]]},"properties":{"dam_id":"way/392736575","osm_type":"way","osm_id":392736575,"country":"ES","name":"Dique de la Molinera","uso":"desconhecido"}},{"type":"Feature","geometry":{"type":"LineString","coordinates":[[-4.01161,39.83768],[-4.01142,39.8379],[-4.01127,39.83779],[-4.01153,39.83761]]},"properties":{"dam_id":"way/393277697","osm_type":"way","osm_id":393277697,"country":"ES","name":null,"uso":"desconhecido"}},{"type":"Feature","geometry":{"type":"Polygon","coordinates":[[[1.8653,41.57188],[1.86424,41.57185],[1.8641,41.57171],[1.86406,41.57162],[1.86418,41.5716],[1.86435,41.57168],[1.86446,41.57168],[1.86447,41.57173],[1.86459,41.57173],[1.86463,41.57169],[1.8653,41.57188]]]},"properties":{"dam_id":"way/393516036","osm_type":"way","osm_id":393516036,"country":"ES","name":"Resclosa del Cairat","uso":"desconhecido"}},{"type":"Feature","geometry":{"type":"LineString","coordinates":[[1.84929,41.60732],[1.84929,41.60751],[1.84936,41.60773],[1.84965,41.60806]]},"properties":{"dam_id":"way/393516072","osm_type":"way","osm_id":393516072,"country":"ES","name":null,"uso":"desconhecido"}},{"type":"Feature","geometry":{"type":"LineString","coordinates":[[1.86467,41.62755],[1.86473,41.62715],[1.86484,41.62677],[1.865,41.62654],[1.86496,41.62643]]},"properties":{"dam_id":"way/393516076","osm_type":"way","osm_id":393516076,"country":"ES","name":null,"uso":"desconhecido"}},{"type":"Feature","geometry":{"type":"LineString","coordinates":[[1.85085,41.63089],[1.85139,41.63105],[1.85161,41.63107],[1.85208,41.63103],[1.85215,41.63117]]},"properties":{"dam_id":"way/393516081","osm_type":"way","osm_id":393516081,"country":"ES","name":null,"uso":"desconhecido"}},{"type":"Feature","geometry":{"type":"LineString","coordinates":[[-4.11069,36.86091],[-4.10992,36.86063],[-4.10994,36.86052]]},"properties":{"dam_id":"way/394410776","osm_type":"way","osm_id":394410776,"country":"ES","name":null,"uso":"desconhecido"}},{"type":"Feature","geometry":{"type":"Polygon","coordinates":[[[-2.33076,41.19166],[-2.3309,41.19151],[-2.33105,41.19129],[-2.33092,41.19151],[-2.33076,41.19166]]]},"properties":{"dam_id":"way/394698904","osm_type":"way","osm_id":394698904,"country":"ES","name":null,"uso":"desconhecido"}},{"type":"Feature","geometry":{"type":"LineString","coordinates":[[-8.70135,42.15864],[-8.70125,42.1579],[-8.70108,42.15714]]},"properties":{"dam_id":"way/394974872","osm_type":"way","osm_id":394974872,"country":"ES","name":null,"uso":"desconhecido"}},{"type":"Feature","geometry":{"type":"LineString","coordinates":[[0.93592,42.31752],[0.93638,42.31735],[0.93625,42.31723],[0.9361,42.31695],[0.93615,42.31678],[0.93635,42.31661],[0.93663,42.31665]]},"properties":{"dam_id":"way/395268454","osm_type":"way","osm_id":395268454,"country":"ES","name":"Presa de Senterada","uso":"desconhecido"}},{"type":"Feature","geometry":{"type":"LineString","coordinates":[[-3.01938,42.78686],[-3.01895,42.78609]]},"properties":{"dam_id":"way/395422769","osm_type":"way","osm_id":395422769,"country":"ES","name":null,"uso":"desconhecido"}},{"type":"Feature","geometry":{"type":"Polygon","coordinates":[[[-4.16396,36.85801],[-4.16333,36.85803],[-4.16329,36.85827],[-4.16279,36.85852],[-4.16231,36.85862],[-4.16171,36.85837],[-4.16106,36.85854],[-4.1605,36.85872],[-4.16006,36.85899],[-4.15982,36.85939],[-4.16004,36.86009],[-4.16178,36.86065],[-4.16349,36.86091],[-4.16378,36.86095],[-4.16437,36.86071],[-4.16422,36.8604],[-4.16406,36.86029],[-4.16412,36.8601],[-4.16423,36.86001],[-4.16445,36.85999],[-4.16423,36.85881],[-4.16396,36.85801]]]},"properties":{"dam_id":"way/428017166","osm_type":"way","osm_id":428017166,"country":"ES","name":"Presa de La Viñuela","uso":"desconhecido"}},{"type":"Feature","geometry":{"type":"LineString","coordinates":[[-0.78687,39.11044],[-0.78717,39.11012]]},"properties":{"dam_id":"way/396512432","osm_type":"way","osm_id":396512432,"country":"ES","name":null,"uso":"desconhecido"}},{"type":"Feature","geometry":{"type":"LineString","coordinates":[[-4.44088,43.27873],[-4.44075,43.27868]]},"properties":{"dam_id":"way/396587950","osm_type":"way","osm_id":396587950,"country":"ES","name":null,"uso":"desconhecido"}},{"type":"Feature","geometry":{"type":"LineString","coordinates":[[-4.38706,43.22442],[-4.38676,43.22479]]},"properties":{"dam_id":"way/396592641","osm_type":"way","osm_id":396592641,"country":"ES","name":"Azud de Celis","uso":"desconhecido"}},{"type":"Feature","geometry":{"type":"Polygon","coordinates":[[[0.98238,42.52153],[0.98214,42.52167],[0.98195,42.52172],[0.9818,42.52183],[0.98143,42.52199],[0.98094,42.52208],[0.98142,42.52202],[0.98175,42.52192],[0.98208,42.52176],[0.98238,42.52153]]]},"properties":{"dam_id":"way/396779146","osm_type":"way","osm_id":396779146,"country":"ES","name":null,"uso":"hidroelétrica"}},{"type":"Feature","geometry":{"type":"LineString","coordinates":[[1.01186,42.52821],[1.01197,42.52809],[1.01204,42.52794]]},"properties":{"dam_id":"way/396780812","osm_type":"way","osm_id":396780812,"country":"ES","name":"Presa de Saburó","uso":"desconhecido"}},{"type":"Feature","geometry":{"type":"LineString","coordinates":[[-2.531,42.86982],[-2.52949,42.87015]]},"properties":{"dam_id":"way/397707887","osm_type":"way","osm_id":397707887,"country":"ES","name":null,"uso":"desconhecido"}},{"type":"Feature","geometry":{"type":"LineString","coordinates":[[-2.54239,42.86286],[-2.54232,42.86271],[-2.5421,42.86245],[-2.5422,42.86192]]},"properties":{"dam_id":"way/397707888","osm_type":"way","osm_id":397707888,"country":"ES","name":null,"uso":"desconhecido"}},{"type":"Feature","geometry":{"type":"Polygon","coordinates":[[[-0.39726,38.70764],[-0.39745,38.70746],[-0.39742,38.70744],[-0.39723,38.70762],[-0.39726,38.70764]]]},"properties":{"dam_id":"way/397723730","osm_type":"way","osm_id":397723730,"country":"ES","name":null,"uso":"desconhecido"}},{"type":"Feature","geometry":{"type":"LineString","coordinates":[[-4.39699,39.63045],[-4.39668,39.63033],[-4.39643,39.62982]]},"properties":{"dam_id":"way/400476018","osm_type":"way","osm_id":400476018,"country":"ES","name":null,"uso":"desconhecido"}},{"type":"Feature","geometry":{"type":"LineString","coordinates":[[-4.40995,39.62909],[-4.40974,39.62944],[-4.40963,39.6295],[-4.40941,39.62941],[-4.40869,39.62901],[-4.40871,39.62892]]},"properties":{"dam_id":"way/400479776","osm_type":"way","osm_id":400479776,"country":"ES","name":null,"uso":"desconhecido"}},{"type":"Feature","geometry":{"type":"Polygon","coordinates":[[[-1.69869,38.64861],[-1.69865,38.64863],[-1.69875,38.64871],[-1.69909,38.6489],[-1.69934,38.64897],[-1.69972,38.64897],[-1.69992,38.64893],[-1.70024,38.64878],[-1.7006,38.6485],[-1.70057,38.64847],[-1.70034,38.64866],[-1.70012,38.64872],[-1.69994,38.64865],[-1.6996,38.64868],[-1.6994,38.64866],[-1.69912,38.64877],[-1.69903,38.64877],[-1.69893,38.64875],[-1.69869,38.64861]]]},"properties":{"dam_id":"way/678495951","osm_type":"way","osm_id":678495951,"country":"ES","name":"Presa de los Charcos","uso":"desconhecido"}},{"type":"Feature","geometry":{"type":"LineString","coordinates":[[-2.95996,43.29704],[-2.95987,43.29703],[-2.95975,43.29711]]},"properties":{"dam_id":"way/401216729","osm_type":"way","osm_id":401216729,"country":"ES","name":null,"uso":"desconhecido"}},{"type":"Feature","geometry":{"type":"LineString","coordinates":[[-5.22548,40.32901],[-5.22519,40.32925]]},"properties":{"dam_id":"way/401583987","osm_type":"way","osm_id":401583987,"country":"ES","name":null,"uso":"desconhecido"}},{"type":"Feature","geometry":{"type":"LineString","coordinates":[[0.98546,42.59771],[0.98611,42.59735],[0.98667,42.59696],[0.98706,42.59702]]},"properties":{"dam_id":"way/401595517","osm_type":"way","osm_id":401595517,"country":"ES","name":"Presa d'Amitges","uso":"desconhecido"}},{"type":"Feature","geometry":{"type":"Polygon","coordinates":[[[-4.77547,36.90634],[-4.77571,36.90703],[-4.77589,36.90716],[-4.77606,36.9072],[-4.77624,36.90716],[-4.77634,36.90711],[-4.7777,36.90612],[-4.77787,36.90604],[-4.77807,36.90604],[-4.77831,36.90614],[-4.77907,36.90715],[-4.77927,36.90725],[-4.77946,36.90728],[-4.77959,36.90725],[-4.78014,36.90693],[-4.78023,36.90676],[-4.78022,36.90662],[-4.7801,36.90646],[-4.77901,36.90557],[-4.77881,36.90527],[-4.77875,36.90511],[-4.77842,36.90154],[-4.77825,36.9011],[-4.77801,36.90084],[-4.7762,36.89926],[-4.77563,36.89858],[-4.77511,36.89844],[-4.77483,36.89855],[-4.77463,36.8987],[-4.77456,36.89895],[-4.77477,36.89932],[-4.77476,36.90019],[-4.77443,36.90098],[-4.77439,36.9012],[-4.77442,36.90135],[-4.77455,36.90148],[-4.77477,36.90156],[-4.77564,36.90154],[-4.77612,36.90166],[-4.7765,36.90192],[-4.77746,36.90307],[-4.77758,36.90333],[-4.77759,36.90357],[-4.77751,36.90415],[-4.7774,36.90445],[-4.77666,36.90543],[-4.77562,36.90604],[-4.77551,36.90616],[-4.77547,36.90634]]]},"properties":{"dam_id":"way/402057899","osm_type":"way","osm_id":402057899,"country":"ES","name":null,"uso":"desconhecido"}},{"type":"Feature","geometry":{"type":"LineString","coordinates":[[-4.08408,36.83137],[-4.08419,36.83106]]},"properties":{"dam_id":"way/402868197","osm_type":"way","osm_id":402868197,"country":"ES","name":null,"uso":"desconhecido"}},{"type":"Feature","geometry":{"type":"LineString","coordinates":[[-3.95486,36.87012],[-3.95471,36.86991]]},"properties":{"dam_id":"way/402936178","osm_type":"way","osm_id":402936178,"country":"ES","name":null,"uso":"desconhecido"}},{"type":"Feature","geometry":{"type":"LineString","coordinates":[[-4.71822,36.86057],[-4.71771,36.86092]]},"properties":{"dam_id":"way/403195979","osm_type":"way","osm_id":403195979,"country":"ES","name":null,"uso":"desconhecido"}},{"type":"Feature","geometry":{"type":"LineString","coordinates":[[-6.40618,39.75654],[-6.40598,39.75628],[-6.40578,39.75619]]},"properties":{"dam_id":"way/404402483","osm_type":"way","osm_id":404402483,"country":"ES","name":null,"uso":"desconhecido"}},{"type":"Feature","geometry":{"type":"LineString","coordinates":[[-5.75665,38.17377],[-5.7562,38.17399],[-5.75557,38.17414]]},"properties":{"dam_id":"way/404454074","osm_type":"way","osm_id":404454074,"country":"ES","name":null,"uso":"desconhecido"}},{"type":"Feature","geometry":{"type":"LineString","coordinates":[[-4.21802,39.54259],[-4.21804,39.54215]]},"properties":{"dam_id":"way/404999778","osm_type":"way","osm_id":404999778,"country":"ES","name":null,"uso":"desconhecido"}},{"type":"Feature","geometry":{"type":"LineString","coordinates":[[-4.20691,39.53588],[-4.20658,39.5357],[-4.2061,39.53553],[-4.20571,39.53556],[-4.20531,39.53577]]},"properties":{"dam_id":"way/405000114","osm_type":"way","osm_id":405000114,"country":"ES","name":null,"uso":"desconhecido"}},{"type":"Feature","geometry":{"type":"LineString","coordinates":[[-4.03853,42.80644],[-4.03849,42.80642]]},"properties":{"dam_id":"way/405193880","osm_type":"way","osm_id":405193880,"country":"ES","name":null,"uso":"desconhecido"}},{"type":"Feature","geometry":{"type":"LineString","coordinates":[[-4.78823,38.59652],[-4.7882,38.59712]]},"properties":{"dam_id":"way/405469534","osm_type":"way","osm_id":405469534,"country":"ES","name":"Presa de Valtravieso","uso":"desconhecido"}},{"type":"Feature","geometry":{"type":"LineString","coordinates":[[-5.09666,40.6728],[-5.09499,40.67214]]},"properties":{"dam_id":"way/405488042","osm_type":"way","osm_id":405488042,"country":"ES","name":null,"uso":"desconhecido"}},{"type":"Feature","geometry":{"type":"LineString","coordinates":[[-8.16517,43.26376],[-8.1647,43.26377]]},"properties":{"dam_id":"way/405558477","osm_type":"way","osm_id":405558477,"country":"ES","name":"Presa da Cabra","uso":"desconhecido"}},{"type":"Feature","geometry":{"type":"Polygon","coordinates":[[[0.83699,42.19503],[0.83716,42.19512],[0.83733,42.19523],[0.83724,42.1951],[0.83715,42.19504],[0.83699,42.19503]]]},"properties":{"dam_id":"way/405669766","osm_type":"way","osm_id":405669766,"country":"ES","name":null,"uso":"desconhecido"}},{"type":"Feature","geometry":{"type":"LineString","coordinates":[[-4.47288,38.34863],[-4.47203,38.34899]]},"properties":{"dam_id":"way/405674324","osm_type":"way","osm_id":405674324,"country":"ES","name":null,"uso":"desconhecido"}},{"type":"Feature","geometry":{"type":"Polygon","coordinates":[[[-1.83087,41.63325],[-1.83051,41.63306],[-1.83059,41.63307],[-1.83087,41.63325]]]},"properties":{"dam_id":"way/405964194","osm_type":"way","osm_id":405964194,"country":"ES","name":null,"uso":"desconhecido"}},{"type":"Feature","geometry":{"type":"LineString","coordinates":[[-0.41482,40.87487],[-0.41453,40.87485],[-0.41419,40.87486],[-0.41361,40.87497],[-0.41308,40.8752],[-0.41271,40.87545],[-0.41248,40.87524],[-0.41241,40.87521],[-0.41138,40.87515]]},"properties":{"dam_id":"way/406708829","osm_type":"way","osm_id":406708829,"country":"ES","name":null,"uso":"desconhecido"}},{"type":"Feature","geometry":{"type":"LineString","coordinates":[[-4.11177,36.87303],[-4.11151,36.87283]]},"properties":{"dam_id":"way/406751999","osm_type":"way","osm_id":406751999,"country":"ES","name":null,"uso":"desconhecido"}},{"type":"Feature","geometry":{"type":"LineString","coordinates":[[1.2302,42.4514],[1.23018,42.45149],[1.23048,42.45151],[1.23055,42.4516]]},"properties":{"dam_id":"way/406756313","osm_type":"way","osm_id":406756313,"country":"ES","name":null,"uso":"desconhecido"}},{"type":"Feature","geometry":{"type":"Polygon","coordinates":[[[-3.37217,36.89679],[-3.37227,36.89645],[-3.37183,36.89604],[-3.37148,36.89615],[-3.37217,36.89679]]]},"properties":{"dam_id":"way/407739200","osm_type":"way","osm_id":407739200,"country":"ES","name":null,"uso":"desconhecido"}},{"type":"Feature","geometry":{"type":"LineString","coordinates":[[-6.61281,42.5103],[-6.61242,42.51046]]},"properties":{"dam_id":"way/407993394","osm_type":"way","osm_id":407993394,"country":"ES","name":null,"uso":"desconhecido"}},{"type":"Feature","geometry":{"type":"LineString","coordinates":[[-4.28751,36.72614],[-4.28722,36.72626]]},"properties":{"dam_id":"way/409021031","osm_type":"way","osm_id":409021031,"country":"ES","name":null,"uso":"desconhecido"}},{"type":"Feature","geometry":{"type":"LineString","coordinates":[[-4.29333,36.72515],[-4.29301,36.72508]]},"properties":{"dam_id":"way/409021032","osm_type":"way","osm_id":409021032,"country":"ES","name":null,"uso":"desconhecido"}},{"type":"Feature","geometry":{"type":"LineString","coordinates":[[-4.29037,36.73464],[-4.29074,36.73443]]},"properties":{"dam_id":"way/409021034","osm_type":"way","osm_id":409021034,"country":"ES","name":null,"uso":"desconhecido"}},{"type":"Feature","geometry":{"type":"LineString","coordinates":[[0.7491,42.30124],[0.7492,42.30125],[0.74925,42.30122]]},"properties":{"dam_id":"way/409218065","osm_type":"way","osm_id":409218065,"country":"ES","name":null,"uso":"desconhecido"}},{"type":"Feature","geometry":{"type":"LineString","coordinates":[[-4.5031,41.07654],[-4.50177,41.07577]]},"properties":{"dam_id":"way/409307749","osm_type":"way","osm_id":409307749,"country":"ES","name":null,"uso":"desconhecido"}},{"type":"Feature","geometry":{"type":"LineString","coordinates":[[-0.66241,39.04755],[-0.6621,39.04762]]},"properties":{"dam_id":"way/409574533","osm_type":"way","osm_id":409574533,"country":"ES","name":null,"uso":"desconhecido"}},{"type":"Feature","geometry":{"type":"LineString","coordinates":[[1.63304,42.17487],[1.63284,42.17456]]},"properties":{"dam_id":"way/409971452","osm_type":"way","osm_id":409971452,"country":"ES","name":null,"uso":"desconhecido"}},{"type":"Feature","geometry":{"type":"LineString","coordinates":[[-2.85683,43.07439],[-2.85611,43.0738]]},"properties":{"dam_id":"way/410472461","osm_type":"way","osm_id":410472461,"country":"ES","name":null,"uso":"desconhecido"}},{"type":"Feature","geometry":{"type":"LineString","coordinates":[[-2.98548,43.31958],[-2.98536,43.31938]]},"properties":{"dam_id":"way/410592010","osm_type":"way","osm_id":410592010,"country":"ES","name":null,"uso":"desconhecido"}},{"type":"Feature","geometry":{"type":"LineString","coordinates":[[-6.56766,37.69249],[-6.5666,37.69243]]},"properties":{"dam_id":"way/410741141","osm_type":"way","osm_id":410741141,"country":"ES","name":null,"uso":"desconhecido"}},{"type":"Feature","geometry":{"type":"LineString","coordinates":[[-6.60637,37.71101],[-6.60609,37.71051]]},"properties":{"dam_id":"way/410759981","osm_type":"way","osm_id":410759981,"country":"ES","name":null,"uso":"desconhecido"}},{"type":"Feature","geometry":{"type":"LineString","coordinates":[[-6.6111,37.70988],[-6.61087,37.70954]]},"properties":{"dam_id":"way/410759982","osm_type":"way","osm_id":410759982,"country":"ES","name":null,"uso":"desconhecido"}},{"type":"Feature","geometry":{"type":"LineString","coordinates":[[-6.562,37.70008],[-6.56159,37.70054]]},"properties":{"dam_id":"way/410759983","osm_type":"way","osm_id":410759983,"country":"ES","name":null,"uso":"desconhecido"}},{"type":"Feature","geometry":{"type":"Polygon","coordinates":[[[-6.36252,37.95621],[-6.36273,37.95634],[-6.36271,37.95665],[-6.36223,37.95741],[-6.36252,37.95621]]]},"properties":{"dam_id":"way/410811645","osm_type":"way","osm_id":410811645,"country":"ES","name":null,"uso":"desconhecido"}},{"type":"Feature","geometry":{"type":"Polygon","coordinates":[[[-0.35425,42.69586],[-0.35378,42.69564],[-0.35375,42.69561],[-0.35425,42.69586]]]},"properties":{"dam_id":"way/411355064","osm_type":"way","osm_id":411355064,"country":"ES","name":null,"uso":"desconhecido"}},{"type":"Feature","geometry":{"type":"LineString","coordinates":[[1.88687,42.00451],[1.88694,42.00461],[1.88672,42.00474],[1.88664,42.00489],[1.88672,42.00502],[1.88682,42.00508]]},"properties":{"dam_id":"way/411690435","osm_type":"way","osm_id":411690435,"country":"ES","name":null,"uso":"desconhecido"}},{"type":"Feature","geometry":{"type":"LineString","coordinates":[[1.88332,41.98094],[1.88347,41.9809],[1.88349,41.98094],[1.8838,41.98104],[1.88407,41.98109],[1.88418,41.98106],[1.88434,41.98094]]},"properties":{"dam_id":"way/411690438","osm_type":"way","osm_id":411690438,"country":"ES","name":"Resclosa de Cal Cases","uso":"desconhecido"}},{"type":"Feature","geometry":{"type":"LineString","coordinates":[[1.88851,41.98988],[1.88866,41.98995],[1.88853,41.99012],[1.88855,41.99017],[1.88902,41.99052]]},"properties":{"dam_id":"way/411690445","osm_type":"way","osm_id":411690445,"country":"ES","name":"Resclosa de Cal Prat","uso":"desconhecido"}},{"type":"Feature","geometry":{"type":"LineString","coordinates":[[1.88676,41.99885],[1.88695,41.9989],[1.8869,41.99911],[1.88705,41.99939]]},"properties":{"dam_id":"way/411690447","osm_type":"way","osm_id":411690447,"country":"ES","name":null,"uso":"desconhecido"}},{"type":"Feature","geometry":{"type":"LineString","coordinates":[[1.99891,42.03122],[1.99944,42.03109]]},"properties":{"dam_id":"way/411777867","osm_type":"way","osm_id":411777867,"country":"ES","name":null,"uso":"desconhecido"}},{"type":"Feature","geometry":{"type":"LineString","coordinates":[[-2.68316,36.84989],[-2.68294,36.84983]]},"properties":{"dam_id":"way/412328703","osm_type":"way","osm_id":412328703,"country":"ES","name":null,"uso":"desconhecido"}},{"type":"Feature","geometry":{"type":"LineString","coordinates":[[-2.68411,36.84249],[-2.68381,36.84252]]},"properties":{"dam_id":"way/412328704","osm_type":"way","osm_id":412328704,"country":"ES","name":null,"uso":"desconhecido"}},{"type":"Feature","geometry":{"type":"LineString","coordinates":[[-2.68363,36.85454],[-2.68342,36.85461]]},"properties":{"dam_id":"way/412328705","osm_type":"way","osm_id":412328705,"country":"ES","name":null,"uso":"desconhecido"}},{"type":"Feature","geometry":{"type":"LineString","coordinates":[[-1.28971,42.91812],[-1.28954,42.91838],[-1.28929,42.91854]]},"properties":{"dam_id":"way/414110874","osm_type":"way","osm_id":414110874,"country":"ES","name":null,"uso":"desconhecido"}},{"type":"Feature","geometry":{"type":"LineString","coordinates":[[-2.18022,41.37996],[-2.17528,41.38091]]},"properties":{"dam_id":"way/414475701","osm_type":"way","osm_id":414475701,"country":"ES","name":null,"uso":"desconhecido"}},{"type":"Feature","geometry":{"type":"LineString","coordinates":[[-2.16821,41.38702],[-2.16862,41.3856]]},"properties":{"dam_id":"way/414475807","osm_type":"way","osm_id":414475807,"country":"ES","name":null,"uso":"desconhecido"}},{"type":"Feature","geometry":{"type":"Polygon","coordinates":[[[-0.33244,42.58574],[-0.3323,42.58553],[-0.33229,42.58554],[-0.33231,42.58557],[-0.33221,42.5856],[-0.33231,42.58558],[-0.33236,42.58564],[-0.33226,42.58569],[-0.33236,42.58566],[-0.33244,42.58574]]]},"properties":{"dam_id":"way/415090207","osm_type":"way","osm_id":415090207,"country":"ES","name":null,"uso":"desconhecido"}},{"type":"Feature","geometry":{"type":"LineString","coordinates":[[1.97373,42.24342],[1.9736,42.24362]]},"properties":{"dam_id":"way/416959369","osm_type":"way","osm_id":416959369,"country":"ES","name":null,"uso":"desconhecido"}},{"type":"Feature","geometry":{"type":"LineString","coordinates":[[1.95531,42.10716],[1.95545,42.10709]]},"properties":{"dam_id":"way/417219196","osm_type":"way","osm_id":417219196,"country":"ES","name":null,"uso":"desconhecido"}},{"type":"Feature","geometry":{"type":"LineString","coordinates":[[-0.85388,39.60095],[-0.85418,39.60159],[-0.85481,39.60179]]},"properties":{"dam_id":"way/418306988","osm_type":"way","osm_id":418306988,"country":"ES","name":"Presa Vieja de la Peña María","uso":"desconhecido"}},{"type":"Feature","geometry":{"type":"Polygon","coordinates":[[[-2.94857,43.26638],[-2.94852,43.26638],[-2.94848,43.2662],[-2.94853,43.26619],[-2.94857,43.26638]]]},"properties":{"dam_id":"way/418997525","osm_type":"way","osm_id":418997525,"country":"ES","name":null,"uso":"desconhecido"}},{"type":"Feature","geometry":{"type":"Polygon","coordinates":[[[-2.30657,42.8184],[-2.30689,42.81829],[-2.30715,42.81825],[-2.30714,42.81821],[-2.30678,42.81828],[-2.30656,42.81837],[-2.30657,42.8184]]]},"properties":{"dam_id":"way/419676053","osm_type":"way","osm_id":419676053,"country":"ES","name":null,"uso":"desconhecido"}},{"type":"Feature","geometry":{"type":"LineString","coordinates":[[-2.82078,43.22693],[-2.82046,43.22678],[-2.82043,43.22665]]},"properties":{"dam_id":"way/419716339","osm_type":"way","osm_id":419716339,"country":"ES","name":null,"uso":"desconhecido"}},{"type":"Feature","geometry":{"type":"LineString","coordinates":[[-2.81463,43.21439],[-2.81424,43.2144],[-2.81418,43.21432],[-2.81407,43.21427],[-2.81388,43.21431],[-2.81385,43.21435],[-2.81355,43.21427]]},"properties":{"dam_id":"way/419716341","osm_type":"way","osm_id":419716341,"country":"ES","name":null,"uso":"desconhecido"}},{"type":"Feature","geometry":{"type":"LineString","coordinates":[[-2.80512,43.20674],[-2.80506,43.20655],[-2.80499,43.20648]]},"properties":{"dam_id":"way/419716348","osm_type":"way","osm_id":419716348,"country":"ES","name":null,"uso":"desconhecido"}},{"type":"Feature","geometry":{"type":"LineString","coordinates":[[-2.79511,43.20697],[-2.79511,43.20682],[-2.79487,43.20671],[-2.79448,43.20663]]},"properties":{"dam_id":"way/419716349","osm_type":"way","osm_id":419716349,"country":"ES","name":null,"uso":"desconhecido"}},{"type":"Feature","geometry":{"type":"LineString","coordinates":[[-3.24026,40.74093],[-3.24101,40.73896]]},"properties":{"dam_id":"way/420009289","osm_type":"way","osm_id":420009289,"country":"ES","name":null,"uso":"desconhecido"}},{"type":"Feature","geometry":{"type":"LineString","coordinates":[[-3.25314,40.7455],[-3.253,40.74463],[-3.25303,40.74448],[-3.25311,40.74441],[-3.25336,40.74433],[-3.2539,40.74422]]},"properties":{"dam_id":"way/420009732","osm_type":"way","osm_id":420009732,"country":"ES","name":null,"uso":"desconhecido"}},{"type":"Feature","geometry":{"type":"Polygon","coordinates":[[[-3.73156,38.37516],[-3.73072,38.37481],[-3.73112,38.37473],[-3.73137,38.37482],[-3.73156,38.37516]]]},"properties":{"dam_id":"way/420023863","osm_type":"way","osm_id":420023863,"country":"ES","name":"El Centenillo","uso":"desconhecido"}},{"type":"Feature","geometry":{"type":"LineString","coordinates":[[-1.99462,43.06063],[-1.99473,43.06057],[-1.99468,43.06049],[-1.99458,43.06042],[-1.99419,43.06032],[-1.99397,43.06034]]},"properties":{"dam_id":"way/420255554","osm_type":"way","osm_id":420255554,"country":"ES","name":null,"uso":"desconhecido"}},{"type":"Feature","geometry":{"type":"Polygon","coordinates":[[[-5.40503,40.14016],[-5.40479,40.14072],[-5.40474,40.14066],[-5.40475,40.14053],[-5.40486,40.14021],[-5.40498,40.14014],[-5.40503,40.14016]]]},"properties":{"dam_id":"way/420385156","osm_type":"way","osm_id":420385156,"country":"ES","name":null,"uso":"desconhecido"}},{"type":"Feature","geometry":{"type":"LineString","coordinates":[[-4.2034,39.39],[-4.20341,39.39017],[-4.2033,39.39036],[-4.20231,39.39063],[-4.20206,39.39058]]},"properties":{"dam_id":"way/421571215","osm_type":"way","osm_id":421571215,"country":"ES","name":null,"uso":"desconhecido"}},{"type":"Feature","geometry":{"type":"LineString","coordinates":[[-4.20433,39.39627],[-4.20444,39.39672],[-4.20439,39.39681]]},"properties":{"dam_id":"way/421571217","osm_type":"way","osm_id":421571217,"country":"ES","name":null,"uso":"desconhecido"}},{"type":"Feature","geometry":{"type":"Polygon","coordinates":[[[-2.12614,43.08225],[-2.12613,43.08221],[-2.12687,43.08178],[-2.12686,43.08173],[-2.12447,43.08215],[-2.1245,43.0822],[-2.12544,43.08233],[-2.12546,43.0824],[-2.12555,43.08239],[-2.12552,43.08234],[-2.1256,43.08232],[-2.1257,43.0826],[-2.12605,43.08253],[-2.12596,43.08228],[-2.12614,43.08225]]]},"properties":{"dam_id":"way/422252685","osm_type":"way","osm_id":422252685,"country":"ES","name":null,"uso":"desconhecido"}},{"type":"Feature","geometry":{"type":"LineString","coordinates":[[1.61074,41.57017],[1.61012,41.57014]]},"properties":{"dam_id":"way/422400355","osm_type":"way","osm_id":422400355,"country":"ES","name":null,"uso":"desconhecido"}},{"type":"Feature","geometry":{"type":"LineString","coordinates":[[-2.85953,43.33264],[-2.85721,43.33207]]},"properties":{"dam_id":"way/424089007","osm_type":"way","osm_id":424089007,"country":"ES","name":null,"uso":"desconhecido"}},{"type":"Feature","geometry":{"type":"Polygon","coordinates":[[[-4.27157,36.86],[-4.27121,36.8614],[-4.27114,36.86139],[-4.27112,36.86084],[-4.27129,36.86031],[-4.27144,36.86012],[-4.27145,36.85993],[-4.27157,36.86]]]},"properties":{"dam_id":"way/424692209","osm_type":"way","osm_id":424692209,"country":"ES","name":"Presa de Solano","uso":"desconhecido"}},{"type":"Feature","geometry":{"type":"LineString","coordinates":[[-0.82122,39.42204],[-0.82123,39.4217]]},"properties":{"dam_id":"way/424695945","osm_type":"way","osm_id":424695945,"country":"ES","name":"Presa de laminación","uso":"desconhecido"}},{"type":"Feature","geometry":{"type":"LineString","coordinates":[[-4.88695,36.88552],[-4.88665,36.88573]]},"properties":{"dam_id":"way/425277144","osm_type":"way","osm_id":425277144,"country":"ES","name":null,"uso":"desconhecido"}},{"type":"Feature","geometry":{"type":"LineString","coordinates":[[-0.27581,41.92655],[-0.27211,41.9178],[-0.27137,41.9163]]},"properties":{"dam_id":"way/425538424","osm_type":"way","osm_id":425538424,"country":"ES","name":"Camino de Marcén a Usón","uso":"desconhecido"}},{"type":"Feature","geometry":{"type":"Polygon","coordinates":[[[-0.75644,42.18308],[-0.75495,42.1829],[-0.75447,42.18279],[-0.75403,42.18262],[-0.75362,42.18239],[-0.75327,42.18213],[-0.75299,42.18182],[-0.75266,42.18196],[-0.75226,42.18198],[-0.75225,42.18185],[-0.75265,42.18183],[-0.75301,42.18169],[-0.75313,42.18186],[-0.75342,42.18194],[-0.75378,42.18222],[-0.75465,42.18266],[-0.75525,42.18282],[-0.75646,42.18298],[-0.75644,42.18308]]]},"properties":{"dam_id":"way/425711687","osm_type":"way","osm_id":425711687,"country":"ES","name":null,"uso":"desconhecido"}},{"type":"Feature","geometry":{"type":"LineString","coordinates":[[-0.83368,39.40491],[-0.83372,39.40469]]},"properties":{"dam_id":"way/425894092","osm_type":"way","osm_id":425894092,"country":"ES","name":null,"uso":"desconhecido"}},{"type":"Feature","geometry":{"type":"LineString","coordinates":[[-0.27232,42.81322],[-0.27224,42.81305],[-0.27236,42.8129]]},"properties":{"dam_id":"way/427858061","osm_type":"way","osm_id":427858061,"country":"ES","name":null,"uso":"desconhecido"}},{"type":"Feature","geometry":{"type":"LineString","coordinates":[[2.34281,41.72027],[2.34134,41.7194],[2.34116,41.71941],[2.341,41.71938],[2.34095,41.71933],[2.34097,41.71922],[2.34091,41.71916]]},"properties":{"dam_id":"way/428409872","osm_type":"way","osm_id":428409872,"country":"ES","name":null,"uso":"desconhecido"}},{"type":"Feature","geometry":{"type":"LineString","coordinates":[[2.28911,41.78992],[2.28925,41.78991],[2.2893,41.78987]]},"properties":{"dam_id":"way/428417068","osm_type":"way","osm_id":428417068,"country":"ES","name":null,"uso":"desconhecido"}},{"type":"Feature","geometry":{"type":"LineString","coordinates":[[-6.315,38.0987],[-6.31672,38.09928]]},"properties":{"dam_id":"way/429065186","osm_type":"way","osm_id":429065186,"country":"ES","name":null,"uso":"desconhecido"}},{"type":"Feature","geometry":{"type":"Polygon","coordinates":[[[-5.78137,40.07967],[-5.78024,40.0803],[-5.77959,40.08061],[-5.77866,40.08136],[-5.77825,40.08211],[-5.77816,40.08224],[-5.77811,40.08227],[-5.77806,40.08237],[-5.77815,40.08244],[-5.78135,40.07984],[-5.78147,40.07979],[-5.78147,40.07971],[-5.78137,40.07967]]]},"properties":{"dam_id":"way/429150002","osm_type":"way","osm_id":429150002,"country":"ES","name":"Presa de las Majadillas","uso":"desconhecido"}},{"type":"Feature","geometry":{"type":"LineString","coordinates":[[-4.75742,40.3108],[-4.75602,40.31024],[-4.75573,40.31017],[-4.75533,40.31015],[-4.75492,40.31022],[-4.75412,40.31049]]},"properties":{"dam_id":"way/429166934","osm_type":"way","osm_id":429166934,"country":"ES","name":null,"uso":"desconhecido"}},{"type":"Feature","geometry":{"type":"Polygon","coordinates":[[[0.8431,42.07299],[0.84332,42.07334],[0.8433,42.07323],[0.8431,42.07299]]]},"properties":{"dam_id":"way/429901949","osm_type":"way","osm_id":429901949,"country":"ES","name":null,"uso":"desconhecido"}},{"type":"Feature","geometry":{"type":"Polygon","coordinates":[[[-1.24053,39.20722],[-1.24019,39.207],[-1.23962,39.20687],[-1.2391,39.20669],[-1.23861,39.20649],[-1.23904,39.20753],[-1.23899,39.20775],[-1.23967,39.20797],[-1.23983,39.2082],[-1.23994,39.20826],[-1.24021,39.20766],[-1.24053,39.20722]]]},"properties":{"dam_id":"way/430712563","osm_type":"way","osm_id":430712563,"country":"ES","name":"Presa del Molinar","uso":"desconhecido"}},{"type":"Feature","geometry":{"type":"LineString","coordinates":[[-5.76759,40.33542],[-5.76741,40.33553],[-5.76697,40.33546]]},"properties":{"dam_id":"way/431420450","osm_type":"way","osm_id":431420450,"country":"ES","name":"El Azud","uso":"desconhecido"}},{"type":"Feature","geometry":{"type":"LineString","coordinates":[[-0.21749,40.09826],[-0.21772,40.09732]]},"properties":{"dam_id":"way/431552598","osm_type":"way","osm_id":431552598,"country":"ES","name":null,"uso":"desconhecido"}},{"type":"Feature","geometry":{"type":"LineString","coordinates":[[1.3625,41.89467],[1.36303,41.89441],[1.3634,41.89432]]},"properties":{"dam_id":"way/431945820","osm_type":"way","osm_id":431945820,"country":"ES","name":null,"uso":"desconhecido"}},{"type":"Feature","geometry":{"type":"LineString","coordinates":[[1.83872,42.26279],[1.839,42.26286]]},"properties":{"dam_id":"way/432099472","osm_type":"way","osm_id":432099472,"country":"ES","name":null,"uso":"desconhecido"}},{"type":"Feature","geometry":{"type":"Polygon","coordinates":[[[0.87973,42.08819],[0.87986,42.08788],[0.87987,42.08789],[0.87981,42.0881],[0.87973,42.08819]]]},"properties":{"dam_id":"way/432919380","osm_type":"way","osm_id":432919380,"country":"ES","name":null,"uso":"desconhecido"}},{"type":"Feature","geometry":{"type":"LineString","coordinates":[[-3.2177,43.36881],[-3.21764,43.36892]]},"properties":{"dam_id":"way/434363105","osm_type":"way","osm_id":434363105,"country":"ES","name":null,"uso":"desconhecido"}},{"type":"Feature","geometry":{"type":"LineString","coordinates":[[-6.64244,40.21102],[-6.64225,40.211]]},"properties":{"dam_id":"way/434390187","osm_type":"way","osm_id":434390187,"country":"ES","name":null,"uso":"desconhecido"}},{"type":"Feature","geometry":{"type":"LineString","coordinates":[[-0.86059,39.18304],[-0.86035,39.18326]]},"properties":{"dam_id":"way/435039582","osm_type":"way","osm_id":435039582,"country":"ES","name":null,"uso":"desconhecido"}},{"type":"Feature","geometry":{"type":"LineString","coordinates":[[-0.843,39.18288],[-0.84312,39.18257]]},"properties":{"dam_id":"way/435039584","osm_type":"way","osm_id":435039584,"country":"ES","name":null,"uso":"desconhecido"}},{"type":"Feature","geometry":{"type":"LineString","coordinates":[[-4.83669,39.50495],[-4.83552,39.50461]]},"properties":{"dam_id":"way/435205123","osm_type":"way","osm_id":435205123,"country":"ES","name":null,"uso":"desconhecido"}},{"type":"Feature","geometry":{"type":"Polygon","coordinates":[[[0.99159,42.48704],[0.99151,42.487],[0.99153,42.48697],[0.99162,42.48701],[0.99159,42.48704]]]},"properties":{"dam_id":"way/435967063","osm_type":"way","osm_id":435967063,"country":"ES","name":null,"uso":"desconhecido"}},{"type":"Feature","geometry":{"type":"LineString","coordinates":[[-2.3531,36.93482],[-2.3529,36.93461]]},"properties":{"dam_id":"way/436382918","osm_type":"way","osm_id":436382918,"country":"ES","name":null,"uso":"desconhecido"}},{"type":"Feature","geometry":{"type":"LineString","coordinates":[[-4.03943,36.77654],[-4.03942,36.77663]]},"properties":{"dam_id":"way/436502528","osm_type":"way","osm_id":436502528,"country":"ES","name":null,"uso":"desconhecido"}},{"type":"Feature","geometry":{"type":"LineString","coordinates":[[-6.46014,38.43315],[-6.46111,38.43374],[-6.46166,38.43413]]},"properties":{"dam_id":"way/437261206","osm_type":"way","osm_id":437261206,"country":"ES","name":null,"uso":"desconhecido"}},{"type":"Feature","geometry":{"type":"Polygon","coordinates":[[[0.84814,42.13128],[0.84853,42.13146],[0.84854,42.13145],[0.84832,42.13133],[0.84814,42.13128]]]},"properties":{"dam_id":"way/437471885","osm_type":"way","osm_id":437471885,"country":"ES","name":"Presa de Sant Gregori","uso":"desconhecido"}},{"type":"Feature","geometry":{"type":"LineString","coordinates":[[0.34627,42.6124],[0.34643,42.61241]]},"properties":{"dam_id":"way/437650036","osm_type":"way","osm_id":437650036,"country":"ES","name":null,"uso":"desconhecido"}},{"type":"Feature","geometry":{"type":"Polygon","coordinates":[[[0.99955,42.51955],[0.99976,42.51971],[0.99991,42.51977],[1.00021,42.51982],[1.00049,42.51981],[0.99984,42.51974],[0.99955,42.51955]]]},"properties":{"dam_id":"way/438262889","osm_type":"way","osm_id":438262889,"country":"ES","name":null,"uso":"hidroelétrica"}},{"type":"Feature","geometry":{"type":"LineString","coordinates":[[-2.05111,43.26259],[-2.05071,43.26255],[-2.05066,43.2627],[-2.05065,43.26293]]},"properties":{"dam_id":"way/438890889","osm_type":"way","osm_id":438890889,"country":"ES","name":null,"uso":"desconhecido"}},{"type":"Feature","geometry":{"type":"Polygon","coordinates":[[[-0.86494,39.34157],[-0.86473,39.34116],[-0.86452,39.3412],[-0.86429,39.34084],[-0.86422,39.34087],[-0.86413,39.34074],[-0.86434,39.34067],[-0.86417,39.34024],[-0.8646,39.34056],[-0.86479,39.34075],[-0.86489,39.34092],[-0.86499,39.34123],[-0.86494,39.34157]]]},"properties":{"dam_id":"way/438982617","osm_type":"way","osm_id":438982617,"country":"ES","name":null,"uso":"desconhecido"}},{"type":"Feature","geometry":{"type":"LineString","coordinates":[[-6.59096,40.23755],[-6.59088,40.23743]]},"properties":{"dam_id":"way/439014560","osm_type":"way","osm_id":439014560,"country":"ES","name":null,"uso":"desconhecido"}},{"type":"Feature","geometry":{"type":"LineString","coordinates":[[-0.93831,39.70844],[-0.93823,39.70853],[-0.93811,39.70859],[-0.93775,39.70865]]},"properties":{"dam_id":"way/439466043","osm_type":"way","osm_id":439466043,"country":"ES","name":null,"uso":"desconhecido"}},{"type":"Feature","geometry":{"type":"LineString","coordinates":[[-4.12008,36.83521],[-4.11991,36.83522]]},"properties":{"dam_id":"way/439842370","osm_type":"way","osm_id":439842370,"country":"ES","name":null,"uso":"desconhecido"}},{"type":"Feature","geometry":{"type":"Polygon","coordinates":[[[-0.53478,42.39734],[-0.53494,42.39727],[-0.53489,42.39725],[-0.53491,42.39719],[-0.53476,42.39718],[-0.53429,42.39684],[-0.53419,42.39669],[-0.53404,42.39669],[-0.53411,42.39687],[-0.53478,42.39734]]]},"properties":{"dam_id":"way/442480037","osm_type":"way","osm_id":442480037,"country":"ES","name":null,"uso":"desconhecido"}},{"type":"Feature","geometry":{"type":"LineString","coordinates":[[-3.05142,43.34013],[-3.0513,43.34008]]},"properties":{"dam_id":"way/442963562","osm_type":"way","osm_id":442963562,"country":"ES","name":null,"uso":"desconhecido"}},{"type":"Feature","geometry":{"type":"Polygon","coordinates":[[[-7.6513,42.40355],[-7.6513,42.40329],[-7.65135,42.40315],[-7.65133,42.40314],[-7.65122,42.40322],[-7.65118,42.40334],[-7.65119,42.40343],[-7.6513,42.40355]]]},"properties":{"dam_id":"way/443269735","osm_type":"way","osm_id":443269735,"country":"ES","name":null,"uso":"hidroelétrica"}},{"type":"Feature","geometry":{"type":"LineString","coordinates":[[-4.52659,39.29458],[-4.52664,39.29372]]},"properties":{"dam_id":"way/443373796","osm_type":"way","osm_id":443373796,"country":"ES","name":null,"uso":"desconhecido"}},{"type":"Feature","geometry":{"type":"LineString","coordinates":[[-2.88072,43.22806],[-2.88062,43.22759]]},"properties":{"dam_id":"way/443387942","osm_type":"way","osm_id":443387942,"country":"ES","name":null,"uso":"desconhecido"}},{"type":"Feature","geometry":{"type":"LineString","coordinates":[[-7.10008,39.5069],[-7.1005,39.50609]]},"properties":{"dam_id":"way/443602728","osm_type":"way","osm_id":443602728,"country":"ES","name":null,"uso":"desconhecido"}},{"type":"Feature","geometry":{"type":"Polygon","coordinates":[[[-1.08868,38.09463],[-1.08824,38.09494],[-1.08822,38.09504],[-1.08796,38.09508],[-1.08804,38.09526],[-1.08791,38.0953],[-1.088,38.09552],[-1.08817,38.0955],[-1.08815,38.09568],[-1.08821,38.09578],[-1.08819,38.09592],[-1.0883,38.09594],[-1.08838,38.0963],[-1.08857,38.09547],[-1.08868,38.09463]]]},"properties":{"dam_id":"way/443966326","osm_type":"way","osm_id":443966326,"country":"ES","name":"Presa del Embalse de Santomera","uso":"desconhecido"}},{"type":"Feature","geometry":{"type":"LineString","coordinates":[[-4.81163,38.9468],[-4.81124,38.94677]]},"properties":{"dam_id":"way/444302378","osm_type":"way","osm_id":444302378,"country":"ES","name":null,"uso":"desconhecido"}},{"type":"Feature","geometry":{"type":"Polygon","coordinates":[[[-1.29898,40.96677],[-1.29931,40.96708],[-1.29996,40.96714],[-1.30247,40.96629],[-1.30263,40.96563],[-1.30253,40.96551],[-1.30184,40.96539],[-1.29906,40.96634],[-1.29898,40.96677]]]},"properties":{"dam_id":"way/444953046","osm_type":"way","osm_id":444953046,"country":"ES","name":null,"uso":"desconhecido"}},{"type":"Feature","geometry":{"type":"LineString","coordinates":[[-4.98302,40.27891],[-4.98295,40.27875]]},"properties":{"dam_id":"way/445088860","osm_type":"way","osm_id":445088860,"country":"ES","name":null,"uso":"desconhecido"}},{"type":"Feature","geometry":{"type":"Polygon","coordinates":[[[-1.08793,41.29488],[-1.08692,41.29439],[-1.08689,41.29442],[-1.08709,41.29455],[-1.08768,41.29478],[-1.08764,41.29481],[-1.08781,41.29485],[-1.08789,41.29491],[-1.08793,41.29488]]]},"properties":{"dam_id":"way/445533349","osm_type":"way","osm_id":445533349,"country":"ES","name":null,"uso":"desconhecido"}},{"type":"Feature","geometry":{"type":"LineString","coordinates":[[-2.39202,37.30789],[-2.39164,37.30801]]},"properties":{"dam_id":"way/445970159","osm_type":"way","osm_id":445970159,"country":"ES","name":null,"uso":"desconhecido"}},{"type":"Feature","geometry":{"type":"Polygon","coordinates":[[[-0.38891,42.4732],[-0.38832,42.47259],[-0.38799,42.47276],[-0.38796,42.47272],[-0.3883,42.47255],[-0.3884,42.47253],[-0.38894,42.47308],[-0.38904,42.47303],[-0.3891,42.47311],[-0.38891,42.4732]]]},"properties":{"dam_id":"way/446171710","osm_type":"way","osm_id":446171710,"country":"ES","name":null,"uso":"desconhecido"}},{"type":"Feature","geometry":{"type":"LineString","coordinates":[[-2.6361,37.27409],[-2.63646,37.27425]]},"properties":{"dam_id":"way/447240148","osm_type":"way","osm_id":447240148,"country":"ES","name":null,"uso":"desconhecido"}},{"type":"Feature","geometry":{"type":"LineString","coordinates":[[-2.6256,37.29282],[-2.62568,37.29322]]},"properties":{"dam_id":"way/447240149","osm_type":"way","osm_id":447240149,"country":"ES","name":null,"uso":"desconhecido"}},{"type":"Feature","geometry":{"type":"Polygon","coordinates":[[[-4.8318,43.2644],[-4.8321,43.2644],[-4.83212,43.26434],[-4.8318,43.26434],[-4.8318,43.2644]]]},"properties":{"dam_id":"way/447312878","osm_type":"way","osm_id":447312878,"country":"ES","name":null,"uso":"desconhecido"}},{"type":"Feature","geometry":{"type":"Polygon","coordinates":[[[-0.59644,40.95001],[-0.59639,40.94985],[-0.59627,40.94962],[-0.59593,40.94945],[-0.59559,40.94942],[-0.59531,40.94946],[-0.59556,40.94949],[-0.59581,40.9496],[-0.59575,40.94975],[-0.59583,40.9498],[-0.59607,40.94973],[-0.59617,40.94976],[-0.59644,40.95001]]]},"properties":{"dam_id":"way/447834468","osm_type":"way","osm_id":447834468,"country":"ES","name":"Presa de Escuriza","uso":"desconhecido"}},{"type":"Feature","geometry":{"type":"Polygon","coordinates":[[[-3.25298,37.31366],[-3.25245,37.31366],[-3.25183,37.31225],[-3.2521,37.31193],[-3.25269,37.31193],[-3.25376,37.31201],[-3.25416,37.31208],[-3.25407,37.31254],[-3.25377,37.31304],[-3.25337,37.31342],[-3.25298,37.31366]]]},"properties":{"dam_id":"way/448202848","osm_type":"way","osm_id":448202848,"country":"ES","name":"Presa de Francisco Abellán","uso":"desconhecido"}},{"type":"Feature","geometry":{"type":"Polygon","coordinates":[[[-1.71683,43.06837],[-1.71629,43.06802],[-1.71624,43.06804],[-1.71611,43.06796],[-1.71607,43.06793],[-1.71612,43.06786],[-1.71604,43.06782],[-1.71592,43.06767],[-1.71596,43.06764],[-1.71626,43.06779],[-1.71652,43.06799],[-1.71683,43.06837]]]},"properties":{"dam_id":"way/448223406","osm_type":"way","osm_id":448223406,"country":"ES","name":null,"uso":"desconhecido"}},{"type":"Feature","geometry":{"type":"LineString","coordinates":[[-0.60567,38.78991],[-0.60583,38.78983]]},"properties":{"dam_id":"way/448439361","osm_type":"way","osm_id":448439361,"country":"ES","name":null,"uso":"desconhecido"}},{"type":"Feature","geometry":{"type":"Polygon","coordinates":[[[-5.88448,43.01735],[-5.88442,43.01727],[-5.88434,43.01727],[-5.88422,43.01713],[-5.88426,43.01711],[-5.88421,43.01705],[-5.88425,43.01703],[-5.88448,43.01735]]]},"properties":{"dam_id":"way/448578718","osm_type":"way","osm_id":448578718,"country":"ES","name":null,"uso":"desconhecido"}},{"type":"Feature","geometry":{"type":"LineString","coordinates":[[-4.74294,41.29117],[-4.74198,41.29157]]},"properties":{"dam_id":"way/448996874","osm_type":"way","osm_id":448996874,"country":"ES","name":null,"uso":"desconhecido"}},{"type":"Feature","geometry":{"type":"LineString","coordinates":[[-1.1565,38.8747],[-1.15648,38.8746],[-1.15594,38.87455],[-1.15559,38.87469],[-1.15591,38.87513]]},"properties":{"dam_id":"way/449579819","osm_type":"way","osm_id":449579819,"country":"ES","name":null,"uso":"desconhecido"}},{"type":"Feature","geometry":{"type":"LineString","coordinates":[[-0.63001,42.18059],[-0.62986,42.18078],[-0.62962,42.1808],[-0.62898,42.181],[-0.62881,42.18111]]},"properties":{"dam_id":"way/452302828","osm_type":"way","osm_id":452302828,"country":"ES","name":null,"uso":"desconhecido"}},{"type":"Feature","geometry":{"type":"Polygon","coordinates":[[[-0.72904,42.14152],[-0.72933,42.14151],[-0.73106,42.14201],[-0.73163,42.14224],[-0.72904,42.14152]]]},"properties":{"dam_id":"way/452902943","osm_type":"way","osm_id":452902943,"country":"ES","name":null,"uso":"desconhecido"}},{"type":"Feature","geometry":{"type":"Polygon","coordinates":[[[-3.4517,40.91292],[-3.4515,40.91328],[-3.45148,40.91332],[-3.45138,40.91323],[-3.45154,40.91292],[-3.4517,40.91292]]]},"properties":{"dam_id":"way/453092434","osm_type":"way","osm_id":453092434,"country":"ES","name":"Azud de La Parra","uso":"desconhecido"}},{"type":"Feature","geometry":{"type":"LineString","coordinates":[[-6.29574,38.98791],[-6.29493,38.98777]]},"properties":{"dam_id":"way/454743326","osm_type":"way","osm_id":454743326,"country":"ES","name":null,"uso":"desconhecido"}},{"type":"Feature","geometry":{"type":"LineString","coordinates":[[-3.39404,41.8697],[-3.39405,41.8695]]},"properties":{"dam_id":"way/454979462","osm_type":"way","osm_id":454979462,"country":"ES","name":null,"uso":"desconhecido"}},{"type":"Feature","geometry":{"type":"LineString","coordinates":[[-5.58226,38.87045],[-5.58199,38.87032],[-5.58194,38.87022]]},"properties":{"dam_id":"way/455380327","osm_type":"way","osm_id":455380327,"country":"ES","name":null,"uso":"desconhecido"}},{"type":"Feature","geometry":{"type":"LineString","coordinates":[[-5.63608,38.83644],[-5.636,38.83656],[-5.63578,38.83663]]},"properties":{"dam_id":"way/455386671","osm_type":"way","osm_id":455386671,"country":"ES","name":null,"uso":"desconhecido"}},{"type":"Feature","geometry":{"type":"Polygon","coordinates":[[[-2.51071,43.16184],[-2.50833,43.16164],[-2.5082,43.16178],[-2.50822,43.16218],[-2.50986,43.16231],[-2.51059,43.16211],[-2.51072,43.16191],[-2.51071,43.16184]]]},"properties":{"dam_id":"way/456390685","osm_type":"way","osm_id":456390685,"country":"ES","name":null,"uso":"desconhecido"}},{"type":"Feature","geometry":{"type":"Polygon","coordinates":[[[-0.46776,41.41972],[-0.46788,41.41959],[-0.46743,41.41936],[-0.46732,41.41949],[-0.46776,41.41972]]]},"properties":{"dam_id":"way/456432415","osm_type":"way","osm_id":456432415,"country":"ES","name":null,"uso":"desconhecido"}},{"type":"Feature","geometry":{"type":"LineString","coordinates":[[0.82989,41.83455],[0.82998,41.83489]]},"properties":{"dam_id":"way/458206436","osm_type":"way","osm_id":458206436,"country":"ES","name":null,"uso":"desconhecido"}},{"type":"Feature","geometry":{"type":"LineString","coordinates":[[2.97867,39.82288],[2.97902,39.82296]]},"properties":{"dam_id":"way/458313149","osm_type":"way","osm_id":458313149,"country":"ES","name":null,"uso":"desconhecido"}},{"type":"Feature","geometry":{"type":"LineString","coordinates":[[-4.44011,39.51039],[-4.43963,39.51013]]},"properties":{"dam_id":"way/458487193","osm_type":"way","osm_id":458487193,"country":"ES","name":null,"uso":"desconhecido"}},{"type":"Feature","geometry":{"type":"LineString","coordinates":[[-4.44749,39.50236],[-4.44673,39.50224]]},"properties":{"dam_id":"way/458487195","osm_type":"way","osm_id":458487195,"country":"ES","name":null,"uso":"desconhecido"}},{"type":"Feature","geometry":{"type":"Polygon","coordinates":[[[-2.86702,43.42964],[-2.86735,43.42973],[-2.86786,43.42977],[-2.86709,43.42953],[-2.86629,43.42921],[-2.86659,43.42947],[-2.86677,43.42955],[-2.86682,43.42943],[-2.86709,43.42953],[-2.86702,43.42964]]]},"properties":{"dam_id":"way/458519588","osm_type":"way","osm_id":458519588,"country":"ES","name":null,"uso":"desconhecido"}},{"type":"Feature","geometry":{"type":"LineString","coordinates":[[-4.47961,39.44681],[-4.47923,39.44632]]},"properties":{"dam_id":"way/458523111","osm_type":"way","osm_id":458523111,"country":"ES","name":null,"uso":"desconhecido"}},{"type":"Feature","geometry":{"type":"LineString","coordinates":[[0.96795,42.72618],[0.96787,42.7259],[0.96792,42.7258]]},"properties":{"dam_id":"way/458541265","osm_type":"way","osm_id":458541265,"country":"ES","name":null,"uso":"desconhecido"}},{"type":"Feature","geometry":{"type":"LineString","coordinates":[[3.28236,39.72343],[3.28218,39.72324]]},"properties":{"dam_id":"way/459670268","osm_type":"way","osm_id":459670268,"country":"ES","name":null,"uso":"desconhecido"}},{"type":"Feature","geometry":{"type":"Polygon","coordinates":[[[-0.36175,42.77045],[-0.36168,42.77045],[-0.36168,42.77067],[-0.36177,42.77104],[-0.36174,42.77104],[-0.3617,42.77088],[-0.36163,42.77089],[-0.36161,42.77083],[-0.3617,42.77082],[-0.36168,42.77078],[-0.3616,42.77078],[-0.36157,42.77063],[-0.36165,42.77053],[-0.36164,42.77042],[-0.36175,42.77041],[-0.36175,42.77045]]]},"properties":{"dam_id":"way/459875114","osm_type":"way","osm_id":459875114,"country":"ES","name":null,"uso":"desconhecido"}},{"type":"Feature","geometry":{"type":"LineString","coordinates":[[-2.99238,43.24592],[-2.9924,43.24579],[-2.99215,43.24562],[-2.99178,43.24549],[-2.99157,43.24555]]},"properties":{"dam_id":"way/461161462","osm_type":"way","osm_id":461161462,"country":"ES","name":null,"uso":"desconhecido"}},{"type":"Feature","geometry":{"type":"Polygon","coordinates":[[[-4.68556,42.80557],[-4.68636,42.8058],[-4.68676,42.80577],[-4.68507,42.80474],[-4.68397,42.80465],[-4.68346,42.80478],[-4.68325,42.80477],[-4.68306,42.80471],[-4.68288,42.80515],[-4.68309,42.80523],[-4.68556,42.80557]]]},"properties":{"dam_id":"way/461202334","osm_type":"way","osm_id":461202334,"country":"ES","name":null,"uso":"desconhecido"}},{"type":"Feature","geometry":{"type":"LineString","coordinates":[[-2.99994,43.23947],[-2.99963,43.23932],[-2.99942,43.23929]]},"properties":{"dam_id":"way/461373512","osm_type":"way","osm_id":461373512,"country":"ES","name":null,"uso":"desconhecido"}},{"type":"Feature","geometry":{"type":"LineString","coordinates":[[-3.01661,43.22725],[-3.01623,43.22724],[-3.0161,43.2273],[-3.01599,43.22728],[-3.01586,43.22735],[-3.01579,43.22732]]},"properties":{"dam_id":"way/461373521","osm_type":"way","osm_id":461373521,"country":"ES","name":null,"uso":"desconhecido"}},{"type":"Feature","geometry":{"type":"LineString","coordinates":[[-3.03078,43.21689],[-3.03081,43.21662],[-3.03078,43.21631]]},"properties":{"dam_id":"way/462102646","osm_type":"way","osm_id":462102646,"country":"ES","name":null,"uso":"desconhecido"}},{"type":"Feature","geometry":{"type":"Polygon","coordinates":[[[0.67248,41.29022],[0.67234,41.2901],[0.6721,41.29015],[0.67191,41.29016],[0.67167,41.29013],[0.67137,41.29002],[0.67125,41.2901],[0.67127,41.29033],[0.67101,41.29074],[0.67076,41.29089],[0.67048,41.29095],[0.67047,41.29104],[0.67056,41.29114],[0.6707,41.29114],[0.67068,41.2911],[0.67136,41.29084],[0.67204,41.29051],[0.67245,41.29028],[0.67248,41.29022]]]},"properties":{"dam_id":"way/462489434","osm_type":"way","osm_id":462489434,"country":"ES","name":null,"uso":"desconhecido"}},{"type":"Feature","geometry":{"type":"LineString","coordinates":[[2.93981,39.79412],[2.93992,39.79421]]},"properties":{"dam_id":"way/462654550","osm_type":"way","osm_id":462654550,"country":"ES","name":null,"uso":"desconhecido"}},{"type":"Feature","geometry":{"type":"LineString","coordinates":[[-5.66809,40.31103],[-5.66821,40.31093],[-5.66823,40.31086]]},"properties":{"dam_id":"way/462768840","osm_type":"way","osm_id":462768840,"country":"ES","name":null,"uso":"desconhecido"}},{"type":"Feature","geometry":{"type":"LineString","coordinates":[[-5.68259,40.30456],[-5.68251,40.3043],[-5.68234,40.30414],[-5.6821,40.30404],[-5.68194,40.30401],[-5.68157,40.30404]]},"properties":{"dam_id":"way/463208815","osm_type":"way","osm_id":463208815,"country":"ES","name":null,"uso":"desconhecido"}},{"type":"Feature","geometry":{"type":"LineString","coordinates":[[-5.30782,36.75988],[-5.30774,36.75951]]},"properties":{"dam_id":"way/464052073","osm_type":"way","osm_id":464052073,"country":"ES","name":null,"uso":"desconhecido"}},{"type":"Feature","geometry":{"type":"Polygon","coordinates":[[[-5.25379,36.34387],[-5.25355,36.34398],[-5.25348,36.34388],[-5.25361,36.34384],[-5.25369,36.34378],[-5.25379,36.34387]]]},"properties":{"dam_id":"way/464804806","osm_type":"way","osm_id":464804806,"country":"ES","name":null,"uso":"desconhecido"}},{"type":"Feature","geometry":{"type":"LineString","coordinates":[[-6.11239,43.04856],[-6.11228,43.0486],[-6.11216,43.04859],[-6.11208,43.04848],[-6.11211,43.04838]]},"properties":{"dam_id":"way/464824000","osm_type":"way","osm_id":464824000,"country":"ES","name":null,"uso":"desconhecido"}},{"type":"Feature","geometry":{"type":"LineString","coordinates":[[-3.68953,36.81259],[-3.68951,36.81244]]},"properties":{"dam_id":"way/465613996","osm_type":"way","osm_id":465613996,"country":"ES","name":null,"uso":"desconhecido"}},{"type":"Feature","geometry":{"type":"LineString","coordinates":[[-0.85701,41.65274],[-0.85791,41.65095]]},"properties":{"dam_id":"way/468794816","osm_type":"way","osm_id":468794816,"country":"ES","name":null,"uso":"desconhecido"}},{"type":"Feature","geometry":{"type":"LineString","coordinates":[[1.41029,42.35859],[1.41063,42.35864]]},"properties":{"dam_id":"way/469061261","osm_type":"way","osm_id":469061261,"country":"ES","name":null,"uso":"desconhecido"}},{"type":"Feature","geometry":{"type":"LineString","coordinates":[[0.25414,40.91196],[0.25435,40.91205],[0.25462,40.91207]]},"properties":{"dam_id":"way/470663039","osm_type":"way","osm_id":470663039,"country":"ES","name":"Assut d'Arnes","uso":"desconhecido"}},{"type":"Feature","geometry":{"type":"LineString","coordinates":[[-2.45049,37.25749],[-2.45074,37.25724]]},"properties":{"dam_id":"way/471956332","osm_type":"way","osm_id":471956332,"country":"ES","name":null,"uso":"desconhecido"}},{"type":"Feature","geometry":{"type":"LineString","coordinates":[[-2.49041,37.25639],[-2.49035,37.25612]]},"properties":{"dam_id":"way/472348174","osm_type":"way","osm_id":472348174,"country":"ES","name":null,"uso":"desconhecido"}},{"type":"Feature","geometry":{"type":"Polygon","coordinates":[[[-0.45886,42.58612],[-0.45756,42.58578],[-0.45757,42.58576],[-0.45794,42.58586],[-0.45813,42.58555],[-0.45834,42.58563],[-0.45816,42.58591],[-0.45887,42.5861],[-0.45886,42.58612]]]},"properties":{"dam_id":"way/473415582","osm_type":"way","osm_id":473415582,"country":"ES","name":null,"uso":"desconhecido"}},{"type":"Feature","geometry":{"type":"Polygon","coordinates":[[[-0.30204,42.59189],[-0.30201,42.59188],[-0.30211,42.59151],[-0.30215,42.59152],[-0.30204,42.59189]]]},"properties":{"dam_id":"way/473866263","osm_type":"way","osm_id":473866263,"country":"ES","name":null,"uso":"desconhecido"}},{"type":"Feature","geometry":{"type":"LineString","coordinates":[[-2.49661,38.53595],[-2.49545,38.53664]]},"properties":{"dam_id":"way/474019460","osm_type":"way","osm_id":474019460,"country":"ES","name":"Presa de Zapateros","uso":"desconhecido"}},{"type":"Feature","geometry":{"type":"LineString","coordinates":[[-3.8748,40.63023],[-3.87453,40.63044],[-3.87427,40.63057],[-3.87384,40.63069],[-3.87371,40.63069]]},"properties":{"dam_id":"way/474501179","osm_type":"way","osm_id":474501179,"country":"ES","name":null,"uso":"desconhecido"}},{"type":"Feature","geometry":{"type":"Polygon","coordinates":[[[-0.30754,42.59194],[-0.30752,42.59212],[-0.30752,42.59194],[-0.30754,42.59194]]]},"properties":{"dam_id":"way/474876627","osm_type":"way","osm_id":474876627,"country":"ES","name":null,"uso":"desconhecido"}},{"type":"Feature","geometry":{"type":"Polygon","coordinates":[[[-0.28747,42.59488],[-0.28744,42.59489],[-0.28728,42.59453],[-0.28731,42.59452],[-0.28747,42.59488]]]},"properties":{"dam_id":"way/474876628","osm_type":"way","osm_id":474876628,"country":"ES","name":null,"uso":"desconhecido"}},{"type":"Feature","geometry":{"type":"Polygon","coordinates":[[[-0.27981,42.5961],[-0.27978,42.5961],[-0.27976,42.59578],[-0.27979,42.59578],[-0.27981,42.5961]]]},"properties":{"dam_id":"way/474876630","osm_type":"way","osm_id":474876630,"country":"ES","name":null,"uso":"desconhecido"}},{"type":"Feature","geometry":{"type":"LineString","coordinates":[[-3.03025,40.18583],[-3.02993,40.18599],[-3.03003,40.18615],[-3.03007,40.18638],[-3.02987,40.18658]]},"properties":{"dam_id":"way/475948725","osm_type":"way","osm_id":475948725,"country":"ES","name":null,"uso":"desconhecido"}},{"type":"Feature","geometry":{"type":"Polygon","coordinates":[[[-0.63925,42.28236],[-0.63922,42.2823],[-0.64036,42.2817],[-0.64123,42.2814],[-0.64157,42.28134],[-0.64193,42.28134],[-0.64225,42.28141],[-0.63925,42.28236]]]},"properties":{"dam_id":"way/477182414","osm_type":"way","osm_id":477182414,"country":"ES","name":null,"uso":"desconhecido"}},{"type":"Feature","geometry":{"type":"Polygon","coordinates":[[[-6.2744,38.78852],[-6.27421,38.78853],[-6.27407,38.78839],[-6.27388,38.78828],[-6.27325,38.78806],[-6.27264,38.78788],[-6.27155,38.78765],[-6.27047,38.78752],[-6.26956,38.78748],[-6.26878,38.78749],[-6.26646,38.78764],[-6.26624,38.78771],[-6.26613,38.78779],[-6.26598,38.78773],[-6.26611,38.78763],[-6.2664,38.78752],[-6.26766,38.78744],[-6.26771,38.78741],[-6.26779,38.7874],[-6.2678,38.78744],[-6.26795,38.78743],[-6.26793,38.7874],[-6.26797,38.78737],[-6.26801,38.78739],[-6.26799,38.78743],[-6.26814,38.78742],[-6.26811,38.78739],[-6.26815,38.78736],[-6.26819,38.78738],[-6.26817,38.78742],[-6.26832,38.78741],[-6.2683,38.78738],[-6.26833,38.78735],[-6.26838,38.78737],[-6.26836,38.7874],[-6.26851,38.7874],[-6.26851,38.78736],[-6.26859,38.78735],[-6.26864,38.78739],[-6.26898,38.78737],[-6.26898,38.78731],[-6.26908,38.78731],[-6.26908,38.78737],[-6.26982,38.78737],[-6.27056,38.78741],[-6.27188,38.78759],[-6.27317,38.7879],[-6.27401,38.78821],[-6.27419,38.78831],[-6.27434,38.78846],[-6.27439,38.78846],[-6.2744,38.78852]]]},"properties":{"dam_id":"way/477243215","osm_type":"way","osm_id":477243215,"country":"ES","name":"Presa de Alange","uso":"desconhecido"}},{"type":"Feature","geometry":{"type":"LineString","coordinates":[[-8.28607,42.20151],[-8.28617,42.20155],[-8.28629,42.20153]]},"properties":{"dam_id":"way/477722500","osm_type":"way","osm_id":477722500,"country":"ES","name":null,"uso":"desconhecido"}},{"type":"Feature","geometry":{"type":"LineString","coordinates":[[-0.33462,42.59082],[-0.33457,42.59063]]},"properties":{"dam_id":"way/477755200","osm_type":"way","osm_id":477755200,"country":"ES","name":null,"uso":"desconhecido"}},{"type":"Feature","geometry":{"type":"Polygon","coordinates":[[[-1.62799,37.55925],[-1.62789,37.55924],[-1.62786,37.55895],[-1.628,37.55895],[-1.62799,37.55925]]]},"properties":{"dam_id":"way/477759138","osm_type":"way","osm_id":477759138,"country":"ES","name":null,"uso":"desconhecido"}},{"type":"Feature","geometry":{"type":"Polygon","coordinates":[[[-1.59616,37.59665],[-1.59587,37.59671],[-1.59596,37.59673],[-1.5961,37.59671],[-1.59616,37.59665]]]},"properties":{"dam_id":"way/477897405","osm_type":"way","osm_id":477897405,"country":"ES","name":null,"uso":"desconhecido"}},{"type":"Feature","geometry":{"type":"LineString","coordinates":[[-4.95107,36.88283],[-4.95078,36.88294]]},"properties":{"dam_id":"way/478990045","osm_type":"way","osm_id":478990045,"country":"ES","name":null,"uso":"desconhecido"}},{"type":"Feature","geometry":{"type":"Polygon","coordinates":[[[0.84022,41.3423],[0.84027,41.34234],[0.8404,41.34233],[0.84049,41.34228],[0.84022,41.3423]]]},"properties":{"dam_id":"way/479716471","osm_type":"way","osm_id":479716471,"country":"ES","name":null,"uso":"desconhecido"}},{"type":"Feature","geometry":{"type":"Polygon","coordinates":[[[-1.16282,38.20527],[-1.16234,38.20563],[-1.16238,38.20554],[-1.16279,38.20525],[-1.16282,38.20527]]]},"properties":{"dam_id":"way/480418403","osm_type":"way","osm_id":480418403,"country":"ES","name":null,"uso":"desconhecido"}},{"type":"Feature","geometry":{"type":"Polygon","coordinates":[[[-1.99184,39.00821],[-1.98839,39.00954],[-1.98362,39.01024],[-1.98075,39.00983],[-1.98083,39.00854],[-1.98113,39.00784],[-1.98118,39.00701],[-1.9825,39.00708],[-1.9832,39.00687],[-1.98413,39.00689],[-1.98516,39.00686],[-1.98614,39.00692],[-1.98821,39.00683],[-1.9894,39.00684],[-1.99134,39.00678],[-1.99184,39.00821]]]},"properties":{"dam_id":"way/481006773","osm_type":"way","osm_id":481006773,"country":"ES","name":"Zona de laminación del Canal de la Lobera","uso":"desconhecido"}},{"type":"Feature","geometry":{"type":"Polygon","coordinates":[[[-0.44315,38.43218],[-0.4434,38.43195],[-0.44346,38.43171],[-0.44338,38.43156],[-0.4431,38.43139],[-0.44308,38.43141],[-0.44338,38.43159],[-0.44342,38.43169],[-0.44335,38.43191],[-0.44328,38.43201],[-0.44311,38.43214],[-0.44315,38.43218]]]},"properties":{"dam_id":"way/481460339","osm_type":"way","osm_id":481460339,"country":"ES","name":"Assut de Sant Joan","uso":"desconhecido"}},{"type":"Feature","geometry":{"type":"LineString","coordinates":[[-3.09617,37.18809],[-3.09609,37.18797]]},"properties":{"dam_id":"way/481584190","osm_type":"way","osm_id":481584190,"country":"ES","name":null,"uso":"desconhecido"}},{"type":"Feature","geometry":{"type":"LineString","coordinates":[[-2.17382,37.52064],[-2.17356,37.5208]]},"properties":{"dam_id":"way/482084023","osm_type":"way","osm_id":482084023,"country":"ES","name":null,"uso":"desconhecido"}},{"type":"Feature","geometry":{"type":"LineString","coordinates":[[-4.63057,38.56833],[-4.62946,38.56977]]},"properties":{"dam_id":"way/482228692","osm_type":"way","osm_id":482228692,"country":"ES","name":null,"uso":"desconhecido"}},{"type":"Feature","geometry":{"type":"LineString","coordinates":[[-4.62386,38.56567],[-4.62303,38.56644]]},"properties":{"dam_id":"way/482228811","osm_type":"way","osm_id":482228811,"country":"ES","name":null,"uso":"desconhecido"}},{"type":"Feature","geometry":{"type":"LineString","coordinates":[[-4.7207,38.4996],[-4.71903,38.50023]]},"properties":{"dam_id":"way/482229598","osm_type":"way","osm_id":482229598,"country":"ES","name":null,"uso":"desconhecido"}},{"type":"Feature","geometry":{"type":"Polygon","coordinates":[[[-4.74072,38.49848],[-4.74002,38.49944],[-4.73903,38.50064],[-4.74048,38.49936],[-4.7408,38.4986],[-4.74072,38.49848]]]},"properties":{"dam_id":"way/482231693","osm_type":"way","osm_id":482231693,"country":"ES","name":null,"uso":"desconhecido"}},{"type":"Feature","geometry":{"type":"LineString","coordinates":[[-4.73199,38.49869],[-4.73168,38.49846],[-4.73152,38.49814]]},"properties":{"dam_id":"way/482231816","osm_type":"way","osm_id":482231816,"country":"ES","name":null,"uso":"desconhecido"}},{"type":"Feature","geometry":{"type":"LineString","coordinates":[[-4.72416,38.48537],[-4.72308,38.48557]]},"properties":{"dam_id":"way/482231864","osm_type":"way","osm_id":482231864,"country":"ES","name":null,"uso":"desconhecido"}},{"type":"Feature","geometry":{"type":"Polygon","coordinates":[[[-5.09969,38.72463],[-5.10004,38.72366],[-5.09984,38.72364],[-5.09952,38.72457],[-5.09969,38.72463]]]},"properties":{"dam_id":"way/482267376","osm_type":"way","osm_id":482267376,"country":"ES","name":null,"uso":"desconhecido"}},{"type":"Feature","geometry":{"type":"LineString","coordinates":[[-5.70347,38.82832],[-5.70362,38.82797],[-5.7036,38.82779],[-5.70349,38.82759],[-5.70318,38.82746]]},"properties":{"dam_id":"way/482307399","osm_type":"way","osm_id":482307399,"country":"ES","name":null,"uso":"desconhecido"}},{"type":"Feature","geometry":{"type":"LineString","coordinates":[[-5.70046,38.83267],[-5.70068,38.8325],[-5.7008,38.83224]]},"properties":{"dam_id":"way/482307400","osm_type":"way","osm_id":482307400,"country":"ES","name":null,"uso":"desconhecido"}},{"type":"Feature","geometry":{"type":"LineString","coordinates":[[-5.71253,38.83238],[-5.71232,38.83203],[-5.71203,38.83178],[-5.71162,38.83167],[-5.71128,38.83164]]},"properties":{"dam_id":"way/482307564","osm_type":"way","osm_id":482307564,"country":"ES","name":null,"uso":"desconhecido"}},{"type":"Feature","geometry":{"type":"LineString","coordinates":[[-5.69827,38.85412],[-5.69818,38.85403],[-5.69814,38.85368],[-5.6982,38.85334]]},"properties":{"dam_id":"way/482308363","osm_type":"way","osm_id":482308363,"country":"ES","name":null,"uso":"desconhecido"}},{"type":"Feature","geometry":{"type":"LineString","coordinates":[[-5.70783,38.86818],[-5.70763,38.86817],[-5.70752,38.86806],[-5.70747,38.86788]]},"properties":{"dam_id":"way/482308815","osm_type":"way","osm_id":482308815,"country":"ES","name":null,"uso":"desconhecido"}},{"type":"Feature","geometry":{"type":"LineString","coordinates":[[-5.70315,38.85828],[-5.70314,38.85814],[-5.70319,38.85802],[-5.70336,38.85788],[-5.70358,38.85784]]},"properties":{"dam_id":"way/482308819","osm_type":"way","osm_id":482308819,"country":"ES","name":null,"uso":"desconhecido"}},{"type":"Feature","geometry":{"type":"LineString","coordinates":[[-5.72626,38.86665],[-5.72554,38.86662]]},"properties":{"dam_id":"way/482309433","osm_type":"way","osm_id":482309433,"country":"ES","name":null,"uso":"desconhecido"}},{"type":"Feature","geometry":{"type":"Polygon","coordinates":[[[-5.79916,38.90822],[-5.79852,38.9083],[-5.7958,38.90889],[-5.79504,38.90917],[-5.79916,38.90822]]]},"properties":{"dam_id":"way/482310078","osm_type":"way","osm_id":482310078,"country":"ES","name":null,"uso":"desconhecido"}},{"type":"Feature","geometry":{"type":"LineString","coordinates":[[-4.9688,39.48457],[-4.96868,39.48438]]},"properties":{"dam_id":"way/482428463","osm_type":"way","osm_id":482428463,"country":"ES","name":null,"uso":"desconhecido"}},{"type":"Feature","geometry":{"type":"LineString","coordinates":[[-6.27081,39.91463],[-6.2705,39.91495],[-6.26939,39.91505]]},"properties":{"dam_id":"way/483891143","osm_type":"way","osm_id":483891143,"country":"ES","name":null,"uso":"desconhecido"}},{"type":"Feature","geometry":{"type":"Polygon","coordinates":[[[-0.05775,41.24713],[-0.05447,41.24836],[-0.05441,41.24824],[-0.05481,41.24803],[-0.05752,41.24699],[-0.05742,41.24683],[-0.05752,41.24682],[-0.05772,41.24691],[-0.05783,41.24686],[-0.05778,41.24679],[-0.05838,41.24657],[-0.05874,41.24671],[-0.05877,41.24675],[-0.05794,41.24706],[-0.05798,41.24712],[-0.05779,41.24719],[-0.05775,41.24713]]]},"properties":{"dam_id":"way/484897850","osm_type":"way","osm_id":484897850,"country":"ES","name":null,"uso":"desconhecido"}},{"type":"Feature","geometry":{"type":"LineString","coordinates":[[-1.11186,41.20945],[-1.11124,41.20897]]},"properties":{"dam_id":"way/486032911","osm_type":"way","osm_id":486032911,"country":"ES","name":null,"uso":"desconhecido"}},{"type":"Feature","geometry":{"type":"LineString","coordinates":[[0.10347,41.17634],[0.10349,41.17571],[0.10255,41.17336],[0.10212,41.17302]]},"properties":{"dam_id":"way/486210000","osm_type":"way","osm_id":486210000,"country":"ES","name":null,"uso":"desconhecido"}},{"type":"Feature","geometry":{"type":"Polygon","coordinates":[[[-1.00358,42.71917],[-1.00345,42.71922],[-1.00331,42.71889],[-1.00346,42.71921],[-1.00358,42.71917]]]},"properties":{"dam_id":"way/486222630","osm_type":"way","osm_id":486222630,"country":"ES","name":null,"uso":"desconhecido"}},{"type":"Feature","geometry":{"type":"Polygon","coordinates":[[[-2.72436,42.89762],[-2.72436,42.8976],[-2.72423,42.89759],[-2.72423,42.89762],[-2.72436,42.89762]]]},"properties":{"dam_id":"way/486609790","osm_type":"way","osm_id":486609790,"country":"ES","name":null,"uso":"desconhecido"}},{"type":"Feature","geometry":{"type":"Polygon","coordinates":[[[-0.23237,40.01063],[-0.23245,40.01051],[-0.23174,40.01],[-0.23182,40.00975],[-0.23096,40.00939],[-0.2307,40.00961],[-0.23049,40.00969],[-0.23036,40.00964],[-0.23029,40.00977],[-0.23237,40.01063]]]},"properties":{"dam_id":"way/487169885","osm_type":"way","osm_id":487169885,"country":"ES","name":null,"uso":"desconhecido"}},{"type":"Feature","geometry":{"type":"LineString","coordinates":[[-3.8098,38.52561],[-3.80912,38.52518],[-3.8089,38.52479]]},"properties":{"dam_id":"way/487937504","osm_type":"way","osm_id":487937504,"country":"ES","name":null,"uso":"desconhecido"}},{"type":"Feature","geometry":{"type":"LineString","coordinates":[[-3.81658,38.52103],[-3.81628,38.5208],[-3.81619,38.52077]]},"properties":{"dam_id":"way/487937530","osm_type":"way","osm_id":487937530,"country":"ES","name":null,"uso":"desconhecido"}},{"type":"Feature","geometry":{"type":"Polygon","coordinates":[[[-6.92184,38.47426],[-6.91912,38.47192],[-6.9196,38.47158],[-6.92183,38.47328],[-6.92184,38.47426]]]},"properties":{"dam_id":"way/488300122","osm_type":"way","osm_id":488300122,"country":"ES","name":null,"uso":"desconhecido"}},{"type":"Feature","geometry":{"type":"Polygon","coordinates":[[[-6.69916,38.34615],[-6.69347,38.34467],[-6.69353,38.34463],[-6.69585,38.34482],[-6.6961,38.34488],[-6.69916,38.34615]]]},"properties":{"dam_id":"way/488936807","osm_type":"way","osm_id":488936807,"country":"ES","name":null,"uso":"desconhecido"}},{"type":"Feature","geometry":{"type":"Polygon","coordinates":[[[-6.57127,38.38294],[-6.57109,38.38285],[-6.57079,38.38283],[-6.57055,38.38274],[-6.57061,38.38263],[-6.57123,38.38277],[-6.57127,38.38294]]]},"properties":{"dam_id":"way/489373876","osm_type":"way","osm_id":489373876,"country":"ES","name":null,"uso":"desconhecido"}},{"type":"Feature","geometry":{"type":"Polygon","coordinates":[[[-1.69357,41.80384],[-1.69127,41.8039],[-1.69127,41.80378],[-1.69356,41.80371],[-1.69357,41.80384]]]},"properties":{"dam_id":"way/489594942","osm_type":"way","osm_id":489594942,"country":"ES","name":null,"uso":"desconhecido"}},{"type":"Feature","geometry":{"type":"Polygon","coordinates":[[[-2.53026,42.48497],[-2.52908,42.48588],[-2.52903,42.48585],[-2.53022,42.48494],[-2.53026,42.48497]]]},"properties":{"dam_id":"way/489655697","osm_type":"way","osm_id":489655697,"country":"ES","name":"Presa del Cortijo","uso":"desconhecido"}},{"type":"Feature","geometry":{"type":"LineString","coordinates":[[-4.75098,38.27886],[-4.75105,38.27869]]},"properties":{"dam_id":"way/490542921","osm_type":"way","osm_id":490542921,"country":"ES","name":null,"uso":"desconhecido"}},{"type":"Feature","geometry":{"type":"LineString","coordinates":[[-4.67723,38.27227],[-4.6763,38.27171]]},"properties":{"dam_id":"way/490613756","osm_type":"way","osm_id":490613756,"country":"ES","name":null,"uso":"desconhecido"}},{"type":"Feature","geometry":{"type":"LineString","coordinates":[[0.93211,42.69658],[0.93198,42.69642]]},"properties":{"dam_id":"way/490985449","osm_type":"way","osm_id":490985449,"country":"ES","name":"Barratge de Ruda","uso":"desconhecido"}},{"type":"Feature","geometry":{"type":"LineString","coordinates":[[-0.54823,41.29439],[-0.54652,41.29383],[-0.54736,41.29197],[-0.54755,41.29191],[-0.54958,41.29165],[-0.55049,41.29162]]},"properties":{"dam_id":"way/491950164","osm_type":"way","osm_id":491950164,"country":"ES","name":null,"uso":"desconhecido"}},{"type":"Feature","geometry":{"type":"LineString","coordinates":[[-1.82499,41.27673],[-1.8245,41.2764]]},"properties":{"dam_id":"way/492196237","osm_type":"way","osm_id":492196237,"country":"ES","name":null,"uso":"desconhecido"}},{"type":"Feature","geometry":{"type":"Polygon","coordinates":[[[-8.00539,42.90439],[-8.00481,42.90437],[-8.00481,42.90431],[-8.00538,42.90432],[-8.00539,42.90439]]]},"properties":{"dam_id":"way/493205051","osm_type":"way","osm_id":493205051,"country":"ES","name":"Encoro do Folicheiro","uso":"desconhecido"}},{"type":"Feature","geometry":{"type":"LineString","coordinates":[[1.88525,41.90205],[1.88537,41.90213],[1.88555,41.90242],[1.88597,41.90258]]},"properties":{"dam_id":"way/494638214","osm_type":"way","osm_id":494638214,"country":"ES","name":null,"uso":"desconhecido"}},{"type":"Feature","geometry":{"type":"LineString","coordinates":[[-6.96519,38.48664],[-6.96426,38.48593]]},"properties":{"dam_id":"way/495041195","osm_type":"way","osm_id":495041195,"country":"ES","name":null,"uso":"desconhecido"}},{"type":"Feature","geometry":{"type":"Polygon","coordinates":[[[-2.63002,42.99336],[-2.62953,42.99236],[-2.6296,42.99234],[-2.63009,42.99334],[-2.63002,42.99336]]]},"properties":{"dam_id":"way/495235075","osm_type":"way","osm_id":495235075,"country":"ES","name":null,"uso":"desconhecido"}},{"type":"Feature","geometry":{"type":"Polygon","coordinates":[[[-2.63755,42.96658],[-2.6376,42.966],[-2.63802,42.9614],[-2.63791,42.96196],[-2.63768,42.96438],[-2.63752,42.96656],[-2.63755,42.96658]]]},"properties":{"dam_id":"way/495237383","osm_type":"way","osm_id":495237383,"country":"ES","name":null,"uso":"desconhecido"}},{"type":"Feature","geometry":{"type":"Polygon","coordinates":[[[-8.00142,42.84894],[-8.00136,42.84874],[-8.00048,42.84899],[-8.00096,42.84904],[-8.00142,42.84894]]]},"properties":{"dam_id":"way/495545474","osm_type":"way","osm_id":495545474,"country":"ES","name":null,"uso":"desconhecido"}},{"type":"Feature","geometry":{"type":"LineString","coordinates":[[-4.6528,40.31213],[-4.65248,40.312]]},"properties":{"dam_id":"way/495618829","osm_type":"way","osm_id":495618829,"country":"ES","name":"Presa de la Pinara","uso":"desconhecido"}},{"type":"Feature","geometry":{"type":"LineString","coordinates":[[-3.19249,43.19509],[-3.19216,43.19503],[-3.19213,43.19496]]},"properties":{"dam_id":"way/495861473","osm_type":"way","osm_id":495861473,"country":"ES","name":null,"uso":"desconhecido"}},{"type":"Feature","geometry":{"type":"Polygon","coordinates":[[[-6.32657,43.15354],[-6.32676,43.15354],[-6.32676,43.15368],[-6.32668,43.15368],[-6.32666,43.15361],[-6.32658,43.15361],[-6.32653,43.15367],[-6.32653,43.15359],[-6.32657,43.15354]]]},"properties":{"dam_id":"way/495919929","osm_type":"way","osm_id":495919929,"country":"ES","name":null,"uso":"desconhecido"}},{"type":"Feature","geometry":{"type":"LineString","coordinates":[[-3.07575,37.03743],[-3.07571,37.03725]]},"properties":{"dam_id":"way/496471200","osm_type":"way","osm_id":496471200,"country":"ES","name":null,"uso":"desconhecido"}},{"type":"Feature","geometry":{"type":"LineString","coordinates":[[2.16073,42.37605],[2.16085,42.37605]]},"properties":{"dam_id":"way/496614084","osm_type":"way","osm_id":496614084,"country":"ES","name":null,"uso":"desconhecido"}},{"type":"Feature","geometry":{"type":"LineString","coordinates":[[2.16583,42.34627],[2.16591,42.34623],[2.16596,42.34612],[2.16604,42.34613]]},"properties":{"dam_id":"way/496845108","osm_type":"way","osm_id":496845108,"country":"ES","name":null,"uso":"desconhecido"}},{"type":"Feature","geometry":{"type":"Polygon","coordinates":[[[-7.64163,43.05561],[-7.64158,43.05532],[-7.64154,43.05508],[-7.6414,43.05532],[-7.64163,43.05561]]]},"properties":{"dam_id":"way/496964961","osm_type":"way","osm_id":496964961,"country":"ES","name":null,"uso":"desconhecido"}},{"type":"Feature","geometry":{"type":"Polygon","coordinates":[[[-7.36295,42.07244],[-7.36265,42.07238],[-7.36276,42.07229],[-7.36295,42.07244]]]},"properties":{"dam_id":"way/496977122","osm_type":"way","osm_id":496977122,"country":"ES","name":null,"uso":"desconhecido"}},{"type":"Feature","geometry":{"type":"LineString","coordinates":[[2.18988,41.71604],[2.18993,41.71605],[2.18997,41.71613],[2.19018,41.71613],[2.19027,41.71608],[2.19031,41.71609]]},"properties":{"dam_id":"way/497141338","osm_type":"way","osm_id":497141338,"country":"ES","name":null,"uso":"desconhecido"}},{"type":"Feature","geometry":{"type":"LineString","coordinates":[[-5.69475,40.26468],[-5.69459,40.26469]]},"properties":{"dam_id":"way/497906346","osm_type":"way","osm_id":497906346,"country":"ES","name":null,"uso":"desconhecido"}},{"type":"Feature","geometry":{"type":"LineString","coordinates":[[-2.05117,43.19799],[-2.05119,43.19811]]},"properties":{"dam_id":"way/497927849","osm_type":"way","osm_id":497927849,"country":"ES","name":null,"uso":"desconhecido"}},{"type":"Feature","geometry":{"type":"Polygon","coordinates":[[[-7.70839,43.04634],[-7.70819,43.04641],[-7.7079,43.0465],[-7.70792,43.04643],[-7.70829,43.0463],[-7.70839,43.04634]]]},"properties":{"dam_id":"way/498018431","osm_type":"way","osm_id":498018431,"country":"ES","name":null,"uso":"desconhecido"}},{"type":"Feature","geometry":{"type":"LineString","coordinates":[[-0.9181,40.82502],[-0.92077,40.8259]]},"properties":{"dam_id":"way/498107788","osm_type":"way","osm_id":498107788,"country":"ES","name":null,"uso":"desconhecido"}},{"type":"Feature","geometry":{"type":"Polygon","coordinates":[[[-3.47865,37.15815],[-3.47864,37.15801],[-3.47906,37.15784],[-3.47979,37.1579],[-3.4797,37.15741],[-3.48016,37.15725],[-3.48142,37.15782],[-3.48185,37.15805],[-3.48237,37.15862],[-3.48269,37.15907],[-3.48216,37.15915],[-3.48198,37.15921],[-3.48151,37.1589],[-3.48105,37.15897],[-3.48064,37.15945],[-3.48062,37.15998],[-3.48051,37.16029],[-3.48077,37.16049],[-3.48058,37.16055],[-3.48061,37.16081],[-3.48039,37.1609],[-3.48044,37.16078],[-3.48043,37.16069],[-3.47956,37.1597],[-3.47906,37.1588],[-3.47881,37.15826],[-3.47865,37.15815]]]},"properties":{"dam_id":"way/498111348","osm_type":"way","osm_id":498111348,"country":"ES","name":"Presa de Canales","uso":"desconhecido"}},{"type":"Feature","geometry":{"type":"Polygon","coordinates":[[[-8.50054,43.33164],[-8.50021,43.33207],[-8.50067,43.33114],[-8.50054,43.33164]]]},"properties":{"dam_id":"way/498349050","osm_type":"way","osm_id":498349050,"country":"ES","name":"Presa do Rexedoiro","uso":"desconhecido"}},{"type":"Feature","geometry":{"type":"Polygon","coordinates":[[[-3.43904,37.2036],[-3.43916,37.20344],[-3.43933,37.2034],[-3.43932,37.20333],[-3.43899,37.20328],[-3.43872,37.2034],[-3.43845,37.20333],[-3.43839,37.20291],[-3.43828,37.2028],[-3.43798,37.2028],[-3.43793,37.20276],[-3.43803,37.2023],[-3.43782,37.20224],[-3.43749,37.20263],[-3.43776,37.20262],[-3.43771,37.20267],[-3.43774,37.20302],[-3.43787,37.20326],[-3.43813,37.20344],[-3.43843,37.20352],[-3.43876,37.20355],[-3.43867,37.20372],[-3.4387,37.20374],[-3.43881,37.20355],[-3.43885,37.20356],[-3.43878,37.20372],[-3.43864,37.20382],[-3.43867,37.20385],[-3.4388,37.20376],[-3.43889,37.20357],[-3.43904,37.2036]]]},"properties":{"dam_id":"way/499363278","osm_type":"way","osm_id":499363278,"country":"ES","name":"Presa de Quéntar","uso":"desconhecido"}},{"type":"Feature","geometry":{"type":"LineString","coordinates":[[1.14262,41.30876],[1.14247,41.30862]]},"properties":{"dam_id":"way/500039122","osm_type":"way","osm_id":500039122,"country":"ES","name":"Resclosa del Raulet","uso":"desconhecido"}},{"type":"Feature","geometry":{"type":"Polygon","coordinates":[[[-1.86533,41.26131],[-1.86561,41.26123],[-1.86548,41.26118],[-1.86535,41.2612],[-1.86533,41.26131]]]},"properties":{"dam_id":"way/500474804","osm_type":"way","osm_id":500474804,"country":"ES","name":"El Muro","uso":"desconhecido"}},{"type":"Feature","geometry":{"type":"LineString","coordinates":[[0.3864,42.42606],[0.3871,42.42612]]},"properties":{"dam_id":"way/501985906","osm_type":"way","osm_id":501985906,"country":"ES","name":null,"uso":"desconhecido"}},{"type":"Feature","geometry":{"type":"Polygon","coordinates":[[[0.86717,41.98585],[0.86715,41.98567],[0.86719,41.98567],[0.86721,41.98584],[0.86717,41.98585]]]},"properties":{"dam_id":"way/503206982","osm_type":"way","osm_id":503206982,"country":"ES","name":null,"uso":"desconhecido"}},{"type":"Feature","geometry":{"type":"LineString","coordinates":[[-1.11233,41.75699],[-1.11177,41.75682]]},"properties":{"dam_id":"way/503826644","osm_type":"way","osm_id":503826644,"country":"ES","name":"Azud de Almozara","uso":"desconhecido"}},{"type":"Feature","geometry":{"type":"Polygon","coordinates":[[[-6.2803,37.79653],[-6.27937,37.79761],[-6.27758,37.7997],[-6.27716,37.79903],[-6.27801,37.79824],[-6.2781,37.7976],[-6.2781,37.79729],[-6.27855,37.79673],[-6.27954,37.79656],[-6.28008,37.79631],[-6.2803,37.79653]]]},"properties":{"dam_id":"way/504456923","osm_type":"way","osm_id":504456923,"country":"ES","name":"Presa de Zufre","uso":"desconhecido"}},{"type":"Feature","geometry":{"type":"LineString","coordinates":[[-5.77339,39.89364],[-5.77324,39.89338],[-5.77313,39.89338],[-5.77306,39.89327],[-5.773,39.89305],[-5.7729,39.89293],[-5.77271,39.89287],[-5.77226,39.89282]]},"properties":{"dam_id":"way/507397442","osm_type":"way","osm_id":507397442,"country":"ES","name":null,"uso":"desconhecido"}},{"type":"Feature","geometry":{"type":"Polygon","coordinates":[[[-0.4593,42.41924],[-0.45952,42.41923],[-0.46059,42.41957],[-0.46062,42.41943],[-0.45958,42.41913],[-0.45962,42.41907],[-0.45946,42.41901],[-0.4593,42.41924]]]},"properties":{"dam_id":"way/509327855","osm_type":"way","osm_id":509327855,"country":"ES","name":null,"uso":"desconhecido"}},{"type":"Feature","geometry":{"type":"Polygon","coordinates":[[[-1.58958,42.63794],[-1.58648,42.63728],[-1.58655,42.63703],[-1.58673,42.63708],[-1.58685,42.63708],[-1.58745,42.63691],[-1.58762,42.63692],[-1.58773,42.63699],[-1.58807,42.637],[-1.58853,42.6374],[-1.58892,42.63762],[-1.58914,42.63768],[-1.58917,42.63776],[-1.58928,42.63781],[-1.58959,42.63782],[-1.58958,42.63794]]]},"properties":{"dam_id":"way/509384114","osm_type":"way","osm_id":509384114,"country":"ES","name":null,"uso":"desconhecido"}},{"type":"Feature","geometry":{"type":"LineString","coordinates":[[-6.36708,38.9678],[-6.36631,38.96988],[-6.36646,38.97103],[-6.36657,38.97146]]},"properties":{"dam_id":"way/509714147","osm_type":"way","osm_id":509714147,"country":"ES","name":"Embalse de Proserpina","uso":"desconhecido"}},{"type":"Feature","geometry":{"type":"LineString","coordinates":[[-4.47887,41.32491],[-4.47823,41.32547]]},"properties":{"dam_id":"way/510822842","osm_type":"way","osm_id":510822842,"country":"ES","name":null,"uso":"desconhecido"}},{"type":"Feature","geometry":{"type":"LineString","coordinates":[[-3.70633,36.74108],[-3.70615,36.7411]]},"properties":{"dam_id":"way/510869536","osm_type":"way","osm_id":510869536,"country":"ES","name":null,"uso":"desconhecido"}},{"type":"Feature","geometry":{"type":"Polygon","coordinates":[[[-4.47441,40.68969],[-4.47441,40.68966],[-4.47331,40.68982],[-4.47332,40.68986],[-4.47369,40.68982],[-4.47373,40.68988],[-4.47418,40.68983],[-4.4742,40.68973],[-4.47441,40.68969]]]},"properties":{"dam_id":"way/511748365","osm_type":"way","osm_id":511748365,"country":"ES","name":"Presa de Serones","uso":"desconhecido"}},{"type":"Feature","geometry":{"type":"Polygon","coordinates":[[[2.75119,41.7338],[2.75182,41.73363],[2.75182,41.73364],[2.75119,41.7338]]]},"properties":{"dam_id":"way/512333576","osm_type":"way","osm_id":512333576,"country":"ES","name":null,"uso":"desconhecido"}},{"type":"Feature","geometry":{"type":"LineString","coordinates":[[-4.32126,40.63755],[-4.32156,40.63899]]},"properties":{"dam_id":"way/512352507","osm_type":"way","osm_id":512352507,"country":"ES","name":null,"uso":"desconhecido"}},{"type":"Feature","geometry":{"type":"LineString","coordinates":[[-7.51583,41.89916],[-7.51594,41.89895],[-7.51607,41.89884],[-7.5163,41.89874],[-7.51656,41.89872]]},"properties":{"dam_id":"way/514518103","osm_type":"way","osm_id":514518103,"country":"ES","name":"A Presa Grande","uso":"desconhecido"}},{"type":"Feature","geometry":{"type":"Polygon","coordinates":[[[-6.55838,37.73286],[-6.5597,37.73301],[-6.55955,37.73293],[-6.55904,37.73279],[-6.55886,37.73278],[-6.55838,37.73286]]]},"properties":{"dam_id":"way/514523227","osm_type":"way","osm_id":514523227,"country":"ES","name":null,"uso":"desconhecido"}},{"type":"Feature","geometry":{"type":"LineString","coordinates":[[-6.56252,37.72789],[-6.56151,37.72754]]},"properties":{"dam_id":"way/514523836","osm_type":"way","osm_id":514523836,"country":"ES","name":null,"uso":"desconhecido"}},{"type":"Feature","geometry":{"type":"Polygon","coordinates":[[[-4.59077,40.55242],[-4.59078,40.55255],[-4.58999,40.55258],[-4.58974,40.55262],[-4.58905,40.55283],[-4.58825,40.55297],[-4.58828,40.55303],[-4.59091,40.55256],[-4.59083,40.55242],[-4.59077,40.55242]]]},"properties":{"dam_id":"way/515565765","osm_type":"way","osm_id":515565765,"country":"ES","name":null,"uso":"desconhecido"}},{"type":"Feature","geometry":{"type":"Polygon","coordinates":[[[1.9636,41.78453],[1.96363,41.78425],[1.96362,41.78425],[1.9636,41.78453]]]},"properties":{"dam_id":"way/516658245","osm_type":"way","osm_id":516658245,"country":"ES","name":"Resclosa del Viver","uso":"desconhecido"}},{"type":"Feature","geometry":{"type":"Polygon","coordinates":[[[-7.85238,42.35776],[-7.85165,42.35792],[-7.85096,42.35795],[-7.85019,42.35789],[-7.85015,42.35795],[-7.85011,42.35794],[-7.85014,42.35786],[-7.84952,42.35777],[-7.84958,42.35757],[-7.8493,42.35753],[-7.84939,42.35723],[-7.85023,42.35737],[-7.85035,42.35708],[-7.85033,42.35736],[-7.85025,42.35769],[-7.85055,42.35773],[-7.85056,42.3576],[-7.8506,42.3576],[-7.8506,42.35773],[-7.85091,42.35775],[-7.8509,42.35761],[-7.85094,42.35761],[-7.85097,42.35775],[-7.85128,42.35775],[-7.85125,42.35762],[-7.85129,42.35762],[-7.85134,42.35774],[-7.85163,42.35771],[-7.85159,42.35759],[-7.85163,42.35758],[-7.85169,42.35771],[-7.852,42.35765],[-7.85201,42.35769],[-7.85234,42.35763],[-7.85238,42.35776]]]},"properties":{"dam_id":"way/517047111","osm_type":"way","osm_id":517047111,"country":"ES","name":"Encoro de Velle","uso":"desconhecido"}},{"type":"Feature","geometry":{"type":"Polygon","coordinates":[[[-0.37083,42.72129],[-0.37048,42.72153],[-0.37041,42.72149],[-0.37057,42.72134],[-0.37054,42.72129],[-0.37059,42.72125],[-0.37079,42.72125],[-0.37083,42.72129]]]},"properties":{"dam_id":"way/517737945","osm_type":"way","osm_id":517737945,"country":"ES","name":null,"uso":"desconhecido"}},{"type":"Feature","geometry":{"type":"LineString","coordinates":[[-1.98625,43.17674],[-1.98644,43.17642]]},"properties":{"dam_id":"way/518621663","osm_type":"way","osm_id":518621663,"country":"ES","name":null,"uso":"desconhecido"}},{"type":"Feature","geometry":{"type":"Polygon","coordinates":[[[-6.06926,43.19592],[-6.06934,43.19595],[-6.06939,43.19589],[-6.06942,43.1959],[-6.06944,43.19592],[-6.0694,43.19597],[-6.06947,43.196],[-6.06953,43.19598],[-6.06933,43.19625],[-6.06929,43.19623],[-6.06937,43.19613],[-6.06926,43.19611],[-6.06926,43.19608],[-6.06917,43.19604],[-6.06914,43.19607],[-6.06911,43.19605],[-6.06928,43.19588],[-6.06926,43.19592]]]},"properties":{"dam_id":"way/519417855","osm_type":"way","osm_id":519417855,"country":"ES","name":null,"uso":"desconhecido"}},{"type":"Feature","geometry":{"type":"Polygon","coordinates":[[[-6.32558,41.25693],[-6.32541,41.2569],[-6.32278,41.25925],[-6.32242,41.25964],[-6.32226,41.25994],[-6.32216,41.26033],[-6.32217,41.26073],[-6.32316,41.26485],[-6.32318,41.26514],[-6.32315,41.2654],[-6.32303,41.26575],[-6.32286,41.26601],[-6.32265,41.26623],[-6.3221,41.26666],[-6.32179,41.267],[-6.32137,41.26791],[-6.32102,41.26837],[-6.32083,41.26857],[-6.32079,41.26856],[-6.32051,41.26865],[-6.32049,41.26858],[-6.32046,41.26865],[-6.32052,41.2687],[-6.32039,41.26879],[-6.32028,41.26874],[-6.32035,41.26881],[-6.32022,41.26891],[-6.32016,41.26889],[-6.32008,41.2689],[-6.32014,41.26891],[-6.32011,41.26917],[-6.32034,41.26925],[-6.32007,41.26995],[-6.32,41.27031],[-6.31998,41.27066],[-6.32001,41.27101],[-6.32019,41.27153],[-6.3204,41.27184],[-6.32077,41.27221],[-6.32111,41.27245],[-6.32184,41.27279],[-6.32248,41.273],[-6.32307,41.27312],[-6.32306,41.2732],[-6.3234,41.27324],[-6.32364,41.27344],[-6.3236,41.27347],[-6.32374,41.27358],[-6.32377,41.27355],[-6.32562,41.27505],[-6.32573,41.27494],[-6.32403,41.27342],[-6.32417,41.27297],[-6.32415,41.27291],[-6.32318,41.27287],[-6.32189,41.27234],[-6.3212,41.27199],[-6.32095,41.27178],[-6.32072,41.27167],[-6.3205,41.27135],[-6.32047,41.27036],[-6.32049,41.26991],[-6.32061,41.26932],[-6.32071,41.26924],[-6.32221,41.27038],[-6.32225,41.27008],[-6.32119,41.26925],[-6.32096,41.26899],[-6.32142,41.26862],[-6.32128,41.26852],[-6.3216,41.2681],[-6.32181,41.26772],[-6.32207,41.26708],[-6.32302,41.26613],[-6.32328,41.26576],[-6.32339,41.26539],[-6.32339,41.265],[-6.32261,41.26166],[-6.3223,41.26058],[-6.32231,41.26032],[-6.32238,41.26007],[-6.32259,41.25966],[-6.32274,41.25947],[-6.32558,41.25693]]]},"properties":{"dam_id":"way/522451409","osm_type":"way","osm_id":522451409,"country":"ES","name":"Presa de Almendra","uso":"desconhecido"}},{"type":"Feature","geometry":{"type":"Polygon","coordinates":[[[-5.60395,40.23339],[-5.60255,40.23385],[-5.60269,40.23408],[-5.60284,40.23402],[-5.60278,40.2339],[-5.60399,40.23348],[-5.60395,40.23339]]]},"properties":{"dam_id":"way/524319855","osm_type":"way","osm_id":524319855,"country":"ES","name":null,"uso":"desconhecido"}},{"type":"Feature","geometry":{"type":"LineString","coordinates":[[-6.75489,39.70161],[-6.75482,39.70175],[-6.75489,39.70187],[-6.75461,39.70207],[-6.75445,39.70208],[-6.75432,39.70199],[-6.75424,39.70205],[-6.75411,39.702],[-6.75401,39.70202],[-6.75397,39.70208],[-6.75379,39.70204],[-6.75361,39.70214],[-6.75319,39.70255]]},"properties":{"dam_id":"way/524662743","osm_type":"way","osm_id":524662743,"country":"ES","name":null,"uso":"desconhecido"}},{"type":"Feature","geometry":{"type":"Polygon","coordinates":[[[-8.61761,42.60805],[-8.61667,42.60796],[-8.61622,42.60805],[-8.61581,42.60829],[-8.61557,42.60853],[-8.61565,42.60856],[-8.61589,42.60834],[-8.61606,42.60832],[-8.61627,42.60822],[-8.61665,42.60812],[-8.61731,42.60805],[-8.61761,42.60805]]]},"properties":{"dam_id":"way/528464993","osm_type":"way","osm_id":528464993,"country":"ES","name":"Encoro de Caldas de Reis","uso":"desconhecido"}},{"type":"Feature","geometry":{"type":"Polygon","coordinates":[[[-5.858,38.67109],[-5.85751,38.67134],[-5.85688,38.66937],[-5.85724,38.66951],[-5.858,38.67109]]]},"properties":{"dam_id":"way/528946694","osm_type":"way","osm_id":528946694,"country":"ES","name":null,"uso":"desconhecido"}},{"type":"Feature","geometry":{"type":"LineString","coordinates":[[-6.78158,39.62646],[-6.78039,39.62658]]},"properties":{"dam_id":"way/529073513","osm_type":"way","osm_id":529073513,"country":"ES","name":null,"uso":"desconhecido"}},{"type":"Feature","geometry":{"type":"LineString","coordinates":[[-6.77114,39.62396],[-6.77014,39.62569]]},"properties":{"dam_id":"way/529073514","osm_type":"way","osm_id":529073514,"country":"ES","name":null,"uso":"desconhecido"}},{"type":"Feature","geometry":{"type":"LineString","coordinates":[[1.88477,42.02509],[1.8849,42.02512],[1.88491,42.02535]]},"properties":{"dam_id":"way/529976479","osm_type":"way","osm_id":529976479,"country":"ES","name":null,"uso":"desconhecido"}},{"type":"Feature","geometry":{"type":"LineString","coordinates":[[1.87223,42.04748],[1.87235,42.04754],[1.87238,42.04764],[1.87232,42.04788],[1.8724,42.04812]]},"properties":{"dam_id":"way/530231539","osm_type":"way","osm_id":530231539,"country":"ES","name":null,"uso":"desconhecido"}},{"type":"Feature","geometry":{"type":"Polygon","coordinates":[[[-1.18356,42.61502],[-1.18322,42.61752],[-1.18358,42.6176],[-1.18469,42.6176],[-1.18537,42.61705],[-1.18601,42.61634],[-1.18622,42.61461],[-1.1856,42.6141],[-1.18519,42.61382],[-1.18411,42.61377],[-1.18366,42.61389],[-1.18356,42.61502]]]},"properties":{"dam_id":"way/530531701","osm_type":"way","osm_id":530531701,"country":"ES","name":"Recrecimiento de la presa de Yesa","uso":"desconhecido"}},{"type":"Feature","geometry":{"type":"Polygon","coordinates":[[[-2.65514,42.95778],[-2.65343,42.95783],[-2.65284,42.95788],[-2.65129,42.95794],[-2.6513,42.95798],[-2.65671,42.95783],[-2.65671,42.95779],[-2.65514,42.95778]]]},"properties":{"dam_id":"way/532881745","osm_type":"way","osm_id":532881745,"country":"ES","name":null,"uso":"desconhecido"}},{"type":"Feature","geometry":{"type":"Polygon","coordinates":[[[-3.05594,43.04891],[-3.05485,43.04751],[-3.05493,43.04748],[-3.05602,43.04888],[-3.05594,43.04891]]]},"properties":{"dam_id":"way/532990926","osm_type":"way","osm_id":532990926,"country":"ES","name":null,"uso":"desconhecido"}},{"type":"Feature","geometry":{"type":"Polygon","coordinates":[[[-6.47086,41.30143],[-6.47086,41.30135],[-6.47096,41.30136],[-6.47097,41.30126],[-6.47049,41.30095],[-6.47061,41.30081],[-6.4711,41.30061],[-6.47112,41.30047],[-6.47059,41.30079],[-6.4704,41.3007],[-6.47034,41.30066],[-6.47037,41.30063],[-6.47026,41.30053],[-6.47019,41.3004],[-6.47014,41.30041],[-6.47011,41.30021],[-6.47072,41.30002],[-6.47068,41.29993],[-6.47052,41.29982],[-6.4703,41.30004],[-6.46985,41.30019],[-6.46976,41.2999],[-6.4698,41.29973],[-6.46979,41.29951],[-6.46968,41.29947],[-6.46964,41.29953],[-6.46956,41.29954],[-6.46943,41.29975],[-6.46953,41.29977],[-6.46944,41.29999],[-6.46941,41.30022],[-6.46934,41.30029],[-6.4694,41.30031],[-6.46945,41.30052],[-6.4694,41.30057],[-6.46947,41.30058],[-6.46956,41.30077],[-6.46954,41.30083],[-6.4696,41.30083],[-6.46966,41.30089],[-6.46963,41.30094],[-6.46969,41.30094],[-6.46988,41.3011],[-6.46987,41.30116],[-6.46994,41.30114],[-6.47017,41.30127],[-6.47018,41.30132],[-6.47029,41.30132],[-6.4706,41.3014],[-6.47086,41.30143]]]},"properties":{"dam_id":"way/533091902","osm_type":"way","osm_id":533091902,"country":"ES","name":"Barragem de Bemposta","uso":"hidroelétrica"}},{"type":"Feature","geometry":{"type":"Polygon","coordinates":[[[-8.19335,42.15634],[-8.1925,42.15539],[-8.19201,42.15435],[-8.19271,42.15417],[-8.19296,42.15472],[-8.19316,42.15466],[-8.19339,42.15466],[-8.193,42.15479],[-8.19327,42.15521],[-8.19379,42.15579],[-8.19404,42.15567],[-8.19408,42.15567],[-8.19408,42.15571],[-8.19398,42.15579],[-8.19414,42.15598],[-8.19335,42.15634]]]},"properties":{"dam_id":"way/533221133","osm_type":"way","osm_id":533221133,"country":"ES","name":"Presa da Frieira","uso":"desconhecido"}},{"type":"Feature","geometry":{"type":"Polygon","coordinates":[[[-1.50029,37.99271],[-1.50033,37.99266],[-1.5004,37.99266],[-1.50041,37.9926],[-1.50032,37.9926],[-1.50029,37.99257],[-1.50029,37.99271]]]},"properties":{"dam_id":"way/536134040","osm_type":"way","osm_id":536134040,"country":"ES","name":null,"uso":"desconhecido"}},{"type":"Feature","geometry":{"type":"Polygon","coordinates":[[[-3.89184,36.99708],[-3.89221,36.99658],[-3.89254,36.99628],[-3.89293,36.99612],[-3.89341,36.99604],[-3.89341,36.99601],[-3.89353,36.99602],[-3.89353,36.99603],[-3.89396,36.99611],[-3.89414,36.99617],[-3.89451,36.9964],[-3.89473,36.99663],[-3.89507,36.9973],[-3.89499,36.99733],[-3.89468,36.99683],[-3.8944,36.99648],[-3.89407,36.99627],[-3.89393,36.99622],[-3.89358,36.99619],[-3.89333,36.99619],[-3.89298,36.99624],[-3.89261,36.99638],[-3.89231,36.99662],[-3.89192,36.99712],[-3.89184,36.99708]]]},"properties":{"dam_id":"way/536649575","osm_type":"way","osm_id":536649575,"country":"ES","name":"Embalse de Bermejales","uso":"desconhecido"}},{"type":"Feature","geometry":{"type":"LineString","coordinates":[[-5.66374,38.86902],[-5.66228,38.8687]]},"properties":{"dam_id":"way/539504693","osm_type":"way","osm_id":539504693,"country":"ES","name":null,"uso":"desconhecido"}},{"type":"Feature","geometry":{"type":"LineString","coordinates":[[2.15704,41.80309],[2.15642,41.80358]]},"properties":{"dam_id":"way/540412887","osm_type":"way","osm_id":540412887,"country":"ES","name":null,"uso":"desconhecido"}},{"type":"Feature","geometry":{"type":"Polygon","coordinates":[[[-5.37029,36.76455],[-5.37009,36.76455],[-5.36998,36.76464],[-5.36973,36.76464],[-5.36965,36.76468],[-5.36971,36.7647],[-5.36975,36.76467],[-5.37084,36.7647],[-5.37093,36.76467],[-5.37099,36.76472],[-5.37109,36.7647],[-5.37109,36.76466],[-5.37036,36.76462],[-5.37029,36.76455]]]},"properties":{"dam_id":"way/545922314","osm_type":"way","osm_id":545922314,"country":"ES","name":"Presa de Grazalema","uso":"desconhecido"}},{"type":"Feature","geometry":{"type":"LineString","coordinates":[[-4.16757,43.3401],[-4.16833,43.34038]]},"properties":{"dam_id":"way/549019727","osm_type":"way","osm_id":549019727,"country":"ES","name":null,"uso":"desconhecido"}},{"type":"Feature","geometry":{"type":"LineString","coordinates":[[2.15798,41.64474],[2.15822,41.64457],[2.15837,41.64467],[2.15865,41.64475]]},"properties":{"dam_id":"way/549961529","osm_type":"way","osm_id":549961529,"country":"ES","name":null,"uso":"desconhecido"}},{"type":"Feature","geometry":{"type":"Polygon","coordinates":[[[-0.03688,42.50093],[-0.03686,42.50092],[-0.03714,42.50068],[-0.03755,42.50038],[-0.03757,42.5004],[-0.03688,42.50093]]]},"properties":{"dam_id":"way/551519620","osm_type":"way","osm_id":551519620,"country":"ES","name":null,"uso":"desconhecido"}},{"type":"Feature","geometry":{"type":"Polygon","coordinates":[[[-0.0226,42.49841],[-0.02251,42.4984],[-0.02213,42.49824],[-0.02219,42.49818],[-0.02263,42.49835],[-0.0226,42.49841]]]},"properties":{"dam_id":"way/551519657","osm_type":"way","osm_id":551519657,"country":"ES","name":null,"uso":"desconhecido"}},{"type":"Feature","geometry":{"type":"Polygon","coordinates":[[[-2.54051,40.70785],[-2.54061,40.7079],[-2.54155,40.70774],[-2.54166,40.70764],[-2.54051,40.70785]]]},"properties":{"dam_id":"way/551896746","osm_type":"way","osm_id":551896746,"country":"ES","name":null,"uso":"desconhecido"}},{"type":"Feature","geometry":{"type":"Polygon","coordinates":[[[-2.48983,40.7081],[-2.48982,40.70785],[-2.48861,40.70789],[-2.48834,40.7078],[-2.48861,40.70776],[-2.48982,40.70775],[-2.48996,40.70793],[-2.48993,40.70807],[-2.48983,40.7081]]]},"properties":{"dam_id":"way/551917521","osm_type":"way","osm_id":551917521,"country":"ES","name":null,"uso":"desconhecido"}},{"type":"Feature","geometry":{"type":"LineString","coordinates":[[-1.84554,42.62429],[-1.84531,42.62438],[-1.844,42.62388],[-1.84365,42.62371]]},"properties":{"dam_id":"way/552172332","osm_type":"way","osm_id":552172332,"country":"ES","name":null,"uso":"desconhecido"}},{"type":"Feature","geometry":{"type":"Polygon","coordinates":[[[-6.47245,42.84297],[-6.47177,42.84292],[-6.47179,42.84285],[-6.47246,42.84289],[-6.47245,42.84297]]]},"properties":{"dam_id":"way/552378888","osm_type":"way","osm_id":552378888,"country":"ES","name":null,"uso":"desconhecido"}},{"type":"Feature","geometry":{"type":"Polygon","coordinates":[[[-4.87316,40.28519],[-4.87316,40.28517],[-4.87307,40.28517],[-4.87307,40.28519],[-4.87316,40.28519]]]},"properties":{"dam_id":"way/552402596","osm_type":"way","osm_id":552402596,"country":"ES","name":null,"uso":"desconhecido"}},{"type":"Feature","geometry":{"type":"LineString","coordinates":[[2.39975,41.71462],[2.39943,41.71406]]},"properties":{"dam_id":"way/553005354","osm_type":"way","osm_id":553005354,"country":"ES","name":null,"uso":"desconhecido"}},{"type":"Feature","geometry":{"type":"LineString","coordinates":[[-2.93979,36.94907],[-2.93973,36.94865]]},"properties":{"dam_id":"way/553483870","osm_type":"way","osm_id":553483870,"country":"ES","name":null,"uso":"desconhecido"}},{"type":"Feature","geometry":{"type":"LineString","coordinates":[[-6.04132,36.96176],[-6.044,36.95964]]},"properties":{"dam_id":"way/553562169","osm_type":"way","osm_id":553562169,"country":"ES","name":null,"uso":"regadio"}},{"type":"Feature","geometry":{"type":"Polygon","coordinates":[[[-8.23161,42.74739],[-8.2316,42.74733],[-8.23164,42.74732],[-8.23165,42.74725],[-8.23157,42.74726],[-8.23158,42.7473],[-8.23153,42.74732],[-8.23148,42.74726],[-8.23137,42.74722],[-8.23119,42.74725],[-8.23128,42.74737],[-8.2314,42.74733],[-8.23153,42.74741],[-8.23161,42.74739]]]},"properties":{"dam_id":"way/553867399","osm_type":"way","osm_id":553867399,"country":"ES","name":null,"uso":"desconhecido"}},{"type":"Feature","geometry":{"type":"LineString","coordinates":[[-1.72874,43.14873],[-1.72854,43.14897],[-1.7281,43.1493]]},"properties":{"dam_id":"way/554080258","osm_type":"way","osm_id":554080258,"country":"ES","name":null,"uso":"desconhecido"}},{"type":"Feature","geometry":{"type":"LineString","coordinates":[[-7.10544,43.35773],[-7.10528,43.35765]]},"properties":{"dam_id":"way/554668398","osm_type":"way","osm_id":554668398,"country":"ES","name":null,"uso":"desconhecido"}},{"type":"Feature","geometry":{"type":"LineString","coordinates":[[-0.08496,38.77987],[-0.08489,38.77985]]},"properties":{"dam_id":"way/1243162647","osm_type":"way","osm_id":1243162647,"country":"ES","name":"Paret de Fontilles","uso":"desconhecido"}},{"type":"Feature","geometry":{"type":"LineString","coordinates":[[-7.12255,43.35771],[-7.12259,43.35759]]},"properties":{"dam_id":"way/554958208","osm_type":"way","osm_id":554958208,"country":"ES","name":null,"uso":"desconhecido"}},{"type":"Feature","geometry":{"type":"LineString","coordinates":[[-0.21026,38.53308],[-0.21014,38.53285]]},"properties":{"dam_id":"way/555261769","osm_type":"way","osm_id":555261769,"country":"ES","name":null,"uso":"desconhecido"}},{"type":"Feature","geometry":{"type":"LineString","coordinates":[[-6.35461,38.33095],[-6.35544,38.33209],[-6.35539,38.33218]]},"properties":{"dam_id":"way/558342817","osm_type":"way","osm_id":558342817,"country":"ES","name":null,"uso":"desconhecido"}},{"type":"Feature","geometry":{"type":"LineString","coordinates":[[-3.85194,36.79386],[-3.85179,36.79379]]},"properties":{"dam_id":"way/558536545","osm_type":"way","osm_id":558536545,"country":"ES","name":null,"uso":"desconhecido"}},{"type":"Feature","geometry":{"type":"LineString","coordinates":[[-7.62654,42.24025],[-7.62703,42.23991],[-7.62701,42.23976]]},"properties":{"dam_id":"way/558599621","osm_type":"way","osm_id":558599621,"country":"ES","name":null,"uso":"desconhecido"}},{"type":"Feature","geometry":{"type":"Polygon","coordinates":[[[-1.35415,42.9678],[-1.35402,42.96781],[-1.354,42.96781],[-1.35402,42.96777],[-1.35412,42.96777],[-1.35415,42.9678]]]},"properties":{"dam_id":"way/558627014","osm_type":"way","osm_id":558627014,"country":"ES","name":null,"uso":"desconhecido"}},{"type":"Feature","geometry":{"type":"Polygon","coordinates":[[[-3.93533,40.97875],[-3.93542,40.97944],[-3.93553,40.97988],[-3.93568,40.98029],[-3.93574,40.98029],[-3.93572,40.97955],[-3.93564,40.97928],[-3.9354,40.97877],[-3.93533,40.97875]]]},"properties":{"dam_id":"way/558778981","osm_type":"way","osm_id":558778981,"country":"ES","name":"Presa del Pirón","uso":"desconhecido"}},{"type":"Feature","geometry":{"type":"Polygon","coordinates":[[[-5.86058,43.55996],[-5.86067,43.56001],[-5.86084,43.55998],[-5.8609,43.55985],[-5.86088,43.55974],[-5.86001,43.5582],[-5.8599,43.55806],[-5.85971,43.55804],[-5.85959,43.55807],[-5.86058,43.55996]]]},"properties":{"dam_id":"way/558922505","osm_type":"way","osm_id":558922505,"country":"ES","name":null,"uso":"desconhecido"}},{"type":"Feature","geometry":{"type":"Polygon","coordinates":[[[-3.61358,40.72646],[-3.6133,40.72646],[-3.6133,40.72654],[-3.61323,40.72654],[-3.61323,40.72638],[-3.61329,40.72638],[-3.61329,40.72645],[-3.61335,40.72642],[-3.61335,40.72638],[-3.61358,40.72638],[-3.61358,40.72646]]]},"properties":{"dam_id":"way/560359603","osm_type":"way","osm_id":560359603,"country":"ES","name":"Azud del Mesto","uso":"desconhecido"}},{"type":"Feature","geometry":{"type":"Polygon","coordinates":[[[-0.75854,39.60773],[-0.75861,39.60778],[-0.75891,39.60758],[-0.75884,39.60752],[-0.75854,39.60773]]]},"properties":{"dam_id":"way/561694908","osm_type":"way","osm_id":561694908,"country":"ES","name":null,"uso":"desconhecido"}},{"type":"Feature","geometry":{"type":"LineString","coordinates":[[-1.60985,39.68269],[-1.60985,39.68261],[-1.60995,39.68246],[-1.6099,39.68244],[-1.61057,39.68138]]},"properties":{"dam_id":"way/562202337","osm_type":"way","osm_id":562202337,"country":"ES","name":"Represa de la Lastra","uso":"desconhecido"}},{"type":"Feature","geometry":{"type":"Polygon","coordinates":[[[-2.88555,43.20994],[-2.88557,43.20998],[-2.88515,43.21007],[-2.88513,43.21002],[-2.88555,43.20994]]]},"properties":{"dam_id":"way/562538949","osm_type":"way","osm_id":562538949,"country":"ES","name":null,"uso":"desconhecido"}},{"type":"Feature","geometry":{"type":"Polygon","coordinates":[[[-3.18282,42.89958],[-3.18288,42.89948],[-3.18298,42.89942],[-3.18589,42.90034],[-3.18578,42.90052],[-3.18282,42.89958]]]},"properties":{"dam_id":"way/563087553","osm_type":"way","osm_id":563087553,"country":"ES","name":null,"uso":"desconhecido"}},{"type":"Feature","geometry":{"type":"LineString","coordinates":[[-1.56169,43.14403],[-1.56144,43.14393],[-1.56137,43.14377]]},"properties":{"dam_id":"way/563115372","osm_type":"way","osm_id":563115372,"country":"ES","name":"Presa de Arraioz","uso":"desconhecido"}},{"type":"Feature","geometry":{"type":"LineString","coordinates":[[-8.61081,42.28747],[-8.61096,42.28741]]},"properties":{"dam_id":"way/565467054","osm_type":"way","osm_id":565467054,"country":"ES","name":null,"uso":"desconhecido"}},{"type":"Feature","geometry":{"type":"LineString","coordinates":[[-4.38202,43.34048],[-4.38214,43.34038],[-4.38236,43.34039],[-4.38248,43.34028]]},"properties":{"dam_id":"way/565734608","osm_type":"way","osm_id":565734608,"country":"ES","name":null,"uso":"desconhecido"}},{"type":"Feature","geometry":{"type":"Polygon","coordinates":[[[-2.27414,38.23023],[-2.27396,38.23074],[-2.27405,38.23076],[-2.27424,38.23025],[-2.27414,38.23023]]]},"properties":{"dam_id":"way/567108832","osm_type":"way","osm_id":567108832,"country":"ES","name":null,"uso":"desconhecido"}},{"type":"Feature","geometry":{"type":"LineString","coordinates":[[-3.74169,40.44382],[-3.74119,40.44393]]},"properties":{"dam_id":"way/568625286","osm_type":"way","osm_id":568625286,"country":"ES","name":null,"uso":"desconhecido"}},{"type":"Feature","geometry":{"type":"LineString","coordinates":[[-7.6857,43.68356],[-7.68543,43.68342]]},"properties":{"dam_id":"way/573745009","osm_type":"way","osm_id":573745009,"country":"ES","name":null,"uso":"desconhecido"}},{"type":"Feature","geometry":{"type":"Polygon","coordinates":[[[0.62281,41.23012],[0.623,41.2301],[0.62299,41.23007],[0.62281,41.23009],[0.62281,41.23012]]]},"properties":{"dam_id":"way/574795862","osm_type":"way","osm_id":574795862,"country":"ES","name":"Presa de l'Animer","uso":"desconhecido"}},{"type":"Feature","geometry":{"type":"Polygon","coordinates":[[[-7.61052,43.56433],[-7.61043,43.56417],[-7.61037,43.56418],[-7.61037,43.56426],[-7.61042,43.56434],[-7.61052,43.56433]]]},"properties":{"dam_id":"way/576005537","osm_type":"way","osm_id":576005537,"country":"ES","name":null,"uso":"desconhecido"}},{"type":"Feature","geometry":{"type":"LineString","coordinates":[[-5.002,36.49016],[-5.00348,36.48994]]},"properties":{"dam_id":"way/576982355","osm_type":"way","osm_id":576982355,"country":"ES","name":null,"uso":"desconhecido"}},{"type":"Feature","geometry":{"type":"Polygon","coordinates":[[[-2.61305,38.40325],[-2.61288,38.40356],[-2.61273,38.40396],[-2.61266,38.40438],[-2.61265,38.40474],[-2.61281,38.40547],[-2.61241,38.40543],[-2.61234,38.40557],[-2.6129,38.40562],[-2.61313,38.40558],[-2.61344,38.40507],[-2.614,38.40459],[-2.61427,38.4039],[-2.61426,38.40374],[-2.6145,38.4037],[-2.61472,38.40343],[-2.61445,38.40338],[-2.61425,38.40343],[-2.61322,38.40315],[-2.61305,38.40325]]]},"properties":{"dam_id":"way/577572731","osm_type":"way","osm_id":577572731,"country":"ES","name":"Presa de Siles","uso":"hidroelétrica"}},{"type":"Feature","geometry":{"type":"LineString","coordinates":[[-2.01317,38.40896],[-2.01266,38.40874]]},"properties":{"dam_id":"way/579904459","osm_type":"way","osm_id":579904459,"country":"ES","name":null,"uso":"desconhecido"}},{"type":"Feature","geometry":{"type":"Polygon","coordinates":[[[-4.11401,40.84747],[-4.11452,40.84711],[-4.1151,40.84686],[-4.11461,40.84713],[-4.11401,40.84747]]]},"properties":{"dam_id":"way/581169870","osm_type":"way","osm_id":581169870,"country":"ES","name":"Presa del Peces","uso":"desconhecido"}},{"type":"Feature","geometry":{"type":"Polygon","coordinates":[[[-3.9048,40.9071],[-3.90442,40.90725],[-3.90445,40.90717],[-3.90468,40.90707],[-3.9048,40.9071]]]},"properties":{"dam_id":"way/581531136","osm_type":"way","osm_id":581531136,"country":"ES","name":null,"uso":"desconhecido"}},{"type":"Feature","geometry":{"type":"LineString","coordinates":[[2.1607,42.26578],[2.16063,42.26553],[2.16052,42.26557]]},"properties":{"dam_id":"way/581576913","osm_type":"way","osm_id":581576913,"country":"ES","name":null,"uso":"desconhecido"}},{"type":"Feature","geometry":{"type":"LineString","coordinates":[[2.16017,42.27494],[2.16046,42.27464],[2.16062,42.2746]]},"properties":{"dam_id":"way/581576928","osm_type":"way","osm_id":581576928,"country":"ES","name":null,"uso":"desconhecido"}},{"type":"Feature","geometry":{"type":"Polygon","coordinates":[[[-7.58133,43.57514],[-7.58138,43.5752],[-7.58094,43.57532],[-7.58087,43.57528],[-7.58106,43.57519],[-7.58133,43.57514]]]},"properties":{"dam_id":"way/581708692","osm_type":"way","osm_id":581708692,"country":"ES","name":null,"uso":"desconhecido"}},{"type":"Feature","geometry":{"type":"LineString","coordinates":[[-2.71879,37.26165],[-2.71839,37.26166]]},"properties":{"dam_id":"way/583319316","osm_type":"way","osm_id":583319316,"country":"ES","name":null,"uso":"desconhecido"}},{"type":"Feature","geometry":{"type":"LineString","coordinates":[[-1.50922,42.20603],[-1.50833,42.20535],[-1.50818,42.2052]]},"properties":{"dam_id":"way/583454381","osm_type":"way","osm_id":583454381,"country":"ES","name":null,"uso":"desconhecido"}},{"type":"Feature","geometry":{"type":"Polygon","coordinates":[[[-3.89829,40.41038],[-3.89836,40.41027],[-3.89807,40.41017],[-3.898,40.41029],[-3.89829,40.41038]]]},"properties":{"dam_id":"way/583805045","osm_type":"way","osm_id":583805045,"country":"ES","name":null,"uso":"desconhecido"}},{"type":"Feature","geometry":{"type":"LineString","coordinates":[[-1.98004,40.22644],[-1.9802,40.22635]]},"properties":{"dam_id":"way/583912728","osm_type":"way","osm_id":583912728,"country":"ES","name":null,"uso":"desconhecido"}},{"type":"Feature","geometry":{"type":"Polygon","coordinates":[[[-7.48877,43.71287],[-7.4882,43.71196],[-7.48925,43.70668],[-7.4894,43.70635],[-7.49284,43.70475],[-7.49205,43.70638],[-7.49023,43.70991],[-7.48877,43.71287]]]},"properties":{"dam_id":"way/585252084","osm_type":"way","osm_id":585252084,"country":"ES","name":null,"uso":"desconhecido"}},{"type":"Feature","geometry":{"type":"Polygon","coordinates":[[[-5.90573,40.27464],[-5.90578,40.27449],[-5.90565,40.2744],[-5.90468,40.27414],[-5.90564,40.27441],[-5.90576,40.27451],[-5.90573,40.27464]]]},"properties":{"dam_id":"way/585463712","osm_type":"way","osm_id":585463712,"country":"ES","name":null,"uso":"desconhecido"}},{"type":"Feature","geometry":{"type":"LineString","coordinates":[[-8.27501,43.45304],[-8.27488,43.45297]]},"properties":{"dam_id":"way/587904516","osm_type":"way","osm_id":587904516,"country":"ES","name":null,"uso":"desconhecido"}},{"type":"Feature","geometry":{"type":"LineString","coordinates":[[2.1122,41.64389],[2.11227,41.64391]]},"properties":{"dam_id":"way/589648857","osm_type":"way","osm_id":589648857,"country":"ES","name":null,"uso":"desconhecido"}},{"type":"Feature","geometry":{"type":"LineString","coordinates":[[2.10958,41.6664],[2.10956,41.6663]]},"properties":{"dam_id":"way/589926487","osm_type":"way","osm_id":589926487,"country":"ES","name":null,"uso":"desconhecido"}},{"type":"Feature","geometry":{"type":"LineString","coordinates":[[-8.28302,43.43804],[-8.28291,43.43802]]},"properties":{"dam_id":"way/590073177","osm_type":"way","osm_id":590073177,"country":"ES","name":null,"uso":"desconhecido"}},{"type":"Feature","geometry":{"type":"LineString","coordinates":[[-1.83653,42.70879],[-1.83488,42.70905]]},"properties":{"dam_id":"way/590157239","osm_type":"way","osm_id":590157239,"country":"ES","name":null,"uso":"desconhecido"}},{"type":"Feature","geometry":{"type":"LineString","coordinates":[[-5.79787,40.38006],[-5.79754,40.37986]]},"properties":{"dam_id":"way/590171040","osm_type":"way","osm_id":590171040,"country":"ES","name":null,"uso":"desconhecido"}},{"type":"Feature","geometry":{"type":"LineString","coordinates":[[-4.21758,38.02116],[-4.21504,38.02336],[-4.21478,38.02378]]},"properties":{"dam_id":"way/590592724","osm_type":"way","osm_id":590592724,"country":"ES","name":"Casas Nuevas","uso":"desconhecido"}},{"type":"Feature","geometry":{"type":"LineString","coordinates":[[-5.0539,36.46912],[-5.05209,36.46906]]},"properties":{"dam_id":"way/591033179","osm_type":"way","osm_id":591033179,"country":"ES","name":null,"uso":"desconhecido"}},{"type":"Feature","geometry":{"type":"Polygon","coordinates":[[[-0.13744,41.86051],[-0.13732,41.86038],[-0.13654,41.8603],[-0.13597,41.86016],[-0.13642,41.86039],[-0.137,41.86048],[-0.13744,41.86051]]]},"properties":{"dam_id":"way/591332761","osm_type":"way","osm_id":591332761,"country":"ES","name":null,"uso":"desconhecido"}},{"type":"Feature","geometry":{"type":"Polygon","coordinates":[[[-0.12657,41.92594],[-0.12661,41.92585],[-0.1265,41.92579],[-0.1264,41.92587],[-0.12569,41.92598],[-0.12561,41.92609],[-0.12657,41.92594]]]},"properties":{"dam_id":"way/591332763","osm_type":"way","osm_id":591332763,"country":"ES","name":null,"uso":"desconhecido"}},{"type":"Feature","geometry":{"type":"Polygon","coordinates":[[[-0.12407,41.93152],[-0.12371,41.93215],[-0.12366,41.93217],[-0.12345,41.93254],[-0.12334,41.93249],[-0.12333,41.93239],[-0.12337,41.93229],[-0.12352,41.9321],[-0.12388,41.93151],[-0.12407,41.93152]]]},"properties":{"dam_id":"way/591332764","osm_type":"way","osm_id":591332764,"country":"ES","name":null,"uso":"desconhecido"}},{"type":"Feature","geometry":{"type":"Polygon","coordinates":[[[-0.03211,41.70794],[-0.03201,41.70787],[-0.03049,41.70862],[-0.03061,41.70869],[-0.03083,41.70856],[-0.03136,41.70833],[-0.03211,41.70794]]]},"properties":{"dam_id":"way/591338491","osm_type":"way","osm_id":591338491,"country":"ES","name":null,"uso":"desconhecido"}},{"type":"Feature","geometry":{"type":"Polygon","coordinates":[[[-0.10918,41.70659],[-0.10939,41.70657],[-0.10924,41.70571],[-0.10902,41.7057],[-0.10918,41.70659]]]},"properties":{"dam_id":"way/591338492","osm_type":"way","osm_id":591338492,"country":"ES","name":null,"uso":"desconhecido"}},{"type":"Feature","geometry":{"type":"LineString","coordinates":[[-6.90385,41.9653],[-6.90355,41.9651]]},"properties":{"dam_id":"way/591806421","osm_type":"way","osm_id":591806421,"country":"ES","name":null,"uso":"desconhecido"}},{"type":"Feature","geometry":{"type":"LineString","coordinates":[[1.60098,41.48663],[1.60117,41.48648]]},"properties":{"dam_id":"way/592127902","osm_type":"way","osm_id":592127902,"country":"ES","name":"Resclosa de Can Xombo","uso":"desconhecido"}},{"type":"Feature","geometry":{"type":"LineString","coordinates":[[1.57702,41.49475],[1.57723,41.49468]]},"properties":{"dam_id":"way/592127909","osm_type":"way","osm_id":592127909,"country":"ES","name":"Resclosa del Molí de Cal Trill","uso":"desconhecido"}},{"type":"Feature","geometry":{"type":"LineString","coordinates":[[1.59057,41.49604],[1.59072,41.49616]]},"properties":{"dam_id":"way/592128590","osm_type":"way","osm_id":592128590,"country":"ES","name":"Resclosa de Cal Trill","uso":"desconhecido"}},{"type":"Feature","geometry":{"type":"LineString","coordinates":[[1.67279,41.45843],[1.67276,41.45826]]},"properties":{"dam_id":"way/592129493","osm_type":"way","osm_id":592129493,"country":"ES","name":"Resclosa de la Passada","uso":"desconhecido"}},{"type":"Feature","geometry":{"type":"LineString","coordinates":[[-4.41455,36.75817],[-4.41482,36.75847]]},"properties":{"dam_id":"way/592156960","osm_type":"way","osm_id":592156960,"country":"ES","name":null,"uso":"desconhecido"}},{"type":"Feature","geometry":{"type":"Polygon","coordinates":[[[-1.94893,42.69539],[-1.94824,42.69554],[-1.94817,42.69536],[-1.94779,42.69545],[-1.94786,42.69563],[-1.94666,42.6959],[-1.94667,42.69595],[-1.94788,42.69572],[-1.94909,42.69544],[-1.94893,42.69539]]]},"properties":{"dam_id":"way/592314293","osm_type":"way","osm_id":592314293,"country":"ES","name":null,"uso":"desconhecido"}},{"type":"Feature","geometry":{"type":"LineString","coordinates":[[1.79781,42.09865],[1.79821,42.09893]]},"properties":{"dam_id":"way/593924766","osm_type":"way","osm_id":593924766,"country":"ES","name":null,"uso":"desconhecido"}},{"type":"Feature","geometry":{"type":"LineString","coordinates":[[-5.02832,36.50619],[-5.02821,36.50638]]},"properties":{"dam_id":"way/594349458","osm_type":"way","osm_id":594349458,"country":"ES","name":null,"uso":"desconhecido"}},{"type":"Feature","geometry":{"type":"LineString","coordinates":[[-5.01526,36.49972],[-5.01463,36.50002]]},"properties":{"dam_id":"way/594349459","osm_type":"way","osm_id":594349459,"country":"ES","name":null,"uso":"desconhecido"}},{"type":"Feature","geometry":{"type":"LineString","coordinates":[[-0.85666,38.56086],[-0.85636,38.56081]]},"properties":{"dam_id":"way/595867867","osm_type":"way","osm_id":595867867,"country":"ES","name":null,"uso":"desconhecido"}},{"type":"Feature","geometry":{"type":"LineString","coordinates":[[-5.0699,36.48564],[-5.06955,36.48565]]},"properties":{"dam_id":"way/597048183","osm_type":"way","osm_id":597048183,"country":"ES","name":null,"uso":"desconhecido"}},{"type":"Feature","geometry":{"type":"LineString","coordinates":[[-4.98376,36.77805],[-4.98329,36.77833]]},"properties":{"dam_id":"way/597157848","osm_type":"way","osm_id":597157848,"country":"ES","name":null,"uso":"desconhecido"}},{"type":"Feature","geometry":{"type":"LineString","coordinates":[[-4.96906,36.78547],[-4.96875,36.78546]]},"properties":{"dam_id":"way/597161583","osm_type":"way","osm_id":597161583,"country":"ES","name":null,"uso":"desconhecido"}},{"type":"Feature","geometry":{"type":"LineString","coordinates":[[-4.99362,36.77356],[-4.99339,36.77388]]},"properties":{"dam_id":"way/597161585","osm_type":"way","osm_id":597161585,"country":"ES","name":null,"uso":"desconhecido"}},{"type":"Feature","geometry":{"type":"LineString","coordinates":[[-7.80295,43.02671],[-7.80287,43.02652]]},"properties":{"dam_id":"way/597403355","osm_type":"way","osm_id":597403355,"country":"ES","name":null,"uso":"desconhecido"}},{"type":"Feature","geometry":{"type":"LineString","coordinates":[[-5.09155,36.51569],[-5.09287,36.5157]]},"properties":{"dam_id":"way/598106987","osm_type":"way","osm_id":598106987,"country":"ES","name":null,"uso":"desconhecido"}},{"type":"Feature","geometry":{"type":"LineString","coordinates":[[2.16981,42.20817],[2.16995,42.20823],[2.17024,42.20824],[2.17033,42.20829]]},"properties":{"dam_id":"way/599206847","osm_type":"way","osm_id":599206847,"country":"ES","name":null,"uso":"desconhecido"}},{"type":"Feature","geometry":{"type":"LineString","coordinates":[[-1.35245,38.16118],[-1.35228,38.16115],[-1.35186,38.16129],[-1.35177,38.16139]]},"properties":{"dam_id":"way/599567008","osm_type":"way","osm_id":599567008,"country":"ES","name":null,"uso":"desconhecido"}},{"type":"Feature","geometry":{"type":"Polygon","coordinates":[[[-3.99339,38.16503],[-3.99336,38.16511],[-3.9934,38.16514],[-3.99364,38.16495],[-3.99357,38.1649],[-3.99367,38.16484],[-3.99343,38.16464],[-3.99333,38.16471],[-3.9925,38.16397],[-3.99233,38.16407],[-3.99339,38.16503]]]},"properties":{"dam_id":"way/604688149","osm_type":"way","osm_id":604688149,"country":"ES","name":"Encinarejo","uso":"desconhecido"}},{"type":"Feature","geometry":{"type":"LineString","coordinates":[[2.51541,42.21786],[2.51559,42.21797],[2.51576,42.21802],[2.51598,42.21805],[2.51617,42.21798],[2.51627,42.21806]]},"properties":{"dam_id":"way/605179102","osm_type":"way","osm_id":605179102,"country":"ES","name":"Resclosa de la Sebastiana","uso":"desconhecido"}},{"type":"Feature","geometry":{"type":"Polygon","coordinates":[[[-5.03708,36.54096],[-5.03791,36.54091],[-5.03789,36.54077],[-5.03707,36.54083],[-5.03708,36.54096]]]},"properties":{"dam_id":"way/607925451","osm_type":"way","osm_id":607925451,"country":"ES","name":"Presa de la Zagaleta","uso":"desconhecido"}},{"type":"Feature","geometry":{"type":"LineString","coordinates":[[-5.03149,36.54387],[-5.0314,36.54361],[-5.03131,36.54358]]},"properties":{"dam_id":"way/608061899","osm_type":"way","osm_id":608061899,"country":"ES","name":null,"uso":"desconhecido"}},{"type":"Feature","geometry":{"type":"Polygon","coordinates":[[[-4.99692,36.53823],[-4.9968,36.53823],[-4.99595,36.53841],[-4.99594,36.53838],[-4.996,36.53831],[-4.99618,36.53826],[-4.99614,36.53814],[-4.99659,36.53804],[-4.99665,36.53818],[-4.99696,36.53811],[-4.99692,36.53823]]]},"properties":{"dam_id":"way/608444793","osm_type":"way","osm_id":608444793,"country":"ES","name":"Presa de Guadaiza","uso":"desconhecido"}},{"type":"Feature","geometry":{"type":"LineString","coordinates":[[-5.02119,36.52087],[-5.0211,36.52095]]},"properties":{"dam_id":"way/608444873","osm_type":"way","osm_id":608444873,"country":"ES","name":null,"uso":"desconhecido"}},{"type":"Feature","geometry":{"type":"LineString","coordinates":[[-2.73461,43.41143],[-2.7344,43.4114],[-2.73398,43.41126]]},"properties":{"dam_id":"way/609485551","osm_type":"way","osm_id":609485551,"country":"ES","name":null,"uso":"desconhecido"}},{"type":"Feature","geometry":{"type":"Polygon","coordinates":[[[-6.96294,38.89218],[-6.96279,38.8922],[-6.9609,38.89187],[-6.96071,38.89175],[-6.96062,38.89161],[-6.96058,38.8916],[-6.96064,38.89179],[-6.96083,38.8919],[-6.96276,38.8923],[-6.96293,38.89231],[-6.96294,38.89218]]]},"properties":{"dam_id":"way/609992453","osm_type":"way","osm_id":609992453,"country":"ES","name":null,"uso":"desconhecido"}},{"type":"Feature","geometry":{"type":"LineString","coordinates":[[-5.95306,40.58755],[-5.95258,40.58729]]},"properties":{"dam_id":"way/610630784","osm_type":"way","osm_id":610630784,"country":"ES","name":null,"uso":"desconhecido"}},{"type":"Feature","geometry":{"type":"Polygon","coordinates":[[[-7.64343,43.52443],[-7.64322,43.5243],[-7.64329,43.52426],[-7.6434,43.52433],[-7.64347,43.52435],[-7.6436,43.52433],[-7.64366,43.52437],[-7.64343,43.52443]]]},"properties":{"dam_id":"way/611559445","osm_type":"way","osm_id":611559445,"country":"ES","name":null,"uso":"hidroelétrica"}},{"type":"Feature","geometry":{"type":"LineString","coordinates":[[-2.56309,43.29359],[-2.56333,43.29356]]},"properties":{"dam_id":"way/613460421","osm_type":"way","osm_id":613460421,"country":"ES","name":null,"uso":"desconhecido"}},{"type":"Feature","geometry":{"type":"Polygon","coordinates":[[[-3.12137,40.84792],[-3.12128,40.84782],[-3.12138,40.84754],[-3.12137,40.84738],[-3.12127,40.84713],[-3.12126,40.84698],[-3.12139,40.84698],[-3.12142,40.84703],[-3.1215,40.84725],[-3.12154,40.84751],[-3.12152,40.84764],[-3.12137,40.84792]]]},"properties":{"dam_id":"way/613755421","osm_type":"way","osm_id":613755421,"country":"ES","name":null,"uso":"desconhecido"}},{"type":"Feature","geometry":{"type":"LineString","coordinates":[[-3.54777,37.15736],[-3.54792,37.15717]]},"properties":{"dam_id":"way/615615658","osm_type":"way","osm_id":615615658,"country":"ES","name":"Presa Real","uso":"desconhecido"}},{"type":"Feature","geometry":{"type":"Polygon","coordinates":[[[-6.7862,42.1347],[-6.78672,42.13454],[-6.78745,42.13433],[-6.78702,42.13439],[-6.78691,42.13444],[-6.7862,42.13465],[-6.78571,42.13463],[-6.78557,42.13466],[-6.7862,42.1347]]]},"properties":{"dam_id":"way/616371286","osm_type":"way","osm_id":616371286,"country":"ES","name":"Presa de Garandones","uso":"desconhecido"}},{"type":"Feature","geometry":{"type":"Polygon","coordinates":[[[-7.94531,41.92482],[-7.94352,41.92417],[-7.94493,41.92173],[-7.94485,41.92169],[-7.9415,41.9274],[-7.94156,41.92741],[-7.94277,41.92567],[-7.9431,41.92526],[-7.94341,41.92441],[-7.94526,41.92493],[-7.94531,41.92482]]]},"properties":{"dam_id":"way/616583824","osm_type":"way","osm_id":616583824,"country":"ES","name":"Presa do Salas","uso":"desconhecido"}},{"type":"Feature","geometry":{"type":"Polygon","coordinates":[[[-4.57024,39.92175],[-4.57074,39.92247],[-4.5712,39.92292],[-4.5714,39.92284],[-4.57129,39.92267],[-4.57097,39.92241],[-4.57083,39.92218],[-4.57064,39.92172],[-4.57024,39.92175]]]},"properties":{"dam_id":"way/616703367","osm_type":"way","osm_id":616703367,"country":"ES","name":null,"uso":"desconhecido"}},{"type":"Feature","geometry":{"type":"LineString","coordinates":[[-0.8324,41.17918],[-0.83188,41.17895],[-0.83135,41.17882],[-0.83076,41.17874]]},"properties":{"dam_id":"way/617370151","osm_type":"way","osm_id":617370151,"country":"ES","name":"Presa de Moneva","uso":"desconhecido"}},{"type":"Feature","geometry":{"type":"LineString","coordinates":[[-1.26667,42.59599],[-1.26669,42.59614]]},"properties":{"dam_id":"way/618626543","osm_type":"way","osm_id":618626543,"country":"ES","name":null,"uso":"desconhecido"}},{"type":"Feature","geometry":{"type":"LineString","coordinates":[[-1.27033,42.59515],[-1.27037,42.59522]]},"properties":{"dam_id":"way/618626544","osm_type":"way","osm_id":618626544,"country":"ES","name":null,"uso":"desconhecido"}},{"type":"Feature","geometry":{"type":"Polygon","coordinates":[[[-8.41112,43.38215],[-8.41076,43.38206],[-8.41076,43.38205],[-8.411,43.38208],[-8.41112,43.38215]]]},"properties":{"dam_id":"way/621599503","osm_type":"way","osm_id":621599503,"country":"ES","name":null,"uso":"desconhecido"}},{"type":"Feature","geometry":{"type":"LineString","coordinates":[[1.75379,42.0551],[1.75388,42.05516],[1.75405,42.05519]]},"properties":{"dam_id":"way/622595131","osm_type":"way","osm_id":622595131,"country":"ES","name":null,"uso":"desconhecido"}},{"type":"Feature","geometry":{"type":"Polygon","coordinates":[[[0.03933,42.6935],[0.03839,42.69384],[0.03839,42.6938],[0.03855,42.69366],[0.03855,42.69358],[0.03864,42.69354],[0.03905,42.69355],[0.03931,42.69347],[0.03933,42.6935]]]},"properties":{"dam_id":"way/623937149","osm_type":"way","osm_id":623937149,"country":"ES","name":"Presa de Marboré","uso":"desconhecido"}},{"type":"Feature","geometry":{"type":"LineString","coordinates":[[0.03977,42.6934],[0.04011,42.69342]]},"properties":{"dam_id":"way/623937151","osm_type":"way","osm_id":623937151,"country":"ES","name":"Presa Ibón de Marboré o Lago Pineta","uso":"desconhecido"}},{"type":"Feature","geometry":{"type":"LineString","coordinates":[[-3.85876,43.31991],[-3.85876,43.31978]]},"properties":{"dam_id":"way/625172944","osm_type":"way","osm_id":625172944,"country":"ES","name":null,"uso":"desconhecido"}},{"type":"Feature","geometry":{"type":"LineString","coordinates":[[-4.18247,40.76076],[-4.18237,40.7606],[-4.18202,40.76044]]},"properties":{"dam_id":"way/625497034","osm_type":"way","osm_id":625497034,"country":"ES","name":null,"uso":"desconhecido"}},{"type":"Feature","geometry":{"type":"Polygon","coordinates":[[[-4.5166,41.60456],[-4.51665,41.60455],[-4.5167,41.60468],[-4.51665,41.60469],[-4.5166,41.60456]]]},"properties":{"dam_id":"way/625834804","osm_type":"way","osm_id":625834804,"country":"ES","name":null,"uso":"desconhecido"}},{"type":"Feature","geometry":{"type":"Polygon","coordinates":[[[-0.90153,41.03578],[-0.90143,41.03584],[-0.9018,41.03614],[-0.90189,41.03607],[-0.90153,41.03578]]]},"properties":{"dam_id":"way/627885817","osm_type":"way","osm_id":627885817,"country":"ES","name":"Azud de Huesa","uso":"desconhecido"}},{"type":"Feature","geometry":{"type":"Polygon","coordinates":[[[-6.79524,42.41725],[-6.79498,42.41735],[-6.79507,42.41719],[-6.79516,42.41716],[-6.79524,42.41725]]]},"properties":{"dam_id":"way/627991597","osm_type":"way","osm_id":627991597,"country":"ES","name":null,"uso":"desconhecido"}},{"type":"Feature","geometry":{"type":"Polygon","coordinates":[[[-6.81049,42.41462],[-6.81039,42.41471],[-6.81034,42.41468],[-6.81044,42.41459],[-6.81049,42.41462]]]},"properties":{"dam_id":"way/627991620","osm_type":"way","osm_id":627991620,"country":"ES","name":null,"uso":"desconhecido"}},{"type":"Feature","geometry":{"type":"LineString","coordinates":[[-0.44375,41.17667],[-0.44369,41.17675]]},"properties":{"dam_id":"way/631238477","osm_type":"way","osm_id":631238477,"country":"ES","name":"Azud de las Vegas","uso":"desconhecido"}},{"type":"Feature","geometry":{"type":"LineString","coordinates":[[-0.45161,41.17777],[-0.45192,41.17786]]},"properties":{"dam_id":"way/631238616","osm_type":"way","osm_id":631238616,"country":"ES","name":"Azud","uso":"desconhecido"}},{"type":"Feature","geometry":{"type":"LineString","coordinates":[[-0.42767,41.18822],[-0.42771,41.18831]]},"properties":{"dam_id":"way/631238702","osm_type":"way","osm_id":631238702,"country":"ES","name":"Azud de Samper","uso":"desconhecido"}},{"type":"Feature","geometry":{"type":"LineString","coordinates":[[-4.66138,41.34457],[-4.6613,41.34444],[-4.66129,41.34431],[-4.66139,41.344],[-4.66205,41.34363]]},"properties":{"dam_id":"way/633218408","osm_type":"way","osm_id":633218408,"country":"ES","name":null,"uso":"desconhecido"}},{"type":"Feature","geometry":{"type":"Polygon","coordinates":[[[-3.43905,41.03126],[-3.4391,41.03115],[-3.43898,41.03113],[-3.43894,41.03123],[-3.43905,41.03126]]]},"properties":{"dam_id":"way/635611199","osm_type":"way","osm_id":635611199,"country":"ES","name":null,"uso":"desconhecido"}},{"type":"Feature","geometry":{"type":"LineString","coordinates":[[-2.78007,43.36301],[-2.77962,43.36294]]},"properties":{"dam_id":"way/635967586","osm_type":"way","osm_id":635967586,"country":"ES","name":null,"uso":"desconhecido"}},{"type":"Feature","geometry":{"type":"LineString","coordinates":[[-6.7455,42.02734],[-6.7451,42.0274]]},"properties":{"dam_id":"way/637166749","osm_type":"way","osm_id":637166749,"country":"ES","name":null,"uso":"desconhecido"}},{"type":"Feature","geometry":{"type":"LineString","coordinates":[[0.18625,41.76466],[0.18459,41.76407],[0.18407,41.76401],[0.18359,41.76405],[0.18308,41.76419],[0.17931,41.7663],[0.17903,41.76652],[0.17881,41.76676],[0.17869,41.767],[0.17862,41.76725],[0.17861,41.76748],[0.17967,41.77342],[0.17976,41.77436],[0.17965,41.77611],[0.17972,41.77674],[0.17991,41.77734],[0.18015,41.77768],[0.18079,41.77817]]},"properties":{"dam_id":"way/639117127","osm_type":"way","osm_id":639117127,"country":"ES","name":null,"uso":"desconhecido"}},{"type":"Feature","geometry":{"type":"LineString","coordinates":[[-0.96032,42.79945],[-0.95988,42.79935],[-0.95983,42.79926],[-0.95975,42.79926]]},"properties":{"dam_id":"way/639129845","osm_type":"way","osm_id":639129845,"country":"ES","name":null,"uso":"desconhecido"}},{"type":"Feature","geometry":{"type":"LineString","coordinates":[[-4.50397,37.00737],[-4.50387,37.0078],[-4.50396,37.00814]]},"properties":{"dam_id":"way/640297995","osm_type":"way","osm_id":640297995,"country":"ES","name":null,"uso":"desconhecido"}},{"type":"Feature","geometry":{"type":"LineString","coordinates":[[-6.07423,37.74397],[-6.07327,37.74325]]},"properties":{"dam_id":"way/640694613","osm_type":"way","osm_id":640694613,"country":"ES","name":null,"uso":"desconhecido"}},{"type":"Feature","geometry":{"type":"LineString","coordinates":[[1.66358,42.00973],[1.66384,42.00971]]},"properties":{"dam_id":"way/641557568","osm_type":"way","osm_id":641557568,"country":"ES","name":null,"uso":"desconhecido"}},{"type":"Feature","geometry":{"type":"LineString","coordinates":[[-1.82935,40.18786],[-1.82934,40.18783],[-1.8293,40.18783]]},"properties":{"dam_id":"way/641865315","osm_type":"way","osm_id":641865315,"country":"ES","name":null,"uso":"desconhecido"}},{"type":"Feature","geometry":{"type":"LineString","coordinates":[[-2.13144,40.5453],[-2.13132,40.54539],[-2.13118,40.54541]]},"properties":{"dam_id":"way/642514209","osm_type":"way","osm_id":642514209,"country":"ES","name":null,"uso":"desconhecido"}},{"type":"Feature","geometry":{"type":"LineString","coordinates":[[-4.06139,43.2492],[-4.06124,43.2492]]},"properties":{"dam_id":"way/642654608","osm_type":"way","osm_id":642654608,"country":"ES","name":null,"uso":"desconhecido"}},{"type":"Feature","geometry":{"type":"LineString","coordinates":[[0.25031,40.73199],[0.25045,40.7319]]},"properties":{"dam_id":"way/645256536","osm_type":"way","osm_id":645256536,"country":"ES","name":null,"uso":"desconhecido"}},{"type":"Feature","geometry":{"type":"LineString","coordinates":[[1.87403,42.23876],[1.87398,42.23857],[1.87403,42.2385],[1.874,42.23848],[1.87389,42.23862]]},"properties":{"dam_id":"way/645935541","osm_type":"way","osm_id":645935541,"country":"ES","name":"Resclosa de Cal Ralé","uso":"hidroelétrica"}},{"type":"Feature","geometry":{"type":"LineString","coordinates":[[1.87281,42.24133],[1.87301,42.24123],[1.87296,42.24114],[1.87302,42.24112],[1.87305,42.24121]]},"properties":{"dam_id":"way/645936473","osm_type":"way","osm_id":645936473,"country":"ES","name":"Resclosa de la Serradora","uso":"hidroelétrica"}},{"type":"Feature","geometry":{"type":"LineString","coordinates":[[-6.08916,37.7192],[-6.0891,37.71906],[-6.08859,37.71843],[-6.08753,37.71673]]},"properties":{"dam_id":"way/646306268","osm_type":"way","osm_id":646306268,"country":"ES","name":null,"uso":"desconhecido"}},{"type":"Feature","geometry":{"type":"Polygon","coordinates":[[[-6.18869,41.57592],[-6.1888,41.57591],[-6.18882,41.57595],[-6.18957,41.57583],[-6.18956,41.57579],[-6.18985,41.57575],[-6.18961,41.57533],[-6.1893,41.57537],[-6.18926,41.57526],[-6.18886,41.57532],[-6.18888,41.57537],[-6.18867,41.57541],[-6.18868,41.57546],[-6.18854,41.57548],[-6.18848,41.57574],[-6.18857,41.57575],[-6.18852,41.57586],[-6.18866,41.57586],[-6.18869,41.57592]]]},"properties":{"dam_id":"way/647259841","osm_type":"way","osm_id":647259841,"country":"ES","name":"Presa del Arroyo de la Ribera","uso":"hidroelétrica"}},{"type":"Feature","geometry":{"type":"LineString","coordinates":[[-8.41351,42.93385],[-8.41325,42.93377],[-8.41313,42.93377],[-8.41314,42.93375],[-8.4131,42.93374],[-8.4131,42.93377],[-8.41306,42.93376]]},"properties":{"dam_id":"way/647476796","osm_type":"way","osm_id":647476796,"country":"ES","name":null,"uso":"desconhecido"}},{"type":"Feature","geometry":{"type":"Polygon","coordinates":[[[-1.2972,40.12339],[-1.2969,40.12332],[-1.29666,40.1231],[-1.29669,40.12308],[-1.29673,40.1231],[-1.2972,40.12339]]]},"properties":{"dam_id":"way/648699183","osm_type":"way","osm_id":648699183,"country":"ES","name":null,"uso":"desconhecido"}},{"type":"Feature","geometry":{"type":"LineString","coordinates":[[-2.87948,43.25176],[-2.8792,43.25168]]},"properties":{"dam_id":"way/652137918","osm_type":"way","osm_id":652137918,"country":"ES","name":null,"uso":"desconhecido"}},{"type":"Feature","geometry":{"type":"Polygon","coordinates":[[[-5.86484,41.47452],[-5.86481,41.47446],[-5.86487,41.47446],[-5.86487,41.47443],[-5.86492,41.47443],[-5.86492,41.47452],[-5.86515,41.47452],[-5.86516,41.47475],[-5.86492,41.47475],[-5.86492,41.4747],[-5.86483,41.4747],[-5.86484,41.47452]]]},"properties":{"dam_id":"way/652413844","osm_type":"way","osm_id":652413844,"country":"ES","name":null,"uso":"hidroelétrica"}},{"type":"Feature","geometry":{"type":"LineString","coordinates":[[1.9195,41.65088],[1.91955,41.65073]]},"properties":{"dam_id":"way/653768648","osm_type":"way","osm_id":653768648,"country":"ES","name":null,"uso":"desconhecido"}},{"type":"Feature","geometry":{"type":"LineString","coordinates":[[-5.28262,36.35128],[-5.28128,36.35216]]},"properties":{"dam_id":"way/653992391","osm_type":"way","osm_id":653992391,"country":"ES","name":null,"uso":"desconhecido"}},{"type":"Feature","geometry":{"type":"LineString","coordinates":[[2.15865,41.76048],[2.15931,41.76029]]},"properties":{"dam_id":"way/654074950","osm_type":"way","osm_id":654074950,"country":"ES","name":null,"uso":"desconhecido"}},{"type":"Feature","geometry":{"type":"LineString","coordinates":[[-6.84023,37.60411],[-6.84,37.6043]]},"properties":{"dam_id":"way/656473412","osm_type":"way","osm_id":656473412,"country":"ES","name":null,"uso":"desconhecido"}},{"type":"Feature","geometry":{"type":"Polygon","coordinates":[[[-5.31447,36.24223],[-5.31481,36.24155],[-5.31466,36.2415],[-5.31431,36.24218],[-5.31447,36.24223]]]},"properties":{"dam_id":"way/656964290","osm_type":"way","osm_id":656964290,"country":"ES","name":null,"uso":"desconhecido"}},{"type":"Feature","geometry":{"type":"LineString","coordinates":[[-5.32162,36.24423],[-5.32198,36.24363]]},"properties":{"dam_id":"way/656964292","osm_type":"way","osm_id":656964292,"country":"ES","name":null,"uso":"desconhecido"}},{"type":"Feature","geometry":{"type":"Polygon","coordinates":[[[-5.37137,36.2306],[-5.37129,36.23061],[-5.37125,36.23014],[-5.37119,36.22989],[-5.37134,36.22989],[-5.37132,36.23017],[-5.37137,36.2306]]]},"properties":{"dam_id":"way/658670733","osm_type":"way","osm_id":658670733,"country":"ES","name":null,"uso":"desconhecido"}},{"type":"Feature","geometry":{"type":"Polygon","coordinates":[[[-5.46361,36.30751],[-5.46244,36.30884],[-5.46212,36.30929],[-5.46173,36.30941],[-5.46174,36.30918],[-5.46169,36.30907],[-5.46157,36.30896],[-5.46145,36.3089],[-5.46154,36.30873],[-5.46148,36.30854],[-5.46177,36.30839],[-5.46106,36.30744],[-5.46145,36.30692],[-5.46187,36.30685],[-5.46229,36.30673],[-5.46276,36.30666],[-5.46308,36.30679],[-5.46328,36.30669],[-5.46343,36.30674],[-5.46333,36.30695],[-5.46333,36.30703],[-5.46343,36.30733],[-5.46361,36.30751]]]},"properties":{"dam_id":"way/659166358","osm_type":"way","osm_id":659166358,"country":"ES","name":"Presa de Guadarranque","uso":"desconhecido"}},{"type":"Feature","geometry":{"type":"LineString","coordinates":[[-2.5824,43.37457],[-2.58257,43.37429]]},"properties":{"dam_id":"way/661038913","osm_type":"way","osm_id":661038913,"country":"ES","name":null,"uso":"desconhecido"}},{"type":"Feature","geometry":{"type":"Polygon","coordinates":[[[-0.46369,42.72193],[-0.46375,42.72209],[-0.46373,42.7226],[-0.46378,42.72287],[-0.46367,42.72288],[-0.46363,42.72299],[-0.46364,42.72309],[-0.46373,42.72312],[-0.46361,42.72327],[-0.46371,42.72336],[-0.46374,42.72345],[-0.46314,42.72332],[-0.46306,42.72336],[-0.46264,42.72332],[-0.46257,42.72338],[-0.46216,42.72338],[-0.46369,42.72193]]]},"properties":{"dam_id":"way/661669152","osm_type":"way","osm_id":661669152,"country":"ES","name":null,"uso":"desconhecido"}},{"type":"Feature","geometry":{"type":"Polygon","coordinates":[[[-1.09015,42.09189],[-1.08936,42.09241],[-1.08935,42.09275],[-1.08847,42.09313],[-1.08837,42.09329],[-1.08734,42.09346],[-1.08724,42.09331],[-1.08563,42.09346],[-1.08436,42.09327],[-1.08413,42.09328],[-1.08341,42.09301],[-1.09015,42.09189]]]},"properties":{"dam_id":"way/661690805","osm_type":"way","osm_id":661690805,"country":"ES","name":null,"uso":"desconhecido"}},{"type":"Feature","geometry":{"type":"LineString","coordinates":[[-4.31607,43.37769],[-4.31585,43.37765]]},"properties":{"dam_id":"way/662396596","osm_type":"way","osm_id":662396596,"country":"ES","name":null,"uso":"desconhecido"}},{"type":"Feature","geometry":{"type":"Polygon","coordinates":[[[-4.31644,43.3817],[-4.31641,43.38164],[-4.31653,43.38156],[-4.31659,43.38085],[-4.31649,43.38072],[-4.31655,43.38068],[-4.31667,43.38083],[-4.31659,43.38159],[-4.31644,43.3817]]]},"properties":{"dam_id":"way/662745193","osm_type":"way","osm_id":662745193,"country":"ES","name":null,"uso":"desconhecido"}},{"type":"Feature","geometry":{"type":"LineString","coordinates":[[1.98055,42.00125],[1.9808,42.00129],[1.98109,42.00114],[1.98118,42.001],[1.98124,42.00101]]},"properties":{"dam_id":"way/662969955","osm_type":"way","osm_id":662969955,"country":"ES","name":null,"uso":"desconhecido"}},{"type":"Feature","geometry":{"type":"LineString","coordinates":[[1.88631,42.01266],[1.88615,42.01265],[1.88603,42.01257],[1.88601,42.01236],[1.8861,42.01219],[1.88597,42.01215]]},"properties":{"dam_id":"way/664339650","osm_type":"way","osm_id":664339650,"country":"ES","name":null,"uso":"desconhecido"}},{"type":"Feature","geometry":{"type":"LineString","coordinates":[[-7.57332,43.00299],[-7.5732,43.00302]]},"properties":{"dam_id":"way/664682504","osm_type":"way","osm_id":664682504,"country":"ES","name":null,"uso":"desconhecido"}},{"type":"Feature","geometry":{"type":"Polygon","coordinates":[[[-5.41768,36.22762],[-5.41761,36.22612],[-5.41763,36.22585],[-5.41794,36.22589],[-5.41791,36.22601],[-5.41814,36.22627],[-5.41816,36.22706],[-5.41796,36.22748],[-5.41809,36.22759],[-5.41808,36.22762],[-5.41768,36.22762]]]},"properties":{"dam_id":"way/664852841","osm_type":"way","osm_id":664852841,"country":"ES","name":null,"uso":"hidroelétrica"}},{"type":"Feature","geometry":{"type":"LineString","coordinates":[[1.55473,41.4348],[1.55507,41.43502]]},"properties":{"dam_id":"way/665132005","osm_type":"way","osm_id":665132005,"country":"ES","name":null,"uso":"desconhecido"}},{"type":"Feature","geometry":{"type":"LineString","coordinates":[[-3.39929,41.81789],[-3.39954,41.81834],[-3.39989,41.8205],[-3.39989,41.82067],[-3.39983,41.82081],[-3.3996,41.82093],[-3.39663,41.82196],[-3.3951,41.82188]]},"properties":{"dam_id":"way/667231548","osm_type":"way","osm_id":667231548,"country":"ES","name":null,"uso":"desconhecido"}},{"type":"Feature","geometry":{"type":"Polygon","coordinates":[[[-6.33989,40.24097],[-6.33986,40.24083],[-6.33997,40.24023],[-6.34028,40.23976],[-6.33989,40.24097]]]},"properties":{"dam_id":"way/668085055","osm_type":"way","osm_id":668085055,"country":"ES","name":null,"uso":"desconhecido"}},{"type":"Feature","geometry":{"type":"Polygon","coordinates":[[[-4.83986,39.95126],[-4.83952,39.95146],[-4.8393,39.95156],[-4.83849,39.95209],[-4.8363,39.95213],[-4.83608,39.95238],[-4.83631,39.95228],[-4.83684,39.9523],[-4.83684,39.95222],[-4.83725,39.9522],[-4.83726,39.95229],[-4.8386,39.95225],[-4.83891,39.95206],[-4.83885,39.95199],[-4.83899,39.9519],[-4.83906,39.95194],[-4.83989,39.95131],[-4.83986,39.95126]]]},"properties":{"dam_id":"way/668566459","osm_type":"way","osm_id":668566459,"country":"ES","name":null,"uso":"hidroelétrica"}},{"type":"Feature","geometry":{"type":"Polygon","coordinates":[[[-2.65282,37.85965],[-2.65268,37.85977],[-2.65134,37.85935],[-2.64982,37.85863],[-2.64901,37.85806],[-2.64811,37.85749],[-2.64789,37.85688],[-2.64803,37.85666],[-2.64827,37.85644],[-2.64914,37.85619],[-2.64968,37.85621],[-2.64994,37.85629],[-2.65056,37.85717],[-2.65071,37.85753],[-2.65103,37.85786],[-2.65192,37.85864],[-2.65244,37.85914],[-2.65282,37.85965]]]},"properties":{"dam_id":"way/670272832","osm_type":"way","osm_id":670272832,"country":"ES","name":"Presa de San Clemente","uso":"desconhecido"}},{"type":"Feature","geometry":{"type":"Polygon","coordinates":[[[-1.7615,38.52356],[-1.76235,38.52262],[-1.76282,38.52203],[-1.76328,38.52137],[-1.76316,38.52136],[-1.76244,38.52187],[-1.76185,38.52258],[-1.7615,38.52356]]]},"properties":{"dam_id":"way/673556842","osm_type":"way","osm_id":673556842,"country":"ES","name":"Embalse del Boquerón","uso":"desconhecido"}},{"type":"Feature","geometry":{"type":"LineString","coordinates":[[-1.72784,38.66963],[-1.72766,38.66985]]},"properties":{"dam_id":"way/674437419","osm_type":"way","osm_id":674437419,"country":"ES","name":null,"uso":"desconhecido"}},{"type":"Feature","geometry":{"type":"Polygon","coordinates":[[[-5.47062,36.12888],[-5.47051,36.12887],[-5.47053,36.12877],[-5.47064,36.12878],[-5.47062,36.12888]]]},"properties":{"dam_id":"way/677442290","osm_type":"way","osm_id":677442290,"country":"ES","name":null,"uso":"desconhecido"}},{"type":"Feature","geometry":{"type":"Polygon","coordinates":[[[-6.48095,40.53051],[-6.48141,40.53022],[-6.48171,40.53012],[-6.48216,40.52984],[-6.48213,40.52965],[-6.4824,40.52933],[-6.48171,40.52968],[-6.48117,40.53019],[-6.48095,40.53051]]]},"properties":{"dam_id":"way/677835446","osm_type":"way","osm_id":677835446,"country":"ES","name":"Presa de Águeda","uso":"desconhecido"}},{"type":"Feature","geometry":{"type":"LineString","coordinates":[[-0.74325,40.28002],[-0.74317,40.28034],[-0.74308,40.28049],[-0.7429,40.28068],[-0.74279,40.28101],[-0.74262,40.28125],[-0.74263,40.2813]]},"properties":{"dam_id":"way/678180198","osm_type":"way","osm_id":678180198,"country":"ES","name":null,"uso":"desconhecido"}},{"type":"Feature","geometry":{"type":"LineString","coordinates":[[-4.79795,38.58263],[-4.79749,38.58265]]},"properties":{"dam_id":"way/678449220","osm_type":"way","osm_id":678449220,"country":"ES","name":null,"uso":"desconhecido"}},{"type":"Feature","geometry":{"type":"Polygon","coordinates":[[[-2.06935,42.04248],[-2.06903,42.04239],[-2.06832,42.04168],[-2.0683,42.0413],[-2.06872,42.04099],[-2.06895,42.04087],[-2.06924,42.04084],[-2.06939,42.04164],[-2.06935,42.04248]]]},"properties":{"dam_id":"way/679061678","osm_type":"way","osm_id":679061678,"country":"ES","name":"Presa de Arroyo Regajo","uso":"desconhecido"}},{"type":"Feature","geometry":{"type":"LineString","coordinates":[[-5.43976,36.08455],[-5.4396,36.08463],[-5.43926,36.08456],[-5.43925,36.08448]]},"properties":{"dam_id":"way/681633187","osm_type":"way","osm_id":681633187,"country":"ES","name":null,"uso":"desconhecido"}},{"type":"Feature","geometry":{"type":"LineString","coordinates":[[-6.09207,37.33911],[-6.09223,37.33894]]},"properties":{"dam_id":"way/682244896","osm_type":"way","osm_id":682244896,"country":"ES","name":"Azud del Molino","uso":"desconhecido"}},{"type":"Feature","geometry":{"type":"LineString","coordinates":[[-2.53344,36.86305],[-2.53345,36.86296]]},"properties":{"dam_id":"way/683823588","osm_type":"way","osm_id":683823588,"country":"ES","name":null,"uso":"desconhecido"}},{"type":"Feature","geometry":{"type":"LineString","coordinates":[[-2.50978,36.83116],[-2.50948,36.83115]]},"properties":{"dam_id":"way/684269566","osm_type":"way","osm_id":684269566,"country":"ES","name":null,"uso":"desconhecido"}},{"type":"Feature","geometry":{"type":"Polygon","coordinates":[[[-2.75694,40.49184],[-2.75686,40.49181],[-2.75675,40.49179],[-2.75686,40.49179],[-2.75695,40.49182],[-2.75694,40.49184]]]},"properties":{"dam_id":"way/684584509","osm_type":"way","osm_id":684584509,"country":"ES","name":null,"uso":"desconhecido"}},{"type":"Feature","geometry":{"type":"LineString","coordinates":[[-5.1406,40.3069],[-5.14038,40.30706]]},"properties":{"dam_id":"way/686418737","osm_type":"way","osm_id":686418737,"country":"ES","name":null,"uso":"desconhecido"}},{"type":"Feature","geometry":{"type":"LineString","coordinates":[[2.34062,41.87543],[2.34057,41.87531],[2.34057,41.87523],[2.34068,41.87494]]},"properties":{"dam_id":"way/686922417","osm_type":"way","osm_id":686922417,"country":"ES","name":null,"uso":"desconhecido"}},{"type":"Feature","geometry":{"type":"LineString","coordinates":[[1.12981,41.35229],[1.12985,41.35222]]},"properties":{"dam_id":"way/687753753","osm_type":"way","osm_id":687753753,"country":"ES","name":null,"uso":"desconhecido"}},{"type":"Feature","geometry":{"type":"Polygon","coordinates":[[[-0.67605,40.68438],[-0.67594,40.68443],[-0.6758,40.68428],[-0.67579,40.68418],[-0.6757,40.68411],[-0.67572,40.68406],[-0.67587,40.68416],[-0.67605,40.68438]]]},"properties":{"dam_id":"way/690531965","osm_type":"way","osm_id":690531965,"country":"ES","name":null,"uso":"desconhecido"}},{"type":"Feature","geometry":{"type":"Polygon","coordinates":[[[-5.70294,36.11153],[-5.70275,36.1114],[-5.7016,36.10999],[-5.70125,36.1101],[-5.70137,36.10995],[-5.70158,36.10985],[-5.70181,36.10985],[-5.70199,36.10991],[-5.70302,36.11114],[-5.70303,36.11151],[-5.70294,36.11153]]]},"properties":{"dam_id":"way/690941260","osm_type":"way","osm_id":690941260,"country":"ES","name":null,"uso":"desconhecido"}},{"type":"Feature","geometry":{"type":"LineString","coordinates":[[-5.84979,36.23985],[-5.84958,36.23965]]},"properties":{"dam_id":"way/694130241","osm_type":"way","osm_id":694130241,"country":"ES","name":null,"uso":"desconhecido"}},{"type":"Feature","geometry":{"type":"LineString","coordinates":[[1.72975,42.04464],[1.72988,42.04467],[1.72991,42.04472]]},"properties":{"dam_id":"way/694954930","osm_type":"way","osm_id":694954930,"country":"ES","name":null,"uso":"desconhecido"}},{"type":"Feature","geometry":{"type":"LineString","coordinates":[[-5.68157,36.10266],[-5.68158,36.10259],[-5.68141,36.10239],[-5.68036,36.10227],[-5.68007,36.10228],[-5.67966,36.1024]]},"properties":{"dam_id":"way/696169525","osm_type":"way","osm_id":696169525,"country":"ES","name":null,"uso":"desconhecido"}},{"type":"Feature","geometry":{"type":"LineString","coordinates":[[1.81175,42.03058],[1.81217,42.03084]]},"properties":{"dam_id":"way/696339336","osm_type":"way","osm_id":696339336,"country":"ES","name":null,"uso":"desconhecido"}},{"type":"Feature","geometry":{"type":"LineString","coordinates":[[-1.12178,42.707],[-1.12184,42.70689]]},"properties":{"dam_id":"way/696910776","osm_type":"way","osm_id":696910776,"country":"ES","name":"Benasa","uso":"desconhecido"}},{"type":"Feature","geometry":{"type":"Polygon","coordinates":[[[-4.28198,39.42038],[-4.28166,39.42085],[-4.28139,39.42084],[-4.28132,39.42054],[-4.28263,39.4123],[-4.28304,39.41233],[-4.28276,39.41413],[-4.28198,39.42038]]]},"properties":{"dam_id":"way/697803965","osm_type":"way","osm_id":697803965,"country":"ES","name":null,"uso":"desconhecido"}},{"type":"Feature","geometry":{"type":"LineString","coordinates":[[-3.79251,37.98688],[-3.79205,37.98576]]},"properties":{"dam_id":"way/699463319","osm_type":"way","osm_id":699463319,"country":"ES","name":"Presa de Mengíbar","uso":"desconhecido"}},{"type":"Feature","geometry":{"type":"Polygon","coordinates":[[[-0.60656,38.79709],[-0.60654,38.79727],[-0.60656,38.79728],[-0.60656,38.79709]]]},"properties":{"dam_id":"way/700531781","osm_type":"way","osm_id":700531781,"country":"ES","name":null,"uso":"desconhecido"}},{"type":"Feature","geometry":{"type":"LineString","coordinates":[[2.89511,41.78354],[2.89527,41.78353],[2.8953,41.78348],[2.8955,41.78336]]},"properties":{"dam_id":"way/701508123","osm_type":"way","osm_id":701508123,"country":"ES","name":"Presa de Can Rissec","uso":"desconhecido"}},{"type":"Feature","geometry":{"type":"Polygon","coordinates":[[[-3.53738,41.68718],[-3.5374,41.68725],[-3.53756,41.68738],[-3.53765,41.68738],[-3.53744,41.68721],[-3.53744,41.68714],[-3.53738,41.68718]]]},"properties":{"dam_id":"way/702208110","osm_type":"way","osm_id":702208110,"country":"ES","name":null,"uso":"desconhecido"}},{"type":"Feature","geometry":{"type":"Polygon","coordinates":[[[-4.82771,39.95387],[-4.82743,39.95382],[-4.82742,39.95384],[-4.8277,39.95389],[-4.82771,39.95387]]]},"properties":{"dam_id":"way/703980033","osm_type":"way","osm_id":703980033,"country":"ES","name":null,"uso":"hidroelétrica"}},{"type":"Feature","geometry":{"type":"LineString","coordinates":[[1.43885,42.52018],[1.43925,42.52024]]},"properties":{"dam_id":"way/705399974","osm_type":"way","osm_id":705399974,"country":"ES","name":null,"uso":"desconhecido"}},{"type":"Feature","geometry":{"type":"Polygon","coordinates":[[[-1.53187,42.7232],[-1.53164,42.72326],[-1.53073,42.72157],[-1.52888,42.72142],[-1.52888,42.72152],[-1.52904,42.72154],[-1.53056,42.72165],[-1.5307,42.72175],[-1.53157,42.72337],[-1.53189,42.7233],[-1.53187,42.7232]]]},"properties":{"dam_id":"way/706718224","osm_type":"way","osm_id":706718224,"country":"ES","name":null,"uso":"desconhecido"}},{"type":"Feature","geometry":{"type":"LineString","coordinates":[[-5.84355,36.25146],[-5.84348,36.25143]]},"properties":{"dam_id":"way/707247833","osm_type":"way","osm_id":707247833,"country":"ES","name":null,"uso":"desconhecido"}},{"type":"Feature","geometry":{"type":"LineString","coordinates":[[-1.85353,41.21539],[-1.85331,41.21512]]},"properties":{"dam_id":"way/708523345","osm_type":"way","osm_id":708523345,"country":"ES","name":null,"uso":"desconhecido"}},{"type":"Feature","geometry":{"type":"LineString","coordinates":[[-5.93362,36.27075],[-5.93336,36.2706]]},"properties":{"dam_id":"way/713681156","osm_type":"way","osm_id":713681156,"country":"ES","name":null,"uso":"desconhecido"}},{"type":"Feature","geometry":{"type":"Polygon","coordinates":[[[-5.8271,36.30993],[-5.82686,36.30979],[-5.82688,36.30976],[-5.82712,36.3099],[-5.8271,36.30993]]]},"properties":{"dam_id":"way/713885407","osm_type":"way","osm_id":713885407,"country":"ES","name":null,"uso":"desconhecido"}},{"type":"Feature","geometry":{"type":"Polygon","coordinates":[[[-2.23505,42.91789],[-2.23498,42.91792],[-2.23484,42.91788],[-2.23362,42.91735],[-2.23348,42.91743],[-2.23308,42.91712],[-2.23298,42.91683],[-2.23206,42.9161],[-2.23216,42.91605],[-2.23362,42.91701],[-2.23505,42.91789]]]},"properties":{"dam_id":"way/715835291","osm_type":"way","osm_id":715835291,"country":"ES","name":"Urdalurko presa","uso":"desconhecido"}},{"type":"Feature","geometry":{"type":"LineString","coordinates":[[-7.05958,43.3636],[-7.05949,43.36346]]},"properties":{"dam_id":"way/718113667","osm_type":"way","osm_id":718113667,"country":"ES","name":null,"uso":"desconhecido"}},{"type":"Feature","geometry":{"type":"LineString","coordinates":[[-5.55888,40.0827],[-5.55849,40.08278]]},"properties":{"dam_id":"way/719473408","osm_type":"way","osm_id":719473408,"country":"ES","name":null,"uso":"desconhecido"}},{"type":"Feature","geometry":{"type":"LineString","coordinates":[[-7.18064,43.39642],[-7.18071,43.39615],[-7.18063,43.39613],[-7.18063,43.39611],[-7.1807,43.39609],[-7.18068,43.39603],[-7.18074,43.396]]},"properties":{"dam_id":"way/720035590","osm_type":"way","osm_id":720035590,"country":"ES","name":"Pé de Viña","uso":"desconhecido"}},{"type":"Feature","geometry":{"type":"LineString","coordinates":[[-7.16818,43.40904],[-7.16802,43.40923],[-7.16779,43.40941],[-7.16769,43.4094],[-7.16768,43.40945]]},"properties":{"dam_id":"way/720035592","osm_type":"way","osm_id":720035592,"country":"ES","name":"Presa do Louredal","uso":"desconhecido"}},{"type":"Feature","geometry":{"type":"LineString","coordinates":[[-7.15174,43.41133],[-7.15163,43.41138],[-7.1515,43.4114],[-7.15147,43.41147]]},"properties":{"dam_id":"way/720035596","osm_type":"way","osm_id":720035596,"country":"ES","name":"Presa de la antigua piscifactoría","uso":"desconhecido"}},{"type":"Feature","geometry":{"type":"LineString","coordinates":[[-4.59891,37.95668],[-4.59884,37.95554]]},"properties":{"dam_id":"way/720316105","osm_type":"way","osm_id":720316105,"country":"ES","name":"Presa de Villafranca","uso":"desconhecido"}},{"type":"Feature","geometry":{"type":"Polygon","coordinates":[[[-1.94366,42.70551],[-1.94363,42.70559],[-1.94356,42.70566],[-1.94338,42.70566],[-1.94331,42.70558],[-1.94265,42.70592],[-1.94265,42.706],[-1.94261,42.706],[-1.94256,42.70619],[-1.9423,42.70641],[-1.94216,42.70646],[-1.94194,42.70649],[-1.94175,42.7065],[-1.94165,42.70645],[-1.94213,42.70633],[-1.94236,42.70613],[-1.94252,42.70578],[-1.94305,42.70549],[-1.94428,42.70534],[-1.94366,42.70551]]]},"properties":{"dam_id":"way/721897744","osm_type":"way","osm_id":721897744,"country":"ES","name":null,"uso":"desconhecido"}},{"type":"Feature","geometry":{"type":"Polygon","coordinates":[[[0.71168,40.63872],[0.71146,40.63858],[0.71147,40.63857],[0.71168,40.63872]]]},"properties":{"dam_id":"way/725806263","osm_type":"way","osm_id":725806263,"country":"ES","name":null,"uso":"desconhecido"}},{"type":"Feature","geometry":{"type":"LineString","coordinates":[[1.36119,41.98505],[1.36157,41.98484]]},"properties":{"dam_id":"way/725819458","osm_type":"way","osm_id":725819458,"country":"ES","name":null,"uso":"desconhecido"}},{"type":"Feature","geometry":{"type":"LineString","coordinates":[[-0.26915,39.17752],[-0.26854,39.17733],[-0.26757,39.17707],[-0.2669,39.17678]]},"properties":{"dam_id":"way/728209825","osm_type":"way","osm_id":728209825,"country":"ES","name":null,"uso":"desconhecido"}},{"type":"Feature","geometry":{"type":"LineString","coordinates":[[-3.47079,43.25683],[-3.47061,43.25681],[-3.47011,43.25687]]},"properties":{"dam_id":"way/729731852","osm_type":"way","osm_id":729731852,"country":"ES","name":"Presa Don Cecilio","uso":"desconhecido"}},{"type":"Feature","geometry":{"type":"Polygon","coordinates":[[[-1.51542,42.97213],[-1.5154,42.97205],[-1.51527,42.97209],[-1.51505,42.97207],[-1.51449,42.97175],[-1.51308,42.97132],[-1.51273,42.97133],[-1.51259,42.97138],[-1.51271,42.97151],[-1.51361,42.97189],[-1.5145,42.97211],[-1.5154,42.97219],[-1.51542,42.97213]]]},"properties":{"dam_id":"way/734216837","osm_type":"way","osm_id":734216837,"country":"ES","name":null,"uso":"desconhecido"}},{"type":"Feature","geometry":{"type":"Polygon","coordinates":[[[-4.50929,40.3716],[-4.50924,40.3716],[-4.50825,40.37169],[-4.50825,40.37172],[-4.50859,40.37169],[-4.50868,40.3718],[-4.5088,40.37179],[-4.50886,40.37167],[-4.50929,40.37163],[-4.50929,40.3716]]]},"properties":{"dam_id":"way/736272296","osm_type":"way","osm_id":736272296,"country":"ES","name":"Presa Linar del Rey","uso":"desconhecido"}},{"type":"Feature","geometry":{"type":"Polygon","coordinates":[[[0.71714,42.50524],[0.71729,42.50507],[0.71731,42.50498],[0.71723,42.50504],[0.71715,42.50504],[0.71703,42.50518],[0.71714,42.50524]]]},"properties":{"dam_id":"way/737320615","osm_type":"way","osm_id":737320615,"country":"ES","name":"Presa de Forcat","uso":"hidroelétrica"}},{"type":"Feature","geometry":{"type":"LineString","coordinates":[[-2.12326,37.63918],[-2.12351,37.63894]]},"properties":{"dam_id":"way/739603662","osm_type":"way","osm_id":739603662,"country":"ES","name":null,"uso":"desconhecido"}},{"type":"Feature","geometry":{"type":"LineString","coordinates":[[-2.12571,37.64222],[-2.12554,37.64239]]},"properties":{"dam_id":"way/739605910","osm_type":"way","osm_id":739605910,"country":"ES","name":null,"uso":"desconhecido"}},{"type":"Feature","geometry":{"type":"LineString","coordinates":[[-2.15344,37.62693],[-2.15346,37.62671]]},"properties":{"dam_id":"way/739606405","osm_type":"way","osm_id":739606405,"country":"ES","name":null,"uso":"desconhecido"}},{"type":"Feature","geometry":{"type":"LineString","coordinates":[[-2.15868,37.62854],[-2.15863,37.62823]]},"properties":{"dam_id":"way/739606406","osm_type":"way","osm_id":739606406,"country":"ES","name":null,"uso":"desconhecido"}},{"type":"Feature","geometry":{"type":"LineString","coordinates":[[-2.09411,37.65111],[-2.09421,37.65106]]},"properties":{"dam_id":"way/739611046","osm_type":"way","osm_id":739611046,"country":"ES","name":null,"uso":"desconhecido"}},{"type":"Feature","geometry":{"type":"LineString","coordinates":[[-2.14859,37.65337],[-2.14875,37.65332]]},"properties":{"dam_id":"way/739611052","osm_type":"way","osm_id":739611052,"country":"ES","name":null,"uso":"desconhecido"}},{"type":"Feature","geometry":{"type":"LineString","coordinates":[[-2.02759,37.64292],[-2.02764,37.64282]]},"properties":{"dam_id":"way/739681387","osm_type":"way","osm_id":739681387,"country":"ES","name":null,"uso":"desconhecido"}},{"type":"Feature","geometry":{"type":"LineString","coordinates":[[-2.03587,37.64494],[-2.03604,37.64486]]},"properties":{"dam_id":"way/739681389","osm_type":"way","osm_id":739681389,"country":"ES","name":null,"uso":"desconhecido"}},{"type":"Feature","geometry":{"type":"LineString","coordinates":[[-2.08212,37.70127],[-2.08218,37.70106]]},"properties":{"dam_id":"way/739881065","osm_type":"way","osm_id":739881065,"country":"ES","name":null,"uso":"desconhecido"}},{"type":"Feature","geometry":{"type":"LineString","coordinates":[[-2.08045,37.69443],[-2.08031,37.69427]]},"properties":{"dam_id":"way/739881069","osm_type":"way","osm_id":739881069,"country":"ES","name":null,"uso":"desconhecido"}},{"type":"Feature","geometry":{"type":"LineString","coordinates":[[-2.07095,37.6992],[-2.07091,37.69893]]},"properties":{"dam_id":"way/739881076","osm_type":"way","osm_id":739881076,"country":"ES","name":null,"uso":"desconhecido"}},{"type":"Feature","geometry":{"type":"LineString","coordinates":[[-2.06607,37.69958],[-2.06609,37.69932]]},"properties":{"dam_id":"way/739881077","osm_type":"way","osm_id":739881077,"country":"ES","name":null,"uso":"desconhecido"}},{"type":"Feature","geometry":{"type":"LineString","coordinates":[[-2.10367,37.65561],[-2.10374,37.65553]]},"properties":{"dam_id":"way/740013224","osm_type":"way","osm_id":740013224,"country":"ES","name":null,"uso":"desconhecido"}},{"type":"Feature","geometry":{"type":"LineString","coordinates":[[-2.17732,37.6253],[-2.17711,37.62537]]},"properties":{"dam_id":"way/740022121","osm_type":"way","osm_id":740022121,"country":"ES","name":null,"uso":"desconhecido"}},{"type":"Feature","geometry":{"type":"LineString","coordinates":[[-2.18842,37.64526],[-2.18856,37.64518]]},"properties":{"dam_id":"way/740022123","osm_type":"way","osm_id":740022123,"country":"ES","name":null,"uso":"desconhecido"}},{"type":"Feature","geometry":{"type":"LineString","coordinates":[[-2.19167,37.65109],[-2.19174,37.651]]},"properties":{"dam_id":"way/740022125","osm_type":"way","osm_id":740022125,"country":"ES","name":null,"uso":"desconhecido"}},{"type":"Feature","geometry":{"type":"LineString","coordinates":[[-2.19725,37.73402],[-2.19707,37.73389]]},"properties":{"dam_id":"way/740129245","osm_type":"way","osm_id":740129245,"country":"ES","name":null,"uso":"desconhecido"}},{"type":"Feature","geometry":{"type":"LineString","coordinates":[[-2.18929,37.73716],[-2.18919,37.73698]]},"properties":{"dam_id":"way/740129247","osm_type":"way","osm_id":740129247,"country":"ES","name":null,"uso":"desconhecido"}},{"type":"Feature","geometry":{"type":"LineString","coordinates":[[-2.17926,37.74112],[-2.17919,37.74094]]},"properties":{"dam_id":"way/740129249","osm_type":"way","osm_id":740129249,"country":"ES","name":null,"uso":"desconhecido"}},{"type":"Feature","geometry":{"type":"LineString","coordinates":[[-2.08592,37.71165],[-2.08583,37.71157]]},"properties":{"dam_id":"way/740768051","osm_type":"way","osm_id":740768051,"country":"ES","name":null,"uso":"desconhecido"}},{"type":"Feature","geometry":{"type":"LineString","coordinates":[[-2.10793,37.68897],[-2.10777,37.68887]]},"properties":{"dam_id":"way/740768061","osm_type":"way","osm_id":740768061,"country":"ES","name":null,"uso":"desconhecido"}},{"type":"Feature","geometry":{"type":"LineString","coordinates":[[-2.08524,37.69776],[-2.08501,37.69751]]},"properties":{"dam_id":"way/740940844","osm_type":"way","osm_id":740940844,"country":"ES","name":null,"uso":"desconhecido"}},{"type":"Feature","geometry":{"type":"LineString","coordinates":[[-2.14248,37.69875],[-2.14228,37.69876]]},"properties":{"dam_id":"way/741023321","osm_type":"way","osm_id":741023321,"country":"ES","name":null,"uso":"desconhecido"}},{"type":"Feature","geometry":{"type":"LineString","coordinates":[[-2.14341,37.70159],[-2.14322,37.70164]]},"properties":{"dam_id":"way/741023322","osm_type":"way","osm_id":741023322,"country":"ES","name":null,"uso":"desconhecido"}},{"type":"Feature","geometry":{"type":"LineString","coordinates":[[-2.14258,37.71066],[-2.1424,37.71069]]},"properties":{"dam_id":"way/741023328","osm_type":"way","osm_id":741023328,"country":"ES","name":null,"uso":"desconhecido"}},{"type":"Feature","geometry":{"type":"LineString","coordinates":[[-2.10777,37.71605],[-2.10775,37.71598],[-2.10765,37.71593]]},"properties":{"dam_id":"way/741023339","osm_type":"way","osm_id":741023339,"country":"ES","name":null,"uso":"desconhecido"}},{"type":"Feature","geometry":{"type":"LineString","coordinates":[[-2.1234,37.64577],[-2.12322,37.64584]]},"properties":{"dam_id":"way/741101649","osm_type":"way","osm_id":741101649,"country":"ES","name":null,"uso":"desconhecido"}},{"type":"Feature","geometry":{"type":"LineString","coordinates":[[-2.12428,37.64985],[-2.12414,37.64993]]},"properties":{"dam_id":"way/741101650","osm_type":"way","osm_id":741101650,"country":"ES","name":null,"uso":"desconhecido"}},{"type":"Feature","geometry":{"type":"LineString","coordinates":[[-2.11216,37.64888],[-2.11226,37.64876]]},"properties":{"dam_id":"way/741101659","osm_type":"way","osm_id":741101659,"country":"ES","name":null,"uso":"desconhecido"}},{"type":"Feature","geometry":{"type":"LineString","coordinates":[[-2.09687,37.65417],[-2.09662,37.65423]]},"properties":{"dam_id":"way/741101668","osm_type":"way","osm_id":741101668,"country":"ES","name":null,"uso":"desconhecido"}},{"type":"Feature","geometry":{"type":"LineString","coordinates":[[-2.1553,37.66791],[-2.15513,37.66796]]},"properties":{"dam_id":"way/741114333","osm_type":"way","osm_id":741114333,"country":"ES","name":null,"uso":"desconhecido"}},{"type":"Feature","geometry":{"type":"LineString","coordinates":[[-2.1562,37.66181],[-2.15598,37.66177]]},"properties":{"dam_id":"way/741114336","osm_type":"way","osm_id":741114336,"country":"ES","name":null,"uso":"desconhecido"}},{"type":"Feature","geometry":{"type":"LineString","coordinates":[[-2.15817,37.65753],[-2.15791,37.65751]]},"properties":{"dam_id":"way/741114337","osm_type":"way","osm_id":741114337,"country":"ES","name":null,"uso":"desconhecido"}},{"type":"Feature","geometry":{"type":"LineString","coordinates":[[-2.17205,37.64575],[-2.17231,37.64554]]},"properties":{"dam_id":"way/741114341","osm_type":"way","osm_id":741114341,"country":"ES","name":null,"uso":"desconhecido"}},{"type":"Feature","geometry":{"type":"LineString","coordinates":[[-2.17354,37.64012],[-2.17363,37.63999]]},"properties":{"dam_id":"way/741114344","osm_type":"way","osm_id":741114344,"country":"ES","name":null,"uso":"desconhecido"}},{"type":"Feature","geometry":{"type":"LineString","coordinates":[[-2.17966,37.64728],[-2.17986,37.64719]]},"properties":{"dam_id":"way/741114347","osm_type":"way","osm_id":741114347,"country":"ES","name":null,"uso":"desconhecido"}},{"type":"Feature","geometry":{"type":"LineString","coordinates":[[-2.20811,37.6505],[-2.20796,37.65054]]},"properties":{"dam_id":"way/741114351","osm_type":"way","osm_id":741114351,"country":"ES","name":null,"uso":"desconhecido"}},{"type":"Feature","geometry":{"type":"LineString","coordinates":[[-2.2051,37.64173],[-2.20514,37.64154]]},"properties":{"dam_id":"way/741114354","osm_type":"way","osm_id":741114354,"country":"ES","name":null,"uso":"desconhecido"}},{"type":"Feature","geometry":{"type":"LineString","coordinates":[[-2.19815,37.63307],[-2.19769,37.63314]]},"properties":{"dam_id":"way/741114359","osm_type":"way","osm_id":741114359,"country":"ES","name":null,"uso":"desconhecido"}},{"type":"Feature","geometry":{"type":"LineString","coordinates":[[-2.19866,37.62876],[-2.19845,37.62868]]},"properties":{"dam_id":"way/741114360","osm_type":"way","osm_id":741114360,"country":"ES","name":null,"uso":"desconhecido"}},{"type":"Feature","geometry":{"type":"Polygon","coordinates":[[[-6.03055,36.36937],[-6.03052,36.3693],[-6.03066,36.36828],[-6.03081,36.36833],[-6.03071,36.36846],[-6.03064,36.36921],[-6.03066,36.36927],[-6.03076,36.36932],[-6.03071,36.36934],[-6.03071,36.36939],[-6.03052,36.36958],[-6.03042,36.36952],[-6.03055,36.36937]]]},"properties":{"dam_id":"way/741203289","osm_type":"way","osm_id":741203289,"country":"ES","name":null,"uso":"desconhecido"}},{"type":"Feature","geometry":{"type":"LineString","coordinates":[[-2.24006,37.63013],[-2.24018,37.63008]]},"properties":{"dam_id":"way/741204083","osm_type":"way","osm_id":741204083,"country":"ES","name":null,"uso":"desconhecido"}},{"type":"Feature","geometry":{"type":"LineString","coordinates":[[-2.23333,37.61127],[-2.23316,37.61134]]},"properties":{"dam_id":"way/741204084","osm_type":"way","osm_id":741204084,"country":"ES","name":null,"uso":"desconhecido"}},{"type":"Feature","geometry":{"type":"LineString","coordinates":[[-2.21509,37.60644],[-2.21486,37.6064]]},"properties":{"dam_id":"way/741204095","osm_type":"way","osm_id":741204095,"country":"ES","name":null,"uso":"desconhecido"}},{"type":"Feature","geometry":{"type":"LineString","coordinates":[[-2.23137,37.62632],[-2.23121,37.62648]]},"properties":{"dam_id":"way/741204122","osm_type":"way","osm_id":741204122,"country":"ES","name":null,"uso":"desconhecido"}},{"type":"Feature","geometry":{"type":"LineString","coordinates":[[-2.23448,37.63404],[-2.23439,37.63392]]},"properties":{"dam_id":"way/741205958","osm_type":"way","osm_id":741205958,"country":"ES","name":null,"uso":"desconhecido"}},{"type":"Feature","geometry":{"type":"Polygon","coordinates":[[[-6.01874,36.40021],[-6.01869,36.40025],[-6.01866,36.40024],[-6.01864,36.40013],[-6.01882,36.39978],[-6.01889,36.39971],[-6.01897,36.39971],[-6.01906,36.39977],[-6.01893,36.39976],[-6.01884,36.39982],[-6.0187,36.40013],[-6.01874,36.40021]]]},"properties":{"dam_id":"way/741597216","osm_type":"way","osm_id":741597216,"country":"ES","name":null,"uso":"desconhecido"}},{"type":"Feature","geometry":{"type":"LineString","coordinates":[[-2.14326,37.63216],[-2.1433,37.63195]]},"properties":{"dam_id":"way/741609147","osm_type":"way","osm_id":741609147,"country":"ES","name":null,"uso":"desconhecido"}},{"type":"Feature","geometry":{"type":"LineString","coordinates":[[-2.13924,37.62765],[-2.1395,37.62748]]},"properties":{"dam_id":"way/741609148","osm_type":"way","osm_id":741609148,"country":"ES","name":null,"uso":"desconhecido"}},{"type":"Feature","geometry":{"type":"LineString","coordinates":[[-2.18374,37.62306],[-2.18348,37.6231]]},"properties":{"dam_id":"way/741609152","osm_type":"way","osm_id":741609152,"country":"ES","name":null,"uso":"desconhecido"}},{"type":"Feature","geometry":{"type":"LineString","coordinates":[[1.36619,41.40201],[1.36655,41.40179],[1.36667,41.40177]]},"properties":{"dam_id":"way/741738098","osm_type":"way","osm_id":741738098,"country":"ES","name":null,"uso":"desconhecido"}},{"type":"Feature","geometry":{"type":"Polygon","coordinates":[[[2.41322,41.94164],[2.41315,41.94167],[2.41309,41.94165],[2.41312,41.94153],[2.413,41.94159],[2.41312,41.94152],[2.41317,41.94129],[2.41315,41.94127],[2.41324,41.94128],[2.41315,41.94164],[2.41322,41.94164]]]},"properties":{"dam_id":"way/742232082","osm_type":"way","osm_id":742232082,"country":"ES","name":"Presa de Vilanova","uso":"desconhecido"}},{"type":"Feature","geometry":{"type":"LineString","coordinates":[[-2.12422,37.67575],[-2.12407,37.67562]]},"properties":{"dam_id":"way/742601205","osm_type":"way","osm_id":742601205,"country":"ES","name":null,"uso":"desconhecido"}},{"type":"Feature","geometry":{"type":"LineString","coordinates":[[-2.11173,37.67862],[-2.11162,37.67854]]},"properties":{"dam_id":"way/742601213","osm_type":"way","osm_id":742601213,"country":"ES","name":null,"uso":"desconhecido"}},{"type":"Feature","geometry":{"type":"LineString","coordinates":[[-2.09162,37.67807],[-2.09173,37.67795]]},"properties":{"dam_id":"way/742620822","osm_type":"way","osm_id":742620822,"country":"ES","name":null,"uso":"desconhecido"}},{"type":"Feature","geometry":{"type":"LineString","coordinates":[[-2.08858,37.67355],[-2.08849,37.67358]]},"properties":{"dam_id":"way/742620824","osm_type":"way","osm_id":742620824,"country":"ES","name":null,"uso":"desconhecido"}},{"type":"Feature","geometry":{"type":"LineString","coordinates":[[-2.10125,37.64874],[-2.10094,37.64892]]},"properties":{"dam_id":"way/742800500","osm_type":"way","osm_id":742800500,"country":"ES","name":null,"uso":"desconhecido"}},{"type":"Feature","geometry":{"type":"LineString","coordinates":[[-2.12128,37.69333],[-2.12144,37.69317]]},"properties":{"dam_id":"way/742850870","osm_type":"way","osm_id":742850870,"country":"ES","name":null,"uso":"desconhecido"}},{"type":"Feature","geometry":{"type":"LineString","coordinates":[[-2.11364,37.70337],[-2.1135,37.70323]]},"properties":{"dam_id":"way/742850877","osm_type":"way","osm_id":742850877,"country":"ES","name":null,"uso":"desconhecido"}},{"type":"Feature","geometry":{"type":"LineString","coordinates":[[-2.10446,37.70924],[-2.10431,37.70915]]},"properties":{"dam_id":"way/742850887","osm_type":"way","osm_id":742850887,"country":"ES","name":null,"uso":"desconhecido"}},{"type":"Feature","geometry":{"type":"LineString","coordinates":[[-2.12973,37.65115],[-2.12959,37.65118]]},"properties":{"dam_id":"way/744090057","osm_type":"way","osm_id":744090057,"country":"ES","name":null,"uso":"desconhecido"}},{"type":"Feature","geometry":{"type":"LineString","coordinates":[[-2.13123,37.64117],[-2.13089,37.64135]]},"properties":{"dam_id":"way/744092178","osm_type":"way","osm_id":744092178,"country":"ES","name":null,"uso":"desconhecido"}},{"type":"Feature","geometry":{"type":"LineString","coordinates":[[-1.78729,42.43302],[-1.78843,42.43195]]},"properties":{"dam_id":"way/744144560","osm_type":"way","osm_id":744144560,"country":"ES","name":null,"uso":"desconhecido"}},{"type":"Feature","geometry":{"type":"Polygon","coordinates":[[[-3.60951,40.45732],[-3.6088,40.4581],[-3.60868,40.45811],[-3.60944,40.45729],[-3.60951,40.45732]]]},"properties":{"dam_id":"way/746328242","osm_type":"way","osm_id":746328242,"country":"ES","name":null,"uso":"desconhecido"}},{"type":"Feature","geometry":{"type":"LineString","coordinates":[[-3.46413,43.25212],[-3.46358,43.25222]]},"properties":{"dam_id":"way/746990567","osm_type":"way","osm_id":746990567,"country":"ES","name":null,"uso":"desconhecido"}},{"type":"Feature","geometry":{"type":"Polygon","coordinates":[[[-4.79932,38.02016],[-4.79923,38.02013],[-4.79888,38.02107],[-4.79877,38.02116],[-4.79877,38.02122],[-4.79896,38.0211],[-4.79932,38.02016]]]},"properties":{"dam_id":"way/751024378","osm_type":"way","osm_id":751024378,"country":"ES","name":null,"uso":"desconhecido"}},{"type":"Feature","geometry":{"type":"LineString","coordinates":[[-0.46769,42.21269],[-0.46749,42.21277]]},"properties":{"dam_id":"way/753473535","osm_type":"way","osm_id":753473535,"country":"ES","name":null,"uso":"desconhecido"}},{"type":"Feature","geometry":{"type":"LineString","coordinates":[[-3.51697,38.40188],[-3.51689,38.40166]]},"properties":{"dam_id":"way/754995340","osm_type":"way","osm_id":754995340,"country":"ES","name":null,"uso":"desconhecido"}},{"type":"Feature","geometry":{"type":"LineString","coordinates":[[-3.58495,38.38682],[-3.58484,38.38684],[-3.58477,38.3868]]},"properties":{"dam_id":"way/754995344","osm_type":"way","osm_id":754995344,"country":"ES","name":null,"uso":"desconhecido"}},{"type":"Feature","geometry":{"type":"LineString","coordinates":[[-3.55386,38.43254],[-3.55409,38.43242]]},"properties":{"dam_id":"way/754995346","osm_type":"way","osm_id":754995346,"country":"ES","name":null,"uso":"desconhecido"}},{"type":"Feature","geometry":{"type":"LineString","coordinates":[[-3.54538,38.39639],[-3.54525,38.3963],[-3.54519,38.39619]]},"properties":{"dam_id":"way/754995347","osm_type":"way","osm_id":754995347,"country":"ES","name":null,"uso":"desconhecido"}},{"type":"Feature","geometry":{"type":"LineString","coordinates":[[-3.47525,38.42591],[-3.47509,38.42595],[-3.47499,38.42589],[-3.47496,38.42584]]},"properties":{"dam_id":"way/755033073","osm_type":"way","osm_id":755033073,"country":"ES","name":null,"uso":"desconhecido"}},{"type":"Feature","geometry":{"type":"LineString","coordinates":[[-3.8911,36.90903],[-3.89154,36.9092]]},"properties":{"dam_id":"way/756955098","osm_type":"way","osm_id":756955098,"country":"ES","name":null,"uso":"desconhecido"}},{"type":"Feature","geometry":{"type":"LineString","coordinates":[[-3.42575,38.45427],[-3.42565,38.4542],[-3.4255,38.45417],[-3.42532,38.45421]]},"properties":{"dam_id":"way/757371400","osm_type":"way","osm_id":757371400,"country":"ES","name":null,"uso":"desconhecido"}},{"type":"Feature","geometry":{"type":"LineString","coordinates":[[-3.47771,43.25606],[-3.47765,43.25611]]},"properties":{"dam_id":"way/758581605","osm_type":"way","osm_id":758581605,"country":"ES","name":null,"uso":"desconhecido"}},{"type":"Feature","geometry":{"type":"LineString","coordinates":[[-1.84755,43.14139],[-1.84771,43.14083]]},"properties":{"dam_id":"way/758973755","osm_type":"way","osm_id":758973755,"country":"ES","name":null,"uso":"hidroelétrica"}},{"type":"Feature","geometry":{"type":"LineString","coordinates":[[-3.46071,43.24759],[-3.46105,43.24739]]},"properties":{"dam_id":"way/759165528","osm_type":"way","osm_id":759165528,"country":"ES","name":null,"uso":"desconhecido"}},{"type":"Feature","geometry":{"type":"Polygon","coordinates":[[[-1.37707,42.85021],[-1.37506,42.85028],[-1.36971,42.85056],[-1.36969,42.85042],[-1.36985,42.85009],[-1.37131,42.85004],[-1.37665,42.84972],[-1.377,42.84994],[-1.37707,42.85021]]]},"properties":{"dam_id":"way/759380792","osm_type":"way","osm_id":759380792,"country":"ES","name":null,"uso":"desconhecido"}},{"type":"Feature","geometry":{"type":"LineString","coordinates":[[-6.62374,37.95074],[-6.62354,37.9507]]},"properties":{"dam_id":"way/759429448","osm_type":"way","osm_id":759429448,"country":"ES","name":null,"uso":"desconhecido"}},{"type":"Feature","geometry":{"type":"LineString","coordinates":[[-1.90223,40.56511],[-1.90219,40.56494]]},"properties":{"dam_id":"way/760927906","osm_type":"way","osm_id":760927906,"country":"ES","name":null,"uso":"desconhecido"}},{"type":"Feature","geometry":{"type":"Polygon","coordinates":[[[-6.32619,43.29152],[-6.32575,43.29155],[-6.32582,43.29166],[-6.32608,43.29164],[-6.32619,43.29152]]]},"properties":{"dam_id":"way/765558844","osm_type":"way","osm_id":765558844,"country":"ES","name":null,"uso":"desconhecido"}},{"type":"Feature","geometry":{"type":"LineString","coordinates":[[-2.01325,37.69998],[-2.01311,37.69992]]},"properties":{"dam_id":"way/765736202","osm_type":"way","osm_id":765736202,"country":"ES","name":null,"uso":"desconhecido"}},{"type":"Feature","geometry":{"type":"LineString","coordinates":[[-1.98988,37.65292],[-1.98972,37.65299]]},"properties":{"dam_id":"way/766759987","osm_type":"way","osm_id":766759987,"country":"ES","name":null,"uso":"desconhecido"}},{"type":"Feature","geometry":{"type":"LineString","coordinates":[[-1.98152,37.65148],[-1.9815,37.65162]]},"properties":{"dam_id":"way/766759991","osm_type":"way","osm_id":766759991,"country":"ES","name":null,"uso":"desconhecido"}},{"type":"Feature","geometry":{"type":"LineString","coordinates":[[-1.9936,37.64928],[-1.99358,37.64934]]},"properties":{"dam_id":"way/766759993","osm_type":"way","osm_id":766759993,"country":"ES","name":null,"uso":"desconhecido"}},{"type":"Feature","geometry":{"type":"LineString","coordinates":[[-1.95887,37.66046],[-1.95877,37.6605]]},"properties":{"dam_id":"way/767353648","osm_type":"way","osm_id":767353648,"country":"ES","name":null,"uso":"desconhecido"}},{"type":"Feature","geometry":{"type":"LineString","coordinates":[[-1.96009,37.67005],[-1.96001,37.67012]]},"properties":{"dam_id":"way/767353653","osm_type":"way","osm_id":767353653,"country":"ES","name":null,"uso":"desconhecido"}},{"type":"Feature","geometry":{"type":"LineString","coordinates":[[-1.96228,37.67473],[-1.96246,37.67473]]},"properties":{"dam_id":"way/767353655","osm_type":"way","osm_id":767353655,"country":"ES","name":null,"uso":"desconhecido"}},{"type":"Feature","geometry":{"type":"LineString","coordinates":[[-1.9775,37.66238],[-1.97734,37.66237]]},"properties":{"dam_id":"way/767353663","osm_type":"way","osm_id":767353663,"country":"ES","name":null,"uso":"desconhecido"}},{"type":"Feature","geometry":{"type":"LineString","coordinates":[[-1.93959,37.65711],[-1.93957,37.65704]]},"properties":{"dam_id":"way/767690995","osm_type":"way","osm_id":767690995,"country":"ES","name":null,"uso":"desconhecido"}},{"type":"Feature","geometry":{"type":"LineString","coordinates":[[-1.93975,37.65037],[-1.93968,37.65042]]},"properties":{"dam_id":"way/767691002","osm_type":"way","osm_id":767691002,"country":"ES","name":null,"uso":"desconhecido"}},{"type":"Feature","geometry":{"type":"LineString","coordinates":[[-1.94236,37.66061],[-1.94221,37.66063]]},"properties":{"dam_id":"way/767691003","osm_type":"way","osm_id":767691003,"country":"ES","name":null,"uso":"desconhecido"}},{"type":"Feature","geometry":{"type":"LineString","coordinates":[[-1.95795,37.64973],[-1.95786,37.6498]]},"properties":{"dam_id":"way/767700047","osm_type":"way","osm_id":767700047,"country":"ES","name":null,"uso":"desconhecido"}},{"type":"Feature","geometry":{"type":"LineString","coordinates":[[-1.95466,37.65323],[-1.95449,37.65329]]},"properties":{"dam_id":"way/767700050","osm_type":"way","osm_id":767700050,"country":"ES","name":null,"uso":"desconhecido"}},{"type":"Feature","geometry":{"type":"Polygon","coordinates":[[[-7.25392,37.36869],[-7.25381,37.36858],[-7.2554,37.3676],[-7.25551,37.36771],[-7.25392,37.36869]]]},"properties":{"dam_id":"way/769470673","osm_type":"way","osm_id":769470673,"country":"ES","name":null,"uso":"desconhecido"}},{"type":"Feature","geometry":{"type":"LineString","coordinates":[[-3.32983,40.95947],[-3.32969,40.95953]]},"properties":{"dam_id":"way/769923618","osm_type":"way","osm_id":769923618,"country":"ES","name":null,"uso":"desconhecido"}},{"type":"Feature","geometry":{"type":"Polygon","coordinates":[[[-6.35969,38.92095],[-6.35854,38.92172],[-6.35858,38.92177],[-6.35974,38.92099],[-6.35969,38.92095]]]},"properties":{"dam_id":"way/770857605","osm_type":"way","osm_id":770857605,"country":"ES","name":"Azud de Mérida","uso":"desconhecido"}},{"type":"Feature","geometry":{"type":"LineString","coordinates":[[-6.35171,38.91756],[-6.35206,38.91812]]},"properties":{"dam_id":"way/771119258","osm_type":"way","osm_id":771119258,"country":"ES","name":null,"uso":"desconhecido"}},{"type":"Feature","geometry":{"type":"Polygon","coordinates":[[[0.75852,41.45463],[0.75851,41.45428],[0.75832,41.4478],[0.75806,41.44782],[0.75792,41.44788],[0.75788,41.44817],[0.75718,41.44949],[0.75659,41.45001],[0.75636,41.45033],[0.75629,41.45051],[0.75599,41.45064],[0.75598,41.45166],[0.75658,41.45258],[0.75697,41.45292],[0.75725,41.45332],[0.7576,41.45353],[0.75772,41.45377],[0.75793,41.4539],[0.75797,41.454],[0.75836,41.45457],[0.7584,41.45462],[0.75852,41.45463]]]},"properties":{"dam_id":"way/771396925","osm_type":"way","osm_id":771396925,"country":"ES","name":"Presa de l'Albagés","uso":"desconhecido"}},{"type":"Feature","geometry":{"type":"Polygon","coordinates":[[[-5.75653,41.87341],[-5.75637,41.8735],[-5.75603,41.87301],[-5.75591,41.87306],[-5.75587,41.87297],[-5.75599,41.87292],[-5.75594,41.87283],[-5.75616,41.87275],[-5.75634,41.87301],[-5.75653,41.87341]]]},"properties":{"dam_id":"way/771619237","osm_type":"way","osm_id":771619237,"country":"ES","name":null,"uso":"desconhecido"}},{"type":"Feature","geometry":{"type":"Polygon","coordinates":[[[-6.10437,42.13605],[-6.10428,42.13606],[-6.10401,42.13619],[-6.10386,42.13634],[-6.10437,42.13605]]]},"properties":{"dam_id":"way/776068304","osm_type":"way","osm_id":776068304,"country":"ES","name":"Presa de Congosta","uso":"desconhecido"}},{"type":"Feature","geometry":{"type":"Polygon","coordinates":[[[-1.75191,38.24318],[-1.75035,38.24356],[-1.7501,38.24363],[-1.75015,38.24372],[-1.75037,38.24368],[-1.75071,38.24368],[-1.75095,38.24364],[-1.75113,38.24407],[-1.75159,38.24395],[-1.75142,38.24351],[-1.75157,38.24347],[-1.7517,38.2433],[-1.75193,38.24324],[-1.75191,38.24318]]]},"properties":{"dam_id":"way/776583731","osm_type":"way","osm_id":776583731,"country":"ES","name":null,"uso":"desconhecido"}},{"type":"Feature","geometry":{"type":"Polygon","coordinates":[[[-1.01822,42.62421],[-1.01913,42.62413],[-1.01905,42.62394],[-1.01794,42.62406],[-1.01577,42.62393],[-1.01578,42.62404],[-1.01822,42.62421]]]},"properties":{"dam_id":"way/780243559","osm_type":"way","osm_id":780243559,"country":"ES","name":"Dique de cola del Rio Esca","uso":"desconhecido"}},{"type":"Feature","geometry":{"type":"Polygon","coordinates":[[[-1.27441,42.94051],[-1.27425,42.94066],[-1.27425,42.9406],[-1.27379,42.94045],[-1.27381,42.94042],[-1.27412,42.94051],[-1.27416,42.94045],[-1.27421,42.94048],[-1.27419,42.94052],[-1.27429,42.94056],[-1.27437,42.9405],[-1.27441,42.94051]]]},"properties":{"dam_id":"way/781608308","osm_type":"way","osm_id":781608308,"country":"ES","name":null,"uso":"desconhecido"}},{"type":"Feature","geometry":{"type":"Polygon","coordinates":[[[-6.39474,43.29057],[-6.39465,43.29059],[-6.39475,43.29108],[-6.39483,43.29107],[-6.39474,43.29057]]]},"properties":{"dam_id":"way/781657392","osm_type":"way","osm_id":781657392,"country":"ES","name":null,"uso":"desconhecido"}},{"type":"Feature","geometry":{"type":"LineString","coordinates":[[-0.75144,38.4288],[-0.75128,38.42868]]},"properties":{"dam_id":"way/782212477","osm_type":"way","osm_id":782212477,"country":"ES","name":null,"uso":"desconhecido"}},{"type":"Feature","geometry":{"type":"LineString","coordinates":[[-5.45348,39.61215],[-5.45324,39.61191]]},"properties":{"dam_id":"way/785130321","osm_type":"way","osm_id":785130321,"country":"ES","name":null,"uso":"hidroelétrica"}},{"type":"Feature","geometry":{"type":"LineString","coordinates":[[-2.57837,38.36996],[-2.57843,38.36979]]},"properties":{"dam_id":"way/785736914","osm_type":"way","osm_id":785736914,"country":"ES","name":null,"uso":"desconhecido"}},{"type":"Feature","geometry":{"type":"LineString","coordinates":[[-0.78186,39.10968],[-0.78169,39.10963]]},"properties":{"dam_id":"way/788015102","osm_type":"way","osm_id":788015102,"country":"ES","name":null,"uso":"desconhecido"}},{"type":"Feature","geometry":{"type":"LineString","coordinates":[[-0.78236,39.06127],[-0.78251,39.06108]]},"properties":{"dam_id":"way/788324616","osm_type":"way","osm_id":788324616,"country":"ES","name":null,"uso":"desconhecido"}},{"type":"Feature","geometry":{"type":"LineString","coordinates":[[-0.88956,38.99695],[-0.88957,38.99679]]},"properties":{"dam_id":"way/788324632","osm_type":"way","osm_id":788324632,"country":"ES","name":null,"uso":"desconhecido"}},{"type":"Feature","geometry":{"type":"LineString","coordinates":[[-0.87809,39.0106],[-0.87817,39.01038]]},"properties":{"dam_id":"way/788324634","osm_type":"way","osm_id":788324634,"country":"ES","name":null,"uso":"desconhecido"}},{"type":"Feature","geometry":{"type":"LineString","coordinates":[[-0.72661,38.91175],[-0.7266,38.91128]]},"properties":{"dam_id":"way/788589679","osm_type":"way","osm_id":788589679,"country":"ES","name":null,"uso":"desconhecido"}},{"type":"Feature","geometry":{"type":"LineString","coordinates":[[-0.73525,38.90332],[-0.73539,38.90295]]},"properties":{"dam_id":"way/788710459","osm_type":"way","osm_id":788710459,"country":"ES","name":null,"uso":"desconhecido"}},{"type":"Feature","geometry":{"type":"Polygon","coordinates":[[[-1.34691,42.54515],[-1.34694,42.54508],[-1.34679,42.54495],[-1.3451,42.54412],[-1.34504,42.54418],[-1.34691,42.54515]]]},"properties":{"dam_id":"way/791471317","osm_type":"way","osm_id":791471317,"country":"ES","name":null,"uso":"desconhecido"}},{"type":"Feature","geometry":{"type":"LineString","coordinates":[[3.19464,39.38598],[3.19528,39.38608]]},"properties":{"dam_id":"way/791712850","osm_type":"way","osm_id":791712850,"country":"ES","name":null,"uso":"desconhecido"}},{"type":"Feature","geometry":{"type":"LineString","coordinates":[[3.20065,39.37386],[3.20121,39.37395]]},"properties":{"dam_id":"way/791712855","osm_type":"way","osm_id":791712855,"country":"ES","name":null,"uso":"desconhecido"}},{"type":"Feature","geometry":{"type":"Polygon","coordinates":[[[-3.06394,41.98049],[-3.06392,41.98044],[-3.06322,41.98047],[-3.06322,41.98053],[-3.06346,41.98054],[-3.06394,41.98049]]]},"properties":{"dam_id":"way/792123693","osm_type":"way","osm_id":792123693,"country":"ES","name":"Presa de la Manga","uso":"desconhecido"}},{"type":"Feature","geometry":{"type":"LineString","coordinates":[[-3.8527,43.29751],[-3.85211,43.29736],[-3.85201,43.29736]]},"properties":{"dam_id":"way/794175121","osm_type":"way","osm_id":794175121,"country":"ES","name":null,"uso":"desconhecido"}},{"type":"Feature","geometry":{"type":"LineString","coordinates":[[0.64252,41.23385],[0.64266,41.23385]]},"properties":{"dam_id":"way/795688621","osm_type":"way","osm_id":795688621,"country":"ES","name":null,"uso":"desconhecido"}},{"type":"Feature","geometry":{"type":"Polygon","coordinates":[[[-8.61679,42.49687],[-8.6167,42.49636],[-8.61665,42.49629],[-8.61661,42.49628],[-8.61657,42.49606],[-8.61651,42.49606],[-8.61647,42.49556],[-8.61595,42.49565],[-8.61595,42.49573],[-8.61514,42.49575],[-8.61505,42.49583],[-8.61479,42.49587],[-8.6148,42.49592],[-8.61463,42.49594],[-8.61457,42.49611],[-8.6144,42.49611],[-8.61435,42.49635],[-8.61444,42.49654],[-8.61445,42.49666],[-8.61471,42.49664],[-8.61476,42.4967],[-8.61485,42.49668],[-8.61485,42.49659],[-8.61481,42.49657],[-8.61474,42.49618],[-8.6148,42.49618],[-8.61479,42.49612],[-8.61497,42.4961],[-8.61492,42.49594],[-8.61496,42.49592],[-8.61641,42.4958],[-8.61661,42.49689],[-8.61679,42.49687]]]},"properties":{"dam_id":"way/879271524","osm_type":"way","osm_id":879271524,"country":"ES","name":"Encoro do Pontillón do Castro","uso":"desconhecido"}},{"type":"Feature","geometry":{"type":"LineString","coordinates":[[-3.83967,43.28136],[-3.83924,43.28115]]},"properties":{"dam_id":"way/800491671","osm_type":"way","osm_id":800491671,"country":"ES","name":null,"uso":"desconhecido"}},{"type":"Feature","geometry":{"type":"LineString","coordinates":[[-3.84873,43.26656],[-3.84895,43.26697]]},"properties":{"dam_id":"way/800491672","osm_type":"way","osm_id":800491672,"country":"ES","name":null,"uso":"desconhecido"}},{"type":"Feature","geometry":{"type":"LineString","coordinates":[[-5.71063,40.31154],[-5.71061,40.31124],[-5.71053,40.31109]]},"properties":{"dam_id":"way/801980357","osm_type":"way","osm_id":801980357,"country":"ES","name":null,"uso":"desconhecido"}},{"type":"Feature","geometry":{"type":"Polygon","coordinates":[[[-0.93287,42.20755],[-0.9329,42.20724],[-0.93274,42.20732],[-0.93268,42.20739],[-0.93276,42.20752],[-0.93287,42.20755]]]},"properties":{"dam_id":"way/802688352","osm_type":"way","osm_id":802688352,"country":"ES","name":null,"uso":"desconhecido"}},{"type":"Feature","geometry":{"type":"Polygon","coordinates":[[[-8.81077,42.87962],[-8.81073,42.87964],[-8.81085,42.87987],[-8.81065,42.87995],[-8.81067,42.87989],[-8.81082,42.87985],[-8.8107,42.87963],[-8.81077,42.87962]]]},"properties":{"dam_id":"way/803131641","osm_type":"way","osm_id":803131641,"country":"ES","name":null,"uso":"desconhecido"}},{"type":"Feature","geometry":{"type":"Polygon","coordinates":[[[-8.8413,42.86332],[-8.84137,42.86355],[-8.84122,42.86358],[-8.84121,42.86355],[-8.84134,42.86352],[-8.84128,42.86337],[-8.8413,42.86332]]]},"properties":{"dam_id":"way/803149562","osm_type":"way","osm_id":803149562,"country":"ES","name":null,"uso":"desconhecido"}},{"type":"Feature","geometry":{"type":"Polygon","coordinates":[[[-2.80084,42.56608],[-2.80053,42.56628],[-2.80069,42.56641],[-2.801,42.56622],[-2.80084,42.56608]]]},"properties":{"dam_id":"way/803305936","osm_type":"way","osm_id":803305936,"country":"ES","name":null,"uso":"desconhecido"}},{"type":"Feature","geometry":{"type":"Polygon","coordinates":[[[-2.81051,42.57055],[-2.81125,42.57035],[-2.81185,42.57031],[-2.81185,42.57036],[-2.81126,42.57041],[-2.81053,42.5706],[-2.81051,42.57055]]]},"properties":{"dam_id":"way/803305938","osm_type":"way","osm_id":803305938,"country":"ES","name":null,"uso":"desconhecido"}},{"type":"Feature","geometry":{"type":"LineString","coordinates":[[1.7947,42.05773],[1.79493,42.05789]]},"properties":{"dam_id":"way/804207233","osm_type":"way","osm_id":804207233,"country":"ES","name":null,"uso":"desconhecido"}},{"type":"Feature","geometry":{"type":"LineString","coordinates":[[1.76327,41.995],[1.76339,41.99491],[1.76345,41.9948]]},"properties":{"dam_id":"way/804557767","osm_type":"way","osm_id":804557767,"country":"ES","name":null,"uso":"desconhecido"}},{"type":"Feature","geometry":{"type":"LineString","coordinates":[[1.74055,42.00389],[1.74094,42.00384]]},"properties":{"dam_id":"way/804566127","osm_type":"way","osm_id":804566127,"country":"ES","name":null,"uso":"desconhecido"}},{"type":"Feature","geometry":{"type":"LineString","coordinates":[[-0.1198,39.96105],[-0.11974,39.96114],[-0.11964,39.96116],[-0.11944,39.96142],[-0.11942,39.96134],[-0.11919,39.96134]]},"properties":{"dam_id":"way/804691488","osm_type":"way","osm_id":804691488,"country":"ES","name":"els Matxos","uso":"desconhecido"}},{"type":"Feature","geometry":{"type":"LineString","coordinates":[[-0.11866,39.96333],[-0.11843,39.96321],[-0.11817,39.96319]]},"properties":{"dam_id":"way/804691497","osm_type":"way","osm_id":804691497,"country":"ES","name":"Assut del molí de l'Ermita","uso":"desconhecido"}},{"type":"Feature","geometry":{"type":"LineString","coordinates":[[-0.15452,39.97153],[-0.15463,39.97131],[-0.1545,39.97107],[-0.15394,39.97073]]},"properties":{"dam_id":"way/804691510","osm_type":"way","osm_id":804691510,"country":"ES","name":"Parà de la Llum de Tol","uso":"desconhecido"}},{"type":"Feature","geometry":{"type":"LineString","coordinates":[[-0.19757,39.98117],[-0.19655,39.98127]]},"properties":{"dam_id":"way/804691523","osm_type":"way","osm_id":804691523,"country":"ES","name":"Contraembals de la Segona Llum","uso":"desconhecido"}},{"type":"Feature","geometry":{"type":"LineString","coordinates":[[0.54661,41.23416],[0.54769,41.23192]]},"properties":{"dam_id":"way/806871741","osm_type":"way","osm_id":806871741,"country":"ES","name":"Presa de Flix","uso":"desconhecido"}},{"type":"Feature","geometry":{"type":"LineString","coordinates":[[1.91501,41.92881],[1.91529,41.92893]]},"properties":{"dam_id":"way/807334546","osm_type":"way","osm_id":807334546,"country":"ES","name":null,"uso":"desconhecido"}},{"type":"Feature","geometry":{"type":"Polygon","coordinates":[[[-5.49843,39.26979],[-5.49293,39.26465],[-5.49299,39.2646],[-5.49849,39.26975],[-5.49843,39.26979]]]},"properties":{"dam_id":"way/807375333","osm_type":"way","osm_id":807375333,"country":"ES","name":null,"uso":"desconhecido"}},{"type":"Feature","geometry":{"type":"LineString","coordinates":[[1.97322,41.99253],[1.97307,41.99263],[1.97292,41.99266],[1.97278,41.99263],[1.97273,41.99269]]},"properties":{"dam_id":"way/807602295","osm_type":"way","osm_id":807602295,"country":"ES","name":null,"uso":"desconhecido"}},{"type":"Feature","geometry":{"type":"Polygon","coordinates":[[[-8.63116,42.55556],[-8.63117,42.55577],[-8.63116,42.5556],[-8.63104,42.55548],[-8.63116,42.55556]]]},"properties":{"dam_id":"way/808914400","osm_type":"way","osm_id":808914400,"country":"ES","name":null,"uso":"desconhecido"}},{"type":"Feature","geometry":{"type":"LineString","coordinates":[[-3.98503,41.63577],[-3.98503,41.63514],[-3.98484,41.63496]]},"properties":{"dam_id":"way/813175129","osm_type":"way","osm_id":813175129,"country":"ES","name":null,"uso":"desconhecido"}},{"type":"Feature","geometry":{"type":"LineString","coordinates":[[-3.46626,42.94662],[-3.46635,42.94629],[-3.46651,42.94614]]},"properties":{"dam_id":"way/813960534","osm_type":"way","osm_id":813960534,"country":"ES","name":null,"uso":"desconhecido"}},{"type":"Feature","geometry":{"type":"LineString","coordinates":[[-5.94341,40.263],[-5.94318,40.26189],[-5.94284,40.26161]]},"properties":{"dam_id":"way/815549678","osm_type":"way","osm_id":815549678,"country":"ES","name":null,"uso":"desconhecido"}},{"type":"Feature","geometry":{"type":"LineString","coordinates":[[-8.87565,42.53841],[-8.87544,42.53827],[-8.87524,42.53825],[-8.87524,42.5382],[-8.87499,42.53816],[-8.87475,42.53791],[-8.87476,42.5377],[-8.8743,42.53769]]},"properties":{"dam_id":"way/816280491","osm_type":"way","osm_id":816280491,"country":"ES","name":null,"uso":"desconhecido"}},{"type":"Feature","geometry":{"type":"LineString","coordinates":[[-1.64392,42.82625],[-1.64445,42.82584]]},"properties":{"dam_id":"way/816492975","osm_type":"way","osm_id":816492975,"country":"ES","name":null,"uso":"desconhecido"}},{"type":"Feature","geometry":{"type":"LineString","coordinates":[[0.20678,42.54018],[0.20663,42.54038],[0.20665,42.54053],[0.20709,42.54166],[0.2073,42.54209],[0.20744,42.5423]]},"properties":{"dam_id":"way/818087218","osm_type":"way","osm_id":818087218,"country":"ES","name":null,"uso":"desconhecido"}},{"type":"Feature","geometry":{"type":"LineString","coordinates":[[0.19168,42.55676],[0.19173,42.55634],[0.19189,42.55626],[0.19203,42.55626],[0.19224,42.5563],[0.19249,42.55727]]},"properties":{"dam_id":"way/818089554","osm_type":"way","osm_id":818089554,"country":"ES","name":null,"uso":"desconhecido"}},{"type":"Feature","geometry":{"type":"LineString","coordinates":[[2.42218,41.59669],[2.42317,41.5968]]},"properties":{"dam_id":"way/818542231","osm_type":"way","osm_id":818542231,"country":"ES","name":"Barratge Batllori","uso":"desconhecido"}},{"type":"Feature","geometry":{"type":"LineString","coordinates":[[2.40493,41.59269],[2.40571,41.59308]]},"properties":{"dam_id":"way/818542232","osm_type":"way","osm_id":818542232,"country":"ES","name":"Barratge Xullat","uso":"desconhecido"}},{"type":"Feature","geometry":{"type":"LineString","coordinates":[[2.40479,41.59273],[2.40431,41.5933]]},"properties":{"dam_id":"way/818542233","osm_type":"way","osm_id":818542233,"country":"ES","name":"Barratge Tarau","uso":"desconhecido"}},{"type":"Feature","geometry":{"type":"LineString","coordinates":[[-3.63661,43.04949],[-3.63676,43.0492]]},"properties":{"dam_id":"way/818933404","osm_type":"way","osm_id":818933404,"country":"ES","name":null,"uso":"desconhecido"}},{"type":"Feature","geometry":{"type":"LineString","coordinates":[[-4.07449,40.58557],[-4.07389,40.58576],[-4.07338,40.58613],[-4.07338,40.58617]]},"properties":{"dam_id":"way/819361915","osm_type":"way","osm_id":819361915,"country":"ES","name":"Presa de la Granjilla","uso":"desconhecido"}},{"type":"Feature","geometry":{"type":"Polygon","coordinates":[[[-1.85227,42.59944],[-1.85287,42.59937],[-1.85286,42.59941],[-1.85267,42.59949],[-1.85163,42.59953],[-1.85082,42.59965],[-1.85071,42.60002],[-1.85059,42.60001],[-1.85072,42.59959],[-1.85162,42.59946],[-1.85227,42.59944]]]},"properties":{"dam_id":"way/819560093","osm_type":"way","osm_id":819560093,"country":"ES","name":null,"uso":"desconhecido"}},{"type":"Feature","geometry":{"type":"Polygon","coordinates":[[[-1.84346,42.57773],[-1.84345,42.57784],[-1.8435,42.57785],[-1.84351,42.57774],[-1.84346,42.57773]]]},"properties":{"dam_id":"way/819560102","osm_type":"way","osm_id":819560102,"country":"ES","name":null,"uso":"desconhecido"}},{"type":"Feature","geometry":{"type":"LineString","coordinates":[[-1.81689,42.53998],[-1.81618,42.54089]]},"properties":{"dam_id":"way/819560110","osm_type":"way","osm_id":819560110,"country":"ES","name":null,"uso":"desconhecido"}},{"type":"Feature","geometry":{"type":"LineString","coordinates":[[-3.7412,42.99374],[-3.74139,42.99342]]},"properties":{"dam_id":"way/821912460","osm_type":"way","osm_id":821912460,"country":"ES","name":null,"uso":"desconhecido"}},{"type":"Feature","geometry":{"type":"Polygon","coordinates":[[[-0.31076,38.91159],[-0.31066,38.9113],[-0.31049,38.91135],[-0.3103,38.91129],[-0.30901,38.91153],[-0.309,38.9115],[-0.31028,38.91127],[-0.31066,38.91115],[-0.31337,38.91075],[-0.31373,38.91089],[-0.31371,38.91091],[-0.31336,38.91077],[-0.31205,38.91099],[-0.3114,38.91119],[-0.31148,38.91147],[-0.31076,38.91159]]]},"properties":{"dam_id":"way/822192900","osm_type":"way","osm_id":822192900,"country":"ES","name":"presa de Terrateig","uso":"desconhecido"}},{"type":"Feature","geometry":{"type":"LineString","coordinates":[[-5.05979,40.43195],[-5.05895,40.43178]]},"properties":{"dam_id":"way/825067960","osm_type":"way","osm_id":825067960,"country":"ES","name":null,"uso":"desconhecido"}},{"type":"Feature","geometry":{"type":"LineString","coordinates":[[-0.92392,39.13031],[-0.92372,39.13046]]},"properties":{"dam_id":"way/825475660","osm_type":"way","osm_id":825475660,"country":"ES","name":null,"uso":"desconhecido"}},{"type":"Feature","geometry":{"type":"LineString","coordinates":[[-0.31526,42.8345],[-0.31485,42.8346]]},"properties":{"dam_id":"way/826303212","osm_type":"way","osm_id":826303212,"country":"ES","name":null,"uso":"desconhecido"}},{"type":"Feature","geometry":{"type":"LineString","coordinates":[[-0.32183,42.82946],[-0.32178,42.82931]]},"properties":{"dam_id":"way/827491348","osm_type":"way","osm_id":827491348,"country":"ES","name":null,"uso":"desconhecido"}},{"type":"Feature","geometry":{"type":"LineString","coordinates":[[0.30817,40.86794],[0.30811,40.86783]]},"properties":{"dam_id":"way/830740407","osm_type":"way","osm_id":830740407,"country":"ES","name":null,"uso":"desconhecido"}},{"type":"Feature","geometry":{"type":"LineString","coordinates":[[-3.64183,42.34301],[-3.64174,42.34285]]},"properties":{"dam_id":"way/831821807","osm_type":"way","osm_id":831821807,"country":"ES","name":null,"uso":"desconhecido"}},{"type":"Feature","geometry":{"type":"LineString","coordinates":[[1.04897,42.14583],[1.04886,42.14565]]},"properties":{"dam_id":"way/833493679","osm_type":"way","osm_id":833493679,"country":"ES","name":null,"uso":"desconhecido"}},{"type":"Feature","geometry":{"type":"LineString","coordinates":[[-2.90634,42.16144],[-2.90674,42.16165]]},"properties":{"dam_id":"way/833496044","osm_type":"way","osm_id":833496044,"country":"ES","name":null,"uso":"desconhecido"}},{"type":"Feature","geometry":{"type":"LineString","coordinates":[[-2.8397,42.19741],[-2.83981,42.19733],[-2.83998,42.19732]]},"properties":{"dam_id":"way/833496048","osm_type":"way","osm_id":833496048,"country":"ES","name":null,"uso":"desconhecido"}},{"type":"Feature","geometry":{"type":"LineString","coordinates":[[0.72495,41.54915],[0.72486,41.54914],[0.72485,41.54918],[0.72494,41.54919]]},"properties":{"dam_id":"way/836454026","osm_type":"way","osm_id":836454026,"country":"ES","name":null,"uso":"desconhecido"}},{"type":"Feature","geometry":{"type":"LineString","coordinates":[[2.01623,42.14364],[2.01586,42.14357]]},"properties":{"dam_id":"way/836473151","osm_type":"way","osm_id":836473151,"country":"ES","name":null,"uso":"desconhecido"}},{"type":"Feature","geometry":{"type":"LineString","coordinates":[[-5.56895,40.14412],[-5.56893,40.14391]]},"properties":{"dam_id":"way/836913292","osm_type":"way","osm_id":836913292,"country":"ES","name":null,"uso":"desconhecido"}},{"type":"Feature","geometry":{"type":"LineString","coordinates":[[-5.40144,39.24129],[-5.40022,39.24085]]},"properties":{"dam_id":"way/838835328","osm_type":"way","osm_id":838835328,"country":"ES","name":null,"uso":"desconhecido"}},{"type":"Feature","geometry":{"type":"LineString","coordinates":[[-5.3836,39.2428],[-5.38336,39.24213],[-5.38288,39.24151],[-5.38209,39.24099],[-5.38149,39.24066],[-5.37832,39.23989]]},"properties":{"dam_id":"way/838835329","osm_type":"way","osm_id":838835329,"country":"ES","name":null,"uso":"desconhecido"}},{"type":"Feature","geometry":{"type":"LineString","coordinates":[[-5.3655,39.24979],[-5.36755,39.24951],[-5.36832,39.24949],[-5.36864,39.24957]]},"properties":{"dam_id":"way/838835330","osm_type":"way","osm_id":838835330,"country":"ES","name":null,"uso":"desconhecido"}},{"type":"Feature","geometry":{"type":"LineString","coordinates":[[3.33008,39.72467],[3.33015,39.72435]]},"properties":{"dam_id":"way/839884230","osm_type":"way","osm_id":839884230,"country":"ES","name":null,"uso":"desconhecido"}},{"type":"Feature","geometry":{"type":"LineString","coordinates":[[-0.36957,42.4884],[-0.36989,42.48841],[-0.3699,42.48832],[-0.36956,42.4883]]},"properties":{"dam_id":"way/841414186","osm_type":"way","osm_id":841414186,"country":"ES","name":null,"uso":"desconhecido"}},{"type":"Feature","geometry":{"type":"Polygon","coordinates":[[[-5.88442,37.72254],[-5.88464,37.7225],[-5.88465,37.72268],[-5.8845,37.72271],[-5.88381,37.72302],[-5.88331,37.72308],[-5.88289,37.72299],[-5.88263,37.72287],[-5.88235,37.72259],[-5.88179,37.72151],[-5.88199,37.72144],[-5.88247,37.72241],[-5.88249,37.72244],[-5.88254,37.72242],[-5.88268,37.72259],[-5.88298,37.72279],[-5.88339,37.72286],[-5.88339,37.7229],[-5.88342,37.7229],[-5.88342,37.72285],[-5.88356,37.72284],[-5.88356,37.72289],[-5.88395,37.72278],[-5.88442,37.72254]]]},"properties":{"dam_id":"way/842082630","osm_type":"way","osm_id":842082630,"country":"ES","name":null,"uso":"desconhecido"}},{"type":"Feature","geometry":{"type":"Polygon","coordinates":[[[-5.76166,36.79079],[-5.76148,36.79045],[-5.76139,36.79043],[-5.76132,36.79031],[-5.76123,36.79034],[-5.76103,36.78997],[-5.76092,36.79],[-5.76093,36.7901],[-5.76144,36.79103],[-5.76151,36.79109],[-5.76161,36.79106],[-5.76153,36.79092],[-5.76165,36.79084],[-5.76166,36.79079]]]},"properties":{"dam_id":"way/842083511","osm_type":"way","osm_id":842083511,"country":"ES","name":null,"uso":"desconhecido"}},{"type":"Feature","geometry":{"type":"LineString","coordinates":[[-4.40892,38.36255],[-4.4061,38.36186]]},"properties":{"dam_id":"way/842097184","osm_type":"way","osm_id":842097184,"country":"ES","name":null,"uso":"desconhecido"}},{"type":"Feature","geometry":{"type":"LineString","coordinates":[[-5.91508,40.31412],[-5.91521,40.31417],[-5.91531,40.31428],[-5.91553,40.31434],[-5.9156,40.31439],[-5.91574,40.31458],[-5.91572,40.31474]]},"properties":{"dam_id":"way/843030021","osm_type":"way","osm_id":843030021,"country":"ES","name":null,"uso":"desconhecido"}},{"type":"Feature","geometry":{"type":"LineString","coordinates":[[0.18366,42.54361],[0.18296,42.543]]},"properties":{"dam_id":"way/844078442","osm_type":"way","osm_id":844078442,"country":"ES","name":null,"uso":"desconhecido"}},{"type":"Feature","geometry":{"type":"Polygon","coordinates":[[[-6.98869,39.46175],[-6.98847,39.46157],[-6.9883,39.46153],[-6.98801,39.46149],[-6.98768,39.46151],[-6.9875,39.46148],[-6.98754,39.46145],[-6.98757,39.46138],[-6.98751,39.4613],[-6.98739,39.46129],[-6.9873,39.46136],[-6.98737,39.46131],[-6.98748,39.4613],[-6.98755,39.46134],[-6.98756,39.46139],[-6.9873,39.46165],[-6.98734,39.46165],[-6.98747,39.46152],[-6.98767,39.46154],[-6.98797,39.46152],[-6.98848,39.46161],[-6.98869,39.46175]]]},"properties":{"dam_id":"way/844377491","osm_type":"way","osm_id":844377491,"country":"ES","name":"Presa Embalse Rivera de Mula","uso":"desconhecido"}},{"type":"Feature","geometry":{"type":"Polygon","coordinates":[[[2.73045,42.16971],[2.73046,42.16955],[2.73059,42.16956],[2.73058,42.16971],[2.73045,42.16971]]]},"properties":{"dam_id":"way/845452755","osm_type":"way","osm_id":845452755,"country":"ES","name":null,"uso":"desconhecido"}},{"type":"Feature","geometry":{"type":"LineString","coordinates":[[-3.23399,38.4917],[-3.23353,38.4917]]},"properties":{"dam_id":"way/845982461","osm_type":"way","osm_id":845982461,"country":"ES","name":null,"uso":"desconhecido"}},{"type":"Feature","geometry":{"type":"LineString","coordinates":[[-3.46062,38.47389],[-3.46056,38.47381],[-3.46058,38.47374]]},"properties":{"dam_id":"way/846766527","osm_type":"way","osm_id":846766527,"country":"ES","name":null,"uso":"desconhecido"}},{"type":"Feature","geometry":{"type":"LineString","coordinates":[[-0.52065,42.79777],[-0.52069,42.79786],[-0.52083,42.7979]]},"properties":{"dam_id":"way/847450985","osm_type":"way","osm_id":847450985,"country":"ES","name":null,"uso":"desconhecido"}},{"type":"Feature","geometry":{"type":"LineString","coordinates":[[-0.19647,42.78727],[-0.19655,42.78765]]},"properties":{"dam_id":"way/847964378","osm_type":"way","osm_id":847964378,"country":"ES","name":null,"uso":"desconhecido"}},{"type":"Feature","geometry":{"type":"LineString","coordinates":[[-6.10682,39.97725],[-6.10701,39.97674],[-6.10727,39.97665],[-6.10766,39.97642]]},"properties":{"dam_id":"way/847969249","osm_type":"way","osm_id":847969249,"country":"ES","name":null,"uso":"desconhecido"}},{"type":"Feature","geometry":{"type":"Polygon","coordinates":[[[-3.27363,38.69034],[-3.27338,38.69108],[-3.27327,38.69129],[-3.27314,38.69143],[-3.27292,38.69158],[-3.27306,38.69172],[-3.27321,38.69179],[-3.27353,38.69183],[-3.27385,38.69173],[-3.27392,38.69178],[-3.27401,38.69167],[-3.27417,38.69165],[-3.27542,38.69208],[-3.27978,38.69343],[-3.28033,38.69348],[-3.28041,38.6934],[-3.27891,38.69262],[-3.27784,38.69212],[-3.27733,38.69189],[-3.27668,38.69169],[-3.27652,38.69167],[-3.27649,38.69173],[-3.27618,38.69178],[-3.27597,38.69178],[-3.27562,38.69173],[-3.27494,38.69158],[-3.27401,38.69132],[-3.27396,38.69141],[-3.2737,38.69145],[-3.27365,38.69132],[-3.27367,38.69113],[-3.27383,38.69038],[-3.27363,38.69034]]]},"properties":{"dam_id":"way/848614731","osm_type":"way","osm_id":848614731,"country":"ES","name":null,"uso":"desconhecido"}},{"type":"Feature","geometry":{"type":"LineString","coordinates":[[-6.02224,41.98234],[-6.02089,41.98238]]},"properties":{"dam_id":"way/849061614","osm_type":"way","osm_id":849061614,"country":"ES","name":null,"uso":"desconhecido"}},{"type":"Feature","geometry":{"type":"LineString","coordinates":[[-4.84934,41.626],[-4.84957,41.62609],[-4.84988,41.62612]]},"properties":{"dam_id":"way/851816127","osm_type":"way","osm_id":851816127,"country":"ES","name":null,"uso":"desconhecido"}},{"type":"Feature","geometry":{"type":"LineString","coordinates":[[-2.26495,42.84652],[-2.26501,42.84655]]},"properties":{"dam_id":"way/855406710","osm_type":"way","osm_id":855406710,"country":"ES","name":null,"uso":"desconhecido"}},{"type":"Feature","geometry":{"type":"Polygon","coordinates":[[[-0.79357,38.25696],[-0.79331,38.25675],[-0.79302,38.25671],[-0.79258,38.25672],[-0.79197,38.25661],[-0.79155,38.25617],[-0.79122,38.25622],[-0.79116,38.2566],[-0.79036,38.25694],[-0.79011,38.25718],[-0.78941,38.25712],[-0.78933,38.25758],[-0.7901,38.25771],[-0.79072,38.25766],[-0.79299,38.25727],[-0.79357,38.25696]]]},"properties":{"dam_id":"way/856858020","osm_type":"way","osm_id":856858020,"country":"ES","name":null,"uso":"desconhecido"}},{"type":"Feature","geometry":{"type":"Polygon","coordinates":[[[-2.10724,38.9425],[-2.10374,38.94008],[-2.10256,38.94128],[-2.10281,38.9416],[-2.10174,38.94244],[-2.10131,38.94232],[-2.09992,38.94382],[-2.10007,38.94395],[-2.10103,38.94364],[-2.10426,38.94299],[-2.10708,38.94261],[-2.10724,38.9425]]]},"properties":{"dam_id":"way/858502519","osm_type":"way","osm_id":858502519,"country":"ES","name":"Zona de laminación La Choriza","uso":"desconhecido"}},{"type":"Feature","geometry":{"type":"Polygon","coordinates":[[[-0.50605,42.77548],[-0.50582,42.77539],[-0.50578,42.77544],[-0.50573,42.7754],[-0.5057,42.7752],[-0.50591,42.77528],[-0.50587,42.77534],[-0.50612,42.77543],[-0.50605,42.77548]]]},"properties":{"dam_id":"way/860422218","osm_type":"way","osm_id":860422218,"country":"ES","name":null,"uso":"desconhecido"}},{"type":"Feature","geometry":{"type":"LineString","coordinates":[[-5.1426,40.22162],[-5.14254,40.22175]]},"properties":{"dam_id":"way/863093141","osm_type":"way","osm_id":863093141,"country":"ES","name":"Presa del Risquillo","uso":"desconhecido"}},{"type":"Feature","geometry":{"type":"LineString","coordinates":[[-8.29599,43.00277],[-8.29584,43.00275],[-8.29569,43.00244]]},"properties":{"dam_id":"way/864976436","osm_type":"way","osm_id":864976436,"country":"ES","name":"Presa de Agrolongo","uso":"desconhecido"}},{"type":"Feature","geometry":{"type":"LineString","coordinates":[[-8.28182,43.0087],[-8.28174,43.00855]]},"properties":{"dam_id":"way/864984179","osm_type":"way","osm_id":864984179,"country":"ES","name":"Os Pasos","uso":"desconhecido"}},{"type":"Feature","geometry":{"type":"LineString","coordinates":[[-8.2526,43.01546],[-8.25276,43.01496]]},"properties":{"dam_id":"way/864984180","osm_type":"way","osm_id":864984180,"country":"ES","name":"Presa de Ledoira","uso":"desconhecido"}},{"type":"Feature","geometry":{"type":"LineString","coordinates":[[-6.97428,37.9888],[-6.97336,37.98859]]},"properties":{"dam_id":"way/865005948","osm_type":"way","osm_id":865005948,"country":"ES","name":null,"uso":"desconhecido"}},{"type":"Feature","geometry":{"type":"Polygon","coordinates":[[[-2.13845,40.07836],[-2.13834,40.07834],[-2.13845,40.078],[-2.13863,40.078],[-2.1386,40.07823],[-2.13851,40.07821],[-2.13845,40.07836]]]},"properties":{"dam_id":"way/865845214","osm_type":"way","osm_id":865845214,"country":"ES","name":null,"uso":"desconhecido"}},{"type":"Feature","geometry":{"type":"LineString","coordinates":[[-3.53198,37.17901],[-3.5319,37.17899],[-3.53175,37.17923],[-3.53159,37.17922]]},"properties":{"dam_id":"way/866370026","osm_type":"way","osm_id":866370026,"country":"ES","name":null,"uso":"desconhecido"}},{"type":"Feature","geometry":{"type":"Polygon","coordinates":[[[-6.16515,42.63873],[-6.16493,42.63871],[-6.16493,42.63876],[-6.16497,42.63881],[-6.16501,42.63876],[-6.16567,42.63878],[-6.1661,42.63869],[-6.16648,42.63845],[-6.1668,42.63806],[-6.16675,42.63804],[-6.16641,42.63844],[-6.16616,42.63858],[-6.16565,42.63872],[-6.16515,42.63873]]]},"properties":{"dam_id":"way/870485018","osm_type":"way","osm_id":870485018,"country":"ES","name":null,"uso":"desconhecido"}},{"type":"Feature","geometry":{"type":"Polygon","coordinates":[[[-6.0713,42.64826],[-6.07351,42.6489],[-6.07353,42.64888],[-6.07315,42.64856],[-6.07254,42.64838],[-6.07219,42.64838],[-6.07208,42.64841],[-6.07172,42.64831],[-6.07172,42.64817],[-6.07144,42.6481],[-6.0713,42.64826]]]},"properties":{"dam_id":"way/870494850","osm_type":"way","osm_id":870494850,"country":"ES","name":null,"uso":"desconhecido"}},{"type":"Feature","geometry":{"type":"LineString","coordinates":[[-7.38803,42.30159],[-7.38806,42.3014]]},"properties":{"dam_id":"way/870966415","osm_type":"way","osm_id":870966415,"country":"ES","name":null,"uso":"desconhecido"}},{"type":"Feature","geometry":{"type":"LineString","coordinates":[[-6.07806,41.4909],[-6.07802,41.491],[-6.07805,41.49107],[-6.07814,41.49116],[-6.07823,41.49118]]},"properties":{"dam_id":"way/871630817","osm_type":"way","osm_id":871630817,"country":"ES","name":null,"uso":"desconhecido"}},{"type":"Feature","geometry":{"type":"LineString","coordinates":[[-5.41594,38.91094],[-5.41243,38.91327],[-5.41103,38.91428]]},"properties":{"dam_id":"way/871932889","osm_type":"way","osm_id":871932889,"country":"ES","name":"Carretera de Puebla de Alcocer a EX-201 por Llerena","uso":"desconhecido"}},{"type":"Feature","geometry":{"type":"Polygon","coordinates":[[[-7.6651,43.5252],[-7.66511,43.52517],[-7.66518,43.52517],[-7.66519,43.52519],[-7.6651,43.5252]]]},"properties":{"dam_id":"way/875873562","osm_type":"way","osm_id":875873562,"country":"ES","name":null,"uso":"hidroelétrica"}},{"type":"Feature","geometry":{"type":"LineString","coordinates":[[-7.24156,39.59313],[-7.24158,39.59301],[-7.24154,39.59292],[-7.24143,39.59284],[-7.24132,39.59284]]},"properties":{"dam_id":"way/877509657","osm_type":"way","osm_id":877509657,"country":"ES","name":null,"uso":"desconhecido"}},{"type":"Feature","geometry":{"type":"LineString","coordinates":[[-7.24297,39.57916],[-7.24296,39.57907],[-7.24273,39.57899],[-7.24259,39.57899],[-7.24249,39.57905]]},"properties":{"dam_id":"way/877509659","osm_type":"way","osm_id":877509659,"country":"ES","name":null,"uso":"desconhecido"}},{"type":"Feature","geometry":{"type":"LineString","coordinates":[[-7.23999,39.56325],[-7.23995,39.56322],[-7.23976,39.56321],[-7.23967,39.56322],[-7.23961,39.56327]]},"properties":{"dam_id":"way/877509662","osm_type":"way","osm_id":877509662,"country":"ES","name":null,"uso":"desconhecido"}},{"type":"Feature","geometry":{"type":"LineString","coordinates":[[-7.25702,39.55848],[-7.25689,39.55848],[-7.25676,39.55843],[-7.2567,39.55831],[-7.25672,39.55818]]},"properties":{"dam_id":"way/877509667","osm_type":"way","osm_id":877509667,"country":"ES","name":null,"uso":"desconhecido"}},{"type":"Feature","geometry":{"type":"Polygon","coordinates":[[[-1.0776,41.42404],[-1.07773,41.42409],[-1.07786,41.42419],[-1.07771,41.4242],[-1.07733,41.42408],[-1.07703,41.4241],[-1.07696,41.42401],[-1.07724,41.42398],[-1.0776,41.42404]]]},"properties":{"dam_id":"way/877512246","osm_type":"way","osm_id":877512246,"country":"ES","name":null,"uso":"desconhecido"}},{"type":"Feature","geometry":{"type":"LineString","coordinates":[[-6.13726,41.58787],[-6.13676,41.58784]]},"properties":{"dam_id":"way/877670833","osm_type":"way","osm_id":877670833,"country":"ES","name":null,"uso":"desconhecido"}},{"type":"Feature","geometry":{"type":"LineString","coordinates":[[-6.93751,38.29563],[-6.93693,38.29588]]},"properties":{"dam_id":"way/878659431","osm_type":"way","osm_id":878659431,"country":"ES","name":null,"uso":"desconhecido"}},{"type":"Feature","geometry":{"type":"LineString","coordinates":[[-8.46395,43.07507],[-8.46354,43.07508]]},"properties":{"dam_id":"way/880696719","osm_type":"way","osm_id":880696719,"country":"ES","name":null,"uso":"desconhecido"}},{"type":"Feature","geometry":{"type":"LineString","coordinates":[[2.1383,41.83646],[2.13842,41.83646]]},"properties":{"dam_id":"way/882765654","osm_type":"way","osm_id":882765654,"country":"ES","name":null,"uso":"desconhecido"}},{"type":"Feature","geometry":{"type":"LineString","coordinates":[[-6.09423,41.48556],[-6.0944,41.48556]]},"properties":{"dam_id":"way/886033666","osm_type":"way","osm_id":886033666,"country":"ES","name":"Presa de Valcuevo","uso":"desconhecido"}},{"type":"Feature","geometry":{"type":"LineString","coordinates":[[-1.30321,38.87996],[-1.30264,38.87964]]},"properties":{"dam_id":"way/886194831","osm_type":"way","osm_id":886194831,"country":"ES","name":null,"uso":"desconhecido"}},{"type":"Feature","geometry":{"type":"Polygon","coordinates":[[[-4.41034,41.6238],[-4.41065,41.62363],[-4.41072,41.62364],[-4.41058,41.62381],[-4.41042,41.62387],[-4.41025,41.62391],[-4.41,41.62387],[-4.41005,41.62378],[-4.41006,41.6238],[-4.41034,41.6238]]]},"properties":{"dam_id":"way/886741224","osm_type":"way","osm_id":886741224,"country":"ES","name":null,"uso":"desconhecido"}},{"type":"Feature","geometry":{"type":"LineString","coordinates":[[-8.30282,43.01526],[-8.30294,43.01525]]},"properties":{"dam_id":"way/888885855","osm_type":"way","osm_id":888885855,"country":"ES","name":null,"uso":"hidroelétrica"}},{"type":"Feature","geometry":{"type":"LineString","coordinates":[[0.23338,42.09047],[0.23346,42.08975],[0.23379,42.0889],[0.2342,42.08821],[0.2347,42.08763],[0.23538,42.08704],[0.23605,42.08662],[0.23643,42.08642],[0.23709,42.08615],[0.23774,42.08596],[0.23772,42.08548]]},"properties":{"dam_id":"way/889880120","osm_type":"way","osm_id":889880120,"country":"ES","name":"Central eléctrica El Ciego","uso":"hidroelétrica"}},{"type":"Feature","geometry":{"type":"Polygon","coordinates":[[[-2.95267,43.23362],[-2.95263,43.23362],[-2.95262,43.23337],[-2.95267,43.23337],[-2.95267,43.23362]]]},"properties":{"dam_id":"way/890650733","osm_type":"way","osm_id":890650733,"country":"ES","name":null,"uso":"desconhecido"}},{"type":"Feature","geometry":{"type":"Polygon","coordinates":[[[-2.22797,43.12812],[-2.22789,43.12808],[-2.22796,43.12798],[-2.22808,43.12792],[-2.22821,43.1279],[-2.22827,43.12822],[-2.22815,43.12825],[-2.22567,43.12934],[-2.22557,43.12923],[-2.22564,43.12915],[-2.22797,43.12812]]]},"properties":{"dam_id":"way/891718762","osm_type":"way","osm_id":891718762,"country":"ES","name":null,"uso":"desconhecido"}},{"type":"Feature","geometry":{"type":"LineString","coordinates":[[-2.08773,42.9627],[-2.08759,42.96271],[-2.08748,42.96269]]},"properties":{"dam_id":"way/892908634","osm_type":"way","osm_id":892908634,"country":"ES","name":null,"uso":"desconhecido"}},{"type":"Feature","geometry":{"type":"Polygon","coordinates":[[[-5.52325,39.23309],[-5.52319,39.23314],[-5.52413,39.23356],[-5.52417,39.2335],[-5.52325,39.23309]]]},"properties":{"dam_id":"way/893161051","osm_type":"way","osm_id":893161051,"country":"ES","name":"Presa del Azud del Ruecas","uso":"desconhecido"}},{"type":"Feature","geometry":{"type":"Polygon","coordinates":[[[-5.55959,37.60041],[-5.55458,37.60389],[-5.55406,37.60429],[-5.55405,37.60443],[-5.55443,37.60426],[-5.55583,37.60352],[-5.55714,37.6029],[-5.55709,37.60285],[-5.55714,37.60282],[-5.55719,37.60286],[-5.55799,37.60239],[-5.55837,37.6021],[-5.55842,37.60204],[-5.5584,37.602],[-5.55847,37.60194],[-5.55856,37.60198],[-5.55931,37.60146],[-5.55934,37.60115],[-5.55944,37.60089],[-5.55967,37.60059],[-5.55959,37.60041]]]},"properties":{"dam_id":"way/894698741","osm_type":"way","osm_id":894698741,"country":"ES","name":"Presa de la Gitana","uso":"desconhecido"}},{"type":"Feature","geometry":{"type":"Polygon","coordinates":[[[-5.38382,37.61108],[-5.3838,37.61113],[-5.3837,37.61115],[-5.38287,37.61091],[-5.38234,37.61061],[-5.38233,37.61054],[-5.38263,37.61029],[-5.38282,37.61008],[-5.383,37.60997],[-5.38305,37.61001],[-5.38274,37.61053],[-5.38382,37.61108]]]},"properties":{"dam_id":"way/899024585","osm_type":"way","osm_id":899024585,"country":"ES","name":null,"uso":"desconhecido"}},{"type":"Feature","geometry":{"type":"Polygon","coordinates":[[[-5.39212,37.63531],[-5.39241,37.63529],[-5.39286,37.6354],[-5.39328,37.63608],[-5.39328,37.63655],[-5.39322,37.63663],[-5.39313,37.63658],[-5.39212,37.63531]]]},"properties":{"dam_id":"way/899024645","osm_type":"way","osm_id":899024645,"country":"ES","name":null,"uso":"desconhecido"}},{"type":"Feature","geometry":{"type":"Polygon","coordinates":[[[-5.39867,37.53604],[-5.39881,37.536],[-5.39881,37.53608],[-5.39856,37.53668],[-5.39819,37.53698],[-5.39793,37.53733],[-5.39779,37.53743],[-5.39771,37.5374],[-5.39867,37.53604]]]},"properties":{"dam_id":"way/899024703","osm_type":"way","osm_id":899024703,"country":"ES","name":null,"uso":"desconhecido"}},{"type":"Feature","geometry":{"type":"Polygon","coordinates":[[[-5.47952,37.52227],[-5.47939,37.52248],[-5.47881,37.52209],[-5.47819,37.52155],[-5.47774,37.52099],[-5.47755,37.5206],[-5.47719,37.52023],[-5.4774,37.52014],[-5.47767,37.5201],[-5.47766,37.52021],[-5.47952,37.52227]]]},"properties":{"dam_id":"way/899024719","osm_type":"way","osm_id":899024719,"country":"ES","name":null,"uso":"desconhecido"}},{"type":"Feature","geometry":{"type":"Polygon","coordinates":[[[-5.47253,37.51873],[-5.47232,37.51879],[-5.47235,37.51883],[-5.47254,37.51882],[-5.47273,37.51867],[-5.47283,37.51823],[-5.47281,37.51775],[-5.47264,37.51731],[-5.47259,37.51725],[-5.47254,37.51724],[-5.47248,37.51729],[-5.47262,37.51866],[-5.47253,37.51873]]]},"properties":{"dam_id":"way/899024720","osm_type":"way","osm_id":899024720,"country":"ES","name":null,"uso":"desconhecido"}},{"type":"Feature","geometry":{"type":"Polygon","coordinates":[[[-5.46601,37.53563],[-5.46579,37.53565],[-5.46571,37.5356],[-5.46562,37.53548],[-5.46551,37.53521],[-5.46546,37.53488],[-5.46561,37.53488],[-5.46576,37.53529],[-5.46589,37.5355],[-5.46601,37.53563]]]},"properties":{"dam_id":"way/899024721","osm_type":"way","osm_id":899024721,"country":"ES","name":null,"uso":"desconhecido"}},{"type":"Feature","geometry":{"type":"Polygon","coordinates":[[[-5.43158,37.54617],[-5.43159,37.54627],[-5.43149,37.54625],[-5.43089,37.54572],[-5.43057,37.54469],[-5.43072,37.54461],[-5.43158,37.54617]]]},"properties":{"dam_id":"way/899024722","osm_type":"way","osm_id":899024722,"country":"ES","name":null,"uso":"desconhecido"}},{"type":"Feature","geometry":{"type":"Polygon","coordinates":[[[-5.44187,37.53754],[-5.44192,37.5375],[-5.44202,37.53757],[-5.44207,37.5378],[-5.44201,37.53818],[-5.44179,37.5389],[-5.44104,37.54055],[-5.44094,37.54051],[-5.44187,37.53754]]]},"properties":{"dam_id":"way/899024724","osm_type":"way","osm_id":899024724,"country":"ES","name":null,"uso":"desconhecido"}},{"type":"Feature","geometry":{"type":"Polygon","coordinates":[[[-5.47887,37.54343],[-5.47896,37.54337],[-5.47901,37.54339],[-5.4791,37.54354],[-5.47905,37.54384],[-5.47863,37.54417],[-5.478,37.54451],[-5.47734,37.54469],[-5.4772,37.54471],[-5.4771,37.54469],[-5.47705,37.54456],[-5.47712,37.54449],[-5.47727,37.54451],[-5.47785,37.54433],[-5.47888,37.54365],[-5.47887,37.54343]]]},"properties":{"dam_id":"way/899024725","osm_type":"way","osm_id":899024725,"country":"ES","name":null,"uso":"desconhecido"}},{"type":"Feature","geometry":{"type":"Polygon","coordinates":[[[-5.4729,37.55729],[-5.47383,37.55686],[-5.4739,37.55693],[-5.47392,37.557],[-5.47355,37.55726],[-5.4732,37.55744],[-5.47281,37.5575],[-5.4723,37.55729],[-5.47188,37.55704],[-5.47088,37.5563],[-5.47089,37.55624],[-5.471,37.55625],[-5.471,37.55632],[-5.47279,37.55727],[-5.4729,37.55729]]]},"properties":{"dam_id":"way/899024726","osm_type":"way","osm_id":899024726,"country":"ES","name":null,"uso":"desconhecido"}},{"type":"Feature","geometry":{"type":"Polygon","coordinates":[[[-5.48056,37.57088],[-5.48061,37.57102],[-5.48008,37.5712],[-5.47975,37.57123],[-5.47959,37.57109],[-5.47938,37.57038],[-5.47945,37.57034],[-5.47952,37.57037],[-5.47965,37.57069],[-5.47977,37.57088],[-5.4799,37.57101],[-5.48002,37.57104],[-5.48026,37.57101],[-5.48048,37.57096],[-5.48056,37.57088]]]},"properties":{"dam_id":"way/899024727","osm_type":"way","osm_id":899024727,"country":"ES","name":null,"uso":"desconhecido"}},{"type":"Feature","geometry":{"type":"Polygon","coordinates":[[[-5.50606,37.56743],[-5.50611,37.56748],[-5.50532,37.56767],[-5.50432,37.56756],[-5.50389,37.56747],[-5.50315,37.56702],[-5.50313,37.56698],[-5.50317,37.56696],[-5.50338,37.56698],[-5.50534,37.5675],[-5.50606,37.56743]]]},"properties":{"dam_id":"way/899024728","osm_type":"way","osm_id":899024728,"country":"ES","name":null,"uso":"desconhecido"}},{"type":"Feature","geometry":{"type":"Polygon","coordinates":[[[-5.5365,37.56686],[-5.53658,37.56684],[-5.53664,37.56687],[-5.53656,37.56783],[-5.53633,37.56838],[-5.53612,37.56872],[-5.53606,37.5689],[-5.536,37.56889],[-5.53589,37.56878],[-5.5365,37.56686]]]},"properties":{"dam_id":"way/899024729","osm_type":"way","osm_id":899024729,"country":"ES","name":null,"uso":"desconhecido"}},{"type":"Feature","geometry":{"type":"Polygon","coordinates":[[[-5.56299,37.5764],[-5.56304,37.57649],[-5.56231,37.57787],[-5.5599,37.58131],[-5.55946,37.58181],[-5.5594,37.58181],[-5.55925,37.58172],[-5.56299,37.5764]]]},"properties":{"dam_id":"way/899024732","osm_type":"way","osm_id":899024732,"country":"ES","name":null,"uso":"desconhecido"}},{"type":"Feature","geometry":{"type":"Polygon","coordinates":[[[-5.54883,37.60351],[-5.54894,37.60351],[-5.549,37.60364],[-5.54887,37.60429],[-5.54869,37.60473],[-5.5485,37.60506],[-5.54829,37.60528],[-5.54824,37.6053],[-5.54818,37.60524],[-5.54819,37.6052],[-5.54883,37.60351]]]},"properties":{"dam_id":"way/899024733","osm_type":"way","osm_id":899024733,"country":"ES","name":null,"uso":"desconhecido"}},{"type":"Feature","geometry":{"type":"Polygon","coordinates":[[[-5.47721,37.59564],[-5.47738,37.59409],[-5.47753,37.59408],[-5.47759,37.59421],[-5.4776,37.59467],[-5.47749,37.59544],[-5.4774,37.5956],[-5.4773,37.59567],[-5.47721,37.59564]]]},"properties":{"dam_id":"way/899024734","osm_type":"way","osm_id":899024734,"country":"ES","name":null,"uso":"desconhecido"}},{"type":"Feature","geometry":{"type":"Polygon","coordinates":[[[-5.48361,37.60796],[-5.4833,37.60793],[-5.48334,37.608],[-5.48349,37.60807],[-5.48365,37.60809],[-5.48377,37.60806],[-5.48364,37.60687],[-5.48359,37.60683],[-5.48351,37.60695],[-5.48355,37.60702],[-5.48361,37.60796]]]},"properties":{"dam_id":"way/899024735","osm_type":"way","osm_id":899024735,"country":"ES","name":null,"uso":"desconhecido"}},{"type":"Feature","geometry":{"type":"Polygon","coordinates":[[[-5.48478,37.61371],[-5.48486,37.61378],[-5.4848,37.61386],[-5.48451,37.61402],[-5.48417,37.61407],[-5.4838,37.61409],[-5.48369,37.61403],[-5.48478,37.61371]]]},"properties":{"dam_id":"way/899024736","osm_type":"way","osm_id":899024736,"country":"ES","name":null,"uso":"desconhecido"}},{"type":"Feature","geometry":{"type":"Polygon","coordinates":[[[-5.43116,37.58682],[-5.43099,37.58684],[-5.43072,37.58743],[-5.43084,37.58761],[-5.43098,37.58794],[-5.43127,37.58811],[-5.43161,37.58825],[-5.43185,37.58823],[-5.432,37.58818],[-5.43202,37.58805],[-5.43185,37.58811],[-5.43168,37.58807],[-5.43101,37.58737],[-5.43116,37.58682]]]},"properties":{"dam_id":"way/899024737","osm_type":"way","osm_id":899024737,"country":"ES","name":null,"uso":"desconhecido"}},{"type":"Feature","geometry":{"type":"Polygon","coordinates":[[[-5.41181,37.58598],[-5.41191,37.586],[-5.41194,37.58604],[-5.41191,37.58616],[-5.41184,37.58625],[-5.41173,37.58632],[-5.41124,37.58651],[-5.41128,37.58632],[-5.41123,37.58618],[-5.41126,37.58616],[-5.41137,37.58622],[-5.41144,37.5862],[-5.41171,37.58607],[-5.41181,37.58598]]]},"properties":{"dam_id":"way/899024738","osm_type":"way","osm_id":899024738,"country":"ES","name":null,"uso":"desconhecido"}},{"type":"Feature","geometry":{"type":"Polygon","coordinates":[[[-5.42364,37.59234],[-5.42348,37.59283],[-5.42351,37.59286],[-5.42356,37.59286],[-5.42389,37.59236],[-5.42389,37.59228],[-5.42387,37.59221],[-5.42356,37.59198],[-5.42335,37.59176],[-5.42326,37.59172],[-5.42296,37.59172],[-5.4223,37.59184],[-5.42228,37.59196],[-5.42262,37.5919],[-5.42299,37.59192],[-5.42364,37.59234]]]},"properties":{"dam_id":"way/899024739","osm_type":"way","osm_id":899024739,"country":"ES","name":null,"uso":"desconhecido"}},{"type":"Feature","geometry":{"type":"Polygon","coordinates":[[[-5.42959,37.61702],[-5.42967,37.6169],[-5.42964,37.61664],[-5.4295,37.61636],[-5.42869,37.61541],[-5.42856,37.6154],[-5.42959,37.61702]]]},"properties":{"dam_id":"way/899024740","osm_type":"way","osm_id":899024740,"country":"ES","name":null,"uso":"desconhecido"}},{"type":"Feature","geometry":{"type":"Polygon","coordinates":[[[-5.43735,37.62808],[-5.43743,37.62812],[-5.43751,37.6278],[-5.43735,37.62714],[-5.43713,37.62667],[-5.43683,37.62644],[-5.43672,37.62643],[-5.43735,37.62808]]]},"properties":{"dam_id":"way/899024741","osm_type":"way","osm_id":899024741,"country":"ES","name":null,"uso":"desconhecido"}},{"type":"Feature","geometry":{"type":"Polygon","coordinates":[[[-5.4267,37.6224],[-5.42654,37.62228],[-5.42585,37.62249],[-5.4252,37.6228],[-5.42514,37.62286],[-5.42518,37.62294],[-5.4267,37.6224]]]},"properties":{"dam_id":"way/899024742","osm_type":"way","osm_id":899024742,"country":"ES","name":null,"uso":"desconhecido"}},{"type":"Feature","geometry":{"type":"Polygon","coordinates":[[[-5.40444,37.60794],[-5.40362,37.60741],[-5.40366,37.60737],[-5.40442,37.60771],[-5.40447,37.60778],[-5.4046,37.60783],[-5.40523,37.6084],[-5.40526,37.60846],[-5.40521,37.60849],[-5.40512,37.60849],[-5.40508,37.6084],[-5.40444,37.60794]]]},"properties":{"dam_id":"way/899024745","osm_type":"way","osm_id":899024745,"country":"ES","name":null,"uso":"desconhecido"}},{"type":"Feature","geometry":{"type":"Polygon","coordinates":[[[-5.32776,37.58627],[-5.32758,37.58633],[-5.32734,37.58628],[-5.32684,37.58592],[-5.32661,37.58569],[-5.3264,37.58539],[-5.32639,37.58497],[-5.32658,37.58482],[-5.32661,37.58497],[-5.32776,37.58627]]]},"properties":{"dam_id":"way/899024764","osm_type":"way","osm_id":899024764,"country":"ES","name":null,"uso":"desconhecido"}},{"type":"Feature","geometry":{"type":"Polygon","coordinates":[[[-5.35099,37.59712],[-5.351,37.59717],[-5.35086,37.59722],[-5.35045,37.59733],[-5.3501,37.59729],[-5.34993,37.59719],[-5.35004,37.5971],[-5.35099,37.59712]]]},"properties":{"dam_id":"way/899024765","osm_type":"way","osm_id":899024765,"country":"ES","name":null,"uso":"desconhecido"}},{"type":"Feature","geometry":{"type":"Polygon","coordinates":[[[-5.45548,37.58348],[-5.45557,37.58237],[-5.45572,37.58128],[-5.45561,37.58126],[-5.45551,37.58127],[-5.45519,37.58218],[-5.45518,37.58271],[-5.45525,37.58314],[-5.45534,37.58354],[-5.4554,37.58354],[-5.45548,37.58348]]]},"properties":{"dam_id":"way/899024770","osm_type":"way","osm_id":899024770,"country":"ES","name":null,"uso":"desconhecido"}},{"type":"Feature","geometry":{"type":"Polygon","coordinates":[[[-5.4023,37.57605],[-5.40234,37.57611],[-5.40229,37.57614],[-5.40184,37.57603],[-5.40145,37.5757],[-5.40145,37.57565],[-5.40152,37.57564],[-5.4023,37.57605]]]},"properties":{"dam_id":"way/899024872","osm_type":"way","osm_id":899024872,"country":"ES","name":null,"uso":"desconhecido"}},{"type":"Feature","geometry":{"type":"Polygon","coordinates":[[[-4.1571,41.5733],[-4.15703,41.5734],[-4.15702,41.57368],[-4.15712,41.57399],[-4.15705,41.57426],[-4.15828,41.57475],[-4.1583,41.57485],[-4.16004,41.57479],[-4.16063,41.5746],[-4.16071,41.57448],[-4.15964,41.57433],[-4.15713,41.57334],[-4.1571,41.5733]]]},"properties":{"dam_id":"way/899107613","osm_type":"way","osm_id":899107613,"country":"ES","name":null,"uso":"desconhecido"}},{"type":"Feature","geometry":{"type":"LineString","coordinates":[[0.63317,41.52641],[0.6334,41.52656]]},"properties":{"dam_id":"way/901696626","osm_type":"way","osm_id":901696626,"country":"ES","name":"La Peixereta","uso":"desconhecido"}},{"type":"Feature","geometry":{"type":"LineString","coordinates":[[-0.98948,41.09129],[-0.98937,41.09124],[-0.98929,41.09114],[-0.98919,41.09113]]},"properties":{"dam_id":"way/902031888","osm_type":"way","osm_id":902031888,"country":"ES","name":"Presa del Río Santa María","uso":"desconhecido"}},{"type":"Feature","geometry":{"type":"LineString","coordinates":[[-0.96544,41.10455],[-0.96549,41.10446],[-0.96558,41.1045]]},"properties":{"dam_id":"way/902031891","osm_type":"way","osm_id":902031891,"country":"ES","name":"Azud del Río Santa María","uso":"desconhecido"}},{"type":"Feature","geometry":{"type":"LineString","coordinates":[[-0.95747,41.07746],[-0.95745,41.07749]]},"properties":{"dam_id":"way/903880047","osm_type":"way","osm_id":903880047,"country":"ES","name":null,"uso":"desconhecido"}},{"type":"Feature","geometry":{"type":"LineString","coordinates":[[-2.07551,43.12152],[-2.0754,43.12113]]},"properties":{"dam_id":"way/906517414","osm_type":"way","osm_id":906517414,"country":"ES","name":"Araxesko presa","uso":"desconhecido"}},{"type":"Feature","geometry":{"type":"Polygon","coordinates":[[[0.73752,41.22928],[0.73754,41.22939],[0.73762,41.22944],[0.73773,41.22944],[0.73771,41.22947],[0.73775,41.22947],[0.73779,41.2294],[0.73761,41.2294],[0.73757,41.22935],[0.73757,41.22928],[0.73752,41.22928]]]},"properties":{"dam_id":"way/908215287","osm_type":"way","osm_id":908215287,"country":"ES","name":"Pantà de la Vilella Baixa","uso":"desconhecido"}},{"type":"Feature","geometry":{"type":"Polygon","coordinates":[[[-3.60014,40.01922],[-3.60002,40.01916],[-3.60084,40.01815],[-3.60096,40.01821],[-3.60014,40.01922]]]},"properties":{"dam_id":"way/908879365","osm_type":"way","osm_id":908879365,"country":"ES","name":"Presa del Mar de Ontígola","uso":"desconhecido"}},{"type":"Feature","geometry":{"type":"Polygon","coordinates":[[[-6.42897,43.29168],[-6.42906,43.29169],[-6.42907,43.29159],[-6.42934,43.29161],[-6.42913,43.29158],[-6.42921,43.29122],[-6.42941,43.29122],[-6.42913,43.29118],[-6.42915,43.29107],[-6.42908,43.29106],[-6.42897,43.29168]]]},"properties":{"dam_id":"way/909636768","osm_type":"way","osm_id":909636768,"country":"ES","name":"Presa de Pilotuerto","uso":"desconhecido"}},{"type":"Feature","geometry":{"type":"Polygon","coordinates":[[[-3.16774,38.86854],[-3.16822,38.86878],[-3.16844,38.86885],[-3.16984,38.86769],[-3.16987,38.86737],[-3.16981,38.86703],[-3.16973,38.86684],[-3.16774,38.86854]]]},"properties":{"dam_id":"way/912209120","osm_type":"way","osm_id":912209120,"country":"ES","name":null,"uso":"desconhecido"}},{"type":"Feature","geometry":{"type":"LineString","coordinates":[[-4.0633,43.26721],[-4.06319,43.26723]]},"properties":{"dam_id":"way/912990085","osm_type":"way","osm_id":912990085,"country":"ES","name":null,"uso":"desconhecido"}},{"type":"Feature","geometry":{"type":"LineString","coordinates":[[-3.75094,42.7895],[-3.75081,42.78948]]},"properties":{"dam_id":"way/914544604","osm_type":"way","osm_id":914544604,"country":"ES","name":null,"uso":"desconhecido"}},{"type":"Feature","geometry":{"type":"Polygon","coordinates":[[[-6.77697,42.09629],[-6.77718,42.09617],[-6.77721,42.09609],[-6.77718,42.09601],[-6.77725,42.09607],[-6.77723,42.09614],[-6.77709,42.09627],[-6.77697,42.09629]]]},"properties":{"dam_id":"way/921028255","osm_type":"way","osm_id":921028255,"country":"ES","name":null,"uso":"desconhecido"}},{"type":"Feature","geometry":{"type":"LineString","coordinates":[[-6.77451,42.1331],[-6.77453,42.13294]]},"properties":{"dam_id":"way/924396152","osm_type":"way","osm_id":924396152,"country":"ES","name":null,"uso":"desconhecido"}},{"type":"Feature","geometry":{"type":"LineString","coordinates":[[-4.39944,36.74232],[-4.39941,36.7422]]},"properties":{"dam_id":"way/926202381","osm_type":"way","osm_id":926202381,"country":"ES","name":null,"uso":"desconhecido"}},{"type":"Feature","geometry":{"type":"LineString","coordinates":[[-2.87762,38.47807],[-2.87733,38.47845]]},"properties":{"dam_id":"way/928810814","osm_type":"way","osm_id":928810814,"country":"ES","name":null,"uso":"desconhecido"}},{"type":"Feature","geometry":{"type":"LineString","coordinates":[[-2.95594,38.44508],[-2.95583,38.44505],[-2.95578,38.44494]]},"properties":{"dam_id":"way/928869510","osm_type":"way","osm_id":928869510,"country":"ES","name":null,"uso":"desconhecido"}},{"type":"Feature","geometry":{"type":"LineString","coordinates":[[-2.93045,43.20316],[-2.93028,43.20318]]},"properties":{"dam_id":"way/929186188","osm_type":"way","osm_id":929186188,"country":"ES","name":null,"uso":"desconhecido"}},{"type":"Feature","geometry":{"type":"Polygon","coordinates":[[[-2.67146,42.17447],[-2.6741,42.17318],[-2.67406,42.17312],[-2.67359,42.17322],[-2.6735,42.17313],[-2.67312,42.1732],[-2.67207,42.17369],[-2.67159,42.17417],[-2.67129,42.17428],[-2.67146,42.17447]]]},"properties":{"dam_id":"way/929199161","osm_type":"way","osm_id":929199161,"country":"ES","name":null,"uso":"desconhecido"}},{"type":"Feature","geometry":{"type":"Polygon","coordinates":[[[-2.82719,43.23951],[-2.82717,43.23955],[-2.8269,43.23947],[-2.82679,43.23951],[-2.82677,43.23948],[-2.8269,43.23943],[-2.82719,43.23951]]]},"properties":{"dam_id":"way/929234597","osm_type":"way","osm_id":929234597,"country":"ES","name":null,"uso":"desconhecido"}},{"type":"Feature","geometry":{"type":"LineString","coordinates":[[-2.89499,42.16567],[-2.89452,42.16526]]},"properties":{"dam_id":"way/929332463","osm_type":"way","osm_id":929332463,"country":"ES","name":"Presa de Piarrejas","uso":"desconhecido"}},{"type":"Feature","geometry":{"type":"LineString","coordinates":[[2.89323,41.87291],[2.89352,41.87308]]},"properties":{"dam_id":"way/930348999","osm_type":"way","osm_id":930348999,"country":"ES","name":"Resclosa de Verneda","uso":"desconhecido"}},{"type":"Feature","geometry":{"type":"LineString","coordinates":[[-6.48372,39.39215],[-6.48365,39.39208],[-6.48353,39.39212],[-6.48344,39.39211],[-6.48321,39.39199],[-6.48322,39.39184]]},"properties":{"dam_id":"way/932207257","osm_type":"way","osm_id":932207257,"country":"ES","name":null,"uso":"desconhecido"}},{"type":"Feature","geometry":{"type":"LineString","coordinates":[[-6.51404,39.39804],[-6.514,39.39797],[-6.51383,39.39797],[-6.51373,39.39794],[-6.51367,39.39783]]},"properties":{"dam_id":"way/932207258","osm_type":"way","osm_id":932207258,"country":"ES","name":null,"uso":"desconhecido"}},{"type":"Feature","geometry":{"type":"LineString","coordinates":[[-6.5454,39.39623],[-6.54545,39.39614],[-6.54555,39.39609],[-6.54595,39.39602],[-6.5461,39.39604]]},"properties":{"dam_id":"way/932207259","osm_type":"way","osm_id":932207259,"country":"ES","name":null,"uso":"desconhecido"}},{"type":"Feature","geometry":{"type":"LineString","coordinates":[[-8.72715,42.12392],[-8.72692,42.1235]]},"properties":{"dam_id":"way/933051165","osm_type":"way","osm_id":933051165,"country":"ES","name":null,"uso":"desconhecido"}},{"type":"Feature","geometry":{"type":"LineString","coordinates":[[-2.97746,38.40231],[-2.97753,38.40242],[-2.97748,38.4026]]},"properties":{"dam_id":"way/934441114","osm_type":"way","osm_id":934441114,"country":"ES","name":null,"uso":"desconhecido"}},{"type":"Feature","geometry":{"type":"Polygon","coordinates":[[[-2.86255,43.22157],[-2.86255,43.2216],[-2.8618,43.22162],[-2.8618,43.22159],[-2.86255,43.22157]]]},"properties":{"dam_id":"way/934469220","osm_type":"way","osm_id":934469220,"country":"ES","name":"Txarrotako Presea","uso":"desconhecido"}},{"type":"Feature","geometry":{"type":"LineString","coordinates":[[-0.57889,39.04007],[-0.57933,39.0402]]},"properties":{"dam_id":"way/934649632","osm_type":"way","osm_id":934649632,"country":"ES","name":null,"uso":"desconhecido"}},{"type":"Feature","geometry":{"type":"Polygon","coordinates":[[[0.74394,42.32584],[0.74315,42.32591],[0.74266,42.32592],[0.74256,42.32597],[0.74481,42.32672],[0.74482,42.32667],[0.74451,42.32658],[0.74455,42.3265],[0.7444,42.32646],[0.74467,42.32591],[0.74462,42.32575],[0.74433,42.32568],[0.74436,42.3255],[0.74424,42.32548],[0.74414,42.32577],[0.74394,42.32584]]]},"properties":{"dam_id":"way/935933290","osm_type":"way","osm_id":935933290,"country":"ES","name":"Presa d'Escales","uso":"desconhecido"}},{"type":"Feature","geometry":{"type":"Polygon","coordinates":[[[-4.28286,40.82007],[-4.28273,40.81995],[-4.28276,40.81993],[-4.28267,40.81981],[-4.28278,40.81976],[-4.28297,40.82003],[-4.28286,40.82007]]]},"properties":{"dam_id":"way/936770275","osm_type":"way","osm_id":936770275,"country":"ES","name":null,"uso":"desconhecido"}},{"type":"Feature","geometry":{"type":"LineString","coordinates":[[-1.20572,40.3644],[-1.20407,40.36358]]},"properties":{"dam_id":"way/940762633","osm_type":"way","osm_id":940762633,"country":"ES","name":"Arquillo de San Blas","uso":"desconhecido"}},{"type":"Feature","geometry":{"type":"LineString","coordinates":[[-4.69699,41.47085],[-4.6967,41.47153],[-4.69653,41.47204]]},"properties":{"dam_id":"way/945978459","osm_type":"way","osm_id":945978459,"country":"ES","name":null,"uso":"desconhecido"}},{"type":"Feature","geometry":{"type":"Polygon","coordinates":[[[-2.88966,38.97336],[-2.88946,38.97347],[-2.88942,38.97346],[-2.88937,38.97336],[-2.88945,38.97342],[-2.88948,38.9734],[-2.88944,38.97333],[-2.8895,38.9734],[-2.88953,38.97338],[-2.88948,38.9733],[-2.88954,38.97337],[-2.88957,38.97335],[-2.88953,38.97328],[-2.88959,38.97334],[-2.88962,38.97333],[-2.88958,38.97325],[-2.88967,38.97332],[-2.88966,38.97336]]]},"properties":{"dam_id":"way/946128092","osm_type":"way","osm_id":946128092,"country":"ES","name":null,"uso":"desconhecido"}},{"type":"Feature","geometry":{"type":"LineString","coordinates":[[-3.99739,39.05976],[-3.99737,39.05964],[-3.99637,39.05862],[-3.99629,39.05858],[-3.99608,39.05858]]},"properties":{"dam_id":"way/946133064","osm_type":"way","osm_id":946133064,"country":"ES","name":"Embalse de El Vicario","uso":"desconhecido"}},{"type":"Feature","geometry":{"type":"LineString","coordinates":[[-3.79831,40.48084],[-3.79796,40.48096]]},"properties":{"dam_id":"way/953958126","osm_type":"way","osm_id":953958126,"country":"ES","name":null,"uso":"desconhecido"}},{"type":"Feature","geometry":{"type":"LineString","coordinates":[[-0.31699,41.29667],[-0.31763,41.29642],[-0.31883,41.29547],[-0.31937,41.29526],[-0.32013,41.29517],[-0.32062,41.29515],[-0.32115,41.29502],[-0.32149,41.29506],[-0.32158,41.29491]]},"properties":{"dam_id":"way/954324176","osm_type":"way","osm_id":954324176,"country":"ES","name":null,"uso":"desconhecido"}},{"type":"Feature","geometry":{"type":"LineString","coordinates":[[-5.74828,40.39266],[-5.74817,40.39245],[-5.74818,40.39224]]},"properties":{"dam_id":"way/954914983","osm_type":"way","osm_id":954914983,"country":"ES","name":null,"uso":"desconhecido"}},{"type":"Feature","geometry":{"type":"LineString","coordinates":[[-7.07602,38.31979],[-7.07554,38.31977]]},"properties":{"dam_id":"way/956010575","osm_type":"way","osm_id":956010575,"country":"ES","name":null,"uso":"desconhecido"}},{"type":"Feature","geometry":{"type":"Polygon","coordinates":[[[-8.1998,42.27014],[-8.19976,42.26998],[-8.20005,42.26985],[-8.20024,42.26994],[-8.1998,42.27014]]]},"properties":{"dam_id":"way/960062674","osm_type":"way","osm_id":960062674,"country":"ES","name":"Encoro de Valugo","uso":"desconhecido"}},{"type":"Feature","geometry":{"type":"Polygon","coordinates":[[[-6.573,37.44861],[-6.57327,37.44897],[-6.57304,37.44936],[-6.57261,37.44959],[-6.57239,37.44954],[-6.57275,37.44857],[-6.573,37.44861]]]},"properties":{"dam_id":"way/962307624","osm_type":"way","osm_id":962307624,"country":"ES","name":null,"uso":"desconhecido"}},{"type":"Feature","geometry":{"type":"LineString","coordinates":[[-6.48023,37.70869],[-6.47911,37.70859]]},"properties":{"dam_id":"way/962567769","osm_type":"way","osm_id":962567769,"country":"ES","name":null,"uso":"desconhecido"}},{"type":"Feature","geometry":{"type":"LineString","coordinates":[[-6.56316,37.72153],[-6.5627,37.72146]]},"properties":{"dam_id":"way/962567774","osm_type":"way","osm_id":962567774,"country":"ES","name":null,"uso":"desconhecido"}},{"type":"Feature","geometry":{"type":"LineString","coordinates":[[-3.18316,41.99791],[-3.1827,41.99783],[-3.18237,41.99785],[-3.18207,41.99796],[-3.1818,41.99816]]},"properties":{"dam_id":"way/967236864","osm_type":"way","osm_id":967236864,"country":"ES","name":"Presa de cola embalse de Castrovido","uso":"desconhecido"}},{"type":"Feature","geometry":{"type":"LineString","coordinates":[[-8.31992,43.22727],[-8.3199,43.22722]]},"properties":{"dam_id":"way/968244570","osm_type":"way","osm_id":968244570,"country":"ES","name":null,"uso":"desconhecido"}},{"type":"Feature","geometry":{"type":"Polygon","coordinates":[[[-6.42972,38.92331],[-6.42966,38.92349],[-6.42963,38.92347],[-6.42961,38.92351],[-6.42956,38.92351],[-6.42954,38.92347],[-6.42951,38.92351],[-6.42946,38.92351],[-6.42942,38.92342],[-6.4294,38.92351],[-6.42933,38.92351],[-6.42931,38.92346],[-6.42928,38.92347],[-6.42928,38.92352],[-6.42921,38.92352],[-6.42918,38.92347],[-6.42915,38.92352],[-6.42908,38.92353],[-6.42906,38.92339],[-6.42902,38.92341],[-6.42902,38.92353],[-6.42897,38.92353],[-6.42894,38.92349],[-6.42893,38.92353],[-6.42888,38.92353],[-6.42884,38.92341],[-6.42881,38.92342],[-6.42882,38.92357],[-6.42877,38.92357],[-6.42876,38.92355],[-6.42861,38.92355],[-6.42859,38.92345],[-6.4287,38.92346],[-6.42873,38.9234],[-6.42886,38.92334],[-6.4288,38.92334],[-6.42867,38.92339],[-6.42867,38.92342],[-6.42802,38.92345],[-6.42802,38.92362],[-6.42707,38.92366],[-6.42682,38.92363],[-6.42648,38.92348],[-6.42655,38.92343],[-6.4265,38.9234],[-6.42643,38.92344],[-6.42626,38.92332],[-6.42604,38.92316],[-6.42591,38.92299],[-6.42582,38.92303],[-6.42604,38.92334],[-6.42606,38.92334],[-6.42599,38.92321],[-6.42614,38.92336],[-6.42652,38.92359],[-6.42689,38.92371],[-6.42721,38.92373],[-6.42962,38.92364],[-6.42964,38.92393],[-6.42967,38.92393],[-6.42966,38.92364],[-6.42988,38.92362],[-6.42988,38.92356],[-6.42967,38.92357],[-6.42975,38.92329],[-6.42985,38.9231],[-6.42972,38.92331]]]},"properties":{"dam_id":"way/970171099","osm_type":"way","osm_id":970171099,"country":"ES","name":"Presa de Montijo","uso":"desconhecido"}},{"type":"Feature","geometry":{"type":"Polygon","coordinates":[[[-6.17347,38.35544],[-6.17338,38.35533],[-6.17325,38.35533],[-6.17317,38.35544],[-6.17325,38.35532],[-6.17339,38.35532],[-6.17347,38.35544]]]},"properties":{"dam_id":"way/973934531","osm_type":"way","osm_id":973934531,"country":"ES","name":null,"uso":"desconhecido"}},{"type":"Feature","geometry":{"type":"LineString","coordinates":[[-0.53403,38.45836],[-0.53362,38.45819]]},"properties":{"dam_id":"way/976683349","osm_type":"way","osm_id":976683349,"country":"ES","name":"Presa de Cocons","uso":"desconhecido"}},{"type":"Feature","geometry":{"type":"Polygon","coordinates":[[[-7.92695,43.22336],[-7.92596,43.22344],[-7.92565,43.22355],[-7.92542,43.22356],[-7.92552,43.22359],[-7.92695,43.22336]]]},"properties":{"dam_id":"way/977145080","osm_type":"way","osm_id":977145080,"country":"ES","name":null,"uso":"desconhecido"}},{"type":"Feature","geometry":{"type":"Polygon","coordinates":[[[-7.88788,43.18737],[-7.88817,43.18737],[-7.88788,43.18736],[-7.88788,43.18737]]]},"properties":{"dam_id":"way/977372730","osm_type":"way","osm_id":977372730,"country":"ES","name":null,"uso":"desconhecido"}},{"type":"Feature","geometry":{"type":"LineString","coordinates":[[2.1393,41.85124],[2.13953,41.85116]]},"properties":{"dam_id":"way/977619225","osm_type":"way","osm_id":977619225,"country":"ES","name":null,"uso":"desconhecido"}},{"type":"Feature","geometry":{"type":"LineString","coordinates":[[-2.46859,36.85759],[-2.46863,36.85752]]},"properties":{"dam_id":"way/978048565","osm_type":"way","osm_id":978048565,"country":"ES","name":null,"uso":"desconhecido"}},{"type":"Feature","geometry":{"type":"LineString","coordinates":[[-2.48605,36.86986],[-2.48613,36.86978]]},"properties":{"dam_id":"way/978048595","osm_type":"way","osm_id":978048595,"country":"ES","name":null,"uso":"desconhecido"}},{"type":"Feature","geometry":{"type":"LineString","coordinates":[[-2.5003,36.85295],[-2.50022,36.85285]]},"properties":{"dam_id":"way/978570195","osm_type":"way","osm_id":978570195,"country":"ES","name":null,"uso":"desconhecido"}},{"type":"Feature","geometry":{"type":"Polygon","coordinates":[[[-5.85653,40.09731],[-5.85648,40.09728],[-5.85655,40.09721],[-5.85667,40.09728],[-5.85704,40.0973],[-5.85731,40.09744],[-5.85736,40.09758],[-5.85752,40.09772],[-5.85761,40.09773],[-5.85756,40.09777],[-5.85747,40.09779],[-5.85746,40.09775],[-5.85655,40.09729],[-5.85653,40.09731]]]},"properties":{"dam_id":"way/979674317","osm_type":"way","osm_id":979674317,"country":"ES","name":"Presa de Garganta del Obispo","uso":"desconhecido"}},{"type":"Feature","geometry":{"type":"LineString","coordinates":[[-1.18612,40.35601],[-1.1858,40.35601]]},"properties":{"dam_id":"way/980072578","osm_type":"way","osm_id":980072578,"country":"ES","name":null,"uso":"desconhecido"}},{"type":"Feature","geometry":{"type":"LineString","coordinates":[[-5.54191,40.12013],[-5.54182,40.12021]]},"properties":{"dam_id":"way/980663394","osm_type":"way","osm_id":980663394,"country":"ES","name":null,"uso":"desconhecido"}},{"type":"Feature","geometry":{"type":"Polygon","coordinates":[[[-1.89954,37.32853],[-1.89832,37.32848],[-1.89783,37.32838],[-1.89749,37.32828],[-1.89584,37.32763],[-1.89553,37.32747],[-1.89524,37.32729],[-1.89497,37.32706],[-1.89476,37.32685],[-1.89455,37.32653],[-1.89442,37.32622],[-1.89432,37.32565],[-1.89455,37.32545],[-1.89467,37.3254],[-1.89484,37.32543],[-1.89497,37.32594],[-1.89513,37.32632],[-1.89545,37.32638],[-1.8956,37.32649],[-1.89674,37.32616],[-1.8971,37.32608],[-1.89746,37.32586],[-1.89859,37.32622],[-1.89886,37.32648],[-1.89888,37.32667],[-1.89894,37.32672],[-1.89964,37.3269],[-1.89954,37.32853]]]},"properties":{"dam_id":"way/981855154","osm_type":"way","osm_id":981855154,"country":"ES","name":"Presa de Cuevas del Almanzora","uso":"desconhecido"}},{"type":"Feature","geometry":{"type":"LineString","coordinates":[[-1.97922,40.65005],[-1.97876,40.64998]]},"properties":{"dam_id":"way/981924507","osm_type":"way","osm_id":981924507,"country":"ES","name":null,"uso":"desconhecido"}},{"type":"Feature","geometry":{"type":"LineString","coordinates":[[-3.32339,41.02293],[-3.32336,41.02294]]},"properties":{"dam_id":"way/982254219","osm_type":"way","osm_id":982254219,"country":"ES","name":null,"uso":"desconhecido"}},{"type":"Feature","geometry":{"type":"LineString","coordinates":[[-2.64536,38.63281],[-2.64513,38.63285],[-2.64485,38.63299],[-2.64393,38.6337],[-2.64383,38.63382]]},"properties":{"dam_id":"way/983682016","osm_type":"way","osm_id":983682016,"country":"ES","name":null,"uso":"desconhecido"}},{"type":"Feature","geometry":{"type":"LineString","coordinates":[[-3.0876,41.56985],[-3.08744,41.56993],[-3.08727,41.56992],[-3.08714,41.56981],[-3.08711,41.56973]]},"properties":{"dam_id":"way/983691410","osm_type":"way","osm_id":983691410,"country":"ES","name":null,"uso":"desconhecido"}},{"type":"Feature","geometry":{"type":"Polygon","coordinates":[[[-5.77482,40.0287],[-5.77615,40.02808],[-5.77652,40.0278],[-5.7776,40.02647],[-5.7777,40.02631],[-5.77778,40.02604],[-5.77771,40.02601],[-5.77772,40.02607],[-5.77764,40.02631],[-5.77741,40.02666],[-5.77647,40.02777],[-5.77611,40.02804],[-5.77484,40.02866],[-5.77482,40.0287]]]},"properties":{"dam_id":"way/984059461","osm_type":"way","osm_id":984059461,"country":"ES","name":null,"uso":"desconhecido"}},{"type":"Feature","geometry":{"type":"Polygon","coordinates":[[[-1.55212,37.7578],[-1.55204,37.75789],[-1.55183,37.75798],[-1.55171,37.75791],[-1.55188,37.75786],[-1.55201,37.75776],[-1.55212,37.7578]]]},"properties":{"dam_id":"way/984721823","osm_type":"way","osm_id":984721823,"country":"ES","name":"Presa de Lébor","uso":"desconhecido"}},{"type":"Feature","geometry":{"type":"Polygon","coordinates":[[[-4.43349,36.78859],[-4.43351,36.78863],[-4.43299,36.7888],[-4.43297,36.78877],[-4.43349,36.78859]]]},"properties":{"dam_id":"way/985914686","osm_type":"way","osm_id":985914686,"country":"ES","name":null,"uso":"desconhecido"}},{"type":"Feature","geometry":{"type":"Polygon","coordinates":[[[1.05919,42.48191],[1.05931,42.48196],[1.05936,42.4819],[1.05924,42.48185],[1.05919,42.48191]]]},"properties":{"dam_id":"way/989326512","osm_type":"way","osm_id":989326512,"country":"ES","name":"Resclosa CH Caregué","uso":"desconhecido"}},{"type":"Feature","geometry":{"type":"LineString","coordinates":[[0.53229,42.40041],[0.53199,42.40047]]},"properties":{"dam_id":"way/990192438","osm_type":"way","osm_id":990192438,"country":"ES","name":null,"uso":"desconhecido"}},{"type":"Feature","geometry":{"type":"Polygon","coordinates":[[[-6.54279,39.8897],[-6.54263,39.89029],[-6.54099,39.89199],[-6.54279,39.8897]]]},"properties":{"dam_id":"way/991192039","osm_type":"way","osm_id":991192039,"country":"ES","name":"Presa de Portaje","uso":"desconhecido"}},{"type":"Feature","geometry":{"type":"LineString","coordinates":[[-0.94152,39.05877],[-0.94166,39.05871],[-0.94179,39.0587]]},"properties":{"dam_id":"way/991679802","osm_type":"way","osm_id":991679802,"country":"ES","name":null,"uso":"desconhecido"}},{"type":"Feature","geometry":{"type":"LineString","coordinates":[[-0.95087,39.06256],[-0.95077,39.06241]]},"properties":{"dam_id":"way/991679803","osm_type":"way","osm_id":991679803,"country":"ES","name":null,"uso":"desconhecido"}},{"type":"Feature","geometry":{"type":"LineString","coordinates":[[-1.83076,42.93595],[-1.83049,42.93598],[-1.83025,42.93596]]},"properties":{"dam_id":"way/992017402","osm_type":"way","osm_id":992017402,"country":"ES","name":null,"uso":"desconhecido"}},{"type":"Feature","geometry":{"type":"Polygon","coordinates":[[[-6.88574,38.23067],[-6.88551,38.23005],[-6.8856,38.22995],[-6.88553,38.22994],[-6.88547,38.23001],[-6.8853,38.23004],[-6.88516,38.22999],[-6.88513,38.23002],[-6.88529,38.23009],[-6.88551,38.23072],[-6.88574,38.23067]]]},"properties":{"dam_id":"way/992927417","osm_type":"way","osm_id":992927417,"country":"ES","name":null,"uso":"desconhecido"}},{"type":"Feature","geometry":{"type":"LineString","coordinates":[[-1.79449,42.09953],[-1.79401,42.09923]]},"properties":{"dam_id":"way/993358190","osm_type":"way","osm_id":993358190,"country":"ES","name":null,"uso":"desconhecido"}},{"type":"Feature","geometry":{"type":"LineString","coordinates":[[-6.19976,39.28035],[-6.1998,39.27972]]},"properties":{"dam_id":"way/995555332","osm_type":"way","osm_id":995555332,"country":"ES","name":null,"uso":"desconhecido"}},{"type":"Feature","geometry":{"type":"Polygon","coordinates":[[[-1.38956,37.88376],[-1.3895,37.88455],[-1.38941,37.88483],[-1.38875,37.88545],[-1.38861,37.88553],[-1.38874,37.88571],[-1.38791,37.88614],[-1.38749,37.88649],[-1.38735,37.88667],[-1.38619,37.88868],[-1.38609,37.88909],[-1.38641,37.88963],[-1.38627,37.89032],[-1.38615,37.89024],[-1.38533,37.88922],[-1.38475,37.88896],[-1.3845,37.88878],[-1.38443,37.8884],[-1.38425,37.88825],[-1.38421,37.88805],[-1.38403,37.88795],[-1.38389,37.88802],[-1.3836,37.88805],[-1.38349,37.88772],[-1.38337,37.88752],[-1.38324,37.88734],[-1.38314,37.88729],[-1.38343,37.88671],[-1.38336,37.88656],[-1.38416,37.88639],[-1.38482,37.88619],[-1.38508,37.88595],[-1.38534,37.88597],[-1.38587,37.88597],[-1.38638,37.88571],[-1.38662,37.88571],[-1.38708,37.88533],[-1.38758,37.88508],[-1.38795,37.8848],[-1.38825,37.88465],[-1.38866,37.88428],[-1.389,37.8839],[-1.38903,37.88378],[-1.389,37.88354],[-1.38883,37.88331],[-1.38845,37.88317],[-1.3885,37.88301],[-1.38885,37.88307],[-1.3892,37.88325],[-1.38944,37.88348],[-1.38956,37.88376]]]},"properties":{"dam_id":"way/995602233","osm_type":"way","osm_id":995602233,"country":"ES","name":null,"uso":"desconhecido"}},{"type":"Feature","geometry":{"type":"LineString","coordinates":[[-6.28146,39.23192],[-6.28161,39.23024]]},"properties":{"dam_id":"way/996232156","osm_type":"way","osm_id":996232156,"country":"ES","name":null,"uso":"desconhecido"}},{"type":"Feature","geometry":{"type":"LineString","coordinates":[[-1.83013,42.06051],[-1.82978,42.06061]]},"properties":{"dam_id":"way/998133187","osm_type":"way","osm_id":998133187,"country":"ES","name":null,"uso":"desconhecido"}},{"type":"Feature","geometry":{"type":"LineString","coordinates":[[-1.79924,42.0988],[-1.79941,42.0986]]},"properties":{"dam_id":"way/998136658","osm_type":"way","osm_id":998136658,"country":"ES","name":null,"uso":"desconhecido"}},{"type":"Feature","geometry":{"type":"Polygon","coordinates":[[[0.12399,41.07196],[0.12362,41.07199],[0.12345,41.07268],[0.12429,41.07346],[0.12502,41.07361],[0.1252,41.07356],[0.12532,41.07358],[0.12525,41.07319],[0.12399,41.07196]]]},"properties":{"dam_id":"way/998226480","osm_type":"way","osm_id":998226480,"country":"ES","name":null,"uso":"desconhecido"}},{"type":"Feature","geometry":{"type":"Polygon","coordinates":[[[2.17006,42.30877],[2.17024,42.30887],[2.17025,42.30883],[2.17007,42.30873],[2.17006,42.30877]]]},"properties":{"dam_id":"way/999059616","osm_type":"way","osm_id":999059616,"country":"ES","name":"Assut CH Fàbrica de Paper","uso":"desconhecido"}},{"type":"Feature","geometry":{"type":"Polygon","coordinates":[[[2.24403,41.63252],[2.24411,41.6326],[2.24417,41.63267],[2.24422,41.6326],[2.2441,41.63249],[2.24407,41.6325],[2.24404,41.63248],[2.24403,41.63252]]]},"properties":{"dam_id":"way/1001049753","osm_type":"way","osm_id":1001049753,"country":"ES","name":"Resclosa de Sot d'Aigües","uso":"desconhecido"}},{"type":"Feature","geometry":{"type":"Polygon","coordinates":[[[-0.52539,39.88932],[-0.52527,39.88922],[-0.5247,39.88954],[-0.52462,39.88947],[-0.52426,39.8897],[-0.52428,39.8898],[-0.52408,39.88993],[-0.52406,39.89007],[-0.52348,39.89055],[-0.52352,39.89058],[-0.52539,39.88932]]]},"properties":{"dam_id":"way/1001714620","osm_type":"way","osm_id":1001714620,"country":"ES","name":null,"uso":"desconhecido"}},{"type":"Feature","geometry":{"type":"LineString","coordinates":[[-0.51937,39.70587],[-0.51935,39.70564]]},"properties":{"dam_id":"way/1004003761","osm_type":"way","osm_id":1004003761,"country":"ES","name":null,"uso":"desconhecido"}},{"type":"Feature","geometry":{"type":"LineString","coordinates":[[-0.76461,42.57142],[-0.76422,42.57129],[-0.76391,42.57124]]},"properties":{"dam_id":"way/1008095939","osm_type":"way","osm_id":1008095939,"country":"ES","name":null,"uso":"desconhecido"}},{"type":"Feature","geometry":{"type":"LineString","coordinates":[[-0.75494,42.57691],[-0.75473,42.57691],[-0.75429,42.57663],[-0.75429,42.57658]]},"properties":{"dam_id":"way/1008095940","osm_type":"way","osm_id":1008095940,"country":"ES","name":null,"uso":"desconhecido"}},{"type":"Feature","geometry":{"type":"LineString","coordinates":[[-0.74474,42.58671],[-0.74469,42.58675]]},"properties":{"dam_id":"way/1008095943","osm_type":"way","osm_id":1008095943,"country":"ES","name":null,"uso":"desconhecido"}},{"type":"Feature","geometry":{"type":"LineString","coordinates":[[-0.7294,42.65705],[-0.72919,42.65693],[-0.7292,42.65679]]},"properties":{"dam_id":"way/1008101469","osm_type":"way","osm_id":1008101469,"country":"ES","name":null,"uso":"desconhecido"}},{"type":"Feature","geometry":{"type":"LineString","coordinates":[[-0.88316,42.59144],[-0.88307,42.59154],[-0.88296,42.59154],[-0.88198,42.59253]]},"properties":{"dam_id":"way/1008117044","osm_type":"way","osm_id":1008117044,"country":"ES","name":null,"uso":"desconhecido"}},{"type":"Feature","geometry":{"type":"Polygon","coordinates":[[[-0.58067,42.5646],[-0.58057,42.5646],[-0.58063,42.56401],[-0.58075,42.56396],[-0.58074,42.56411],[-0.5807,42.56412],[-0.58067,42.5646]]]},"properties":{"dam_id":"way/1008137701","osm_type":"way","osm_id":1008137701,"country":"ES","name":null,"uso":"desconhecido"}},{"type":"Feature","geometry":{"type":"LineString","coordinates":[[-6.01906,39.24394],[-6.01785,39.24406],[-6.01679,39.24431]]},"properties":{"dam_id":"way/1008159992","osm_type":"way","osm_id":1008159992,"country":"ES","name":null,"uso":"desconhecido"}},{"type":"Feature","geometry":{"type":"Polygon","coordinates":[[[-0.55351,42.65862],[-0.55335,42.6586],[-0.55321,42.65875],[-0.55299,42.65884],[-0.55303,42.65893],[-0.5533,42.65883],[-0.55351,42.65862]]]},"properties":{"dam_id":"way/1008175412","osm_type":"way","osm_id":1008175412,"country":"ES","name":null,"uso":"desconhecido"}},{"type":"Feature","geometry":{"type":"Polygon","coordinates":[[[-0.55299,42.64909],[-0.55304,42.6491],[-0.55301,42.64912],[-0.55304,42.64916],[-0.55315,42.6491],[-0.5531,42.64906],[-0.55337,42.64888],[-0.55331,42.64884],[-0.55299,42.64909]]]},"properties":{"dam_id":"way/1008175414","osm_type":"way","osm_id":1008175414,"country":"ES","name":null,"uso":"desconhecido"}},{"type":"Feature","geometry":{"type":"Polygon","coordinates":[[[-2.24902,40.57403],[-2.24902,40.574],[-2.24895,40.574],[-2.24894,40.57403],[-2.24902,40.57403]]]},"properties":{"dam_id":"way/1008612731","osm_type":"way","osm_id":1008612731,"country":"ES","name":null,"uso":"desconhecido"}},{"type":"Feature","geometry":{"type":"LineString","coordinates":[[-6.20008,39.29954],[-6.19921,39.30032]]},"properties":{"dam_id":"way/1008640158","osm_type":"way","osm_id":1008640158,"country":"ES","name":null,"uso":"desconhecido"}},{"type":"Feature","geometry":{"type":"LineString","coordinates":[[-6.23117,39.31576],[-6.23216,39.31512],[-6.23368,39.31491],[-6.23482,39.31428]]},"properties":{"dam_id":"way/1008643958","osm_type":"way","osm_id":1008643958,"country":"ES","name":null,"uso":"desconhecido"}},{"type":"Feature","geometry":{"type":"LineString","coordinates":[[-6.1992,39.34831],[-6.20038,39.34699]]},"properties":{"dam_id":"way/1008643963","osm_type":"way","osm_id":1008643963,"country":"ES","name":null,"uso":"desconhecido"}},{"type":"Feature","geometry":{"type":"Polygon","coordinates":[[[-0.10835,42.63022],[-0.10831,42.63023],[-0.1083,42.63015],[-0.10826,42.63014],[-0.10831,42.63007],[-0.10836,42.63009],[-0.10832,42.63014],[-0.10835,42.63022]]]},"properties":{"dam_id":"way/1008659436","osm_type":"way","osm_id":1008659436,"country":"ES","name":null,"uso":"desconhecido"}},{"type":"Feature","geometry":{"type":"Polygon","coordinates":[[[-6.80008,37.78531],[-6.79845,37.78544],[-6.79844,37.78543],[-6.79905,37.78538],[-6.79904,37.78533],[-6.79941,37.7853],[-6.79942,37.78533],[-6.80008,37.78531]]]},"properties":{"dam_id":"way/1008714954","osm_type":"way","osm_id":1008714954,"country":"ES","name":"Presa Monte Félix-Toril","uso":"desconhecido"}},{"type":"Feature","geometry":{"type":"LineString","coordinates":[[0.3528,42.27409],[0.35301,42.27403],[0.35319,42.27404],[0.35332,42.27397]]},"properties":{"dam_id":"way/1008732687","osm_type":"way","osm_id":1008732687,"country":"ES","name":null,"uso":"desconhecido"}},{"type":"Feature","geometry":{"type":"Polygon","coordinates":[[[-5.93626,39.22076],[-5.93344,39.22124],[-5.93024,39.22137],[-5.9282,39.22112],[-5.92823,39.22103],[-5.93007,39.2211],[-5.93159,39.221],[-5.93359,39.22092],[-5.93628,39.22061],[-5.93626,39.22076]]]},"properties":{"dam_id":"way/1008832289","osm_type":"way","osm_id":1008832289,"country":"ES","name":null,"uso":"desconhecido"}},{"type":"Feature","geometry":{"type":"LineString","coordinates":[[1.83996,41.70802],[1.83993,41.70786],[1.83986,41.7078]]},"properties":{"dam_id":"way/1008847970","osm_type":"way","osm_id":1008847970,"country":"ES","name":null,"uso":"desconhecido"}},{"type":"Feature","geometry":{"type":"LineString","coordinates":[[1.78798,41.76628],[1.7881,41.76629]]},"properties":{"dam_id":"way/1008849321","osm_type":"way","osm_id":1008849321,"country":"ES","name":null,"uso":"desconhecido"}},{"type":"Feature","geometry":{"type":"LineString","coordinates":[[1.78064,41.78741],[1.78075,41.78724],[1.78085,41.78725]]},"properties":{"dam_id":"way/1008849502","osm_type":"way","osm_id":1008849502,"country":"ES","name":null,"uso":"desconhecido"}},{"type":"Feature","geometry":{"type":"LineString","coordinates":[[1.74498,41.83553],[1.74509,41.83552]]},"properties":{"dam_id":"way/1008849924","osm_type":"way","osm_id":1008849924,"country":"ES","name":null,"uso":"desconhecido"}},{"type":"Feature","geometry":{"type":"LineString","coordinates":[[1.75006,41.83232],[1.75013,41.83232]]},"properties":{"dam_id":"way/1008849925","osm_type":"way","osm_id":1008849925,"country":"ES","name":null,"uso":"desconhecido"}},{"type":"Feature","geometry":{"type":"LineString","coordinates":[[1.72894,41.83525],[1.72905,41.83525]]},"properties":{"dam_id":"way/1008851312","osm_type":"way","osm_id":1008851312,"country":"ES","name":null,"uso":"desconhecido"}},{"type":"Feature","geometry":{"type":"LineString","coordinates":[[1.74,41.83377],[1.7399,41.83379]]},"properties":{"dam_id":"way/1008851313","osm_type":"way","osm_id":1008851313,"country":"ES","name":null,"uso":"desconhecido"}},{"type":"Feature","geometry":{"type":"LineString","coordinates":[[1.65542,41.93608],[1.65549,41.93613]]},"properties":{"dam_id":"way/1008852115","osm_type":"way","osm_id":1008852115,"country":"ES","name":null,"uso":"desconhecido"}},{"type":"Feature","geometry":{"type":"LineString","coordinates":[[1.61408,41.94715],[1.61421,41.94715]]},"properties":{"dam_id":"way/1008852597","osm_type":"way","osm_id":1008852597,"country":"ES","name":null,"uso":"desconhecido"}},{"type":"Feature","geometry":{"type":"LineString","coordinates":[[1.84445,41.69812],[1.84453,41.69815]]},"properties":{"dam_id":"way/1008853554","osm_type":"way","osm_id":1008853554,"country":"ES","name":null,"uso":"desconhecido"}},{"type":"Feature","geometry":{"type":"LineString","coordinates":[[1.85345,41.67758],[1.85361,41.67759]]},"properties":{"dam_id":"way/1008853898","osm_type":"way","osm_id":1008853898,"country":"ES","name":null,"uso":"desconhecido"}},{"type":"Feature","geometry":{"type":"LineString","coordinates":[[1.8433,41.67936],[1.84331,41.67926]]},"properties":{"dam_id":"way/1008853899","osm_type":"way","osm_id":1008853899,"country":"ES","name":null,"uso":"desconhecido"}},{"type":"Feature","geometry":{"type":"LineString","coordinates":[[1.86485,41.6895],[1.86471,41.68943]]},"properties":{"dam_id":"way/1008854294","osm_type":"way","osm_id":1008854294,"country":"ES","name":null,"uso":"desconhecido"}},{"type":"Feature","geometry":{"type":"Polygon","coordinates":[[[0.43234,42.47817],[0.43249,42.47785],[0.43261,42.47787],[0.43244,42.47818],[0.43264,42.47823],[0.43262,42.47826],[0.43234,42.47817]]]},"properties":{"dam_id":"way/1008881100","osm_type":"way","osm_id":1008881100,"country":"ES","name":null,"uso":"desconhecido"}},{"type":"Feature","geometry":{"type":"LineString","coordinates":[[1.89404,41.75185],[1.89409,41.752]]},"properties":{"dam_id":"way/1008932972","osm_type":"way","osm_id":1008932972,"country":"ES","name":null,"uso":"desconhecido"}},{"type":"Feature","geometry":{"type":"LineString","coordinates":[[1.89985,41.74736],[1.89972,41.7473]]},"properties":{"dam_id":"way/1008932973","osm_type":"way","osm_id":1008932973,"country":"ES","name":null,"uso":"desconhecido"}},{"type":"Feature","geometry":{"type":"LineString","coordinates":[[1.97647,41.76505],[1.97642,41.76504]]},"properties":{"dam_id":"way/1008933461","osm_type":"way","osm_id":1008933461,"country":"ES","name":"Resclosa de la Colonia Jorba","uso":"desconhecido"}},{"type":"Feature","geometry":{"type":"LineString","coordinates":[[1.90209,41.76076],[1.90202,41.76081]]},"properties":{"dam_id":"way/1008934452","osm_type":"way","osm_id":1008934452,"country":"ES","name":null,"uso":"desconhecido"}},{"type":"Feature","geometry":{"type":"LineString","coordinates":[[1.90506,41.77687],[1.90514,41.77685],[1.90516,41.77688]]},"properties":{"dam_id":"way/1008934842","osm_type":"way","osm_id":1008934842,"country":"ES","name":null,"uso":"desconhecido"}},{"type":"Feature","geometry":{"type":"LineString","coordinates":[[1.90017,41.79138],[1.90023,41.79139],[1.90027,41.79146]]},"properties":{"dam_id":"way/1008936681","osm_type":"way","osm_id":1008936681,"country":"ES","name":null,"uso":"desconhecido"}},{"type":"Feature","geometry":{"type":"LineString","coordinates":[[1.90228,41.8145],[1.90231,41.81448],[1.90254,41.81451]]},"properties":{"dam_id":"way/1008937004","osm_type":"way","osm_id":1008937004,"country":"ES","name":"Resclosa del Guix","uso":"desconhecido"}},{"type":"Feature","geometry":{"type":"Polygon","coordinates":[[[-6.83619,37.71891],[-6.8366,37.71836],[-6.8367,37.7182],[-6.83671,37.718],[-6.8368,37.71792],[-6.83689,37.71795],[-6.83717,37.71776],[-6.83619,37.71891]]]},"properties":{"dam_id":"way/1008978855","osm_type":"way","osm_id":1008978855,"country":"ES","name":null,"uso":"desconhecido"}},{"type":"Feature","geometry":{"type":"Polygon","coordinates":[[[-6.80925,37.71204],[-6.80886,37.71221],[-6.80872,37.71224],[-6.80848,37.71227],[-6.80821,37.71223],[-6.80796,37.71212],[-6.80771,37.71194],[-6.80763,37.71183],[-6.80757,37.71161],[-6.80761,37.71157],[-6.80766,37.71159],[-6.80781,37.71183],[-6.80806,37.71198],[-6.80833,37.7121],[-6.80863,37.71214],[-6.80897,37.71207],[-6.8092,37.71199],[-6.80925,37.71204]]]},"properties":{"dam_id":"way/1009380257","osm_type":"way","osm_id":1009380257,"country":"ES","name":"Presa de Sotiel","uso":"desconhecido"}},{"type":"Feature","geometry":{"type":"Polygon","coordinates":[[[-6.89132,37.59881],[-6.89131,37.59885],[-6.89073,37.59867],[-6.89051,37.59814],[-6.89057,37.59818],[-6.89063,37.59831],[-6.89074,37.59833],[-6.89081,37.5985],[-6.89096,37.59865],[-6.89132,37.59881]]]},"properties":{"dam_id":"way/1011295983","osm_type":"way","osm_id":1011295983,"country":"ES","name":null,"uso":"desconhecido"}},{"type":"Feature","geometry":{"type":"LineString","coordinates":[[-6.87095,37.60441],[-6.87069,37.60449],[-6.8703,37.60467]]},"properties":{"dam_id":"way/1011509946","osm_type":"way","osm_id":1011509946,"country":"ES","name":null,"uso":"desconhecido"}},{"type":"Feature","geometry":{"type":"LineString","coordinates":[[-5.29126,42.57776],[-5.29041,42.57758]]},"properties":{"dam_id":"way/1013305913","osm_type":"way","osm_id":1013305913,"country":"ES","name":null,"uso":"desconhecido"}},{"type":"Feature","geometry":{"type":"Polygon","coordinates":[[[-6.83721,37.52966],[-6.83619,37.52976],[-6.8362,37.52981],[-6.83668,37.52983],[-6.83721,37.52971],[-6.83721,37.52966]]]},"properties":{"dam_id":"way/1014011829","osm_type":"way","osm_id":1014011829,"country":"ES","name":null,"uso":"desconhecido"}},{"type":"Feature","geometry":{"type":"LineString","coordinates":[[-0.4674,39.70959],[-0.4672,39.70932]]},"properties":{"dam_id":"way/1018663247","osm_type":"way","osm_id":1018663247,"country":"ES","name":null,"uso":"desconhecido"}},{"type":"Feature","geometry":{"type":"Polygon","coordinates":[[[-5.60483,39.3972],[-5.60452,39.39734],[-5.60365,39.39767],[-5.60366,39.39769],[-5.60418,39.3975],[-5.60432,39.39751],[-5.60445,39.39766],[-5.60456,39.39762],[-5.60451,39.39749],[-5.60461,39.39745],[-5.60456,39.39735],[-5.60485,39.39722],[-5.60483,39.3972]]]},"properties":{"dam_id":"way/1019035241","osm_type":"way","osm_id":1019035241,"country":"ES","name":"Presa de los Moruelos","uso":"desconhecido"}},{"type":"Feature","geometry":{"type":"LineString","coordinates":[[-2.50319,42.44799],[-2.50035,42.44699]]},"properties":{"dam_id":"way/1020362529","osm_type":"way","osm_id":1020362529,"country":"ES","name":null,"uso":"desconhecido"}},{"type":"Feature","geometry":{"type":"Polygon","coordinates":[[[-7.03246,37.62217],[-7.03239,37.62214],[-7.03254,37.62197],[-7.03244,37.62193],[-7.03261,37.62173],[-7.03274,37.62173],[-7.03246,37.62217]]]},"properties":{"dam_id":"way/1021518818","osm_type":"way","osm_id":1021518818,"country":"ES","name":null,"uso":"desconhecido"}},{"type":"Feature","geometry":{"type":"LineString","coordinates":[[-7.20913,37.71866],[-7.20898,37.7185],[-7.20893,37.71837]]},"properties":{"dam_id":"way/1021754866","osm_type":"way","osm_id":1021754866,"country":"ES","name":null,"uso":"desconhecido"}},{"type":"Feature","geometry":{"type":"LineString","coordinates":[[-2.80936,38.05291],[-2.80942,38.05275]]},"properties":{"dam_id":"way/1021855432","osm_type":"way","osm_id":1021855432,"country":"ES","name":null,"uso":"desconhecido"}},{"type":"Feature","geometry":{"type":"LineString","coordinates":[[-3.72397,36.86312],[-3.72388,36.86303]]},"properties":{"dam_id":"way/1022027958","osm_type":"way","osm_id":1022027958,"country":"ES","name":null,"uso":"desconhecido"}},{"type":"Feature","geometry":{"type":"LineString","coordinates":[[-3.79534,36.85311],[-3.79533,36.85301]]},"properties":{"dam_id":"way/1022049115","osm_type":"way","osm_id":1022049115,"country":"ES","name":null,"uso":"desconhecido"}},{"type":"Feature","geometry":{"type":"LineString","coordinates":[[-4.03631,40.91631],[-4.03638,40.91622]]},"properties":{"dam_id":"way/1063000941","osm_type":"way","osm_id":1063000941,"country":"ES","name":"Camino presa Pontón Alto","uso":"desconhecido"}},{"type":"Feature","geometry":{"type":"LineString","coordinates":[[-2.57145,42.41663],[-2.569,42.41631]]},"properties":{"dam_id":"way/1022631981","osm_type":"way","osm_id":1022631981,"country":"ES","name":null,"uso":"desconhecido"}},{"type":"Feature","geometry":{"type":"LineString","coordinates":[[-3.76887,36.85385],[-3.76874,36.85375]]},"properties":{"dam_id":"way/1024253447","osm_type":"way","osm_id":1024253447,"country":"ES","name":null,"uso":"desconhecido"}},{"type":"Feature","geometry":{"type":"LineString","coordinates":[[-3.83433,36.88867],[-3.83395,36.88852]]},"properties":{"dam_id":"way/1024298176","osm_type":"way","osm_id":1024298176,"country":"ES","name":null,"uso":"desconhecido"}},{"type":"Feature","geometry":{"type":"Polygon","coordinates":[[[-1.3293,38.48061],[-1.32916,38.4807],[-1.32915,38.48068],[-1.32921,38.48061],[-1.3293,38.48061]]]},"properties":{"dam_id":"way/1024663920","osm_type":"way","osm_id":1024663920,"country":"ES","name":null,"uso":"desconhecido"}},{"type":"Feature","geometry":{"type":"Polygon","coordinates":[[[-0.28849,38.56305],[-0.28849,38.563],[-0.2884,38.56299],[-0.28835,38.56312],[-0.28821,38.56329],[-0.28831,38.56333],[-0.28846,38.56313],[-0.28852,38.56314],[-0.28853,38.56306],[-0.28849,38.56305]]]},"properties":{"dam_id":"way/1024853071","osm_type":"way","osm_id":1024853071,"country":"ES","name":"Presa del Pantà de Relleu","uso":"desconhecido"}},{"type":"Feature","geometry":{"type":"LineString","coordinates":[[-3.86036,36.9362],[-3.8605,36.93619]]},"properties":{"dam_id":"way/1026143979","osm_type":"way","osm_id":1026143979,"country":"ES","name":null,"uso":"desconhecido"}},{"type":"Feature","geometry":{"type":"LineString","coordinates":[[-3.8796,36.88997],[-3.87957,36.89003]]},"properties":{"dam_id":"way/1026144025","osm_type":"way","osm_id":1026144025,"country":"ES","name":null,"uso":"desconhecido"}},{"type":"Feature","geometry":{"type":"LineString","coordinates":[[-3.88808,36.88318],[-3.88817,36.8831]]},"properties":{"dam_id":"way/1026144035","osm_type":"way","osm_id":1026144035,"country":"ES","name":null,"uso":"desconhecido"}},{"type":"Feature","geometry":{"type":"LineString","coordinates":[[-5.81223,41.32108],[-5.81141,41.31954]]},"properties":{"dam_id":"way/1026302420","osm_type":"way","osm_id":1026302420,"country":"ES","name":null,"uso":"desconhecido"}},{"type":"Feature","geometry":{"type":"LineString","coordinates":[[-1.81862,42.668],[-1.81864,42.66731]]},"properties":{"dam_id":"way/1036039555","osm_type":"way","osm_id":1036039555,"country":"ES","name":null,"uso":"desconhecido"}},{"type":"Feature","geometry":{"type":"Polygon","coordinates":[[[-1.77026,40.10068],[-1.77024,40.10058],[-1.77017,40.10057],[-1.77002,40.1006],[-1.77004,40.1007],[-1.77026,40.10068]]]},"properties":{"dam_id":"way/1036281284","osm_type":"way","osm_id":1036281284,"country":"ES","name":null,"uso":"desconhecido"}},{"type":"Feature","geometry":{"type":"Polygon","coordinates":[[[-1.78091,40.11219],[-1.78092,40.11203],[-1.78076,40.11194],[-1.78061,40.11212],[-1.78091,40.11219]]]},"properties":{"dam_id":"way/1036281285","osm_type":"way","osm_id":1036281285,"country":"ES","name":"Tejo","uso":"desconhecido"}},{"type":"Feature","geometry":{"type":"Polygon","coordinates":[[[-1.29318,42.91604],[-1.29355,42.91618],[-1.2937,42.91609],[-1.29366,42.91602],[-1.2936,42.91604],[-1.29328,42.91594],[-1.29318,42.91604]]]},"properties":{"dam_id":"way/1037772733","osm_type":"way","osm_id":1037772733,"country":"ES","name":null,"uso":"desconhecido"}},{"type":"Feature","geometry":{"type":"Polygon","coordinates":[[[-3.26252,37.00035],[-3.26254,37.00042],[-3.26256,37.00049],[-3.26257,37.00041],[-3.26252,37.00035]]]},"properties":{"dam_id":"way/1038328710","osm_type":"way","osm_id":1038328710,"country":"ES","name":null,"uso":"desconhecido"}},{"type":"Feature","geometry":{"type":"LineString","coordinates":[[-0.52488,41.28861],[-0.52412,41.28899]]},"properties":{"dam_id":"way/1040186367","osm_type":"way","osm_id":1040186367,"country":"ES","name":null,"uso":"desconhecido"}},{"type":"Feature","geometry":{"type":"LineString","coordinates":[[-2.02788,43.23459],[-2.028,43.2344],[-2.02816,43.23428],[-2.02835,43.23419]]},"properties":{"dam_id":"way/1047672233","osm_type":"way","osm_id":1047672233,"country":"ES","name":null,"uso":"desconhecido"}},{"type":"Feature","geometry":{"type":"Polygon","coordinates":[[[-2.0157,43.20898],[-2.0157,43.20902],[-2.01547,43.20901],[-2.01547,43.20897],[-2.0157,43.20898]]]},"properties":{"dam_id":"way/1051153518","osm_type":"way","osm_id":1051153518,"country":"ES","name":null,"uso":"desconhecido"}},{"type":"Feature","geometry":{"type":"LineString","coordinates":[[-0.57746,41.2684],[-0.57724,41.26836]]},"properties":{"dam_id":"way/1051217385","osm_type":"way","osm_id":1051217385,"country":"ES","name":null,"uso":"desconhecido"}},{"type":"Feature","geometry":{"type":"LineString","coordinates":[[-0.57374,41.26982],[-0.57313,41.26952]]},"properties":{"dam_id":"way/1051217397","osm_type":"way","osm_id":1051217397,"country":"ES","name":null,"uso":"desconhecido"}},{"type":"Feature","geometry":{"type":"LineString","coordinates":[[0.85529,41.37092],[0.85546,41.37088],[0.85555,41.37093]]},"properties":{"dam_id":"way/1051739675","osm_type":"way","osm_id":1051739675,"country":"ES","name":null,"uso":"desconhecido"}},{"type":"Feature","geometry":{"type":"LineString","coordinates":[[-5.90792,39.51721],[-5.90649,39.51733],[-5.90606,39.51774]]},"properties":{"dam_id":"way/1052044435","osm_type":"way","osm_id":1052044435,"country":"ES","name":null,"uso":"desconhecido"}},{"type":"Feature","geometry":{"type":"LineString","coordinates":[[-2.83499,37.2229],[-2.83503,37.22268]]},"properties":{"dam_id":"way/1052225861","osm_type":"way","osm_id":1052225861,"country":"ES","name":null,"uso":"desconhecido"}},{"type":"Feature","geometry":{"type":"LineString","coordinates":[[2.72786,41.91382],[2.72803,41.9139]]},"properties":{"dam_id":"way/1052335857","osm_type":"way","osm_id":1052335857,"country":"ES","name":null,"uso":"desconhecido"}},{"type":"Feature","geometry":{"type":"LineString","coordinates":[[-2.9103,37.30892],[-2.91012,37.30903]]},"properties":{"dam_id":"way/1052426549","osm_type":"way","osm_id":1052426549,"country":"ES","name":null,"uso":"desconhecido"}},{"type":"Feature","geometry":{"type":"LineString","coordinates":[[-6.49563,39.43032],[-6.49593,39.43031],[-6.49618,39.43038],[-6.49641,39.43054],[-6.49671,39.43065],[-6.4967,39.43074]]},"properties":{"dam_id":"way/1055110484","osm_type":"way","osm_id":1055110484,"country":"ES","name":null,"uso":"desconhecido"}},{"type":"Feature","geometry":{"type":"LineString","coordinates":[[-0.11098,38.68077],[-0.1109,38.68076]]},"properties":{"dam_id":"way/1055318161","osm_type":"way","osm_id":1055318161,"country":"ES","name":null,"uso":"desconhecido"}},{"type":"Feature","geometry":{"type":"Polygon","coordinates":[[[-1.94948,43.30545],[-1.9495,43.30542],[-1.9494,43.3054],[-1.94939,43.30545],[-1.94948,43.30545]]]},"properties":{"dam_id":"way/1055479183","osm_type":"way","osm_id":1055479183,"country":"ES","name":null,"uso":"desconhecido"}},{"type":"Feature","geometry":{"type":"LineString","coordinates":[[-0.59008,38.95174],[-0.58979,38.95148]]},"properties":{"dam_id":"way/1055775540","osm_type":"way","osm_id":1055775540,"country":"ES","name":null,"uso":"desconhecido"}},{"type":"Feature","geometry":{"type":"LineString","coordinates":[[-1.37664,38.11256],[-1.37684,38.11283]]},"properties":{"dam_id":"way/1056644984","osm_type":"way","osm_id":1056644984,"country":"ES","name":null,"uso":"desconhecido"}},{"type":"Feature","geometry":{"type":"Polygon","coordinates":[[[-5.80649,42.12861],[-5.80649,42.12854],[-5.80631,42.12853],[-5.80629,42.1286],[-5.80649,42.12861]]]},"properties":{"dam_id":"way/1058333803","osm_type":"way","osm_id":1058333803,"country":"ES","name":null,"uso":"desconhecido"}},{"type":"Feature","geometry":{"type":"Polygon","coordinates":[[[-0.71093,38.89687],[-0.7108,38.89773],[-0.71057,38.89767],[-0.71049,38.89683],[-0.71093,38.89687]]]},"properties":{"dam_id":"way/1058866312","osm_type":"way","osm_id":1058866312,"country":"ES","name":"Assut de les hortes de Baix","uso":"desconhecido"}},{"type":"Feature","geometry":{"type":"LineString","coordinates":[[0.96869,42.61846],[0.96883,42.61847],[0.96902,42.61854]]},"properties":{"dam_id":"way/1059205142","osm_type":"way","osm_id":1059205142,"country":"ES","name":null,"uso":"desconhecido"}},{"type":"Feature","geometry":{"type":"Polygon","coordinates":[[[-3.42695,40.47919],[-3.42694,40.47913],[-3.42658,40.47908],[-3.42654,40.47912],[-3.42695,40.47919]]]},"properties":{"dam_id":"way/1063390024","osm_type":"way","osm_id":1063390024,"country":"ES","name":null,"uso":"desconhecido"}},{"type":"Feature","geometry":{"type":"LineString","coordinates":[[0.83075,41.36904],[0.83096,41.36892]]},"properties":{"dam_id":"way/1064239173","osm_type":"way","osm_id":1064239173,"country":"ES","name":null,"uso":"desconhecido"}},{"type":"Feature","geometry":{"type":"LineString","coordinates":[[-0.72613,38.33348],[-0.72612,38.33328]]},"properties":{"dam_id":"way/1067778308","osm_type":"way","osm_id":1067778308,"country":"ES","name":"Presa de Pavía","uso":"desconhecido"}},{"type":"Feature","geometry":{"type":"LineString","coordinates":[[2.33454,41.8516],[2.3344,41.85172]]},"properties":{"dam_id":"way/1068277537","osm_type":"way","osm_id":1068277537,"country":"ES","name":null,"uso":"desconhecido"}},{"type":"Feature","geometry":{"type":"Polygon","coordinates":[[[-8.11817,43.47087],[-8.1183,43.47095],[-8.11803,43.47105],[-8.118,43.47104],[-8.11827,43.47094],[-8.11816,43.4709],[-8.11817,43.47087]]]},"properties":{"dam_id":"way/1069388883","osm_type":"way","osm_id":1069388883,"country":"ES","name":null,"uso":"desconhecido"}},{"type":"Feature","geometry":{"type":"LineString","coordinates":[[-8.12383,43.48236],[-8.12384,43.48248],[-8.12413,43.48266],[-8.12416,43.48256]]},"properties":{"dam_id":"way/1069398164","osm_type":"way","osm_id":1069398164,"country":"ES","name":null,"uso":"desconhecido"}},{"type":"Feature","geometry":{"type":"LineString","coordinates":[[1.40114,42.04707],[1.40139,42.04709]]},"properties":{"dam_id":"way/1073496025","osm_type":"way","osm_id":1073496025,"country":"ES","name":null,"uso":"desconhecido"}},{"type":"Feature","geometry":{"type":"LineString","coordinates":[[1.38191,42.04784],[1.38157,42.04774]]},"properties":{"dam_id":"way/1073496030","osm_type":"way","osm_id":1073496030,"country":"ES","name":null,"uso":"desconhecido"}},{"type":"Feature","geometry":{"type":"Polygon","coordinates":[[[-0.52948,38.4959],[-0.52939,38.49563],[-0.52935,38.49564],[-0.52936,38.49571],[-0.52909,38.49575],[-0.52914,38.49588],[-0.52937,38.49583],[-0.52945,38.49591],[-0.52948,38.4959]]]},"properties":{"dam_id":"way/1075174820","osm_type":"way","osm_id":1075174820,"country":"ES","name":null,"uso":"desconhecido"}},{"type":"Feature","geometry":{"type":"Polygon","coordinates":[[[-0.51901,38.48678],[-0.519,38.48676],[-0.51921,38.48664],[-0.51923,38.48665],[-0.51901,38.48678]]]},"properties":{"dam_id":"way/1075174821","osm_type":"way","osm_id":1075174821,"country":"ES","name":null,"uso":"desconhecido"}},{"type":"Feature","geometry":{"type":"Polygon","coordinates":[[[-1.90745,37.34367],[-1.90737,37.34344],[-1.90708,37.34343],[-1.90745,37.34367]]]},"properties":{"dam_id":"way/1076401643","osm_type":"way","osm_id":1076401643,"country":"ES","name":null,"uso":"desconhecido"}},{"type":"Feature","geometry":{"type":"LineString","coordinates":[[-5.594,40.34107],[-5.59402,40.34111],[-5.59382,40.34122],[-5.59361,40.34133],[-5.5935,40.34134],[-5.59305,40.3431]]},"properties":{"dam_id":"way/1076621970","osm_type":"way","osm_id":1076621970,"country":"ES","name":null,"uso":"desconhecido"}},{"type":"Feature","geometry":{"type":"Polygon","coordinates":[[[-8.79904,42.12777],[-8.79892,42.12781],[-8.79876,42.12764],[-8.79888,42.12761],[-8.79904,42.12777]]]},"properties":{"dam_id":"way/1076822350","osm_type":"way","osm_id":1076822350,"country":"ES","name":"Presa da Regueira","uso":"desconhecido"}},{"type":"Feature","geometry":{"type":"LineString","coordinates":[[-0.48463,41.29765],[-0.48387,41.2977]]},"properties":{"dam_id":"way/1077887301","osm_type":"way","osm_id":1077887301,"country":"ES","name":null,"uso":"desconhecido"}},{"type":"Feature","geometry":{"type":"Polygon","coordinates":[[[-2.07304,37.6322],[-2.0728,37.63223],[-2.07288,37.63208],[-2.07304,37.6322]]]},"properties":{"dam_id":"way/1078867864","osm_type":"way","osm_id":1078867864,"country":"ES","name":null,"uso":"desconhecido"}},{"type":"Feature","geometry":{"type":"LineString","coordinates":[[-0.76339,38.28969],[-0.76329,38.28967]]},"properties":{"dam_id":"way/1080713972","osm_type":"way","osm_id":1080713972,"country":"ES","name":null,"uso":"desconhecido"}},{"type":"Feature","geometry":{"type":"LineString","coordinates":[[2.24358,42.22129],[2.24307,42.22187],[2.24304,42.22198]]},"properties":{"dam_id":"way/1081317572","osm_type":"way","osm_id":1081317572,"country":"ES","name":null,"uso":"desconhecido"}},{"type":"Feature","geometry":{"type":"LineString","coordinates":[[2.23497,42.22025],[2.23487,42.22033],[2.2346,42.22034],[2.23451,42.22029],[2.23439,42.22036]]},"properties":{"dam_id":"way/1081317586","osm_type":"way","osm_id":1081317586,"country":"ES","name":null,"uso":"desconhecido"}},{"type":"Feature","geometry":{"type":"LineString","coordinates":[[2.28238,42.23341],[2.28225,42.2335],[2.28239,42.23369],[2.28241,42.23389]]},"properties":{"dam_id":"way/1081319554","osm_type":"way","osm_id":1081319554,"country":"ES","name":null,"uso":"desconhecido"}},{"type":"Feature","geometry":{"type":"LineString","coordinates":[[2.40966,41.78618],[2.40955,41.78621]]},"properties":{"dam_id":"way/1081353690","osm_type":"way","osm_id":1081353690,"country":"ES","name":null,"uso":"desconhecido"}},{"type":"Feature","geometry":{"type":"LineString","coordinates":[[-6.15678,43.04646],[-6.15664,43.04636]]},"properties":{"dam_id":"way/1082644914","osm_type":"way","osm_id":1082644914,"country":"ES","name":null,"uso":"desconhecido"}},{"type":"Feature","geometry":{"type":"Polygon","coordinates":[[[-1.57624,42.85817],[-1.57612,42.85808],[-1.5762,42.85803],[-1.57631,42.85812],[-1.57624,42.85817]]]},"properties":{"dam_id":"way/1087043433","osm_type":"way","osm_id":1087043433,"country":"ES","name":null,"uso":"desconhecido"}},{"type":"Feature","geometry":{"type":"LineString","coordinates":[[0.70266,40.78503],[0.70255,40.78517]]},"properties":{"dam_id":"way/1089554973","osm_type":"way","osm_id":1089554973,"country":"ES","name":null,"uso":"desconhecido"}},{"type":"Feature","geometry":{"type":"Polygon","coordinates":[[[-5.87267,36.31038],[-5.87288,36.31034],[-5.87309,36.3103],[-5.87305,36.31028],[-5.87267,36.31036],[-5.87267,36.31038]]]},"properties":{"dam_id":"way/1089632119","osm_type":"way","osm_id":1089632119,"country":"ES","name":"Presa de Cabrahigo","uso":"desconhecido"}},{"type":"Feature","geometry":{"type":"LineString","coordinates":[[0.21993,40.83018],[0.22048,40.83016]]},"properties":{"dam_id":"way/1091031755","osm_type":"way","osm_id":1091031755,"country":"ES","name":"Assut de la Séquia del Toll de l'Olla","uso":"desconhecido"}},{"type":"Feature","geometry":{"type":"LineString","coordinates":[[-4.9313,36.71937],[-4.93118,36.71954]]},"properties":{"dam_id":"way/1091200352","osm_type":"way","osm_id":1091200352,"country":"ES","name":null,"uso":"desconhecido"}},{"type":"Feature","geometry":{"type":"LineString","coordinates":[[3.04078,42.27921],[3.04129,42.27929],[3.04289,42.27942]]},"properties":{"dam_id":"way/1091599649","osm_type":"way","osm_id":1091599649,"country":"ES","name":null,"uso":"desconhecido"}},{"type":"Feature","geometry":{"type":"LineString","coordinates":[[2.97841,42.29829],[2.97845,42.29938]]},"properties":{"dam_id":"way/1091604260","osm_type":"way","osm_id":1091604260,"country":"ES","name":null,"uso":"desconhecido"}},{"type":"Feature","geometry":{"type":"LineString","coordinates":[[2.94556,42.30229],[2.9448,42.30199]]},"properties":{"dam_id":"way/1091605658","osm_type":"way","osm_id":1091605658,"country":"ES","name":"Resclosa de ca n'Alaí","uso":"desconhecido"}},{"type":"Feature","geometry":{"type":"LineString","coordinates":[[2.91811,42.3157],[2.91789,42.31525]]},"properties":{"dam_id":"way/1091617498","osm_type":"way","osm_id":1091617498,"country":"ES","name":"Resclosa de regants de la Muga","uso":"desconhecido"}},{"type":"Feature","geometry":{"type":"Polygon","coordinates":[[[-0.34389,42.7106],[-0.34387,42.71058],[-0.34404,42.71049],[-0.34406,42.71051],[-0.34389,42.7106]]]},"properties":{"dam_id":"way/1095639091","osm_type":"way","osm_id":1095639091,"country":"ES","name":"Presa del Gorgol","uso":"desconhecido"}},{"type":"Feature","geometry":{"type":"Polygon","coordinates":[[[-1.2159,42.61874],[-1.21619,42.61905],[-1.2162,42.61904],[-1.21613,42.61897],[-1.2159,42.61874]]]},"properties":{"dam_id":"way/1095760341","osm_type":"way","osm_id":1095760341,"country":"ES","name":null,"uso":"desconhecido"}},{"type":"Feature","geometry":{"type":"Polygon","coordinates":[[[-1.78891,41.19376],[-1.7886,41.19396],[-1.78858,41.19394],[-1.78888,41.19374],[-1.78891,41.19376]]]},"properties":{"dam_id":"way/1097777145","osm_type":"way","osm_id":1097777145,"country":"ES","name":null,"uso":"desconhecido"}},{"type":"Feature","geometry":{"type":"LineString","coordinates":[[-3.78254,42.61713],[-3.78252,42.61705],[-3.78145,42.61668],[-3.78131,42.61668],[-3.78122,42.61672],[-3.78116,42.6168]]},"properties":{"dam_id":"way/1098620826","osm_type":"way","osm_id":1098620826,"country":"ES","name":null,"uso":"desconhecido"}},{"type":"Feature","geometry":{"type":"LineString","coordinates":[[1.64217,41.21579],[1.64254,41.2159]]},"properties":{"dam_id":"way/1098806754","osm_type":"way","osm_id":1098806754,"country":"ES","name":null,"uso":"desconhecido"}},{"type":"Feature","geometry":{"type":"LineString","coordinates":[[-7.40681,42.3745],[-7.40681,42.37417]]},"properties":{"dam_id":"way/1102376186","osm_type":"way","osm_id":1102376186,"country":"ES","name":null,"uso":"desconhecido"}},{"type":"Feature","geometry":{"type":"Polygon","coordinates":[[[-5.27432,41.40355],[-5.27439,41.40372],[-5.27163,41.40419],[-5.2717,41.40407],[-5.27181,41.404],[-5.27178,41.40387],[-5.27216,41.40381],[-5.27223,41.40396],[-5.27386,41.40368],[-5.27432,41.40355]]]},"properties":{"dam_id":"way/1494979349","osm_type":"way","osm_id":1494979349,"country":"ES","name":"Presa de San José","uso":"desconhecido"}},{"type":"Feature","geometry":{"type":"Polygon","coordinates":[[[-0.51675,39.06649],[-0.51667,39.06647],[-0.51702,39.0657],[-0.51709,39.06575],[-0.51675,39.06649]]]},"properties":{"dam_id":"way/1104462599","osm_type":"way","osm_id":1104462599,"country":"ES","name":null,"uso":"desconhecido"}},{"type":"Feature","geometry":{"type":"LineString","coordinates":[[-6.46232,39.48188],[-6.46191,39.48191],[-6.46093,39.48217],[-6.45996,39.48238]]},"properties":{"dam_id":"way/1104522184","osm_type":"way","osm_id":1104522184,"country":"ES","name":null,"uso":"desconhecido"}},{"type":"Feature","geometry":{"type":"LineString","coordinates":[[-6.44256,39.55149],[-6.44122,39.55059],[-6.44017,39.54984]]},"properties":{"dam_id":"way/1104522185","osm_type":"way","osm_id":1104522185,"country":"ES","name":null,"uso":"desconhecido"}},{"type":"Feature","geometry":{"type":"LineString","coordinates":[[-6.69131,39.59082],[-6.69135,39.59066],[-6.69123,39.5903],[-6.69134,39.58989],[-6.69119,39.5896],[-6.69102,39.58897],[-6.69109,39.58888]]},"properties":{"dam_id":"way/1104522187","osm_type":"way","osm_id":1104522187,"country":"ES","name":null,"uso":"desconhecido"}},{"type":"Feature","geometry":{"type":"LineString","coordinates":[[-6.3029,39.36587],[-6.30422,39.36528],[-6.30509,39.36256]]},"properties":{"dam_id":"way/1104522188","osm_type":"way","osm_id":1104522188,"country":"ES","name":null,"uso":"desconhecido"}},{"type":"Feature","geometry":{"type":"LineString","coordinates":[[-1.41939,42.77909],[-1.41627,42.77904],[-1.41618,42.77907]]},"properties":{"dam_id":"way/1104997670","osm_type":"way","osm_id":1104997670,"country":"ES","name":null,"uso":"desconhecido"}},{"type":"Feature","geometry":{"type":"LineString","coordinates":[[-6.12341,40.41998],[-6.12312,40.42009]]},"properties":{"dam_id":"way/1106698418","osm_type":"way","osm_id":1106698418,"country":"ES","name":null,"uso":"desconhecido"}},{"type":"Feature","geometry":{"type":"Polygon","coordinates":[[[-4.07553,40.934],[-4.07544,40.93405],[-4.07549,40.93409],[-4.07555,40.93405],[-4.07553,40.934]]]},"properties":{"dam_id":"way/1107447289","osm_type":"way","osm_id":1107447289,"country":"ES","name":null,"uso":"desconhecido"}},{"type":"Feature","geometry":{"type":"Polygon","coordinates":[[[-4.56772,36.75588],[-4.56771,36.75575],[-4.56714,36.75569],[-4.56501,36.75469],[-4.56399,36.75462],[-4.56399,36.75549],[-4.56407,36.75562],[-4.5643,36.75557],[-4.56706,36.75591],[-4.56772,36.75588]]]},"properties":{"dam_id":"way/1108589913","osm_type":"way","osm_id":1108589913,"country":"ES","name":null,"uso":"desconhecido"}},{"type":"Feature","geometry":{"type":"Polygon","coordinates":[[[-1.8277,42.92954],[-1.8277,42.92947],[-1.82777,42.92944],[-1.82809,42.92945],[-1.82811,42.92955],[-1.8277,42.92954]]]},"properties":{"dam_id":"way/1109973553","osm_type":"way","osm_id":1109973553,"country":"ES","name":null,"uso":"desconhecido"}},{"type":"Feature","geometry":{"type":"Polygon","coordinates":[[[-4.06775,40.92906],[-4.06777,40.92908],[-4.06806,40.92882],[-4.06804,40.9288],[-4.06775,40.92906]]]},"properties":{"dam_id":"way/1110085395","osm_type":"way","osm_id":1110085395,"country":"ES","name":null,"uso":"desconhecido"}},{"type":"Feature","geometry":{"type":"Polygon","coordinates":[[[-8.72477,42.61097],[-8.72437,42.61001],[-8.72418,42.60964],[-8.72402,42.60962],[-8.72379,42.60951],[-8.72365,42.60949],[-8.72364,42.60953],[-8.72295,42.60953],[-8.72294,42.60947],[-8.72274,42.60927],[-8.72262,42.60952],[-8.723,42.60958],[-8.72412,42.60966],[-8.72477,42.61097]]]},"properties":{"dam_id":"way/1111545067","osm_type":"way","osm_id":1111545067,"country":"ES","name":null,"uso":"desconhecido"}},{"type":"Feature","geometry":{"type":"Polygon","coordinates":[[[-4.51154,41.38172],[-4.51147,41.38163],[-4.51223,41.38131],[-4.5123,41.3814],[-4.51154,41.38172]]]},"properties":{"dam_id":"way/1112568391","osm_type":"way","osm_id":1112568391,"country":"ES","name":null,"uso":"desconhecido"}},{"type":"Feature","geometry":{"type":"LineString","coordinates":[[-3.73157,40.89858],[-3.73157,40.89857]]},"properties":{"dam_id":"way/1115468819","osm_type":"way","osm_id":1115468819,"country":"ES","name":null,"uso":"desconhecido"}},{"type":"Feature","geometry":{"type":"LineString","coordinates":[[-8.01448,43.18749],[-8.0143,43.18754],[-8.0142,43.18742]]},"properties":{"dam_id":"way/1117554273","osm_type":"way","osm_id":1117554273,"country":"ES","name":"Salto do Gomil","uso":"desconhecido"}},{"type":"Feature","geometry":{"type":"LineString","coordinates":[[-3.82753,41.05245],[-3.82767,41.05244]]},"properties":{"dam_id":"way/1117621705","osm_type":"way","osm_id":1117621705,"country":"ES","name":null,"uso":"desconhecido"}},{"type":"Feature","geometry":{"type":"LineString","coordinates":[[-4.72698,39.75387],[-4.72683,39.754]]},"properties":{"dam_id":"way/1118182280","osm_type":"way","osm_id":1118182280,"country":"ES","name":null,"uso":"desconhecido"}},{"type":"Feature","geometry":{"type":"LineString","coordinates":[[-4.72655,39.75036],[-4.72643,39.74985]]},"properties":{"dam_id":"way/1118182292","osm_type":"way","osm_id":1118182292,"country":"ES","name":null,"uso":"desconhecido"}},{"type":"Feature","geometry":{"type":"LineString","coordinates":[[-3.69638,38.49122],[-3.696,38.49118]]},"properties":{"dam_id":"way/1118327338","osm_type":"way","osm_id":1118327338,"country":"ES","name":null,"uso":"desconhecido"}},{"type":"Feature","geometry":{"type":"LineString","coordinates":[[-3.69479,38.50628],[-3.69445,38.50615]]},"properties":{"dam_id":"way/1118328952","osm_type":"way","osm_id":1118328952,"country":"ES","name":null,"uso":"desconhecido"}},{"type":"Feature","geometry":{"type":"LineString","coordinates":[[-3.72885,38.49444],[-3.72724,38.49449]]},"properties":{"dam_id":"way/1118332439","osm_type":"way","osm_id":1118332439,"country":"ES","name":null,"uso":"desconhecido"}},{"type":"Feature","geometry":{"type":"Polygon","coordinates":[[[-5.49373,39.1929],[-5.4938,39.19283],[-5.49367,39.19274],[-5.4936,39.19282],[-5.49373,39.1929]]]},"properties":{"dam_id":"way/1118770326","osm_type":"way","osm_id":1118770326,"country":"ES","name":"Compuerta Nº10","uso":"desconhecido"}},{"type":"Feature","geometry":{"type":"Polygon","coordinates":[[[-5.63009,39.12772],[-5.63009,39.12769],[-5.63015,39.12768],[-5.63009,39.12768],[-5.63008,39.12758],[-5.62995,39.12758],[-5.62995,39.12768],[-5.62988,39.12769],[-5.62994,39.12769],[-5.62994,39.12772],[-5.63009,39.12772]]]},"properties":{"dam_id":"way/1118795491","osm_type":"way","osm_id":1118795491,"country":"ES","name":"Compuerta Nº6","uso":"desconhecido"}},{"type":"Feature","geometry":{"type":"Polygon","coordinates":[[[-5.6244,39.1284],[-5.62439,39.12836],[-5.62423,39.12838],[-5.62424,39.12842],[-5.6244,39.1284]]]},"properties":{"dam_id":"way/1118795492","osm_type":"way","osm_id":1118795492,"country":"ES","name":"Compuerta Nº3","uso":"desconhecido"}},{"type":"Feature","geometry":{"type":"LineString","coordinates":[[3.26105,39.49251],[3.26137,39.49233]]},"properties":{"dam_id":"way/1118941476","osm_type":"way","osm_id":1118941476,"country":"ES","name":null,"uso":"desconhecido"}},{"type":"Feature","geometry":{"type":"Polygon","coordinates":[[[-3.58185,40.05412],[-3.58174,40.05408],[-3.58175,40.05404],[-3.58183,40.05409],[-3.58185,40.05407],[-3.58185,40.05412]]]},"properties":{"dam_id":"way/1119489287","osm_type":"way","osm_id":1119489287,"country":"ES","name":"Las tres compuertas","uso":"desconhecido"}},{"type":"Feature","geometry":{"type":"Polygon","coordinates":[[[-5.69634,39.16394],[-5.69633,39.1639],[-5.69638,39.16389],[-5.69633,39.16377],[-5.69627,39.16378],[-5.69625,39.16375],[-5.69626,39.16379],[-5.69616,39.16381],[-5.69621,39.16393],[-5.69631,39.1639],[-5.69634,39.16394]]]},"properties":{"dam_id":"way/1119699485","osm_type":"way","osm_id":1119699485,"country":"ES","name":"Compuerta Nº10","uso":"desconhecido"}},{"type":"Feature","geometry":{"type":"Polygon","coordinates":[[[-5.7257,39.14413],[-5.7257,39.14411],[-5.72574,39.1441],[-5.7257,39.14397],[-5.72564,39.14399],[-5.72562,39.14394],[-5.72563,39.14399],[-5.72552,39.14401],[-5.72557,39.14413],[-5.72567,39.1441],[-5.7257,39.14413]]]},"properties":{"dam_id":"way/1119699486","osm_type":"way","osm_id":1119699486,"country":"ES","name":"Compuerta Nº11","uso":"desconhecido"}},{"type":"Feature","geometry":{"type":"Polygon","coordinates":[[[-5.77143,39.1562],[-5.77144,39.15617],[-5.77149,39.15618],[-5.77154,39.15607],[-5.77149,39.15605],[-5.7715,39.156],[-5.77148,39.15605],[-5.77137,39.15602],[-5.77132,39.15613],[-5.77142,39.15616],[-5.77143,39.1562]]]},"properties":{"dam_id":"way/1119699487","osm_type":"way","osm_id":1119699487,"country":"ES","name":"Compuerta Nº12","uso":"desconhecido"}},{"type":"Feature","geometry":{"type":"Polygon","coordinates":[[[-5.77123,39.17486],[-5.77126,39.17484],[-5.77129,39.17487],[-5.77143,39.17481],[-5.77139,39.17477],[-5.77144,39.17474],[-5.77139,39.17476],[-5.77133,39.17469],[-5.7712,39.17475],[-5.77126,39.17482],[-5.77123,39.17486]]]},"properties":{"dam_id":"way/1119699488","osm_type":"way","osm_id":1119699488,"country":"ES","name":"Compuerta Nº13","uso":"desconhecido"}},{"type":"Feature","geometry":{"type":"Polygon","coordinates":[[[-5.7897,39.18254],[-5.7897,39.18251],[-5.78975,39.18251],[-5.78974,39.18239],[-5.78968,39.18239],[-5.78967,39.18234],[-5.78967,39.18239],[-5.78956,39.18239],[-5.78957,39.18251],[-5.78968,39.18251],[-5.7897,39.18254]]]},"properties":{"dam_id":"way/1119699489","osm_type":"way","osm_id":1119699489,"country":"ES","name":"Compuerta Nº14","uso":"desconhecido"}},{"type":"Feature","geometry":{"type":"Polygon","coordinates":[[[-5.83916,39.15253],[-5.83913,39.15252],[-5.83914,39.15248],[-5.83899,39.15244],[-5.83897,39.15249],[-5.83891,39.15248],[-5.83896,39.15249],[-5.83893,39.15258],[-5.83908,39.15261],[-5.83911,39.15253],[-5.83916,39.15253]]]},"properties":{"dam_id":"way/1119699490","osm_type":"way","osm_id":1119699490,"country":"ES","name":"Compuerta Nº15","uso":"desconhecido"}},{"type":"Feature","geometry":{"type":"Polygon","coordinates":[[[-5.8832,39.13765],[-5.88323,39.13763],[-5.88326,39.13766],[-5.88338,39.13758],[-5.88335,39.13755],[-5.88338,39.13751],[-5.88334,39.13754],[-5.88326,39.13747],[-5.88315,39.13755],[-5.88322,39.13762],[-5.8832,39.13765]]]},"properties":{"dam_id":"way/1119699493","osm_type":"way","osm_id":1119699493,"country":"ES","name":"Compuerta Nº16","uso":"desconhecido"}},{"type":"Feature","geometry":{"type":"Polygon","coordinates":[[[-5.6716,39.15329],[-5.67161,39.15326],[-5.67166,39.15328],[-5.67172,39.15316],[-5.67167,39.15314],[-5.67168,39.1531],[-5.67166,39.15314],[-5.67155,39.15311],[-5.67149,39.15321],[-5.6716,39.15325],[-5.6716,39.15329]]]},"properties":{"dam_id":"way/1119699495","osm_type":"way","osm_id":1119699495,"country":"ES","name":"Compuerta Nº8","uso":"desconhecido"}},{"type":"Feature","geometry":{"type":"Polygon","coordinates":[[[-5.68038,39.15684],[-5.6804,39.15688],[-5.68054,39.15681],[-5.68051,39.15677],[-5.68038,39.15684]]]},"properties":{"dam_id":"way/1119699496","osm_type":"way","osm_id":1119699496,"country":"ES","name":"Compuerta Nº9","uso":"desconhecido"}},{"type":"Feature","geometry":{"type":"Polygon","coordinates":[[[-5.64982,39.14376],[-5.64983,39.14374],[-5.64987,39.14375],[-5.64994,39.14364],[-5.64988,39.14362],[-5.6499,39.14357],[-5.64987,39.14362],[-5.64977,39.14358],[-5.64971,39.14369],[-5.64981,39.14372],[-5.64982,39.14376]]]},"properties":{"dam_id":"way/1119699497","osm_type":"way","osm_id":1119699497,"country":"ES","name":"Compuerta Nº7","uso":"desconhecido"}},{"type":"Feature","geometry":{"type":"Polygon","coordinates":[[[-5.61905,39.11874],[-5.61904,39.11872],[-5.61885,39.11878],[-5.61886,39.1188],[-5.61905,39.11874]]]},"properties":{"dam_id":"way/1119699498","osm_type":"way","osm_id":1119699498,"country":"ES","name":"Compuerta Nº5","uso":"desconhecido"}},{"type":"Feature","geometry":{"type":"Polygon","coordinates":[[[-5.60004,39.0912],[-5.60006,39.09117],[-5.6001,39.0912],[-5.60019,39.09109],[-5.60014,39.09107],[-5.60017,39.09102],[-5.60013,39.09106],[-5.60004,39.09101],[-5.59995,39.09111],[-5.60005,39.09116],[-5.60004,39.0912]]]},"properties":{"dam_id":"way/1119699499","osm_type":"way","osm_id":1119699499,"country":"ES","name":"Compuerta Nº4","uso":"desconhecido"}},{"type":"Feature","geometry":{"type":"Polygon","coordinates":[[[-0.83834,39.60371],[-0.83832,39.6037],[-0.83845,39.60353],[-0.83848,39.60355],[-0.83834,39.60371]]]},"properties":{"dam_id":"way/1119796794","osm_type":"way","osm_id":1119796794,"country":"ES","name":null,"uso":"desconhecido"}},{"type":"Feature","geometry":{"type":"Polygon","coordinates":[[[-1.46071,41.60256],[-1.46073,41.60254],[-1.46072,41.60252],[-1.46069,41.60253],[-1.46071,41.60256]]]},"properties":{"dam_id":"way/1121071476","osm_type":"way","osm_id":1121071476,"country":"ES","name":null,"uso":"desconhecido"}},{"type":"Feature","geometry":{"type":"Polygon","coordinates":[[[-3.58007,40.05635],[-3.58004,40.0563],[-3.58003,40.05628],[-3.58008,40.05629],[-3.58011,40.05633],[-3.58007,40.05635]]]},"properties":{"dam_id":"way/1121915018","osm_type":"way","osm_id":1121915018,"country":"ES","name":"Compuerta","uso":"desconhecido"}},{"type":"Feature","geometry":{"type":"Polygon","coordinates":[[[-3.54626,40.045],[-3.54627,40.04495],[-3.54619,40.04497],[-3.54617,40.04495],[-3.54616,40.04499],[-3.54626,40.045]]]},"properties":{"dam_id":"way/1121915021","osm_type":"way","osm_id":1121915021,"country":"ES","name":null,"uso":"desconhecido"}},{"type":"Feature","geometry":{"type":"Polygon","coordinates":[[[-1.66589,41.5292],[-1.66616,41.52905],[-1.66621,41.52897],[-1.66614,41.52893],[-1.66559,41.52872],[-1.66551,41.52873],[-1.66529,41.52884],[-1.66527,41.5289],[-1.6653,41.52896],[-1.66557,41.52905],[-1.66575,41.52918],[-1.66589,41.5292]]]},"properties":{"dam_id":"way/1121929142","osm_type":"way","osm_id":1121929142,"country":"ES","name":null,"uso":"desconhecido"}},{"type":"Feature","geometry":{"type":"Polygon","coordinates":[[[-3.32379,40.04222],[-3.32374,40.04211],[-3.32375,40.04205],[-3.32327,40.04202],[-3.32254,40.04207],[-3.32217,40.04216],[-3.32231,40.04224],[-3.32238,40.04232],[-3.32281,40.04222],[-3.32314,40.04219],[-3.32379,40.04222]]]},"properties":{"dam_id":"way/1122564307","osm_type":"way","osm_id":1122564307,"country":"ES","name":"Azud de Valdajos","uso":"desconhecido"}},{"type":"Feature","geometry":{"type":"LineString","coordinates":[[-3.85569,39.93845],[-3.85581,39.9382]]},"properties":{"dam_id":"way/1123216350","osm_type":"way","osm_id":1123216350,"country":"ES","name":null,"uso":"desconhecido"}},{"type":"Feature","geometry":{"type":"LineString","coordinates":[[-3.42707,40.04451],[-3.42672,40.04407],[-3.4266,40.04382],[-3.4266,40.04368],[-3.42642,40.04363]]},"properties":{"dam_id":"way/1123265752","osm_type":"way","osm_id":1123265752,"country":"ES","name":"Presa de Aldehuela","uso":"desconhecido"}},{"type":"Feature","geometry":{"type":"LineString","coordinates":[[-4.05791,40.69762],[-4.05754,40.69771]]},"properties":{"dam_id":"way/1123661398","osm_type":"way","osm_id":1123661398,"country":"ES","name":null,"uso":"desconhecido"}},{"type":"Feature","geometry":{"type":"LineString","coordinates":[[2.80177,39.74129],[2.80194,39.74104]]},"properties":{"dam_id":"way/1124307171","osm_type":"way","osm_id":1124307171,"country":"ES","name":null,"uso":"desconhecido"}},{"type":"Feature","geometry":{"type":"LineString","coordinates":[[-1.81559,42.9634],[-1.81556,42.96337],[-1.81538,42.96337],[-1.81529,42.96326]]},"properties":{"dam_id":"way/1126081343","osm_type":"way","osm_id":1126081343,"country":"ES","name":null,"uso":"desconhecido"}},{"type":"Feature","geometry":{"type":"LineString","coordinates":[[-4.47583,39.02952],[-4.47575,39.02948],[-4.47449,39.0294]]},"properties":{"dam_id":"way/1131113800","osm_type":"way","osm_id":1131113800,"country":"ES","name":null,"uso":"desconhecido"}},{"type":"Feature","geometry":{"type":"LineString","coordinates":[[-4.33539,41.14992],[-4.33535,41.15],[-4.33527,41.14999],[-4.33519,41.15014],[-4.33496,41.15017]]},"properties":{"dam_id":"way/1131117885","osm_type":"way","osm_id":1131117885,"country":"ES","name":"Presa del Molino de la villa","uso":"desconhecido"}},{"type":"Feature","geometry":{"type":"Polygon","coordinates":[[[-3.49737,40.06023],[-3.49734,40.06014],[-3.49731,40.06016],[-3.49734,40.06024],[-3.49737,40.06023]]]},"properties":{"dam_id":"way/1132446737","osm_type":"way","osm_id":1132446737,"country":"ES","name":null,"uso":"desconhecido"}},{"type":"Feature","geometry":{"type":"Polygon","coordinates":[[[-5.54706,39.22179],[-5.547,39.22183],[-5.54715,39.22199],[-5.54722,39.22195],[-5.54706,39.22179]]]},"properties":{"dam_id":"way/1134395172","osm_type":"way","osm_id":1134395172,"country":"ES","name":"Compuerta Nº 13","uso":"desconhecido"}},{"type":"Feature","geometry":{"type":"LineString","coordinates":[[-6.1748,36.95763],[-6.1749,36.95737]]},"properties":{"dam_id":"way/1135990135","osm_type":"way","osm_id":1135990135,"country":"ES","name":null,"uso":"desconhecido"}},{"type":"Feature","geometry":{"type":"LineString","coordinates":[[-6.20001,36.91192],[-6.20018,36.91179]]},"properties":{"dam_id":"way/1135990137","osm_type":"way","osm_id":1135990137,"country":"ES","name":null,"uso":"desconhecido"}},{"type":"Feature","geometry":{"type":"LineString","coordinates":[[-6.1529,36.90566],[-6.15293,36.90545]]},"properties":{"dam_id":"way/1135990142","osm_type":"way","osm_id":1135990142,"country":"ES","name":null,"uso":"desconhecido"}},{"type":"Feature","geometry":{"type":"LineString","coordinates":[[-6.11171,36.9202],[-6.11177,36.92005]]},"properties":{"dam_id":"way/1135990143","osm_type":"way","osm_id":1135990143,"country":"ES","name":null,"uso":"desconhecido"}},{"type":"Feature","geometry":{"type":"LineString","coordinates":[[-6.13345,36.92563],[-6.1335,36.92551]]},"properties":{"dam_id":"way/1135990144","osm_type":"way","osm_id":1135990144,"country":"ES","name":null,"uso":"desconhecido"}},{"type":"Feature","geometry":{"type":"LineString","coordinates":[[-6.17705,36.93651],[-6.17715,36.93626]]},"properties":{"dam_id":"way/1136138194","osm_type":"way","osm_id":1136138194,"country":"ES","name":null,"uso":"desconhecido"}},{"type":"Feature","geometry":{"type":"LineString","coordinates":[[-7.32208,37.74849],[-7.32134,37.74807]]},"properties":{"dam_id":"way/1136376422","osm_type":"way","osm_id":1136376422,"country":"ES","name":null,"uso":"desconhecido"}},{"type":"Feature","geometry":{"type":"Polygon","coordinates":[[[-6.18306,37.93289],[-6.1831,37.93281],[-6.18269,37.93266],[-6.18264,37.93273],[-6.18306,37.93289]]]},"properties":{"dam_id":"way/1136486757","osm_type":"way","osm_id":1136486757,"country":"ES","name":null,"uso":"desconhecido"}},{"type":"Feature","geometry":{"type":"LineString","coordinates":[[-6.45257,37.90332],[-6.4522,37.90307]]},"properties":{"dam_id":"way/1136808241","osm_type":"way","osm_id":1136808241,"country":"ES","name":null,"uso":"desconhecido"}},{"type":"Feature","geometry":{"type":"Polygon","coordinates":[[[-5.57977,39.07523],[-5.57975,39.07515],[-5.57969,39.07516],[-5.57966,39.07506],[-5.57968,39.07516],[-5.57963,39.07517],[-5.5796,39.07507],[-5.57961,39.07517],[-5.57956,39.07518],[-5.57952,39.07509],[-5.57954,39.07518],[-5.57948,39.07519],[-5.57951,39.07528],[-5.57977,39.07523]]]},"properties":{"dam_id":"way/1137355185","osm_type":"way","osm_id":1137355185,"country":"ES","name":"Compuerta Nº3","uso":"desconhecido"}},{"type":"Feature","geometry":{"type":"Polygon","coordinates":[[[-5.59668,39.02872],[-5.59661,39.02865],[-5.59657,39.02868],[-5.59649,39.0286],[-5.59655,39.02868],[-5.59652,39.02871],[-5.59643,39.02863],[-5.5965,39.02871],[-5.59646,39.02874],[-5.59637,39.02867],[-5.59645,39.02875],[-5.5964,39.02878],[-5.59647,39.02885],[-5.59668,39.02872]]]},"properties":{"dam_id":"way/1137355186","osm_type":"way","osm_id":1137355186,"country":"ES","name":"Compuerta Nº2","uso":"desconhecido"}},{"type":"Feature","geometry":{"type":"LineString","coordinates":[[2.963,39.80794],[2.96323,39.80807]]},"properties":{"dam_id":"way/1144093842","osm_type":"way","osm_id":1144093842,"country":"ES","name":null,"uso":"desconhecido"}},{"type":"Feature","geometry":{"type":"LineString","coordinates":[[-0.3156,40.35825],[-0.3157,40.35809]]},"properties":{"dam_id":"way/1145640860","osm_type":"way","osm_id":1145640860,"country":"ES","name":"El Dique","uso":"desconhecido"}},{"type":"Feature","geometry":{"type":"Polygon","coordinates":[[[-5.75897,37.0421],[-5.75942,37.04232],[-5.75768,37.04326],[-5.7572,37.04338],[-5.75658,37.04372],[-5.75649,37.04364],[-5.75732,37.04317],[-5.75742,37.04294],[-5.75897,37.0421]]]},"properties":{"dam_id":"way/1145693858","osm_type":"way","osm_id":1145693858,"country":"ES","name":null,"uso":"desconhecido"}},{"type":"Feature","geometry":{"type":"Polygon","coordinates":[[[-0.31921,41.24472],[-0.31899,41.24462],[-0.31966,41.24408],[-0.32032,41.24363],[-0.32048,41.24363],[-0.32068,41.24371],[-0.31921,41.24472]]]},"properties":{"dam_id":"way/1147645104","osm_type":"way","osm_id":1147645104,"country":"ES","name":null,"uso":"desconhecido"}},{"type":"Feature","geometry":{"type":"Polygon","coordinates":[[[-5.56087,39.18294],[-5.5609,39.18289],[-5.56082,39.18285],[-5.56078,39.1829],[-5.56087,39.18294]]]},"properties":{"dam_id":"way/1147771776","osm_type":"way","osm_id":1147771776,"country":"ES","name":"Compuerta Nº12","uso":"desconhecido"}},{"type":"Feature","geometry":{"type":"Polygon","coordinates":[[[-5.59314,39.20962],[-5.59306,39.20968],[-5.59304,39.20966],[-5.59311,39.2096],[-5.59314,39.20962]]]},"properties":{"dam_id":"way/1147771778","osm_type":"way","osm_id":1147771778,"country":"ES","name":"Compuerta Nº 14","uso":"desconhecido"}},{"type":"Feature","geometry":{"type":"Polygon","coordinates":[[[-0.32818,41.07655],[-0.32832,41.07638],[-0.32895,41.07608],[-0.32911,41.07606],[-0.32895,41.07587],[-0.32873,41.07604],[-0.32779,41.07646],[-0.32818,41.07655]]]},"properties":{"dam_id":"way/1147854780","osm_type":"way","osm_id":1147854780,"country":"ES","name":null,"uso":"desconhecido"}},{"type":"Feature","geometry":{"type":"Polygon","coordinates":[[[-4.02721,40.86942],[-4.027,40.8694],[-4.02702,40.86933],[-4.02699,40.86931],[-4.02704,40.86931],[-4.02703,40.86938],[-4.02721,40.8694],[-4.02721,40.86942]]]},"properties":{"dam_id":"way/1433830630","osm_type":"way","osm_id":1433830630,"country":"ES","name":null,"uso":"desconhecido"}},{"type":"Feature","geometry":{"type":"Polygon","coordinates":[[[-6.5314,42.7632],[-6.53142,42.76317],[-6.5319,42.76333],[-6.53188,42.76336],[-6.5314,42.7632]]]},"properties":{"dam_id":"way/1152710215","osm_type":"way","osm_id":1152710215,"country":"ES","name":"Presa de Peñadrada","uso":"desconhecido"}},{"type":"Feature","geometry":{"type":"Polygon","coordinates":[[[-4.02224,40.8904],[-4.02217,40.89027],[-4.02229,40.89024],[-4.02235,40.89037],[-4.02224,40.8904]]]},"properties":{"dam_id":"way/1153433580","osm_type":"way","osm_id":1153433580,"country":"ES","name":null,"uso":"desconhecido"}},{"type":"Feature","geometry":{"type":"Polygon","coordinates":[[[-4.70824,40.65625],[-4.70846,40.65565],[-4.70841,40.65558],[-4.7082,40.65617],[-4.70824,40.65625]]]},"properties":{"dam_id":"way/1153488450","osm_type":"way","osm_id":1153488450,"country":"ES","name":null,"uso":"desconhecido"}},{"type":"Feature","geometry":{"type":"LineString","coordinates":[[-4.09025,36.83562],[-4.09044,36.83537]]},"properties":{"dam_id":"way/1154358776","osm_type":"way","osm_id":1154358776,"country":"ES","name":null,"uso":"desconhecido"}},{"type":"Feature","geometry":{"type":"LineString","coordinates":[[-9.07194,42.9579],[-9.07167,42.95792],[-9.07155,42.9579],[-9.07132,42.95782],[-9.07111,42.95769]]},"properties":{"dam_id":"way/1155725738","osm_type":"way","osm_id":1155725738,"country":"ES","name":"Encoro de Castrelo","uso":"desconhecido"}},{"type":"Feature","geometry":{"type":"LineString","coordinates":[[-1.11782,39.09231],[-1.1178,39.09222],[-1.11793,39.09214],[-1.11804,39.09211],[-1.11829,39.0921]]},"properties":{"dam_id":"way/1156123317","osm_type":"way","osm_id":1156123317,"country":"ES","name":"Presa de la Hoz","uso":"desconhecido"}},{"type":"Feature","geometry":{"type":"LineString","coordinates":[[-1.11112,39.0929],[-1.11115,39.09284],[-1.11112,39.09275],[-1.11102,39.09272]]},"properties":{"dam_id":"way/1156119869","osm_type":"way","osm_id":1156119869,"country":"ES","name":null,"uso":"desconhecido"}},{"type":"Feature","geometry":{"type":"LineString","coordinates":[[-1.09351,39.09593],[-1.09344,39.09558]]},"properties":{"dam_id":"way/1156119870","osm_type":"way","osm_id":1156119870,"country":"ES","name":null,"uso":"desconhecido"}},{"type":"Feature","geometry":{"type":"LineString","coordinates":[[-1.08322,39.09691],[-1.08342,39.09661]]},"properties":{"dam_id":"way/1156119872","osm_type":"way","osm_id":1156119872,"country":"ES","name":null,"uso":"desconhecido"}},{"type":"Feature","geometry":{"type":"LineString","coordinates":[[-4.70265,40.324],[-4.70286,40.32392]]},"properties":{"dam_id":"way/1157661122","osm_type":"way","osm_id":1157661122,"country":"ES","name":null,"uso":"desconhecido"}},{"type":"Feature","geometry":{"type":"Polygon","coordinates":[[[-2.47066,43.02254],[-2.46948,43.02389],[-2.46925,43.02381],[-2.46895,43.02327],[-2.46912,43.02277],[-2.47039,43.02245],[-2.47066,43.02254]]]},"properties":{"dam_id":"way/1158490855","osm_type":"way","osm_id":1158490855,"country":"ES","name":null,"uso":"desconhecido"}},{"type":"Feature","geometry":{"type":"LineString","coordinates":[[-2.56161,42.29719],[-2.5613,42.29769]]},"properties":{"dam_id":"way/1159784757","osm_type":"way","osm_id":1159784757,"country":"ES","name":null,"uso":"desconhecido"}},{"type":"Feature","geometry":{"type":"LineString","coordinates":[[-1.30526,40.57617],[-1.30513,40.57622]]},"properties":{"dam_id":"way/1160584030","osm_type":"way","osm_id":1160584030,"country":"ES","name":null,"uso":"desconhecido"}},{"type":"Feature","geometry":{"type":"Polygon","coordinates":[[[-0.05709,41.7977],[-0.06528,41.79511],[-0.06518,41.79492],[-0.06504,41.79483],[-0.06411,41.7949],[-0.06289,41.79514],[-0.06224,41.79535],[-0.06059,41.7957],[-0.05993,41.79576],[-0.0594,41.79601],[-0.05909,41.7961],[-0.05886,41.79627],[-0.0582,41.79658],[-0.05793,41.7968],[-0.05779,41.79688],[-0.05636,41.7973],[-0.05644,41.79758],[-0.05633,41.79773],[-0.05639,41.79786],[-0.05654,41.7979],[-0.05709,41.7977]]]},"properties":{"dam_id":"way/1160785062","osm_type":"way","osm_id":1160785062,"country":"ES","name":null,"uso":"desconhecido"}},{"type":"Feature","geometry":{"type":"Polygon","coordinates":[[[-0.07234,41.86325],[-0.07248,41.86334],[-0.07311,41.86331],[-0.07319,41.8628],[-0.07335,41.86234],[-0.07392,41.861],[-0.07394,41.86057],[-0.07382,41.86025],[-0.07284,41.85892],[-0.07222,41.85788],[-0.07195,41.85728],[-0.07148,41.85664],[-0.07074,41.85617],[-0.06964,41.8562],[-0.06917,41.85643],[-0.06873,41.85684],[-0.06883,41.85688],[-0.06904,41.85679],[-0.06918,41.85664],[-0.06967,41.85684],[-0.07032,41.85715],[-0.0705,41.85732],[-0.07306,41.8607],[-0.0731,41.86088],[-0.07271,41.86303],[-0.07258,41.86319],[-0.07234,41.86325]]]},"properties":{"dam_id":"way/1160786360","osm_type":"way","osm_id":1160786360,"country":"ES","name":null,"uso":"desconhecido"}},{"type":"Feature","geometry":{"type":"LineString","coordinates":[[-6.56584,39.46278],[-6.56592,39.4627],[-6.56571,39.46249],[-6.56572,39.46236]]},"properties":{"dam_id":"way/1161189106","osm_type":"way","osm_id":1161189106,"country":"ES","name":null,"uso":"desconhecido"}},{"type":"Feature","geometry":{"type":"LineString","coordinates":[[-6.57071,39.46133],[-6.57043,39.46137],[-6.57025,39.46136]]},"properties":{"dam_id":"way/1161189107","osm_type":"way","osm_id":1161189107,"country":"ES","name":null,"uso":"desconhecido"}},{"type":"Feature","geometry":{"type":"LineString","coordinates":[[-0.33515,40.99208],[-0.33515,40.99202],[-0.33494,40.99208]]},"properties":{"dam_id":"way/1162765095","osm_type":"way","osm_id":1162765095,"country":"ES","name":null,"uso":"desconhecido"}},{"type":"Feature","geometry":{"type":"LineString","coordinates":[[-2.43887,43.02086],[-2.4389,43.02108]]},"properties":{"dam_id":"way/1162815359","osm_type":"way","osm_id":1162815359,"country":"ES","name":null,"uso":"desconhecido"}},{"type":"Feature","geometry":{"type":"LineString","coordinates":[[-6.19613,39.22061],[-6.19567,39.22051]]},"properties":{"dam_id":"way/1162850679","osm_type":"way","osm_id":1162850679,"country":"ES","name":null,"uso":"desconhecido"}},{"type":"Feature","geometry":{"type":"Polygon","coordinates":[[[-2.2404,43.0693],[-2.23813,43.06943],[-2.23915,43.069],[-2.23945,43.06898],[-2.2404,43.0693]]]},"properties":{"dam_id":"way/1164815926","osm_type":"way","osm_id":1164815926,"country":"ES","name":null,"uso":"desconhecido"}},{"type":"Feature","geometry":{"type":"LineString","coordinates":[[-0.54264,39.08628],[-0.54263,39.08618]]},"properties":{"dam_id":"way/1165651357","osm_type":"way","osm_id":1165651357,"country":"ES","name":null,"uso":"desconhecido"}},{"type":"Feature","geometry":{"type":"Polygon","coordinates":[[[-6.67678,38.30264],[-6.67645,38.30126],[-6.67651,38.30124],[-6.67669,38.30159],[-6.67674,38.30161],[-6.67682,38.3016],[-6.67691,38.30205],[-6.67719,38.30201],[-6.6772,38.30204],[-6.67707,38.30207],[-6.6771,38.30215],[-6.67699,38.30218],[-6.67697,38.30213],[-6.67691,38.30217],[-6.67681,38.30258],[-6.67684,38.30263],[-6.67678,38.30264]]]},"properties":{"dam_id":"way/1173097734","osm_type":"way","osm_id":1173097734,"country":"ES","name":null,"uso":"desconhecido"}},{"type":"Feature","geometry":{"type":"LineString","coordinates":[[-0.05398,42.11034],[-0.05411,42.11015]]},"properties":{"dam_id":"way/1173235092","osm_type":"way","osm_id":1173235092,"country":"ES","name":null,"uso":"desconhecido"}},{"type":"Feature","geometry":{"type":"LineString","coordinates":[[-2.33101,37.4038],[-2.33097,37.40399]]},"properties":{"dam_id":"way/1173957462","osm_type":"way","osm_id":1173957462,"country":"ES","name":null,"uso":"desconhecido"}},{"type":"Feature","geometry":{"type":"LineString","coordinates":[[-2.34186,37.41728],[-2.34159,37.41727]]},"properties":{"dam_id":"way/1173957463","osm_type":"way","osm_id":1173957463,"country":"ES","name":null,"uso":"desconhecido"}},{"type":"Feature","geometry":{"type":"LineString","coordinates":[[-2.4872,37.45205],[-2.48694,37.45231]]},"properties":{"dam_id":"way/1173957465","osm_type":"way","osm_id":1173957465,"country":"ES","name":null,"uso":"desconhecido"}},{"type":"Feature","geometry":{"type":"LineString","coordinates":[[-2.43343,37.43325],[-2.43351,37.43306]]},"properties":{"dam_id":"way/1173957466","osm_type":"way","osm_id":1173957466,"country":"ES","name":null,"uso":"desconhecido"}},{"type":"Feature","geometry":{"type":"LineString","coordinates":[[-2.43,37.41909],[-2.42991,37.41935]]},"properties":{"dam_id":"way/1173957467","osm_type":"way","osm_id":1173957467,"country":"ES","name":null,"uso":"desconhecido"}},{"type":"Feature","geometry":{"type":"LineString","coordinates":[[-2.40202,37.42316],[-2.40189,37.42306]]},"properties":{"dam_id":"way/1173957469","osm_type":"way","osm_id":1173957469,"country":"ES","name":null,"uso":"desconhecido"}},{"type":"Feature","geometry":{"type":"LineString","coordinates":[[-2.40626,37.40721],[-2.40579,37.40742]]},"properties":{"dam_id":"way/1173957470","osm_type":"way","osm_id":1173957470,"country":"ES","name":"El dique","uso":"desconhecido"}},{"type":"Feature","geometry":{"type":"LineString","coordinates":[[-2.38138,37.40246],[-2.38136,37.40274]]},"properties":{"dam_id":"way/1173957471","osm_type":"way","osm_id":1173957471,"country":"ES","name":null,"uso":"desconhecido"}},{"type":"Feature","geometry":{"type":"LineString","coordinates":[[-2.37263,37.40434],[-2.37256,37.40466]]},"properties":{"dam_id":"way/1173957472","osm_type":"way","osm_id":1173957472,"country":"ES","name":null,"uso":"desconhecido"}},{"type":"Feature","geometry":{"type":"LineString","coordinates":[[-2.37216,37.41005],[-2.37182,37.40996]]},"properties":{"dam_id":"way/1173957473","osm_type":"way","osm_id":1173957473,"country":"ES","name":null,"uso":"desconhecido"}},{"type":"Feature","geometry":{"type":"LineString","coordinates":[[-2.36963,37.41386],[-2.36943,37.41381],[-2.36911,37.41383]]},"properties":{"dam_id":"way/1173957474","osm_type":"way","osm_id":1173957474,"country":"ES","name":null,"uso":"desconhecido"}},{"type":"Feature","geometry":{"type":"LineString","coordinates":[[-2.37172,37.41679],[-2.37143,37.41707]]},"properties":{"dam_id":"way/1173957475","osm_type":"way","osm_id":1173957475,"country":"ES","name":null,"uso":"desconhecido"}},{"type":"Feature","geometry":{"type":"LineString","coordinates":[[-2.37868,37.41945],[-2.37855,37.41982]]},"properties":{"dam_id":"way/1173957476","osm_type":"way","osm_id":1173957476,"country":"ES","name":null,"uso":"desconhecido"}},{"type":"Feature","geometry":{"type":"LineString","coordinates":[[-2.37873,37.42342],[-2.37845,37.42339]]},"properties":{"dam_id":"way/1173957477","osm_type":"way","osm_id":1173957477,"country":"ES","name":null,"uso":"desconhecido"}},{"type":"Feature","geometry":{"type":"LineString","coordinates":[[-2.3746,37.42621],[-2.37448,37.42606]]},"properties":{"dam_id":"way/1173957479","osm_type":"way","osm_id":1173957479,"country":"ES","name":null,"uso":"desconhecido"}},{"type":"Feature","geometry":{"type":"LineString","coordinates":[[-2.38602,37.42416],[-2.38563,37.42397]]},"properties":{"dam_id":"way/1173957480","osm_type":"way","osm_id":1173957480,"country":"ES","name":null,"uso":"desconhecido"}},{"type":"Feature","geometry":{"type":"LineString","coordinates":[[-2.38715,37.42796],[-2.38693,37.42762]]},"properties":{"dam_id":"way/1173957481","osm_type":"way","osm_id":1173957481,"country":"ES","name":null,"uso":"desconhecido"}},{"type":"Feature","geometry":{"type":"LineString","coordinates":[[-2.37617,37.43856],[-2.3758,37.43861]]},"properties":{"dam_id":"way/1173957482","osm_type":"way","osm_id":1173957482,"country":"ES","name":null,"uso":"desconhecido"}},{"type":"Feature","geometry":{"type":"LineString","coordinates":[[-2.36779,37.43153],[-2.36737,37.43157]]},"properties":{"dam_id":"way/1173957483","osm_type":"way","osm_id":1173957483,"country":"ES","name":null,"uso":"desconhecido"}},{"type":"Feature","geometry":{"type":"LineString","coordinates":[[-2.4122,37.4278],[-2.41192,37.42759]]},"properties":{"dam_id":"way/1173957484","osm_type":"way","osm_id":1173957484,"country":"ES","name":null,"uso":"desconhecido"}},{"type":"Feature","geometry":{"type":"LineString","coordinates":[[-2.42229,37.43767],[-2.42207,37.43771]]},"properties":{"dam_id":"way/1173957485","osm_type":"way","osm_id":1173957485,"country":"ES","name":null,"uso":"desconhecido"}},{"type":"Feature","geometry":{"type":"LineString","coordinates":[[-2.31557,37.50321],[-2.31541,37.50319],[-2.31514,37.50321]]},"properties":{"dam_id":"way/1173957486","osm_type":"way","osm_id":1173957486,"country":"ES","name":null,"uso":"desconhecido"}},{"type":"Feature","geometry":{"type":"LineString","coordinates":[[-2.29261,37.49812],[-2.29255,37.49797]]},"properties":{"dam_id":"way/1173957487","osm_type":"way","osm_id":1173957487,"country":"ES","name":null,"uso":"desconhecido"}},{"type":"Feature","geometry":{"type":"LineString","coordinates":[[-2.29943,37.49859],[-2.29941,37.49875]]},"properties":{"dam_id":"way/1173957489","osm_type":"way","osm_id":1173957489,"country":"ES","name":null,"uso":"desconhecido"}},{"type":"Feature","geometry":{"type":"LineString","coordinates":[[-2.26644,37.48456],[-2.26646,37.48463],[-2.2664,37.48469],[-2.2663,37.48469]]},"properties":{"dam_id":"way/1173957497","osm_type":"way","osm_id":1173957497,"country":"ES","name":null,"uso":"desconhecido"}},{"type":"Feature","geometry":{"type":"LineString","coordinates":[[-2.27806,37.517],[-2.27777,37.51712]]},"properties":{"dam_id":"way/1173957498","osm_type":"way","osm_id":1173957498,"country":"ES","name":null,"uso":"desconhecido"}},{"type":"Feature","geometry":{"type":"LineString","coordinates":[[-2.27715,37.52043],[-2.27694,37.52039]]},"properties":{"dam_id":"way/1173957499","osm_type":"way","osm_id":1173957499,"country":"ES","name":null,"uso":"desconhecido"}},{"type":"Feature","geometry":{"type":"LineString","coordinates":[[-2.22808,37.51704],[-2.22774,37.51699]]},"properties":{"dam_id":"way/1173959339","osm_type":"way","osm_id":1173959339,"country":"ES","name":null,"uso":"desconhecido"}},{"type":"Feature","geometry":{"type":"LineString","coordinates":[[-2.21725,37.50427],[-2.21697,37.50433]]},"properties":{"dam_id":"way/1173959340","osm_type":"way","osm_id":1173959340,"country":"ES","name":null,"uso":"desconhecido"}},{"type":"Feature","geometry":{"type":"LineString","coordinates":[[-2.21623,37.49671],[-2.21615,37.49658]]},"properties":{"dam_id":"way/1173959341","osm_type":"way","osm_id":1173959341,"country":"ES","name":null,"uso":"desconhecido"}},{"type":"Feature","geometry":{"type":"LineString","coordinates":[[-2.22107,37.49092],[-2.22091,37.49104]]},"properties":{"dam_id":"way/1173959342","osm_type":"way","osm_id":1173959342,"country":"ES","name":null,"uso":"desconhecido"}},{"type":"Feature","geometry":{"type":"LineString","coordinates":[[-2.21914,37.48705],[-2.21898,37.48697]]},"properties":{"dam_id":"way/1173959343","osm_type":"way","osm_id":1173959343,"country":"ES","name":null,"uso":"desconhecido"}},{"type":"Feature","geometry":{"type":"LineString","coordinates":[[-2.22065,37.47815],[-2.22041,37.47806]]},"properties":{"dam_id":"way/1173959344","osm_type":"way","osm_id":1173959344,"country":"ES","name":null,"uso":"desconhecido"}},{"type":"Feature","geometry":{"type":"LineString","coordinates":[[-2.19897,37.49807],[-2.19872,37.49794]]},"properties":{"dam_id":"way/1173959345","osm_type":"way","osm_id":1173959345,"country":"ES","name":null,"uso":"desconhecido"}},{"type":"Feature","geometry":{"type":"LineString","coordinates":[[-2.20442,37.49157],[-2.20412,37.49179]]},"properties":{"dam_id":"way/1173959346","osm_type":"way","osm_id":1173959346,"country":"ES","name":null,"uso":"desconhecido"}},{"type":"Feature","geometry":{"type":"LineString","coordinates":[[-2.16871,37.51932],[-2.16848,37.51947]]},"properties":{"dam_id":"way/1173959347","osm_type":"way","osm_id":1173959347,"country":"ES","name":null,"uso":"desconhecido"}},{"type":"Feature","geometry":{"type":"LineString","coordinates":[[-2.34958,37.56926],[-2.34934,37.56902]]},"properties":{"dam_id":"way/1173959697","osm_type":"way","osm_id":1173959697,"country":"ES","name":null,"uso":"desconhecido"}},{"type":"Feature","geometry":{"type":"LineString","coordinates":[[-2.3439,37.57429],[-2.34363,37.57414]]},"properties":{"dam_id":"way/1173959700","osm_type":"way","osm_id":1173959700,"country":"ES","name":null,"uso":"desconhecido"}},{"type":"Feature","geometry":{"type":"LineString","coordinates":[[-2.35368,37.56617],[-2.35356,37.56597]]},"properties":{"dam_id":"way/1173959702","osm_type":"way","osm_id":1173959702,"country":"ES","name":null,"uso":"desconhecido"}},{"type":"Feature","geometry":{"type":"LineString","coordinates":[[-2.35793,37.56312],[-2.35757,37.56299]]},"properties":{"dam_id":"way/1173959703","osm_type":"way","osm_id":1173959703,"country":"ES","name":null,"uso":"desconhecido"}},{"type":"Feature","geometry":{"type":"LineString","coordinates":[[-2.3634,37.56087],[-2.36331,37.5611]]},"properties":{"dam_id":"way/1173959705","osm_type":"way","osm_id":1173959705,"country":"ES","name":null,"uso":"desconhecido"}},{"type":"Feature","geometry":{"type":"LineString","coordinates":[[-2.29931,37.57283],[-2.29903,37.57275]]},"properties":{"dam_id":"way/1173960227","osm_type":"way","osm_id":1173960227,"country":"ES","name":null,"uso":"desconhecido"}},{"type":"Feature","geometry":{"type":"LineString","coordinates":[[-2.32062,37.5643],[-2.32042,37.56437]]},"properties":{"dam_id":"way/1173960228","osm_type":"way","osm_id":1173960228,"country":"ES","name":null,"uso":"desconhecido"}},{"type":"Feature","geometry":{"type":"LineString","coordinates":[[-2.317,37.56776],[-2.31694,37.56751]]},"properties":{"dam_id":"way/1173960229","osm_type":"way","osm_id":1173960229,"country":"ES","name":null,"uso":"desconhecido"}},{"type":"Feature","geometry":{"type":"LineString","coordinates":[[-2.31263,37.56764],[-2.31239,37.56774]]},"properties":{"dam_id":"way/1173960230","osm_type":"way","osm_id":1173960230,"country":"ES","name":null,"uso":"desconhecido"}},{"type":"Feature","geometry":{"type":"LineString","coordinates":[[-2.51084,37.45957],[-2.51124,37.45937]]},"properties":{"dam_id":"way/1173961241","osm_type":"way","osm_id":1173961241,"country":"ES","name":null,"uso":"desconhecido"}},{"type":"Feature","geometry":{"type":"LineString","coordinates":[[-2.51496,37.45527],[-2.5148,37.45555]]},"properties":{"dam_id":"way/1173961242","osm_type":"way","osm_id":1173961242,"country":"ES","name":null,"uso":"desconhecido"}},{"type":"Feature","geometry":{"type":"LineString","coordinates":[[-2.51924,37.45247],[-2.51931,37.45219]]},"properties":{"dam_id":"way/1173961243","osm_type":"way","osm_id":1173961243,"country":"ES","name":null,"uso":"desconhecido"}},{"type":"Feature","geometry":{"type":"LineString","coordinates":[[-2.52331,37.44716],[-2.52286,37.447]]},"properties":{"dam_id":"way/1173961244","osm_type":"way","osm_id":1173961244,"country":"ES","name":null,"uso":"desconhecido"}},{"type":"Feature","geometry":{"type":"LineString","coordinates":[[-2.24862,37.4745],[-2.24843,37.47439]]},"properties":{"dam_id":"way/1174054536","osm_type":"way","osm_id":1174054536,"country":"ES","name":null,"uso":"desconhecido"}},{"type":"Feature","geometry":{"type":"Polygon","coordinates":[[[-1.06717,39.39371],[-1.06709,39.3937],[-1.06709,39.39363],[-1.06694,39.39363],[-1.06693,39.3937],[-1.06686,39.3937],[-1.06687,39.39357],[-1.06718,39.39358],[-1.06717,39.39371]]]},"properties":{"dam_id":"way/1174762131","osm_type":"way","osm_id":1174762131,"country":"ES","name":null,"uso":"desconhecido"}},{"type":"Feature","geometry":{"type":"LineString","coordinates":[[-0.30776,38.83549],[-0.30752,38.83558]]},"properties":{"dam_id":"way/1174954726","osm_type":"way","osm_id":1174954726,"country":"ES","name":null,"uso":"desconhecido"}},{"type":"Feature","geometry":{"type":"LineString","coordinates":[[-2.677,42.52399],[-2.6757,42.52502]]},"properties":{"dam_id":"way/1175307556","osm_type":"way","osm_id":1175307556,"country":"ES","name":null,"uso":"desconhecido"}},{"type":"Feature","geometry":{"type":"Polygon","coordinates":[[[-7.37943,37.46795],[-7.37947,37.46794],[-7.37956,37.46757],[-7.37954,37.467],[-7.37932,37.46695],[-7.37943,37.46795]]]},"properties":{"dam_id":"way/1176296338","osm_type":"way","osm_id":1176296338,"country":"ES","name":null,"uso":"desconhecido"}},{"type":"Feature","geometry":{"type":"LineString","coordinates":[[-5.46827,39.50099],[-5.46782,39.50131]]},"properties":{"dam_id":"way/1176541054","osm_type":"way","osm_id":1176541054,"country":"ES","name":"Presa de Santa Lucía","uso":"desconhecido"}},{"type":"Feature","geometry":{"type":"Polygon","coordinates":[[[-1.42801,41.47329],[-1.4285,41.47327],[-1.42904,41.4729],[-1.42949,41.47244],[-1.42979,41.47198],[-1.42987,41.47145],[-1.42987,41.47044],[-1.43002,41.47026],[-1.4298,41.46918],[-1.42951,41.46834],[-1.42914,41.46767],[-1.42872,41.46709],[-1.42823,41.46698],[-1.42789,41.46697],[-1.42732,41.46711],[-1.42717,41.46733],[-1.42704,41.46872],[-1.4274,41.47054],[-1.42769,41.47147],[-1.4277,41.47189],[-1.42787,41.47231],[-1.4279,41.47319],[-1.42801,41.47329]]]},"properties":{"dam_id":"way/1176579657","osm_type":"way","osm_id":1176579657,"country":"ES","name":"Embalse de Mularroya","uso":"desconhecido"}},{"type":"Feature","geometry":{"type":"Polygon","coordinates":[[[-6.98381,37.46114],[-6.98386,37.46109],[-6.98376,37.46103],[-6.98348,37.46099],[-6.98345,37.46096],[-6.98326,37.46092],[-6.98326,37.46073],[-6.98318,37.46073],[-6.98318,37.46076],[-6.98305,37.46076],[-6.98306,37.46038],[-6.9831,37.46035],[-6.98319,37.46034],[-6.98318,37.46031],[-6.98305,37.46036],[-6.98302,37.46046],[-6.98255,37.46045],[-6.98253,37.46037],[-6.98241,37.46032],[-6.9825,37.46037],[-6.98251,37.46042],[-6.9825,37.46082],[-6.98155,37.46095],[-6.98112,37.46096],[-6.98113,37.46108],[-6.98122,37.46108],[-6.98122,37.46112],[-6.98128,37.46112],[-6.98129,37.46108],[-6.9825,37.4611],[-6.98251,37.46114],[-6.98253,37.4611],[-6.98266,37.4611],[-6.98268,37.46114],[-6.98271,37.4611],[-6.98284,37.4611],[-6.98286,37.46115],[-6.98288,37.4611],[-6.98302,37.4611],[-6.98303,37.46115],[-6.98306,37.4611],[-6.98374,37.46111],[-6.98381,37.46114]]]},"properties":{"dam_id":"way/1176899767","osm_type":"way","osm_id":1176899767,"country":"ES","name":null,"uso":"desconhecido"}},{"type":"Feature","geometry":{"type":"Polygon","coordinates":[[[-4.13192,40.95384],[-4.13179,40.95365],[-4.13185,40.95363],[-4.13198,40.95382],[-4.13192,40.95384]]]},"properties":{"dam_id":"way/1176968721","osm_type":"way","osm_id":1176968721,"country":"ES","name":null,"uso":"desconhecido"}},{"type":"Feature","geometry":{"type":"LineString","coordinates":[[-2.6482,43.17807],[-2.64787,43.17828]]},"properties":{"dam_id":"way/1177279554","osm_type":"way","osm_id":1177279554,"country":"ES","name":null,"uso":"desconhecido"}},{"type":"Feature","geometry":{"type":"Polygon","coordinates":[[[-7.22975,42.14445],[-7.22981,42.14441],[-7.22972,42.14433],[-7.22955,42.14431],[-7.2294,42.14433],[-7.22934,42.14431],[-7.22942,42.14435],[-7.22938,42.14439],[-7.22939,42.14445],[-7.22943,42.14445],[-7.22943,42.14454],[-7.22941,42.14461],[-7.22923,42.14456],[-7.22938,42.14462],[-7.22928,42.14475],[-7.22906,42.14485],[-7.229,42.14473],[-7.22891,42.14476],[-7.229,42.14484],[-7.22894,42.14486],[-7.22884,42.1448],[-7.22871,42.14484],[-7.22881,42.14495],[-7.2292,42.14489],[-7.22932,42.14482],[-7.22945,42.14468],[-7.22952,42.14443],[-7.22968,42.14439],[-7.22975,42.14445]]]},"properties":{"dam_id":"way/1178053259","osm_type":"way","osm_id":1178053259,"country":"ES","name":"Encoro de Hedrada","uso":"desconhecido"}},{"type":"Feature","geometry":{"type":"LineString","coordinates":[[-2.04843,43.1406],[-2.04835,43.14048]]},"properties":{"dam_id":"way/1178134721","osm_type":"way","osm_id":1178134721,"country":"ES","name":null,"uso":"desconhecido"}},{"type":"Feature","geometry":{"type":"LineString","coordinates":[[-7.3357,43.57949],[-7.33563,43.57925],[-7.33577,43.57911]]},"properties":{"dam_id":"way/1178729028","osm_type":"way","osm_id":1178729028,"country":"ES","name":null,"uso":"desconhecido"}},{"type":"Feature","geometry":{"type":"LineString","coordinates":[[-4.65038,37.94178],[-4.65033,37.94169]]},"properties":{"dam_id":"way/1180204399","osm_type":"way","osm_id":1180204399,"country":"ES","name":null,"uso":"desconhecido"}},{"type":"Feature","geometry":{"type":"LineString","coordinates":[[-1.03465,39.24071],[-1.03448,39.24104]]},"properties":{"dam_id":"way/1180769510","osm_type":"way","osm_id":1180769510,"country":"ES","name":null,"uso":"desconhecido"}},{"type":"Feature","geometry":{"type":"Polygon","coordinates":[[[-6.75844,38.06821],[-6.75713,38.06841],[-6.75712,38.06838],[-6.75778,38.06822],[-6.75844,38.06821]]]},"properties":{"dam_id":"way/1181947557","osm_type":"way","osm_id":1181947557,"country":"ES","name":null,"uso":"desconhecido"}},{"type":"Feature","geometry":{"type":"Polygon","coordinates":[[[-6.67747,37.77771],[-6.67724,37.77833],[-6.67699,37.77898],[-6.67694,37.77893],[-6.67739,37.77775],[-6.67747,37.77771]]]},"properties":{"dam_id":"way/1184806026","osm_type":"way","osm_id":1184806026,"country":"ES","name":null,"uso":"desconhecido"}},{"type":"Feature","geometry":{"type":"Polygon","coordinates":[[[-6.67915,37.78183],[-6.67871,37.78197],[-6.67831,37.78209],[-6.67861,37.78194],[-6.67902,37.78183],[-6.67915,37.78183]]]},"properties":{"dam_id":"way/1184806027","osm_type":"way","osm_id":1184806027,"country":"ES","name":null,"uso":"desconhecido"}},{"type":"Feature","geometry":{"type":"LineString","coordinates":[[-4.15566,40.75029],[-4.15564,40.75025]]},"properties":{"dam_id":"way/1184808155","osm_type":"way","osm_id":1184808155,"country":"ES","name":null,"uso":"desconhecido"}},{"type":"Feature","geometry":{"type":"Polygon","coordinates":[[[-3.99127,40.92187],[-3.99128,40.92183],[-3.99124,40.9218],[-3.99127,40.92187]]]},"properties":{"dam_id":"way/1185452333","osm_type":"way","osm_id":1185452333,"country":"ES","name":null,"uso":"desconhecido"}},{"type":"Feature","geometry":{"type":"LineString","coordinates":[[-0.79005,42.49941],[-0.78969,42.49941]]},"properties":{"dam_id":"way/1186092784","osm_type":"way","osm_id":1186092784,"country":"ES","name":null,"uso":"desconhecido"}},{"type":"Feature","geometry":{"type":"Polygon","coordinates":[[[-0.63356,39.03221],[-0.63352,39.03216],[-0.63375,39.03194],[-0.6338,39.03196],[-0.63356,39.03221]]]},"properties":{"dam_id":"way/1189787562","osm_type":"way","osm_id":1189787562,"country":"ES","name":null,"uso":"desconhecido"}},{"type":"Feature","geometry":{"type":"Polygon","coordinates":[[[-1.77813,42.80389],[-1.77815,42.80396],[-1.77844,42.80393],[-1.77827,42.80259],[-1.77816,42.80256],[-1.77819,42.80295],[-1.77834,42.80385],[-1.77829,42.80388],[-1.77813,42.80389]]]},"properties":{"dam_id":"way/1190415126","osm_type":"way","osm_id":1190415126,"country":"ES","name":null,"uso":"desconhecido"}},{"type":"Feature","geometry":{"type":"Polygon","coordinates":[[[-2.67228,40.55534],[-2.6722,40.55487],[-2.6722,40.55441],[-2.67211,40.55422],[-2.67199,40.55411],[-2.67161,40.55409],[-2.67153,40.55467],[-2.67157,40.55535],[-2.67171,40.5557],[-2.6718,40.55601],[-2.67218,40.55593],[-2.67217,40.55583],[-2.67204,40.55582],[-2.67202,40.55563],[-2.67204,40.55549],[-2.67228,40.55534]]]},"properties":{"dam_id":"way/1193384895","osm_type":"way","osm_id":1193384895,"country":"ES","name":"Dique de Pareja","uso":"desconhecido"}},{"type":"Feature","geometry":{"type":"Polygon","coordinates":[[[-0.59068,38.7931],[-0.59057,38.79305],[-0.59047,38.793],[-0.5906,38.79297],[-0.59065,38.793],[-0.59068,38.7931]]]},"properties":{"dam_id":"way/1194249550","osm_type":"way","osm_id":1194249550,"country":"ES","name":null,"uso":"desconhecido"}},{"type":"Feature","geometry":{"type":"LineString","coordinates":[[-3.49903,43.35171],[-3.4993,43.35162]]},"properties":{"dam_id":"way/1194478072","osm_type":"way","osm_id":1194478072,"country":"ES","name":null,"uso":"desconhecido"}},{"type":"Feature","geometry":{"type":"Polygon","coordinates":[[[-3.91406,41.02126],[-3.91425,41.02109],[-3.9142,41.02115],[-3.91427,41.02122],[-3.91421,41.02125],[-3.91414,41.02121],[-3.91406,41.02126]]]},"properties":{"dam_id":"way/1198293449","osm_type":"way","osm_id":1198293449,"country":"ES","name":null,"uso":"desconhecido"}},{"type":"Feature","geometry":{"type":"Polygon","coordinates":[[[-6.18978,40.38398],[-6.18988,40.38405],[-6.19009,40.38386],[-6.18999,40.3838],[-6.18978,40.38398]]]},"properties":{"dam_id":"way/1200778988","osm_type":"way","osm_id":1200778988,"country":"ES","name":null,"uso":"desconhecido"}},{"type":"Feature","geometry":{"type":"Polygon","coordinates":[[[-4.52231,41.02816],[-4.5223,41.02818],[-4.52313,41.02839],[-4.52314,41.02837],[-4.52231,41.02816]]]},"properties":{"dam_id":"way/1201906812","osm_type":"way","osm_id":1201906812,"country":"ES","name":null,"uso":"desconhecido"}},{"type":"Feature","geometry":{"type":"LineString","coordinates":[[-8.79968,43.06926],[-8.79973,43.06919]]},"properties":{"dam_id":"way/1202206279","osm_type":"way","osm_id":1202206279,"country":"ES","name":null,"uso":"desconhecido"}},{"type":"Feature","geometry":{"type":"LineString","coordinates":[[-2.08142,42.73415],[-2.08136,42.73467]]},"properties":{"dam_id":"way/1202345450","osm_type":"way","osm_id":1202345450,"country":"ES","name":null,"uso":"desconhecido"}},{"type":"Feature","geometry":{"type":"Polygon","coordinates":[[[2.10503,41.28975],[2.10507,41.28968],[2.10541,41.28979],[2.10537,41.28986],[2.10503,41.28975]]]},"properties":{"dam_id":"way/1202576673","osm_type":"way","osm_id":1202576673,"country":"ES","name":null,"uso":"desconhecido"}},{"type":"Feature","geometry":{"type":"LineString","coordinates":[[-8.74626,42.96556],[-8.74614,42.96549]]},"properties":{"dam_id":"way/1202725192","osm_type":"way","osm_id":1202725192,"country":"ES","name":null,"uso":"desconhecido"}},{"type":"Feature","geometry":{"type":"LineString","coordinates":[[-8.74642,42.97094],[-8.74625,42.97081]]},"properties":{"dam_id":"way/1202725193","osm_type":"way","osm_id":1202725193,"country":"ES","name":null,"uso":"desconhecido"}},{"type":"Feature","geometry":{"type":"LineString","coordinates":[[-0.59004,42.80226],[-0.58997,42.80222],[-0.58987,42.80226],[-0.58988,42.80235]]},"properties":{"dam_id":"way/1204196376","osm_type":"way","osm_id":1204196376,"country":"ES","name":null,"uso":"desconhecido"}},{"type":"Feature","geometry":{"type":"Polygon","coordinates":[[[-7.02163,37.75325],[-7.02165,37.75324],[-7.02297,37.75442],[-7.02295,37.75443],[-7.02163,37.75325]]]},"properties":{"dam_id":"way/1204298436","osm_type":"way","osm_id":1204298436,"country":"ES","name":"Presa de la Joya","uso":"desconhecido"}},{"type":"Feature","geometry":{"type":"LineString","coordinates":[[-6.12772,40.48962],[-6.12765,40.48952]]},"properties":{"dam_id":"way/1205546728","osm_type":"way","osm_id":1205546728,"country":"ES","name":null,"uso":"desconhecido"}},{"type":"Feature","geometry":{"type":"LineString","coordinates":[[1.54961,41.61786],[1.54989,41.61778]]},"properties":{"dam_id":"way/1209096895","osm_type":"way","osm_id":1209096895,"country":"ES","name":null,"uso":"desconhecido"}},{"type":"Feature","geometry":{"type":"LineString","coordinates":[[-0.65411,38.30193],[-0.654,38.30192],[-0.65393,38.30187]]},"properties":{"dam_id":"way/1211503646","osm_type":"way","osm_id":1211503646,"country":"ES","name":null,"uso":"desconhecido"}},{"type":"Feature","geometry":{"type":"LineString","coordinates":[[-2.47509,43.29739],[-2.47476,43.29731]]},"properties":{"dam_id":"way/1212025955","osm_type":"way","osm_id":1212025955,"country":"ES","name":null,"uso":"desconhecido"}},{"type":"Feature","geometry":{"type":"LineString","coordinates":[[-2.47622,43.30437],[-2.47604,43.30438]]},"properties":{"dam_id":"way/1212026289","osm_type":"way","osm_id":1212026289,"country":"ES","name":null,"uso":"desconhecido"}},{"type":"Feature","geometry":{"type":"LineString","coordinates":[[-2.45717,43.30947],[-2.45682,43.30958]]},"properties":{"dam_id":"way/1212144571","osm_type":"way","osm_id":1212144571,"country":"ES","name":null,"uso":"desconhecido"}},{"type":"Feature","geometry":{"type":"LineString","coordinates":[[-0.85113,38.96717],[-0.8512,38.96689]]},"properties":{"dam_id":"way/1213397700","osm_type":"way","osm_id":1213397700,"country":"ES","name":null,"uso":"desconhecido"}},{"type":"Feature","geometry":{"type":"LineString","coordinates":[[-0.80947,38.97554],[-0.80915,38.97539]]},"properties":{"dam_id":"way/1213397708","osm_type":"way","osm_id":1213397708,"country":"ES","name":null,"uso":"desconhecido"}},{"type":"Feature","geometry":{"type":"LineString","coordinates":[[-0.76546,38.99128],[-0.76525,38.99108]]},"properties":{"dam_id":"way/1213405329","osm_type":"way","osm_id":1213405329,"country":"ES","name":null,"uso":"desconhecido"}},{"type":"Feature","geometry":{"type":"LineString","coordinates":[[-0.72143,39.00029],[-0.72161,39.00002]]},"properties":{"dam_id":"way/1213410099","osm_type":"way","osm_id":1213410099,"country":"ES","name":null,"uso":"desconhecido"}},{"type":"Feature","geometry":{"type":"LineString","coordinates":[[-2.90013,37.50289],[-2.90046,37.5028]]},"properties":{"dam_id":"way/1214036061","osm_type":"way","osm_id":1214036061,"country":"ES","name":null,"uso":"desconhecido"}},{"type":"Feature","geometry":{"type":"LineString","coordinates":[[-2.89212,37.49271],[-2.89233,37.49256]]},"properties":{"dam_id":"way/1214036463","osm_type":"way","osm_id":1214036463,"country":"ES","name":null,"uso":"desconhecido"}},{"type":"Feature","geometry":{"type":"LineString","coordinates":[[-0.62005,39.07631],[-0.61997,39.07612]]},"properties":{"dam_id":"way/1214086153","osm_type":"way","osm_id":1214086153,"country":"ES","name":null,"uso":"desconhecido"}},{"type":"Feature","geometry":{"type":"Polygon","coordinates":[[[-0.09581,39.90373],[-0.09563,39.90368],[-0.09561,39.9037],[-0.09552,39.90369],[-0.09557,39.90374],[-0.09547,39.90393],[-0.09564,39.90399],[-0.09581,39.90373]]]},"properties":{"dam_id":"way/1214523482","osm_type":"way","osm_id":1214523482,"country":"ES","name":"la Bota","uso":"desconhecido"}},{"type":"Feature","geometry":{"type":"LineString","coordinates":[[2.46691,41.7729],[2.46668,41.77287],[2.46648,41.77277]]},"properties":{"dam_id":"way/1214799856","osm_type":"way","osm_id":1214799856,"country":"ES","name":"l'Estanyol","uso":"desconhecido"}},{"type":"Feature","geometry":{"type":"LineString","coordinates":[[-4.58703,37.01196],[-4.58706,37.01199]]},"properties":{"dam_id":"way/1215510312","osm_type":"way","osm_id":1215510312,"country":"ES","name":"Presa romana","uso":"desconhecido"}},{"type":"Feature","geometry":{"type":"LineString","coordinates":[[-0.76022,39.11532],[-0.76001,39.11491]]},"properties":{"dam_id":"way/1215713063","osm_type":"way","osm_id":1215713063,"country":"ES","name":null,"uso":"desconhecido"}},{"type":"Feature","geometry":{"type":"LineString","coordinates":[[-8.98357,43.15385],[-8.98371,43.15406]]},"properties":{"dam_id":"way/1219264150","osm_type":"way","osm_id":1219264150,"country":"ES","name":null,"uso":"desconhecido"}},{"type":"Feature","geometry":{"type":"Polygon","coordinates":[[[-3.41999,40.46942],[-3.42017,40.46933],[-3.4201,40.46925],[-3.41992,40.46934],[-3.41999,40.46942]]]},"properties":{"dam_id":"way/1219294897","osm_type":"way","osm_id":1219294897,"country":"ES","name":null,"uso":"desconhecido"}},{"type":"Feature","geometry":{"type":"LineString","coordinates":[[-1.89068,40.84402],[-1.89055,40.84391],[-1.89052,40.84376],[-1.89056,40.84372]]},"properties":{"dam_id":"way/1219353493","osm_type":"way","osm_id":1219353493,"country":"ES","name":null,"uso":"desconhecido"}},{"type":"Feature","geometry":{"type":"Polygon","coordinates":[[[-0.24147,42.74907],[-0.24144,42.74904],[-0.24111,42.74923],[-0.24114,42.74926],[-0.24147,42.74907]]]},"properties":{"dam_id":"way/1219376659","osm_type":"way","osm_id":1219376659,"country":"ES","name":null,"uso":"desconhecido"}},{"type":"Feature","geometry":{"type":"Polygon","coordinates":[[[-0.21168,42.75165],[-0.21207,42.75187],[-0.21217,42.7519],[-0.21221,42.75202],[-0.21238,42.75227],[-0.21168,42.75165]]]},"properties":{"dam_id":"way/1219376660","osm_type":"way","osm_id":1219376660,"country":"ES","name":null,"uso":"desconhecido"}},{"type":"Feature","geometry":{"type":"LineString","coordinates":[[-1.87896,40.82015],[-1.87897,40.82],[-1.87886,40.81992]]},"properties":{"dam_id":"way/1220068059","osm_type":"way","osm_id":1220068059,"country":"ES","name":null,"uso":"desconhecido"}},{"type":"Feature","geometry":{"type":"LineString","coordinates":[[-3.82417,41.15316],[-3.82425,41.15301]]},"properties":{"dam_id":"way/1220156300","osm_type":"way","osm_id":1220156300,"country":"ES","name":null,"uso":"desconhecido"}},{"type":"Feature","geometry":{"type":"LineString","coordinates":[[-4.40483,40.82378],[-4.40501,40.82371],[-4.40512,40.82352]]},"properties":{"dam_id":"way/1220978401","osm_type":"way","osm_id":1220978401,"country":"ES","name":null,"uso":"desconhecido"}},{"type":"Feature","geometry":{"type":"LineString","coordinates":[[-0.7886,39.10246],[-0.78866,39.10235]]},"properties":{"dam_id":"way/1221275400","osm_type":"way","osm_id":1221275400,"country":"ES","name":null,"uso":"desconhecido"}},{"type":"Feature","geometry":{"type":"LineString","coordinates":[[-0.95264,39.01691],[-0.95248,39.01703]]},"properties":{"dam_id":"way/1221292670","osm_type":"way","osm_id":1221292670,"country":"ES","name":null,"uso":"desconhecido"}},{"type":"Feature","geometry":{"type":"LineString","coordinates":[[-0.96586,39.03812],[-0.96582,39.03795]]},"properties":{"dam_id":"way/1221292683","osm_type":"way","osm_id":1221292683,"country":"ES","name":null,"uso":"desconhecido"}},{"type":"Feature","geometry":{"type":"LineString","coordinates":[[-0.90222,39.0725],[-0.90232,39.07242]]},"properties":{"dam_id":"way/1221390254","osm_type":"way","osm_id":1221390254,"country":"ES","name":null,"uso":"desconhecido"}},{"type":"Feature","geometry":{"type":"Polygon","coordinates":[[[-4.06192,40.9242],[-4.06186,40.92417],[-4.06198,40.92404],[-4.06203,40.92407],[-4.06192,40.9242]]]},"properties":{"dam_id":"way/1221394707","osm_type":"way","osm_id":1221394707,"country":"ES","name":"Azud Molino del Arco","uso":"desconhecido"}},{"type":"Feature","geometry":{"type":"LineString","coordinates":[[-0.85284,39.10907],[-0.85273,39.10908]]},"properties":{"dam_id":"way/1221590553","osm_type":"way","osm_id":1221590553,"country":"ES","name":"Azud de los Moros","uso":"desconhecido"}},{"type":"Feature","geometry":{"type":"LineString","coordinates":[[-0.56949,40.16356],[-0.56932,40.16345]]},"properties":{"dam_id":"way/1222803866","osm_type":"way","osm_id":1222803866,"country":"ES","name":null,"uso":"desconhecido"}},{"type":"Feature","geometry":{"type":"LineString","coordinates":[[-2.96217,37.4844],[-2.9618,37.48436]]},"properties":{"dam_id":"way/1225477621","osm_type":"way","osm_id":1225477621,"country":"ES","name":null,"uso":"desconhecido"}},{"type":"Feature","geometry":{"type":"Polygon","coordinates":[[[-6.83256,37.78906],[-6.8326,37.78909],[-6.83252,37.78918],[-6.83227,37.78932],[-6.83198,37.78941],[-6.83167,37.78938],[-6.83133,37.78919],[-6.83139,37.78915],[-6.83175,37.78924],[-6.83212,37.78922],[-6.8323,37.78918],[-6.83256,37.78906]]]},"properties":{"dam_id":"way/1226161982","osm_type":"way","osm_id":1226161982,"country":"ES","name":"Presa de La Cueva de La Mora","uso":"desconhecido"}},{"type":"Feature","geometry":{"type":"LineString","coordinates":[[-0.18396,40.55112],[-0.18371,40.55099]]},"properties":{"dam_id":"way/1228480111","osm_type":"way","osm_id":1228480111,"country":"ES","name":null,"uso":"desconhecido"}},{"type":"Feature","geometry":{"type":"LineString","coordinates":[[-3.79262,40.48085],[-3.79273,40.48109]]},"properties":{"dam_id":"way/1228867790","osm_type":"way","osm_id":1228867790,"country":"ES","name":null,"uso":"desconhecido"}},{"type":"Feature","geometry":{"type":"Polygon","coordinates":[[[-0.73647,42.38404],[-0.73708,42.38393],[-0.73728,42.38394],[-0.73731,42.38397],[-0.73688,42.38409],[-0.73648,42.38409],[-0.73651,42.38405],[-0.73647,42.38404]]]},"properties":{"dam_id":"way/1229184365","osm_type":"way","osm_id":1229184365,"country":"ES","name":"Dique del Collado","uso":"hidroelétrica"}},{"type":"Feature","geometry":{"type":"LineString","coordinates":[[-3.76078,39.11242],[-3.76265,39.11457]]},"properties":{"dam_id":"way/1231052380","osm_type":"way","osm_id":1231052380,"country":"ES","name":null,"uso":"desconhecido"}},{"type":"Feature","geometry":{"type":"LineString","coordinates":[[-1.58733,40.37123],[-1.58732,40.37115]]},"properties":{"dam_id":"way/1231172528","osm_type":"way","osm_id":1231172528,"country":"ES","name":"Presa de los Ahogados","uso":"desconhecido"}},{"type":"Feature","geometry":{"type":"LineString","coordinates":[[-4.43168,41.37786],[-4.43191,41.37749]]},"properties":{"dam_id":"way/1231659894","osm_type":"way","osm_id":1231659894,"country":"ES","name":"Presa Minguela","uso":"desconhecido"}},{"type":"Feature","geometry":{"type":"LineString","coordinates":[[-0.24183,39.10637],[-0.24187,39.10631]]},"properties":{"dam_id":"way/1231911925","osm_type":"way","osm_id":1231911925,"country":"ES","name":null,"uso":"desconhecido"}},{"type":"Feature","geometry":{"type":"Polygon","coordinates":[[[-3.76336,41.29531],[-3.76311,41.29514],[-3.76321,41.29506],[-3.76345,41.29523],[-3.76336,41.29531]]]},"properties":{"dam_id":"way/1232053770","osm_type":"way","osm_id":1232053770,"country":"ES","name":"Presa de la Fábrica de la Luz","uso":"desconhecido"}},{"type":"Feature","geometry":{"type":"LineString","coordinates":[[-3.76168,41.30428],[-3.76164,41.30443]]},"properties":{"dam_id":"way/1232057797","osm_type":"way","osm_id":1232057797,"country":"ES","name":null,"uso":"desconhecido"}},{"type":"Feature","geometry":{"type":"LineString","coordinates":[[-0.89773,39.07828],[-0.89776,39.07817],[-0.89773,39.07805]]},"properties":{"dam_id":"way/1233065926","osm_type":"way","osm_id":1233065926,"country":"ES","name":null,"uso":"desconhecido"}},{"type":"Feature","geometry":{"type":"Polygon","coordinates":[[[-1.66679,42.79768],[-1.66697,42.79762],[-1.66689,42.79751],[-1.66671,42.79757],[-1.66679,42.79768]]]},"properties":{"dam_id":"way/1234298089","osm_type":"way","osm_id":1234298089,"country":"ES","name":null,"uso":"desconhecido"}},{"type":"Feature","geometry":{"type":"LineString","coordinates":[[-1.29683,41.37647],[-1.29664,41.37643]]},"properties":{"dam_id":"way/1235488928","osm_type":"way","osm_id":1235488928,"country":"ES","name":null,"uso":"desconhecido"}},{"type":"Feature","geometry":{"type":"LineString","coordinates":[[-1.29453,41.38093],[-1.29427,41.38081]]},"properties":{"dam_id":"way/1235488929","osm_type":"way","osm_id":1235488929,"country":"ES","name":null,"uso":"desconhecido"}},{"type":"Feature","geometry":{"type":"LineString","coordinates":[[-1.29279,41.38715],[-1.29251,41.38719]]},"properties":{"dam_id":"way/1235488932","osm_type":"way","osm_id":1235488932,"country":"ES","name":null,"uso":"desconhecido"}},{"type":"Feature","geometry":{"type":"LineString","coordinates":[[-1.29134,41.39402],[-1.29118,41.394]]},"properties":{"dam_id":"way/1235488934","osm_type":"way","osm_id":1235488934,"country":"ES","name":null,"uso":"desconhecido"}},{"type":"Feature","geometry":{"type":"Polygon","coordinates":[[[-1.66792,43.14311],[-1.66753,43.14335],[-1.66742,43.1433],[-1.66753,43.14323],[-1.66757,43.14326],[-1.66764,43.14321],[-1.6676,43.14317],[-1.66767,43.14312],[-1.66772,43.14316],[-1.66782,43.14309],[-1.66778,43.14306],[-1.66783,43.14303],[-1.66792,43.14311]]]},"properties":{"dam_id":"way/1236874295","osm_type":"way","osm_id":1236874295,"country":"ES","name":null,"uso":"desconhecido"}},{"type":"Feature","geometry":{"type":"LineString","coordinates":[[-6.64864,40.32532],[-6.64893,40.32524]]},"properties":{"dam_id":"way/1237121430","osm_type":"way","osm_id":1237121430,"country":"ES","name":null,"uso":"desconhecido"}},{"type":"Feature","geometry":{"type":"LineString","coordinates":[[-3.94537,41.08356],[-3.94547,41.08298]]},"properties":{"dam_id":"way/1237552525","osm_type":"way","osm_id":1237552525,"country":"ES","name":null,"uso":"desconhecido"}},{"type":"Feature","geometry":{"type":"LineString","coordinates":[[-3.92644,41.01448],[-3.92649,41.01445]]},"properties":{"dam_id":"way/1238173755","osm_type":"way","osm_id":1238173755,"country":"ES","name":null,"uso":"desconhecido"}},{"type":"Feature","geometry":{"type":"LineString","coordinates":[[-8.12154,42.41224],[-8.12158,42.41199],[-8.12153,42.41161]]},"properties":{"dam_id":"way/1240121376","osm_type":"way","osm_id":1240121376,"country":"ES","name":null,"uso":"desconhecido"}},{"type":"Feature","geometry":{"type":"Polygon","coordinates":[[[-2.02142,43.21247],[-2.0214,43.21251],[-2.02107,43.21255],[-2.02106,43.21253],[-2.02142,43.21247]]]},"properties":{"dam_id":"way/1241156033","osm_type":"way","osm_id":1241156033,"country":"ES","name":null,"uso":"desconhecido"}},{"type":"Feature","geometry":{"type":"Polygon","coordinates":[[[-6.5951,40.11307],[-6.59513,40.11304],[-6.59508,40.11302],[-6.59511,40.11299],[-6.59504,40.11295],[-6.59504,40.11291],[-6.59501,40.11289],[-6.59499,40.11292],[-6.5949,40.11287],[-6.5949,40.11281],[-6.59485,40.11283],[-6.59476,40.11278],[-6.59477,40.11275],[-6.59465,40.11278],[-6.5945,40.11269],[-6.59452,40.11263],[-6.59442,40.11269],[-6.5951,40.11307]]]},"properties":{"dam_id":"way/1242057081","osm_type":"way","osm_id":1242057081,"country":"ES","name":null,"uso":"desconhecido"}},{"type":"Feature","geometry":{"type":"Polygon","coordinates":[[[-4.50276,40.42322],[-4.50273,40.42305],[-4.50261,40.42292],[-4.50253,40.42276],[-4.5025,40.42243],[-4.50246,40.42243],[-4.50246,40.42237],[-4.50263,40.42206],[-4.50261,40.42193],[-4.50268,40.42193],[-4.50282,40.42323],[-4.50276,40.42322]]]},"properties":{"dam_id":"way/1242451602","osm_type":"way","osm_id":1242451602,"country":"ES","name":"Presa del Embalse del Charco del Cura","uso":"desconhecido"}},{"type":"Feature","geometry":{"type":"Polygon","coordinates":[[[-7.21891,42.39049],[-7.21755,42.39143],[-7.21768,42.39152],[-7.21786,42.39136],[-7.21899,42.39056],[-7.21891,42.39049]]]},"properties":{"dam_id":"way/1243807784","osm_type":"way","osm_id":1243807784,"country":"ES","name":"Encoro de Montefurado","uso":"desconhecido"}},{"type":"Feature","geometry":{"type":"Polygon","coordinates":[[[-6.8602,42.40257],[-6.86067,42.40283],[-6.86048,42.40308],[-6.86017,42.40298],[-6.85975,42.40356],[-6.85932,42.40397],[-6.85916,42.40395],[-6.86011,42.40262],[-6.8602,42.40257]]]},"properties":{"dam_id":"way/1243854578","osm_type":"way","osm_id":1243854578,"country":"ES","name":null,"uso":"desconhecido"}},{"type":"Feature","geometry":{"type":"LineString","coordinates":[[-0.91162,39.68138],[-0.91144,39.68138]]},"properties":{"dam_id":"way/1244010702","osm_type":"way","osm_id":1244010702,"country":"ES","name":null,"uso":"desconhecido"}},{"type":"Feature","geometry":{"type":"Polygon","coordinates":[[[-0.85336,37.58217],[-0.85243,37.58242],[-0.85006,37.58231],[-0.84894,37.5822],[-0.84748,37.58199],[-0.84505,37.58137],[-0.84447,37.58116],[-0.8442,37.58099],[-0.84423,37.58096],[-0.84437,37.58105],[-0.84477,37.58121],[-0.84538,37.58139],[-0.84754,37.58193],[-0.84793,37.58196],[-0.84912,37.58213],[-0.85054,37.58226],[-0.85244,37.58231],[-0.85268,37.58227],[-0.8533,37.58208],[-0.85336,37.58217]]]},"properties":{"dam_id":"way/1244083303","osm_type":"way","osm_id":1244083303,"country":"ES","name":null,"uso":"desconhecido"}},{"type":"Feature","geometry":{"type":"Polygon","coordinates":[[[-2.97165,43.22163],[-2.97115,43.22147],[-2.97076,43.22104],[-2.97088,43.22098],[-2.97229,43.22144],[-2.97224,43.22147],[-2.97165,43.22163]]]},"properties":{"dam_id":"way/1245832500","osm_type":"way","osm_id":1245832500,"country":"ES","name":null,"uso":"desconhecido"}},{"type":"Feature","geometry":{"type":"Polygon","coordinates":[[[-2.8998,43.2105],[-2.8992,43.21116],[-2.89906,43.21112],[-2.89967,43.21047],[-2.8998,43.2105]]]},"properties":{"dam_id":"way/1254955507","osm_type":"way","osm_id":1254955507,"country":"ES","name":null,"uso":"desconhecido"}},{"type":"Feature","geometry":{"type":"Polygon","coordinates":[[[-0.34321,40.74639],[-0.3433,40.7464],[-0.34307,40.74688],[-0.343,40.74776],[-0.34289,40.74777],[-0.34274,40.74741],[-0.34275,40.74682],[-0.34321,40.74639]]]},"properties":{"dam_id":"way/1256919506","osm_type":"way","osm_id":1256919506,"country":"ES","name":"Presa de Puente de Santolea","uso":"desconhecido"}},{"type":"Feature","geometry":{"type":"LineString","coordinates":[[-3.78417,40.39615],[-3.78392,40.39606]]},"properties":{"dam_id":"way/1257181488","osm_type":"way","osm_id":1257181488,"country":"ES","name":null,"uso":"desconhecido"}},{"type":"Feature","geometry":{"type":"Polygon","coordinates":[[[-0.74001,40.14515],[-0.73968,40.14537],[-0.73962,40.14532],[-0.74001,40.14506],[-0.74001,40.14515]]]},"properties":{"dam_id":"way/1257231381","osm_type":"way","osm_id":1257231381,"country":"ES","name":"Presa Los Toranes","uso":"desconhecido"}},{"type":"Feature","geometry":{"type":"Polygon","coordinates":[[[-2.95815,43.19136],[-2.9581,43.19135],[-2.95807,43.19141],[-2.95778,43.19143],[-2.95773,43.1915],[-2.95746,43.19167],[-2.95736,43.19161],[-2.95725,43.19164],[-2.95709,43.19193],[-2.95717,43.19195],[-2.95732,43.19193],[-2.95767,43.1918],[-2.95795,43.19161],[-2.95815,43.19136]]]},"properties":{"dam_id":"way/1257504704","osm_type":"way","osm_id":1257504704,"country":"ES","name":null,"uso":"desconhecido"}},{"type":"Feature","geometry":{"type":"Polygon","coordinates":[[[-7.06902,43.12349],[-7.06898,43.12352],[-7.06903,43.12356],[-7.06892,43.12363],[-7.06879,43.12351],[-7.06889,43.12345],[-7.06894,43.12348],[-7.06898,43.12345],[-7.06902,43.12349]]]},"properties":{"dam_id":"way/1259443139","osm_type":"way","osm_id":1259443139,"country":"ES","name":null,"uso":"desconhecido"}},{"type":"Feature","geometry":{"type":"Polygon","coordinates":[[[-0.32397,40.76252],[-0.32311,40.7628],[-0.32258,40.76284],[-0.3219,40.76279],[-0.32151,40.76259],[-0.32137,40.76263],[-0.32132,40.76248],[-0.32167,40.76249],[-0.32203,40.76241],[-0.32303,40.7625],[-0.32395,40.76243],[-0.32397,40.76252]]]},"properties":{"dam_id":"way/1261919060","osm_type":"way","osm_id":1261919060,"country":"ES","name":null,"uso":"desconhecido"}},{"type":"Feature","geometry":{"type":"LineString","coordinates":[[-5.81925,38.28086],[-5.81968,38.28035]]},"properties":{"dam_id":"way/1263513018","osm_type":"way","osm_id":1263513018,"country":"ES","name":null,"uso":"desconhecido"}},{"type":"Feature","geometry":{"type":"Polygon","coordinates":[[[-6.61007,37.60251],[-6.60987,37.6023],[-6.60967,37.60227],[-6.60933,37.60231],[-6.61007,37.60251]]]},"properties":{"dam_id":"way/1264366216","osm_type":"way","osm_id":1264366216,"country":"ES","name":null,"uso":"desconhecido"}},{"type":"Feature","geometry":{"type":"LineString","coordinates":[[-2.74684,37.78777],[-2.74652,37.78769]]},"properties":{"dam_id":"way/1265825362","osm_type":"way","osm_id":1265825362,"country":"ES","name":null,"uso":"desconhecido"}},{"type":"Feature","geometry":{"type":"LineString","coordinates":[[-3.84367,38.03563],[-3.8442,38.03505]]},"properties":{"dam_id":"way/1266040783","osm_type":"way","osm_id":1266040783,"country":"ES","name":"San Rafael","uso":"desconhecido"}},{"type":"Feature","geometry":{"type":"LineString","coordinates":[[-8.07879,43.53098],[-8.0786,43.53098]]},"properties":{"dam_id":"way/1267095556","osm_type":"way","osm_id":1267095556,"country":"ES","name":null,"uso":"desconhecido"}},{"type":"Feature","geometry":{"type":"LineString","coordinates":[[-6.36015,39.07284],[-6.35914,39.07298]]},"properties":{"dam_id":"way/1267694211","osm_type":"way","osm_id":1267694211,"country":"ES","name":null,"uso":"desconhecido"}},{"type":"Feature","geometry":{"type":"LineString","coordinates":[[-6.33855,39.08178],[-6.33806,39.08149]]},"properties":{"dam_id":"way/1267694213","osm_type":"way","osm_id":1267694213,"country":"ES","name":null,"uso":"desconhecido"}},{"type":"Feature","geometry":{"type":"LineString","coordinates":[[-5.25385,39.98724],[-5.25365,39.9872],[-5.25354,39.98714],[-5.25347,39.98706]]},"properties":{"dam_id":"way/1267961306","osm_type":"way","osm_id":1267961306,"country":"ES","name":null,"uso":"desconhecido"}},{"type":"Feature","geometry":{"type":"LineString","coordinates":[[-5.25324,39.99585],[-5.25277,39.99618]]},"properties":{"dam_id":"way/1267961315","osm_type":"way","osm_id":1267961315,"country":"ES","name":"Presa de Cerquilla","uso":"desconhecido"}},{"type":"Feature","geometry":{"type":"LineString","coordinates":[[-6.89353,38.11054],[-6.89338,38.1102],[-6.89339,38.1099]]},"properties":{"dam_id":"way/1268111595","osm_type":"way","osm_id":1268111595,"country":"ES","name":null,"uso":"desconhecido"}},{"type":"Feature","geometry":{"type":"LineString","coordinates":[[-6.8013,38.09647],[-6.80091,38.09682]]},"properties":{"dam_id":"way/1268111608","osm_type":"way","osm_id":1268111608,"country":"ES","name":null,"uso":"desconhecido"}},{"type":"Feature","geometry":{"type":"LineString","coordinates":[[-4.29223,38.43129],[-4.29214,38.43122]]},"properties":{"dam_id":"way/1270942299","osm_type":"way","osm_id":1270942299,"country":"ES","name":null,"uso":"desconhecido"}},{"type":"Feature","geometry":{"type":"LineString","coordinates":[[-0.94005,39.07832],[-0.93996,39.07824]]},"properties":{"dam_id":"way/1271646387","osm_type":"way","osm_id":1271646387,"country":"ES","name":null,"uso":"desconhecido"}},{"type":"Feature","geometry":{"type":"LineString","coordinates":[[-0.95916,39.08587],[-0.9593,39.08569]]},"properties":{"dam_id":"way/1271646388","osm_type":"way","osm_id":1271646388,"country":"ES","name":null,"uso":"desconhecido"}},{"type":"Feature","geometry":{"type":"LineString","coordinates":[[-6.11408,37.55125],[-6.11433,37.55169],[-6.11483,37.55191]]},"properties":{"dam_id":"way/1273195333","osm_type":"way","osm_id":1273195333,"country":"ES","name":"Embalse del Esparragal","uso":"desconhecido"}},{"type":"Feature","geometry":{"type":"LineString","coordinates":[[-6.45858,37.18322],[-6.45721,37.18328]]},"properties":{"dam_id":"way/1273887997","osm_type":"way","osm_id":1273887997,"country":"ES","name":null,"uso":"desconhecido"}},{"type":"Feature","geometry":{"type":"Polygon","coordinates":[[[-0.43226,39.14044],[-0.43223,39.14047],[-0.43213,39.14041],[-0.43216,39.14038],[-0.43226,39.14044]]]},"properties":{"dam_id":"way/1275305448","osm_type":"way","osm_id":1275305448,"country":"ES","name":null,"uso":"desconhecido"}},{"type":"Feature","geometry":{"type":"LineString","coordinates":[[-2.29365,40.93837],[-2.2937,40.93835],[-2.29392,40.93837],[-2.29394,40.9384]]},"properties":{"dam_id":"way/1275318251","osm_type":"way","osm_id":1275318251,"country":"ES","name":null,"uso":"desconhecido"}},{"type":"Feature","geometry":{"type":"Polygon","coordinates":[[[-1.30001,38.53478],[-1.29985,38.53457],[-1.29996,38.53465],[-1.30001,38.53478]]]},"properties":{"dam_id":"way/1276416809","osm_type":"way","osm_id":1276416809,"country":"ES","name":null,"uso":"desconhecido"}},{"type":"Feature","geometry":{"type":"Polygon","coordinates":[[[-1.30279,38.52559],[-1.30247,38.52563],[-1.30218,38.52567],[-1.30236,38.5256],[-1.30235,38.52552],[-1.30254,38.52549],[-1.30256,38.52558],[-1.30279,38.52559]]]},"properties":{"dam_id":"way/1276428206","osm_type":"way","osm_id":1276428206,"country":"ES","name":null,"uso":"desconhecido"}},{"type":"Feature","geometry":{"type":"LineString","coordinates":[[-0.52399,42.79008],[-0.52413,42.7901]]},"properties":{"dam_id":"way/1277624310","osm_type":"way","osm_id":1277624310,"country":"ES","name":null,"uso":"desconhecido"}},{"type":"Feature","geometry":{"type":"LineString","coordinates":[[0.02377,42.0836],[0.02414,42.08362]]},"properties":{"dam_id":"way/1277803924","osm_type":"way","osm_id":1277803924,"country":"ES","name":null,"uso":"desconhecido"}},{"type":"Feature","geometry":{"type":"LineString","coordinates":[[-2.66014,42.34073],[-2.66479,42.34131],[-2.66491,42.34119],[-2.66506,42.34087]]},"properties":{"dam_id":"way/1279050019","osm_type":"way","osm_id":1279050019,"country":"ES","name":null,"uso":"desconhecido"}},{"type":"Feature","geometry":{"type":"Polygon","coordinates":[[[-0.2704,40.81141],[-0.27037,40.81143],[-0.26988,40.81139],[-0.26991,40.81133],[-0.27035,40.81135],[-0.2704,40.81141]]]},"properties":{"dam_id":"way/1281384341","osm_type":"way","osm_id":1281384341,"country":"ES","name":null,"uso":"desconhecido"}},{"type":"Feature","geometry":{"type":"Polygon","coordinates":[[[-1.90131,41.97052],[-1.90126,41.9706],[-1.90074,41.97054],[-1.90075,41.97041],[-1.90082,41.97046],[-1.90131,41.97052]]]},"properties":{"dam_id":"way/1282586990","osm_type":"way","osm_id":1282586990,"country":"ES","name":null,"uso":"desconhecido"}},{"type":"Feature","geometry":{"type":"LineString","coordinates":[[3.33872,39.72237],[3.33897,39.7225]]},"properties":{"dam_id":"way/1283724463","osm_type":"way","osm_id":1283724463,"country":"ES","name":null,"uso":"desconhecido"}},{"type":"Feature","geometry":{"type":"Polygon","coordinates":[[[-6.80218,40.14057],[-6.80233,40.14058],[-6.80274,40.14212],[-6.80291,40.14222],[-6.80295,40.14246],[-6.80247,40.14253],[-6.80241,40.14234],[-6.80265,40.14225],[-6.80218,40.14057]]]},"properties":{"dam_id":"way/1286702111","osm_type":"way","osm_id":1286702111,"country":"ES","name":null,"uso":"desconhecido"}},{"type":"Feature","geometry":{"type":"LineString","coordinates":[[-2.80921,37.43621],[-2.80904,37.43588]]},"properties":{"dam_id":"way/1286796665","osm_type":"way","osm_id":1286796665,"country":"ES","name":null,"uso":"desconhecido"}},{"type":"Feature","geometry":{"type":"LineString","coordinates":[[-0.79825,39.41794],[-0.79832,39.41788],[-0.7983,39.41784]]},"properties":{"dam_id":"way/1287329159","osm_type":"way","osm_id":1287329159,"country":"ES","name":"azud de buñol","uso":"desconhecido"}},{"type":"Feature","geometry":{"type":"LineString","coordinates":[[-8.01989,42.88765],[-8.01977,42.88746],[-8.01977,42.88736],[-8.01993,42.88724]]},"properties":{"dam_id":"way/1288304919","osm_type":"way","osm_id":1288304919,"country":"ES","name":null,"uso":"desconhecido"}},{"type":"Feature","geometry":{"type":"LineString","coordinates":[[-2.42608,42.28511],[-2.42622,42.28497]]},"properties":{"dam_id":"way/1290498071","osm_type":"way","osm_id":1290498071,"country":"ES","name":null,"uso":"desconhecido"}},{"type":"Feature","geometry":{"type":"LineString","coordinates":[[2.63917,41.72126],[2.63909,41.72138]]},"properties":{"dam_id":"way/1292120423","osm_type":"way","osm_id":1292120423,"country":"ES","name":null,"uso":"desconhecido"}},{"type":"Feature","geometry":{"type":"LineString","coordinates":[[2.63267,41.72117],[2.63295,41.72111]]},"properties":{"dam_id":"way/1292120425","osm_type":"way","osm_id":1292120425,"country":"ES","name":null,"uso":"desconhecido"}},{"type":"Feature","geometry":{"type":"Polygon","coordinates":[[[-5.23598,37.82498],[-5.23597,37.82493],[-5.23603,37.82491],[-5.236,37.82485],[-5.23609,37.82484],[-5.23619,37.82488],[-5.23801,37.82452],[-5.23804,37.82458],[-5.23598,37.82498]]]},"properties":{"dam_id":"way/1292728579","osm_type":"way","osm_id":1292728579,"country":"ES","name":null,"uso":"desconhecido"}},{"type":"Feature","geometry":{"type":"LineString","coordinates":[[-7.21725,42.17784],[-7.21649,42.17759]]},"properties":{"dam_id":"way/1296018717","osm_type":"way","osm_id":1296018717,"country":"ES","name":"Encoro de Soutelo","uso":"desconhecido"}},{"type":"Feature","geometry":{"type":"LineString","coordinates":[[-0.57016,38.53645],[-0.57006,38.53645]]},"properties":{"dam_id":"way/1298800812","osm_type":"way","osm_id":1298800812,"country":"ES","name":null,"uso":"desconhecido"}},{"type":"Feature","geometry":{"type":"Polygon","coordinates":[[[-5.59246,39.13268],[-5.59246,39.13261],[-5.59252,39.13261],[-5.59252,39.13269],[-5.59246,39.13268]]]},"properties":{"dam_id":"way/1300728188","osm_type":"way","osm_id":1300728188,"country":"ES","name":"Compuerta Nº2","uso":"desconhecido"}},{"type":"Feature","geometry":{"type":"Polygon","coordinates":[[[-5.55276,39.17157],[-5.55285,39.17154],[-5.55287,39.17158],[-5.55278,39.17161],[-5.55276,39.17157]]]},"properties":{"dam_id":"way/1300728191","osm_type":"way","osm_id":1300728191,"country":"ES","name":"Compuerta Nº1","uso":"desconhecido"}},{"type":"Feature","geometry":{"type":"LineString","coordinates":[[1.9518,41.93117],[1.95202,41.93117]]},"properties":{"dam_id":"way/1301167511","osm_type":"way","osm_id":1301167511,"country":"ES","name":null,"uso":"desconhecido"}},{"type":"Feature","geometry":{"type":"Polygon","coordinates":[[[-2.89689,40.34673],[-2.89681,40.34667],[-2.89763,40.34607],[-2.8977,40.34613],[-2.89689,40.34673]]]},"properties":{"dam_id":"way/1301518429","osm_type":"way","osm_id":1301518429,"country":"ES","name":null,"uso":"desconhecido"}},{"type":"Feature","geometry":{"type":"LineString","coordinates":[[-2.92027,43.38119],[-2.92012,43.38077]]},"properties":{"dam_id":"way/1302853801","osm_type":"way","osm_id":1302853801,"country":"ES","name":"Presa de Arbinas","uso":"desconhecido"}},{"type":"Feature","geometry":{"type":"LineString","coordinates":[[-8.50004,42.46524],[-8.49994,42.46515]]},"properties":{"dam_id":"way/1303713920","osm_type":"way","osm_id":1303713920,"country":"ES","name":null,"uso":"desconhecido"}},{"type":"Feature","geometry":{"type":"LineString","coordinates":[[-6.97765,37.96529],[-6.97739,37.96494]]},"properties":{"dam_id":"way/1304103903","osm_type":"way","osm_id":1304103903,"country":"ES","name":null,"uso":"desconhecido"}},{"type":"Feature","geometry":{"type":"Polygon","coordinates":[[[-6.91021,42.41009],[-6.91003,42.41002],[-6.9102,42.40988],[-6.91038,42.40981],[-6.91051,42.4098],[-6.91051,42.40969],[-6.91035,42.40964],[-6.91043,42.40944],[-6.91055,42.40946],[-6.91054,42.40969],[-6.91058,42.40969],[-6.91059,42.40986],[-6.91067,42.40994],[-6.91054,42.40998],[-6.91054,42.40995],[-6.91035,42.40998],[-6.91024,42.41004],[-6.91021,42.41009]]]},"properties":{"dam_id":"way/1304638591","osm_type":"way","osm_id":1304638591,"country":"ES","name":"Encoro de Casaio","uso":"desconhecido"}},{"type":"Feature","geometry":{"type":"LineString","coordinates":[[-2.27682,42.45369],[-2.27657,42.45383]]},"properties":{"dam_id":"way/1306336979","osm_type":"way","osm_id":1306336979,"country":"ES","name":null,"uso":"desconhecido"}},{"type":"Feature","geometry":{"type":"LineString","coordinates":[[-7.06113,37.95059],[-7.06091,37.95052],[-7.06079,37.9504]]},"properties":{"dam_id":"way/1306341499","osm_type":"way","osm_id":1306341499,"country":"ES","name":null,"uso":"desconhecido"}},{"type":"Feature","geometry":{"type":"Polygon","coordinates":[[[-0.52933,38.50687],[-0.52921,38.50681],[-0.52931,38.5068],[-0.52933,38.50687]]]},"properties":{"dam_id":"way/1306358085","osm_type":"way","osm_id":1306358085,"country":"ES","name":null,"uso":"desconhecido"}},{"type":"Feature","geometry":{"type":"LineString","coordinates":[[-5.08408,40.85206],[-5.08417,40.85262]]},"properties":{"dam_id":"way/1306652810","osm_type":"way","osm_id":1306652810,"country":"ES","name":null,"uso":"desconhecido"}},{"type":"Feature","geometry":{"type":"Polygon","coordinates":[[[-2.39253,42.48229],[-2.39258,42.4825],[-2.3922,42.4825],[-2.39216,42.48238],[-2.39231,42.48231],[-2.39253,42.48229]]]},"properties":{"dam_id":"way/1308815856","osm_type":"way","osm_id":1308815856,"country":"ES","name":null,"uso":"desconhecido"}},{"type":"Feature","geometry":{"type":"LineString","coordinates":[[-5.23995,39.0303],[-5.24098,39.03079]]},"properties":{"dam_id":"way/1309105865","osm_type":"way","osm_id":1309105865,"country":"ES","name":null,"uso":"desconhecido"}},{"type":"Feature","geometry":{"type":"LineString","coordinates":[[-4.04688,40.62951],[-4.04674,40.62934]]},"properties":{"dam_id":"way/1311000736","osm_type":"way","osm_id":1311000736,"country":"ES","name":null,"uso":"desconhecido"}},{"type":"Feature","geometry":{"type":"LineString","coordinates":[[-4.0589,40.62719],[-4.0588,40.62692],[-4.05876,40.62671]]},"properties":{"dam_id":"way/1311000737","osm_type":"way","osm_id":1311000737,"country":"ES","name":null,"uso":"desconhecido"}},{"type":"Feature","geometry":{"type":"LineString","coordinates":[[-5.39459,41.72008],[-5.39453,41.71981]]},"properties":{"dam_id":"way/1311752070","osm_type":"way","osm_id":1311752070,"country":"ES","name":"Presa de Belver de los Montes","uso":"desconhecido"}},{"type":"Feature","geometry":{"type":"LineString","coordinates":[[-5.5907,36.23301],[-5.59109,36.23271]]},"properties":{"dam_id":"way/1311859862","osm_type":"way","osm_id":1311859862,"country":"ES","name":"Presa de Valdeinfierno","uso":"desconhecido"}},{"type":"Feature","geometry":{"type":"Polygon","coordinates":[[[-0.21023,40.91504],[-0.21026,40.91538],[-0.21066,40.91615],[-0.21176,40.91642],[-0.21297,40.91624],[-0.21307,40.91596],[-0.21267,40.9157],[-0.21205,40.91541],[-0.21141,40.91522],[-0.21023,40.91504]]]},"properties":{"dam_id":"way/1313042513","osm_type":"way","osm_id":1313042513,"country":"ES","name":null,"uso":"desconhecido"}},{"type":"Feature","geometry":{"type":"Polygon","coordinates":[[[-4.69713,42.89938],[-4.69728,42.8992],[-4.69727,42.89919],[-4.69711,42.89937],[-4.69713,42.89938]]]},"properties":{"dam_id":"way/1314043510","osm_type":"way","osm_id":1314043510,"country":"ES","name":"Presa Arroyo de la Miranda","uso":"desconhecido"}},{"type":"Feature","geometry":{"type":"LineString","coordinates":[[-5.64984,39.28219],[-5.64992,39.28202],[-5.65075,39.28139]]},"properties":{"dam_id":"way/1315054339","osm_type":"way","osm_id":1315054339,"country":"ES","name":null,"uso":"desconhecido"}},{"type":"Feature","geometry":{"type":"LineString","coordinates":[[0.18592,40.47967],[0.1861,40.47971]]},"properties":{"dam_id":"way/1315091193","osm_type":"way","osm_id":1315091193,"country":"ES","name":"La Peixera","uso":"desconhecido"}},{"type":"Feature","geometry":{"type":"LineString","coordinates":[[0.19711,40.47027],[0.19694,40.47024]]},"properties":{"dam_id":"way/1315091194","osm_type":"way","osm_id":1315091194,"country":"ES","name":"La Peixera","uso":"desconhecido"}},{"type":"Feature","geometry":{"type":"Polygon","coordinates":[[[-4.69874,42.90068],[-4.69884,42.90052],[-4.69881,42.9005],[-4.69872,42.90054],[-4.69868,42.9006],[-4.69867,42.90066],[-4.69874,42.90068]]]},"properties":{"dam_id":"way/1317693347","osm_type":"way","osm_id":1317693347,"country":"ES","name":"Presa y Esclusas Arroyo de la Miranda","uso":"desconhecido"}},{"type":"Feature","geometry":{"type":"Polygon","coordinates":[[[-3.99898,40.72495],[-3.99904,40.72492],[-3.99904,40.72486],[-3.99855,40.72451],[-3.99855,40.72455],[-3.99858,40.72454],[-3.99898,40.72485],[-3.99898,40.72495]]]},"properties":{"dam_id":"way/1319057793","osm_type":"way","osm_id":1319057793,"country":"ES","name":null,"uso":"desconhecido"}},{"type":"Feature","geometry":{"type":"LineString","coordinates":[[2.30237,41.89961],[2.30227,41.89942]]},"properties":{"dam_id":"way/1319574579","osm_type":"way","osm_id":1319574579,"country":"ES","name":null,"uso":"desconhecido"}},{"type":"Feature","geometry":{"type":"Polygon","coordinates":[[[-7.99889,42.90851],[-7.99898,42.90841],[-7.99917,42.9083],[-7.99915,42.90827],[-7.99893,42.90839],[-7.99885,42.90851],[-7.99889,42.90851]]]},"properties":{"dam_id":"way/1319894969","osm_type":"way","osm_id":1319894969,"country":"ES","name":"Presa do Comendador","uso":"desconhecido"}},{"type":"Feature","geometry":{"type":"Polygon","coordinates":[[[-6.12281,38.53435],[-6.12115,38.5319],[-6.12092,38.53195],[-6.12104,38.53319],[-6.12165,38.53395],[-6.12262,38.53443],[-6.12281,38.53435]]]},"properties":{"dam_id":"way/1322337569","osm_type":"way","osm_id":1322337569,"country":"ES","name":null,"uso":"desconhecido"}},{"type":"Feature","geometry":{"type":"Polygon","coordinates":[[[-8.00497,42.47362],[-8.00524,42.47367],[-8.00496,42.4736],[-8.00496,42.47368],[-8.00497,42.47362]]]},"properties":{"dam_id":"way/1323126954","osm_type":"way","osm_id":1323126954,"country":"ES","name":null,"uso":"desconhecido"}},{"type":"Feature","geometry":{"type":"Polygon","coordinates":[[[-0.88094,39.35916],[-0.88055,39.35915],[-0.88068,39.35912],[-0.88068,39.35897],[-0.88084,39.35896],[-0.88085,39.35911],[-0.88094,39.35916]]]},"properties":{"dam_id":"way/1323150294","osm_type":"way","osm_id":1323150294,"country":"ES","name":null,"uso":"desconhecido"}},{"type":"Feature","geometry":{"type":"Polygon","coordinates":[[[-0.5513,42.0443],[-0.55136,42.0442],[-0.55119,42.04402],[-0.5513,42.04395],[-0.55107,42.04328],[-0.55112,42.04326],[-0.55058,42.04226],[-0.54852,42.03929],[-0.54805,42.03839],[-0.54584,42.03523],[-0.54522,42.03443],[-0.54418,42.0332],[-0.54251,42.03142],[-0.54187,42.03086],[-0.54018,42.02916],[-0.53957,42.02839],[-0.53919,42.02781],[-0.53877,42.02729],[-0.53866,42.02667],[-0.53902,42.02588],[-0.53891,42.02585],[-0.53842,42.0267],[-0.53819,42.02662],[-0.538,42.02686],[-0.53791,42.02704],[-0.53796,42.02753],[-0.53806,42.02777],[-0.53824,42.02803],[-0.53893,42.02886],[-0.53973,42.03013],[-0.54,42.0307],[-0.54044,42.03136],[-0.54115,42.03229],[-0.54173,42.03279],[-0.54297,42.03433],[-0.54285,42.03458],[-0.54297,42.03496],[-0.5432,42.03532],[-0.54397,42.0362],[-0.5445,42.03689],[-0.54655,42.03923],[-0.547,42.0397],[-0.5473,42.03987],[-0.54754,42.0401],[-0.54915,42.04216],[-0.54981,42.04309],[-0.55024,42.04356],[-0.5513,42.0443]]]},"properties":{"dam_id":"way/1323379595","osm_type":"way","osm_id":1323379595,"country":"ES","name":null,"uso":"desconhecido"}},{"type":"Feature","geometry":{"type":"Polygon","coordinates":[[[-0.88429,39.37451],[-0.88398,39.37446],[-0.88411,39.37439],[-0.88411,39.37428],[-0.8842,39.37427],[-0.88423,39.37438],[-0.88422,39.37444],[-0.88429,39.37451]]]},"properties":{"dam_id":"way/1323670621","osm_type":"way","osm_id":1323670621,"country":"ES","name":null,"uso":"desconhecido"}},{"type":"Feature","geometry":{"type":"Polygon","coordinates":[[[-0.81066,39.37596],[-0.8106,39.37596],[-0.81055,39.37592],[-0.81057,39.37585],[-0.81066,39.37596]]]},"properties":{"dam_id":"way/1323834047","osm_type":"way","osm_id":1323834047,"country":"ES","name":null,"uso":"desconhecido"}},{"type":"Feature","geometry":{"type":"LineString","coordinates":[[-7.2494,42.30924],[-7.24957,42.3093]]},"properties":{"dam_id":"way/1324673474","osm_type":"way","osm_id":1324673474,"country":"ES","name":"As Pasadas","uso":"desconhecido"}},{"type":"Feature","geometry":{"type":"Polygon","coordinates":[[[-7.30075,42.34502],[-7.29992,42.34409],[-7.29986,42.34412],[-7.30014,42.34442],[-7.29985,42.34456],[-7.30004,42.34477],[-7.30036,42.34465],[-7.30069,42.34505],[-7.30075,42.34502]]]},"properties":{"dam_id":"way/1324680436","osm_type":"way","osm_id":1324680436,"country":"ES","name":"Presa das Guístolas","uso":"desconhecido"}},{"type":"Feature","geometry":{"type":"Polygon","coordinates":[[[-7.21808,42.28907],[-7.21816,42.28897],[-7.21822,42.28896],[-7.21822,42.28893],[-7.21742,42.28897],[-7.21743,42.28899],[-7.21747,42.28899],[-7.21761,42.28915],[-7.21808,42.28907]]]},"properties":{"dam_id":"way/1326056294","osm_type":"way","osm_id":1326056294,"country":"ES","name":"Presa do Medo","uso":"desconhecido"}},{"type":"Feature","geometry":{"type":"Polygon","coordinates":[[[-7.19033,42.26268],[-7.19053,42.26259],[-7.19077,42.26256],[-7.19076,42.26254],[-7.1906,42.26256],[-7.1906,42.26252],[-7.1905,42.26252],[-7.19032,42.26261],[-7.19033,42.26268]]]},"properties":{"dam_id":"way/1326241779","osm_type":"way","osm_id":1326241779,"country":"ES","name":"Encoro de San Miguel","uso":"desconhecido"}},{"type":"Feature","geometry":{"type":"Polygon","coordinates":[[[-1.15809,42.98455],[-1.15805,42.98447],[-1.15731,42.9845],[-1.15736,42.98473],[-1.15749,42.98492],[-1.15786,42.98524],[-1.15823,42.98541],[-1.15822,42.98524],[-1.15782,42.985],[-1.15753,42.9847],[-1.15782,42.98456],[-1.15809,42.98455]]]},"properties":{"dam_id":"way/1328544672","osm_type":"way","osm_id":1328544672,"country":"ES","name":"Presa de Irabia","uso":"desconhecido"}},{"type":"Feature","geometry":{"type":"Polygon","coordinates":[[[-0.92949,39.29237],[-0.92945,39.2924],[-0.92947,39.2925],[-0.92919,39.29225],[-0.92943,39.29227],[-0.92949,39.29237]]]},"properties":{"dam_id":"way/1328605681","osm_type":"way","osm_id":1328605681,"country":"ES","name":null,"uso":"desconhecido"}},{"type":"Feature","geometry":{"type":"Polygon","coordinates":[[[-1.09865,39.1947],[-1.09873,39.19465],[-1.09864,39.19461],[-1.09852,39.19462],[-1.09858,39.1947],[-1.09865,39.1947]]]},"properties":{"dam_id":"way/1329894002","osm_type":"way","osm_id":1329894002,"country":"ES","name":null,"uso":"desconhecido"}},{"type":"Feature","geometry":{"type":"Polygon","coordinates":[[[-1.16323,39.16249],[-1.16319,39.16233],[-1.16317,39.16238],[-1.16311,39.16239],[-1.16314,39.16246],[-1.16319,39.16246],[-1.16323,39.16249]]]},"properties":{"dam_id":"way/1329962978","osm_type":"way","osm_id":1329962978,"country":"ES","name":null,"uso":"desconhecido"}},{"type":"Feature","geometry":{"type":"Polygon","coordinates":[[[-1.21735,39.56935],[-1.21734,39.56939],[-1.21746,39.56953],[-1.21751,39.56954],[-1.21735,39.56935]]]},"properties":{"dam_id":"way/1330246287","osm_type":"way","osm_id":1330246287,"country":"ES","name":null,"uso":"desconhecido"}},{"type":"Feature","geometry":{"type":"LineString","coordinates":[[-3.44178,41.23896],[-3.44233,41.23842],[-3.44276,41.23785]]},"properties":{"dam_id":"way/1330609011","osm_type":"way","osm_id":1330609011,"country":"ES","name":"Presa de Riofrío","uso":"desconhecido"}},{"type":"Feature","geometry":{"type":"Polygon","coordinates":[[[-1.08906,39.24187],[-1.08895,39.2419],[-1.08887,39.24186],[-1.08887,39.24175],[-1.08901,39.2418],[-1.08906,39.24187]]]},"properties":{"dam_id":"way/1330731617","osm_type":"way","osm_id":1330731617,"country":"ES","name":null,"uso":"desconhecido"}},{"type":"Feature","geometry":{"type":"LineString","coordinates":[[2.16224,41.84366],[2.16203,41.84354]]},"properties":{"dam_id":"way/1331310624","osm_type":"way","osm_id":1331310624,"country":"ES","name":null,"uso":"desconhecido"}},{"type":"Feature","geometry":{"type":"Polygon","coordinates":[[[-1.57439,42.77417],[-1.57999,42.77316],[-1.57991,42.77334],[-1.57489,42.77425],[-1.57454,42.77424],[-1.57439,42.77417]]]},"properties":{"dam_id":"way/1331450526","osm_type":"way","osm_id":1331450526,"country":"ES","name":null,"uso":"desconhecido"}},{"type":"Feature","geometry":{"type":"Polygon","coordinates":[[[-4.43313,36.75804],[-4.43282,36.7579],[-4.43268,36.75787],[-4.43102,36.75759],[-4.43097,36.75768],[-4.43102,36.75774],[-4.43093,36.75774],[-4.43093,36.75777],[-4.43088,36.75777],[-4.43088,36.75785],[-4.43102,36.75785],[-4.43103,36.75794],[-4.43089,36.75818],[-4.43059,36.75845],[-4.43024,36.75865],[-4.42984,36.75879],[-4.42938,36.76003],[-4.42938,36.76021],[-4.43007,36.76059],[-4.43109,36.76026],[-4.43166,36.75995],[-4.43237,36.75942],[-4.43275,36.75902],[-4.43313,36.75846],[-4.43342,36.75846],[-4.43323,36.75829],[-4.43313,36.75804]]]},"properties":{"dam_id":"way/1332107537","osm_type":"way","osm_id":1332107537,"country":"ES","name":"Presa de El Limonero","uso":"desconhecido"}},{"type":"Feature","geometry":{"type":"Polygon","coordinates":[[[-0.96065,39.14669],[-0.96062,39.14675],[-0.96046,39.14673],[-0.96052,39.14662],[-0.96065,39.14669]]]},"properties":{"dam_id":"way/1332675506","osm_type":"way","osm_id":1332675506,"country":"ES","name":null,"uso":"desconhecido"}},{"type":"Feature","geometry":{"type":"LineString","coordinates":[[-3.63911,37.32943],[-3.64025,37.32884]]},"properties":{"dam_id":"way/1333428298","osm_type":"way","osm_id":1333428298,"country":"ES","name":null,"uso":"desconhecido"}},{"type":"Feature","geometry":{"type":"LineString","coordinates":[[-6.76574,37.45846],[-6.76619,37.45866],[-6.76667,37.45876],[-6.76753,37.45875],[-6.76782,37.45886]]},"properties":{"dam_id":"way/1334578307","osm_type":"way","osm_id":1334578307,"country":"ES","name":"Restructuración Presa Beas","uso":"desconhecido"}},{"type":"Feature","geometry":{"type":"LineString","coordinates":[[-1.01237,42.64497],[-1.01199,42.64496]]},"properties":{"dam_id":"way/1336607983","osm_type":"way","osm_id":1336607983,"country":"ES","name":null,"uso":"desconhecido"}},{"type":"Feature","geometry":{"type":"Polygon","coordinates":[[[-3.56836,37.34812],[-3.56837,37.34815],[-3.56819,37.34821],[-3.56809,37.3481],[-3.56814,37.34803],[-3.56816,37.34804],[-3.56811,37.34811],[-3.56815,37.34815],[-3.56824,37.34817],[-3.56836,37.34812]]]},"properties":{"dam_id":"way/1336793736","osm_type":"way","osm_id":1336793736,"country":"ES","name":"Presa Romana de Barcinas","uso":"desconhecido"}},{"type":"Feature","geometry":{"type":"LineString","coordinates":[[0.27089,42.67755],[0.27069,42.67705]]},"properties":{"dam_id":"way/1337590172","osm_type":"way","osm_id":1337590172,"country":"ES","name":null,"uso":"desconhecido"}},{"type":"Feature","geometry":{"type":"LineString","coordinates":[[-3.45283,41.01513],[-3.45285,41.01507]]},"properties":{"dam_id":"way/1339176495","osm_type":"way","osm_id":1339176495,"country":"ES","name":null,"uso":"desconhecido"}},{"type":"Feature","geometry":{"type":"LineString","coordinates":[[-2.95529,37.15807],[-2.95429,37.15648]]},"properties":{"dam_id":"way/1339937959","osm_type":"way","osm_id":1339937959,"country":"ES","name":"Presa de Isfalada","uso":"desconhecido"}},{"type":"Feature","geometry":{"type":"LineString","coordinates":[[-2.89843,37.16269],[-2.89871,37.1616]]},"properties":{"dam_id":"way/1339937960","osm_type":"way","osm_id":1339937960,"country":"ES","name":"Presa de Fiñana","uso":"desconhecido"}},{"type":"Feature","geometry":{"type":"Polygon","coordinates":[[[-3.72562,40.42361],[-3.72549,40.4237],[-3.7257,40.42389],[-3.72553,40.42376],[-3.72551,40.42378],[-3.72564,40.42392],[-3.72543,40.42373],[-3.72528,40.42383],[-3.72526,40.4238],[-3.7254,40.42371],[-3.72533,40.42365],[-3.72541,40.4237],[-3.72544,40.42368],[-3.72539,40.42361],[-3.72546,40.42367],[-3.7256,40.42358],[-3.72562,40.42361]]]},"properties":{"dam_id":"way/1340233498","osm_type":"way","osm_id":1340233498,"country":"ES","name":"Presa Nº4","uso":"desconhecido"}},{"type":"Feature","geometry":{"type":"Polygon","coordinates":[[[-3.72275,40.41608],[-3.72267,40.41631],[-3.72271,40.41613],[-3.72268,40.41613],[-3.7226,40.4163],[-3.72268,40.41605],[-3.72248,40.41602],[-3.7225,40.41598],[-3.72269,40.41602],[-3.72276,40.41587],[-3.72271,40.41602],[-3.72274,40.41603],[-3.72281,40.41588],[-3.72277,40.41603],[-3.72292,40.41606],[-3.72291,40.4161],[-3.72275,40.41608]]]},"properties":{"dam_id":"way/1340233499","osm_type":"way","osm_id":1340233499,"country":"ES","name":"Presa Nº5","uso":"desconhecido"}},{"type":"Feature","geometry":{"type":"Polygon","coordinates":[[[-3.7351,40.43148],[-3.73472,40.43161],[-3.7347,40.43158],[-3.73488,40.43151],[-3.73481,40.4314],[-3.73483,40.43139],[-3.7349,40.43151],[-3.73508,40.43145],[-3.7351,40.43148]]]},"properties":{"dam_id":"way/1340233510","osm_type":"way","osm_id":1340233510,"country":"ES","name":"Presa Nº3","uso":"desconhecido"}},{"type":"Feature","geometry":{"type":"Polygon","coordinates":[[[-3.71828,40.39989],[-3.71795,40.39992],[-3.71798,40.40007],[-3.71793,40.40007],[-3.71791,40.39993],[-3.7177,40.39994],[-3.71769,40.39988],[-3.7179,40.39987],[-3.71787,40.39972],[-3.71792,40.39971],[-3.71794,40.39986],[-3.71827,40.39984],[-3.71823,40.39985],[-3.71828,40.39989]]]},"properties":{"dam_id":"way/1340243108","osm_type":"way","osm_id":1340243108,"country":"ES","name":"Presa Nº7","uso":"desconhecido"}},{"type":"Feature","geometry":{"type":"Polygon","coordinates":[[[-3.72235,40.40735],[-3.72218,40.4073],[-3.72207,40.40754],[-3.72213,40.40737],[-3.7221,40.40736],[-3.722,40.40752],[-3.72211,40.40729],[-3.72191,40.40724],[-3.72192,40.4072],[-3.72213,40.40725],[-3.7222,40.40709],[-3.72226,40.40711],[-3.72219,40.40727],[-3.72237,40.40732],[-3.72235,40.40735]]]},"properties":{"dam_id":"way/1340243112","osm_type":"way","osm_id":1340243112,"country":"ES","name":"Presa Nº6","uso":"desconhecido"}},{"type":"Feature","geometry":{"type":"Polygon","coordinates":[[[-3.69613,40.38758],[-3.69643,40.38737],[-3.69639,40.38734],[-3.69625,40.38744],[-3.69615,40.38738],[-3.69623,40.38745],[-3.69609,40.38755],[-3.69613,40.38758]]]},"properties":{"dam_id":"way/1340263159","osm_type":"way","osm_id":1340263159,"country":"ES","name":"Presa Nº9","uso":"desconhecido"}},{"type":"Feature","geometry":{"type":"Polygon","coordinates":[[[-3.70696,40.39592],[-3.70703,40.39579],[-3.70733,40.39587],[-3.70712,40.3958],[-3.70713,40.39577],[-3.70736,40.39582],[-3.70705,40.39574],[-3.70712,40.39559],[-3.70708,40.39557],[-3.707,40.39573],[-3.70682,40.39568],[-3.7068,40.39572],[-3.70698,40.39578],[-3.70692,40.39591],[-3.70696,40.39592]]]},"properties":{"dam_id":"way/1340263163","osm_type":"way","osm_id":1340263163,"country":"ES","name":"Presa Nº8","uso":"desconhecido"}},{"type":"Feature","geometry":{"type":"LineString","coordinates":[[-3.27208,37.41754],[-3.27186,37.41635]]},"properties":{"dam_id":"way/1341098270","osm_type":"way","osm_id":1341098270,"country":"ES","name":null,"uso":"desconhecido"}},{"type":"Feature","geometry":{"type":"LineString","coordinates":[[0.03197,42.17243],[0.03207,42.17234]]},"properties":{"dam_id":"way/1341099767","osm_type":"way","osm_id":1341099767,"country":"ES","name":null,"uso":"hidroelétrica"}},{"type":"Feature","geometry":{"type":"LineString","coordinates":[[-1.32602,42.69827],[-1.32587,42.69865],[-1.3256,42.69875],[-1.32546,42.69877],[-1.32534,42.69895],[-1.3252,42.69899],[-1.32498,42.69922]]},"properties":{"dam_id":"way/1341571325","osm_type":"way","osm_id":1341571325,"country":"ES","name":null,"uso":"desconhecido"}},{"type":"Feature","geometry":{"type":"Polygon","coordinates":[[[-6.41739,39.15078],[-6.41745,39.1507],[-6.4189,39.15131],[-6.41885,39.15137],[-6.41739,39.15078]]]},"properties":{"dam_id":"way/1341831955","osm_type":"way","osm_id":1341831955,"country":"ES","name":null,"uso":"desconhecido"}},{"type":"Feature","geometry":{"type":"LineString","coordinates":[[-6.23615,38.16153],[-6.23575,38.16119]]},"properties":{"dam_id":"way/1342183870","osm_type":"way","osm_id":1342183870,"country":"ES","name":null,"uso":"desconhecido"}},{"type":"Feature","geometry":{"type":"Polygon","coordinates":[[[-3.9329,41.09728],[-3.93285,41.09725],[-3.9333,41.09686],[-3.93297,41.09669],[-3.93289,41.09661],[-3.93301,41.09653],[-3.93342,41.09681],[-3.9329,41.09728]]]},"properties":{"dam_id":"way/1342248332","osm_type":"way","osm_id":1342248332,"country":"ES","name":null,"uso":"desconhecido"}},{"type":"Feature","geometry":{"type":"Polygon","coordinates":[[[-6.18422,37.66565],[-6.18444,37.66556],[-6.18657,37.66427],[-6.18652,37.66421],[-6.18637,37.66431],[-6.18569,37.6644],[-6.18512,37.66473],[-6.1852,37.66481],[-6.18489,37.665],[-6.18469,37.66529],[-6.18419,37.66562],[-6.18422,37.66565]]]},"properties":{"dam_id":"way/1346147642","osm_type":"way","osm_id":1346147642,"country":"ES","name":null,"uso":"desconhecido"}},{"type":"Feature","geometry":{"type":"LineString","coordinates":[[-6.1806,37.66639],[-6.17958,37.66611]]},"properties":{"dam_id":"way/1346147646","osm_type":"way","osm_id":1346147646,"country":"ES","name":null,"uso":"desconhecido"}},{"type":"Feature","geometry":{"type":"LineString","coordinates":[[-4.81708,37.98848],[-4.8172,37.9878]]},"properties":{"dam_id":"way/1346352340","osm_type":"way","osm_id":1346352340,"country":"ES","name":null,"uso":"desconhecido"}},{"type":"Feature","geometry":{"type":"LineString","coordinates":[[-3.90025,38.2936],[-3.90017,38.29349],[-3.90004,38.29339]]},"properties":{"dam_id":"way/1346583875","osm_type":"way","osm_id":1346583875,"country":"ES","name":null,"uso":"desconhecido"}},{"type":"Feature","geometry":{"type":"Polygon","coordinates":[[[-3.88045,38.30699],[-3.88052,38.30691],[-3.88032,38.30676],[-3.88024,38.30678],[-3.88022,38.30684],[-3.88045,38.30699]]]},"properties":{"dam_id":"way/1346583878","osm_type":"way","osm_id":1346583878,"country":"ES","name":null,"uso":"desconhecido"}},{"type":"Feature","geometry":{"type":"LineString","coordinates":[[-2.32229,37.41251],[-2.32204,37.41258]]},"properties":{"dam_id":"way/1347113569","osm_type":"way","osm_id":1347113569,"country":"ES","name":null,"uso":"desconhecido"}},{"type":"Feature","geometry":{"type":"LineString","coordinates":[[-2.32233,37.4164],[-2.32205,37.41641]]},"properties":{"dam_id":"way/1347113570","osm_type":"way","osm_id":1347113570,"country":"ES","name":null,"uso":"desconhecido"}},{"type":"Feature","geometry":{"type":"LineString","coordinates":[[-2.31576,37.39102],[-2.31564,37.39091]]},"properties":{"dam_id":"way/1347113572","osm_type":"way","osm_id":1347113572,"country":"ES","name":null,"uso":"desconhecido"}},{"type":"Feature","geometry":{"type":"LineString","coordinates":[[-2.30679,37.39217],[-2.30665,37.3922]]},"properties":{"dam_id":"way/1347113573","osm_type":"way","osm_id":1347113573,"country":"ES","name":null,"uso":"desconhecido"}},{"type":"Feature","geometry":{"type":"LineString","coordinates":[[-2.30025,37.38706],[-2.30002,37.38701]]},"properties":{"dam_id":"way/1347113575","osm_type":"way","osm_id":1347113575,"country":"ES","name":null,"uso":"desconhecido"}},{"type":"Feature","geometry":{"type":"LineString","coordinates":[[-2.29135,37.38173],[-2.29114,37.38156]]},"properties":{"dam_id":"way/1347113578","osm_type":"way","osm_id":1347113578,"country":"ES","name":null,"uso":"desconhecido"}},{"type":"Feature","geometry":{"type":"LineString","coordinates":[[-2.29621,37.37703],[-2.296,37.37695]]},"properties":{"dam_id":"way/1347113580","osm_type":"way","osm_id":1347113580,"country":"ES","name":null,"uso":"desconhecido"}},{"type":"Feature","geometry":{"type":"LineString","coordinates":[[-2.10485,43.09967],[-2.10488,43.10002]]},"properties":{"dam_id":"way/1347437461","osm_type":"way","osm_id":1347437461,"country":"ES","name":null,"uso":"desconhecido"}},{"type":"Feature","geometry":{"type":"LineString","coordinates":[[-3.86051,38.27438],[-3.86042,38.27448]]},"properties":{"dam_id":"way/1347941216","osm_type":"way","osm_id":1347941216,"country":"ES","name":null,"uso":"desconhecido"}},{"type":"Feature","geometry":{"type":"LineString","coordinates":[[-2.46113,37.41849],[-2.46119,37.41829]]},"properties":{"dam_id":"way/1348681604","osm_type":"way","osm_id":1348681604,"country":"ES","name":null,"uso":"desconhecido"}},{"type":"Feature","geometry":{"type":"LineString","coordinates":[[-2.34218,37.35411],[-2.34203,37.35396]]},"properties":{"dam_id":"way/1348759260","osm_type":"way","osm_id":1348759260,"country":"ES","name":null,"uso":"desconhecido"}},{"type":"Feature","geometry":{"type":"LineString","coordinates":[[-2.32326,37.34982],[-2.32308,37.34956]]},"properties":{"dam_id":"way/1348759265","osm_type":"way","osm_id":1348759265,"country":"ES","name":null,"uso":"desconhecido"}},{"type":"Feature","geometry":{"type":"Polygon","coordinates":[[[-6.73717,38.56287],[-6.73704,38.56338],[-6.73687,38.5638],[-6.73662,38.56414],[-6.73594,38.56461],[-6.73717,38.56287]]]},"properties":{"dam_id":"way/1349081953","osm_type":"way","osm_id":1349081953,"country":"ES","name":"Presa del embalse de Nogales","uso":"desconhecido"}},{"type":"Feature","geometry":{"type":"Polygon","coordinates":[[[-2.34412,43.01208],[-2.34395,43.01213],[-2.34307,43.01085],[-2.34323,43.01079],[-2.34412,43.01208]]]},"properties":{"dam_id":"way/1349577920","osm_type":"way","osm_id":1349577920,"country":"ES","name":null,"uso":"desconhecido"}},{"type":"Feature","geometry":{"type":"Polygon","coordinates":[[[-3.00509,40.42177],[-3.00542,40.42125],[-3.00533,40.42121],[-3.00525,40.42121],[-3.00496,40.42181],[-3.00507,40.42185],[-3.00509,40.42177]]]},"properties":{"dam_id":"way/1350965317","osm_type":"way","osm_id":1350965317,"country":"ES","name":"Presa de Fuente Guijarro","uso":"desconhecido"}},{"type":"Feature","geometry":{"type":"Polygon","coordinates":[[[-5.93756,39.74813],[-5.9376,39.74814],[-5.93752,39.74827],[-5.93743,39.74833],[-5.93749,39.74818],[-5.93756,39.74813]]]},"properties":{"dam_id":"way/1352535527","osm_type":"way","osm_id":1352535527,"country":"ES","name":null,"uso":"desconhecido"}},{"type":"Feature","geometry":{"type":"Polygon","coordinates":[[[-4.0863,39.7997],[-4.08572,39.79982],[-4.08572,39.79985],[-4.08574,39.7999],[-4.0895,39.80006],[-4.08951,39.79997],[-4.089,39.79981],[-4.0863,39.7997]]]},"properties":{"dam_id":"way/1352574700","osm_type":"way","osm_id":1352574700,"country":"ES","name":"Embalse de Guajaraz","uso":"desconhecido"}},{"type":"Feature","geometry":{"type":"Polygon","coordinates":[[[-0.82251,42.50138],[-0.82241,42.5013],[-0.82234,42.50134],[-0.82224,42.50125],[-0.82236,42.5012],[-0.82251,42.50138]]]},"properties":{"dam_id":"way/1353413613","osm_type":"way","osm_id":1353413613,"country":"ES","name":null,"uso":"desconhecido"}},{"type":"Feature","geometry":{"type":"LineString","coordinates":[[-4.17955,38.22522],[-4.17949,38.22505]]},"properties":{"dam_id":"way/1353627133","osm_type":"way","osm_id":1353627133,"country":"ES","name":null,"uso":"desconhecido"}},{"type":"Feature","geometry":{"type":"Polygon","coordinates":[[[-3.86523,38.24694],[-3.86519,38.24667],[-3.86505,38.24644],[-3.86494,38.24633],[-3.86464,38.24621],[-3.86457,38.24624],[-3.86517,38.24693],[-3.86523,38.24694]]]},"properties":{"dam_id":"way/1355153996","osm_type":"way","osm_id":1355153996,"country":"ES","name":null,"uso":"desconhecido"}},{"type":"Feature","geometry":{"type":"Polygon","coordinates":[[[-0.40249,39.77091],[-0.40241,39.77077],[-0.40236,39.7708],[-0.4023,39.77078],[-0.40239,39.77096],[-0.40243,39.77092],[-0.40249,39.77091]]]},"properties":{"dam_id":"way/1356482884","osm_type":"way","osm_id":1356482884,"country":"ES","name":"Presa de Árguinas","uso":"desconhecido"}},{"type":"Feature","geometry":{"type":"LineString","coordinates":[[-2.22074,37.33414],[-2.22076,37.334]]},"properties":{"dam_id":"way/1356783553","osm_type":"way","osm_id":1356783553,"country":"ES","name":null,"uso":"desconhecido"}},{"type":"Feature","geometry":{"type":"LineString","coordinates":[[-2.26549,37.34779],[-2.26542,37.34754]]},"properties":{"dam_id":"way/1356783554","osm_type":"way","osm_id":1356783554,"country":"ES","name":null,"uso":"desconhecido"}},{"type":"Feature","geometry":{"type":"LineString","coordinates":[[-2.2051,37.33703],[-2.2048,37.33707]]},"properties":{"dam_id":"way/1357602266","osm_type":"way","osm_id":1357602266,"country":"ES","name":null,"uso":"desconhecido"}},{"type":"Feature","geometry":{"type":"LineString","coordinates":[[-2.2349,37.34625],[-2.23486,37.34606]]},"properties":{"dam_id":"way/1357602270","osm_type":"way","osm_id":1357602270,"country":"ES","name":null,"uso":"desconhecido"}},{"type":"Feature","geometry":{"type":"LineString","coordinates":[[-1.91894,43.07743],[-1.91875,43.0774]]},"properties":{"dam_id":"way/1359036551","osm_type":"way","osm_id":1359036551,"country":"ES","name":null,"uso":"desconhecido"}},{"type":"Feature","geometry":{"type":"Polygon","coordinates":[[[-5.03196,38.62445],[-5.03095,38.62416],[-5.02984,38.62397],[-5.02936,38.62398],[-5.02906,38.62389],[-5.02972,38.62382],[-5.03025,38.62381],[-5.03185,38.62418],[-5.03203,38.62432],[-5.03196,38.62445]]]},"properties":{"dam_id":"way/1359833369","osm_type":"way","osm_id":1359833369,"country":"ES","name":null,"uso":"desconhecido"}},{"type":"Feature","geometry":{"type":"LineString","coordinates":[[0.73699,40.7666],[0.73685,40.76675]]},"properties":{"dam_id":"way/1360844597","osm_type":"way","osm_id":1360844597,"country":"ES","name":null,"uso":"desconhecido"}},{"type":"Feature","geometry":{"type":"LineString","coordinates":[[-1.31624,40.56201],[-1.31621,40.56205],[-1.31615,40.56205],[-1.31614,40.56212],[-1.31603,40.5621],[-1.31601,40.56197],[-1.31576,40.56203],[-1.31566,40.56192]]},"properties":{"dam_id":"way/1361731099","osm_type":"way","osm_id":1361731099,"country":"ES","name":"Sobresalto de contención de la Rambla El Tollo - Las Balsas","uso":"desconhecido"}},{"type":"Feature","geometry":{"type":"LineString","coordinates":[[-8.66703,42.77002],[-8.66699,42.76987]]},"properties":{"dam_id":"way/1362646844","osm_type":"way","osm_id":1362646844,"country":"ES","name":null,"uso":"desconhecido"}},{"type":"Feature","geometry":{"type":"LineString","coordinates":[[0.73495,41.70037],[0.73501,41.70036]]},"properties":{"dam_id":"way/1364435847","osm_type":"way","osm_id":1364435847,"country":"ES","name":null,"uso":"hidroelétrica"}},{"type":"Feature","geometry":{"type":"Polygon","coordinates":[[[-0.92,39.84624],[-0.91984,39.84609],[-0.91991,39.8461],[-0.91998,39.84615],[-0.92,39.84624]]]},"properties":{"dam_id":"way/1364547991","osm_type":"way","osm_id":1364547991,"country":"ES","name":null,"uso":"desconhecido"}},{"type":"Feature","geometry":{"type":"Polygon","coordinates":[[[-0.96871,39.74931],[-0.96853,39.74917],[-0.96863,39.74919],[-0.9687,39.74924],[-0.96871,39.74931]]]},"properties":{"dam_id":"way/1365055795","osm_type":"way","osm_id":1365055795,"country":"ES","name":null,"uso":"desconhecido"}},{"type":"Feature","geometry":{"type":"Polygon","coordinates":[[[-0.99869,39.90971],[-0.99839,39.90965],[-0.99845,39.90961],[-0.99865,39.90965],[-0.99869,39.90971]]]},"properties":{"dam_id":"way/1366301822","osm_type":"way","osm_id":1366301822,"country":"ES","name":null,"uso":"desconhecido"}},{"type":"Feature","geometry":{"type":"LineString","coordinates":[[-2.64036,36.86726],[-2.64021,36.86731]]},"properties":{"dam_id":"way/1369080714","osm_type":"way","osm_id":1369080714,"country":"ES","name":null,"uso":"desconhecido"}},{"type":"Feature","geometry":{"type":"LineString","coordinates":[[-2.51211,36.86484],[-2.51195,36.86487]]},"properties":{"dam_id":"way/1369118995","osm_type":"way","osm_id":1369118995,"country":"ES","name":null,"uso":"desconhecido"}},{"type":"Feature","geometry":{"type":"LineString","coordinates":[[-1.35562,40.68597],[-1.35397,40.68561]]},"properties":{"dam_id":"way/1369194443","osm_type":"way","osm_id":1369194443,"country":"ES","name":null,"uso":"desconhecido"}},{"type":"Feature","geometry":{"type":"LineString","coordinates":[[-2.01817,41.0974],[-2.01788,41.0971]]},"properties":{"dam_id":"way/1370527798","osm_type":"way","osm_id":1370527798,"country":"ES","name":null,"uso":"desconhecido"}},{"type":"Feature","geometry":{"type":"LineString","coordinates":[[2.16656,42.03195],[2.16585,42.03213]]},"properties":{"dam_id":"way/1370859687","osm_type":"way","osm_id":1370859687,"country":"ES","name":null,"uso":"desconhecido"}},{"type":"Feature","geometry":{"type":"LineString","coordinates":[[2.17621,42.02566],[2.17555,42.02554]]},"properties":{"dam_id":"way/1370859696","osm_type":"way","osm_id":1370859696,"country":"ES","name":null,"uso":"desconhecido"}},{"type":"Feature","geometry":{"type":"LineString","coordinates":[[-2.0002,41.09013],[-2.00005,41.08989]]},"properties":{"dam_id":"way/1370991396","osm_type":"way","osm_id":1370991396,"country":"ES","name":null,"uso":"desconhecido"}},{"type":"Feature","geometry":{"type":"Polygon","coordinates":[[[-1.11586,39.84144],[-1.1157,39.84151],[-1.11565,39.84146],[-1.11591,39.84133],[-1.11584,39.84139],[-1.11586,39.84144]]]},"properties":{"dam_id":"way/1371160307","osm_type":"way","osm_id":1371160307,"country":"ES","name":null,"uso":"desconhecido"}},{"type":"Feature","geometry":{"type":"LineString","coordinates":[[-4.09061,39.74244],[-4.09046,39.74262],[-4.09011,39.74281]]},"properties":{"dam_id":"way/1372354592","osm_type":"way","osm_id":1372354592,"country":"ES","name":null,"uso":"desconhecido"}},{"type":"Feature","geometry":{"type":"LineString","coordinates":[[0.75789,42.57081],[0.75817,42.57078]]},"properties":{"dam_id":"way/1372359911","osm_type":"way","osm_id":1372359911,"country":"ES","name":"Presa de Senet","uso":"desconhecido"}},{"type":"Feature","geometry":{"type":"Polygon","coordinates":[[[-1.16034,42.71414],[-1.16045,42.7143],[-1.16033,42.71434],[-1.16022,42.71418],[-1.16034,42.71414]]]},"properties":{"dam_id":"way/1374138456","osm_type":"way","osm_id":1374138456,"country":"ES","name":null,"uso":"desconhecido"}},{"type":"Feature","geometry":{"type":"Polygon","coordinates":[[[-3.54537,36.78256],[-3.54616,36.7827],[-3.54614,36.78275],[-3.54536,36.78261],[-3.54537,36.78256]]]},"properties":{"dam_id":"way/1375782056","osm_type":"way","osm_id":1375782056,"country":"ES","name":null,"uso":"desconhecido"}},{"type":"Feature","geometry":{"type":"Polygon","coordinates":[[[-6.77142,40.12015],[-6.77142,40.12013],[-6.77116,40.12012],[-6.77107,40.12015],[-6.77142,40.12015]]]},"properties":{"dam_id":"way/1377031619","osm_type":"way","osm_id":1377031619,"country":"ES","name":null,"uso":"desconhecido"}},{"type":"Feature","geometry":{"type":"LineString","coordinates":[[-7.97531,42.01258],[-7.97503,42.0128]]},"properties":{"dam_id":"way/1377441694","osm_type":"way","osm_id":1377441694,"country":"ES","name":null,"uso":"desconhecido"}},{"type":"Feature","geometry":{"type":"Polygon","coordinates":[[[-6.88678,40.22392],[-6.88672,40.22401],[-6.88676,40.22392],[-6.88678,40.22392]]]},"properties":{"dam_id":"way/1377899243","osm_type":"way","osm_id":1377899243,"country":"ES","name":null,"uso":"desconhecido"}},{"type":"Feature","geometry":{"type":"Polygon","coordinates":[[[-1.8724,41.30286],[-1.8722,41.30286],[-1.87219,41.30288],[-1.87242,41.30288],[-1.8724,41.30286]]]},"properties":{"dam_id":"way/1378266959","osm_type":"way","osm_id":1378266959,"country":"ES","name":null,"uso":"desconhecido"}},{"type":"Feature","geometry":{"type":"LineString","coordinates":[[2.51011,42.21362],[2.51022,42.21378]]},"properties":{"dam_id":"way/1378708254","osm_type":"way","osm_id":1378708254,"country":"ES","name":null,"uso":"desconhecido"}},{"type":"Feature","geometry":{"type":"LineString","coordinates":[[-6.55509,38.46551],[-6.55535,38.46562],[-6.55579,38.4667]]},"properties":{"dam_id":"way/1378966574","osm_type":"way","osm_id":1378966574,"country":"ES","name":null,"uso":"desconhecido"}},{"type":"Feature","geometry":{"type":"LineString","coordinates":[[-2.51702,42.62557],[-2.51681,42.62559],[-2.51672,42.62567],[-2.51677,42.62558],[-2.51674,42.62549],[-2.5168,42.62543]]},"properties":{"dam_id":"way/1380086982","osm_type":"way","osm_id":1380086982,"country":"ES","name":null,"uso":"desconhecido"}},{"type":"Feature","geometry":{"type":"Polygon","coordinates":[[[-1.58816,42.28743],[-1.58736,42.28692],[-1.58718,42.28674],[-1.58606,42.28646],[-1.58486,42.28624],[-1.58419,42.28619],[-1.58385,42.28613],[-1.58354,42.28626],[-1.58373,42.28639],[-1.58807,42.28752],[-1.58816,42.28743]]]},"properties":{"dam_id":"way/1558829423","osm_type":"way","osm_id":1558829423,"country":"ES","name":null,"uso":"desconhecido"}},{"type":"Feature","geometry":{"type":"Polygon","coordinates":[[[-1.30373,42.892],[-1.30375,42.89209],[-1.30291,42.89219],[-1.3029,42.89211],[-1.30373,42.892]]]},"properties":{"dam_id":"way/1384416437","osm_type":"way","osm_id":1384416437,"country":"ES","name":null,"uso":"desconhecido"}},{"type":"Feature","geometry":{"type":"LineString","coordinates":[[3.23647,39.47472],[3.23631,39.4751]]},"properties":{"dam_id":"way/1385333545","osm_type":"way","osm_id":1385333545,"country":"ES","name":null,"uso":"desconhecido"}},{"type":"Feature","geometry":{"type":"LineString","coordinates":[[3.26941,39.45293],[3.2694,39.45331]]},"properties":{"dam_id":"way/1385333552","osm_type":"way","osm_id":1385333552,"country":"ES","name":null,"uso":"desconhecido"}},{"type":"Feature","geometry":{"type":"Polygon","coordinates":[[[-8.04574,42.74503],[-8.0455,42.74498],[-8.04511,42.74482],[-8.04536,42.74475],[-8.04577,42.74491],[-8.04574,42.74503]]]},"properties":{"dam_id":"way/1385355520","osm_type":"way","osm_id":1385355520,"country":"ES","name":null,"uso":"desconhecido"}},{"type":"Feature","geometry":{"type":"LineString","coordinates":[[-8.37058,42.29573],[-8.37062,42.2961]]},"properties":{"dam_id":"way/1387976808","osm_type":"way","osm_id":1387976808,"country":"ES","name":null,"uso":"desconhecido"}},{"type":"Feature","geometry":{"type":"Polygon","coordinates":[[[-4.25535,42.15284],[-4.25539,42.15282],[-4.25534,42.15277],[-4.25531,42.15279],[-4.25535,42.15284]]]},"properties":{"dam_id":"way/1388214951","osm_type":"way","osm_id":1388214951,"country":"ES","name":null,"uso":"desconhecido"}},{"type":"Feature","geometry":{"type":"Polygon","coordinates":[[[-2.44126,42.47116],[-2.44101,42.47129],[-2.4405,42.47083],[-2.44026,42.47035],[-2.44064,42.47018],[-2.44126,42.47116]]]},"properties":{"dam_id":"way/1389032560","osm_type":"way","osm_id":1389032560,"country":"ES","name":null,"uso":"desconhecido"}},{"type":"Feature","geometry":{"type":"Polygon","coordinates":[[[-2.17756,43.01594],[-2.17768,43.01608],[-2.17752,43.01616],[-2.1774,43.01602],[-2.17756,43.01594]]]},"properties":{"dam_id":"way/1389764812","osm_type":"way","osm_id":1389764812,"country":"ES","name":null,"uso":"desconhecido"}},{"type":"Feature","geometry":{"type":"Polygon","coordinates":[[[-4.32078,40.91054],[-4.32074,40.91045],[-4.32134,40.91028],[-4.32139,40.91037],[-4.32078,40.91054]]]},"properties":{"dam_id":"way/1391411545","osm_type":"way","osm_id":1391411545,"country":"ES","name":null,"uso":"desconhecido"}},{"type":"Feature","geometry":{"type":"LineString","coordinates":[[-3.07514,42.20657],[-3.0748,42.20677]]},"properties":{"dam_id":"way/1392926844","osm_type":"way","osm_id":1392926844,"country":"ES","name":null,"uso":"desconhecido"}},{"type":"Feature","geometry":{"type":"Polygon","coordinates":[[[-1.61336,42.08908],[-1.61325,42.08905],[-1.61308,42.08936],[-1.61294,42.08939],[-1.61272,42.08933],[-1.61268,42.0894],[-1.61283,42.08945],[-1.61292,42.08959],[-1.61278,42.08986],[-1.61285,42.0899],[-1.61304,42.08955],[-1.61296,42.08953],[-1.61303,42.0894],[-1.61314,42.08944],[-1.61336,42.08908]]]},"properties":{"dam_id":"way/1395078405","osm_type":"way","osm_id":1395078405,"country":"ES","name":null,"uso":"desconhecido"}},{"type":"Feature","geometry":{"type":"Polygon","coordinates":[[[-1.55894,42.0253],[-1.55861,42.02507],[-1.55847,42.02515],[-1.55878,42.02542],[-1.55858,42.02559],[-1.55872,42.02567],[-1.5588,42.02566],[-1.55893,42.02558],[-1.55953,42.02505],[-1.55942,42.025],[-1.55926,42.02507],[-1.55894,42.0253]]]},"properties":{"dam_id":"way/1409347884","osm_type":"way","osm_id":1409347884,"country":"ES","name":"Embalse de Pignatelli","uso":"desconhecido"}},{"type":"Feature","geometry":{"type":"LineString","coordinates":[[-0.11889,38.90628],[-0.11849,38.90627]]},"properties":{"dam_id":"way/1410855664","osm_type":"way","osm_id":1410855664,"country":"ES","name":null,"uso":"desconhecido"}},{"type":"Feature","geometry":{"type":"LineString","coordinates":[[-5.03502,36.51221],[-5.03494,36.5122]]},"properties":{"dam_id":"way/1412230936","osm_type":"way","osm_id":1412230936,"country":"ES","name":null,"uso":"desconhecido"}},{"type":"Feature","geometry":{"type":"Polygon","coordinates":[[[-7.02356,42.08947],[-7.02349,42.08944],[-7.02334,42.08965],[-7.02342,42.08968],[-7.02356,42.08947]]]},"properties":{"dam_id":"way/1414437858","osm_type":"way","osm_id":1414437858,"country":"ES","name":"Ponte do Vao","uso":"desconhecido"}},{"type":"Feature","geometry":{"type":"LineString","coordinates":[[2.42037,39.59818],[2.42057,39.59817],[2.42058,39.59823]]},"properties":{"dam_id":"way/1414628842","osm_type":"way","osm_id":1414628842,"country":"ES","name":null,"uso":"desconhecido"}},{"type":"Feature","geometry":{"type":"Polygon","coordinates":[[[-5.33717,36.58031],[-5.33709,36.58028],[-5.33694,36.58032],[-5.33694,36.58029],[-5.33644,36.57996],[-5.33649,36.57992],[-5.33699,36.58026],[-5.33707,36.58017],[-5.33709,36.58018],[-5.33705,36.58022],[-5.33719,36.58027],[-5.33717,36.58031]]]},"properties":{"dam_id":"way/1417521832","osm_type":"way","osm_id":1417521832,"country":"ES","name":"Presa de la Buitrera","uso":"desconhecido"}},{"type":"Feature","geometry":{"type":"LineString","coordinates":[[-3.73725,37.43664],[-3.7374,37.43647]]},"properties":{"dam_id":"way/1418126508","osm_type":"way","osm_id":1418126508,"country":"ES","name":null,"uso":"desconhecido"}},{"type":"Feature","geometry":{"type":"Polygon","coordinates":[[[-3.92525,39.6807],[-3.92844,39.67973],[-3.92644,39.68035],[-3.92525,39.68071],[-3.9251,39.68056],[-3.92525,39.6807]]]},"properties":{"dam_id":"way/1419958807","osm_type":"way","osm_id":1419958807,"country":"ES","name":null,"uso":"regadio"}},{"type":"Feature","geometry":{"type":"LineString","coordinates":[[-4.01987,40.88781],[-4.01997,40.88777]]},"properties":{"dam_id":"way/1421983658","osm_type":"way","osm_id":1421983658,"country":"ES","name":null,"uso":"desconhecido"}},{"type":"Feature","geometry":{"type":"Polygon","coordinates":[[[-4.11333,40.95463],[-4.11331,40.9546],[-4.1135,40.9545],[-4.11352,40.95453],[-4.11333,40.95463]]]},"properties":{"dam_id":"way/1422110998","osm_type":"way","osm_id":1422110998,"country":"ES","name":"Azud Tizona","uso":"desconhecido"}},{"type":"Feature","geometry":{"type":"Polygon","coordinates":[[[-2.67938,37.34286],[-2.67944,37.34292],[-2.67954,37.34295],[-2.67967,37.34292],[-2.67938,37.34286]]]},"properties":{"dam_id":"way/1422824839","osm_type":"way","osm_id":1422824839,"country":"ES","name":"Presa del Barranco de la Calera","uso":"desconhecido"}},{"type":"Feature","geometry":{"type":"Polygon","coordinates":[[[-2.67201,37.33836],[-2.67205,37.33843],[-2.67219,37.33849],[-2.67229,37.33847],[-2.67201,37.33836]]]},"properties":{"dam_id":"way/1422824840","osm_type":"way","osm_id":1422824840,"country":"ES","name":"Presa del Arroyo de Balax","uso":"desconhecido"}},{"type":"Feature","geometry":{"type":"Polygon","coordinates":[[[-2.68782,37.3491],[-2.6875,37.34889],[-2.68749,37.3489],[-2.68756,37.349],[-2.68782,37.3491]]]},"properties":{"dam_id":"way/1422824841","osm_type":"way","osm_id":1422824841,"country":"ES","name":"Presa de la Rambla Ancha","uso":"desconhecido"}},{"type":"Feature","geometry":{"type":"Polygon","coordinates":[[[-2.70657,37.35116],[-2.70628,37.35118],[-2.70608,37.35117],[-2.70621,37.35108],[-2.70635,37.35108],[-2.70657,37.35116]]]},"properties":{"dam_id":"way/1422824842","osm_type":"way","osm_id":1422824842,"country":"ES","name":"Presa del Arroyo de Uclías","uso":"desconhecido"}},{"type":"Feature","geometry":{"type":"LineString","coordinates":[[-7.20093,43.25033],[-7.20086,43.25035],[-7.20069,43.25026],[-7.20031,43.2503]]},"properties":{"dam_id":"way/1423035744","osm_type":"way","osm_id":1423035744,"country":"ES","name":"A Planta da Treita","uso":"desconhecido"}},{"type":"Feature","geometry":{"type":"Polygon","coordinates":[[[-2.73828,43.08161],[-2.73832,43.08172],[-2.73814,43.08188],[-2.73752,43.08165],[-2.73757,43.08159],[-2.73796,43.08173],[-2.73801,43.08165],[-2.73828,43.08161]]]},"properties":{"dam_id":"way/1423590534","osm_type":"way","osm_id":1423590534,"country":"ES","name":null,"uso":"desconhecido"}},{"type":"Feature","geometry":{"type":"Polygon","coordinates":[[[-2.74709,43.08958],[-2.74853,43.08841],[-2.74877,43.0884],[-2.74903,43.08875],[-2.749,43.08886],[-2.74788,43.0897],[-2.74764,43.08982],[-2.74747,43.08985],[-2.74712,43.08972],[-2.74709,43.08958]]]},"properties":{"dam_id":"way/1423590540","osm_type":"way","osm_id":1423590540,"country":"ES","name":"Presa de Undurraga","uso":"desconhecido"}},{"type":"Feature","geometry":{"type":"LineString","coordinates":[[-1.30053,42.89603],[-1.30035,42.896],[-1.30005,42.896]]},"properties":{"dam_id":"way/1423981987","osm_type":"way","osm_id":1423981987,"country":"ES","name":null,"uso":"desconhecido"}},{"type":"Feature","geometry":{"type":"LineString","coordinates":[[-0.90946,42.86973],[-0.90939,42.8696]]},"properties":{"dam_id":"way/1424153105","osm_type":"way","osm_id":1424153105,"country":"ES","name":null,"uso":"desconhecido"}},{"type":"Feature","geometry":{"type":"Polygon","coordinates":[[[-1.55167,42.05387],[-1.55132,42.05404],[-1.5513,42.05401],[-1.55142,42.05392],[-1.55139,42.05387],[-1.5515,42.05383],[-1.55155,42.05387],[-1.55162,42.05384],[-1.55167,42.05387]]]},"properties":{"dam_id":"way/1425767494","osm_type":"way","osm_id":1425767494,"country":"ES","name":null,"uso":"desconhecido"}},{"type":"Feature","geometry":{"type":"LineString","coordinates":[[-4.01359,40.88712],[-4.01359,40.88709]]},"properties":{"dam_id":"way/1426451359","osm_type":"way","osm_id":1426451359,"country":"ES","name":null,"uso":"desconhecido"}},{"type":"Feature","geometry":{"type":"Polygon","coordinates":[[[-1.6365,42.36523],[-1.63648,42.36516],[-1.63628,42.3652],[-1.63631,42.36528],[-1.6365,42.36523]]]},"properties":{"dam_id":"way/1426568979","osm_type":"way","osm_id":1426568979,"country":"ES","name":null,"uso":"desconhecido"}},{"type":"Feature","geometry":{"type":"LineString","coordinates":[[-6.74913,37.76418],[-6.74862,37.76398]]},"properties":{"dam_id":"way/1427347299","osm_type":"way","osm_id":1427347299,"country":"ES","name":null,"uso":"desconhecido"}},{"type":"Feature","geometry":{"type":"LineString","coordinates":[[-1.88293,40.80029],[-1.88286,40.80031],[-1.88282,40.80029],[-1.88285,40.80023]]},"properties":{"dam_id":"way/1427713268","osm_type":"way","osm_id":1427713268,"country":"ES","name":null,"uso":"desconhecido"}},{"type":"Feature","geometry":{"type":"LineString","coordinates":[[-1.86787,41.75857],[-1.868,41.75845],[-1.86788,41.75833],[-1.8677,41.75849]]},"properties":{"dam_id":"way/1427740823","osm_type":"way","osm_id":1427740823,"country":"ES","name":null,"uso":"desconhecido"}},{"type":"Feature","geometry":{"type":"LineString","coordinates":[[-2.30799,42.90798],[-2.30772,42.90789]]},"properties":{"dam_id":"way/1429199138","osm_type":"way","osm_id":1429199138,"country":"ES","name":null,"uso":"desconhecido"}},{"type":"Feature","geometry":{"type":"LineString","coordinates":[[-4.24041,39.73812],[-4.23993,39.73811]]},"properties":{"dam_id":"way/1432582652","osm_type":"way","osm_id":1432582652,"country":"ES","name":"Presa romana de Alpuébrega","uso":"desconhecido"}},{"type":"Feature","geometry":{"type":"LineString","coordinates":[[-6.26092,39.47108],[-6.25876,39.47233]]},"properties":{"dam_id":"way/1434449737","osm_type":"way","osm_id":1434449737,"country":"ES","name":null,"uso":"desconhecido"}},{"type":"Feature","geometry":{"type":"LineString","coordinates":[[-3.85128,43.41241],[-3.85124,43.41219]]},"properties":{"dam_id":"way/1435686663","osm_type":"way","osm_id":1435686663,"country":"ES","name":null,"uso":"desconhecido"}},{"type":"Feature","geometry":{"type":"LineString","coordinates":[[2.15094,41.65923],[2.15086,41.65946]]},"properties":{"dam_id":"way/1441833068","osm_type":"way","osm_id":1441833068,"country":"ES","name":null,"uso":"desconhecido"}},{"type":"Feature","geometry":{"type":"LineString","coordinates":[[-5.71617,37.92541],[-5.71602,37.92533]]},"properties":{"dam_id":"way/1442699153","osm_type":"way","osm_id":1442699153,"country":"ES","name":null,"uso":"desconhecido"}},{"type":"Feature","geometry":{"type":"Polygon","coordinates":[[[-1.77141,40.10503],[-1.77127,40.10507],[-1.7712,40.10489],[-1.77136,40.10486],[-1.77141,40.10503]]]},"properties":{"dam_id":"way/1442776745","osm_type":"way","osm_id":1442776745,"country":"ES","name":"Las tablas","uso":"desconhecido"}},{"type":"Feature","geometry":{"type":"LineString","coordinates":[[-0.8155,40.21485],[-0.81543,40.21482],[-0.81539,40.2147]]},"properties":{"dam_id":"way/1443166883","osm_type":"way","osm_id":1443166883,"country":"ES","name":"Azud de los Piquillos","uso":"desconhecido"}},{"type":"Feature","geometry":{"type":"LineString","coordinates":[[-0.81407,40.22598],[-0.81381,40.22608]]},"properties":{"dam_id":"way/1443166886","osm_type":"way","osm_id":1443166886,"country":"ES","name":"Azud del Molino","uso":"desconhecido"}},{"type":"Feature","geometry":{"type":"LineString","coordinates":[[-1.03726,39.80655],[-1.03737,39.80633]]},"properties":{"dam_id":"way/1443186320","osm_type":"way","osm_id":1443186320,"country":"ES","name":null,"uso":"desconhecido"}},{"type":"Feature","geometry":{"type":"LineString","coordinates":[[-3.87825,39.73427],[-3.87816,39.7339]]},"properties":{"dam_id":"way/1443766989","osm_type":"way","osm_id":1443766989,"country":"ES","name":"Presa romana de Moracantá","uso":"desconhecido"}},{"type":"Feature","geometry":{"type":"Polygon","coordinates":[[[-3.60029,42.19693],[-3.59968,42.19717],[-3.59906,42.19745],[-3.59939,42.19765],[-3.59989,42.19752],[-3.60011,42.19732],[-3.60029,42.19693]]]},"properties":{"dam_id":"way/1444958051","osm_type":"way","osm_id":1444958051,"country":"ES","name":"Presa de San Quirce","uso":"desconhecido"}},{"type":"Feature","geometry":{"type":"Polygon","coordinates":[[[-4.01716,39.85924],[-4.01703,39.85923],[-4.01683,39.85918],[-4.01689,39.8591],[-4.01715,39.85915],[-4.01716,39.85924]]]},"properties":{"dam_id":"way/1445243574","osm_type":"way","osm_id":1445243574,"country":"ES","name":null,"uso":"desconhecido"}},{"type":"Feature","geometry":{"type":"LineString","coordinates":[[-0.55918,38.67315],[-0.55914,38.67293]]},"properties":{"dam_id":"way/1445376290","osm_type":"way","osm_id":1445376290,"country":"ES","name":null,"uso":"desconhecido"}},{"type":"Feature","geometry":{"type":"LineString","coordinates":[[2.06192,41.9894],[2.06209,41.98947]]},"properties":{"dam_id":"way/1445990437","osm_type":"way","osm_id":1445990437,"country":"ES","name":null,"uso":"desconhecido"}},{"type":"Feature","geometry":{"type":"Polygon","coordinates":[[[-6.07686,37.57391],[-6.07685,37.57388],[-6.07552,37.57395],[-6.07552,37.57398],[-6.07686,37.57391]]]},"properties":{"dam_id":"way/1446616644","osm_type":"way","osm_id":1446616644,"country":"ES","name":null,"uso":"desconhecido"}},{"type":"Feature","geometry":{"type":"LineString","coordinates":[[-4.08907,40.83598],[-4.08912,40.83594]]},"properties":{"dam_id":"way/1447557717","osm_type":"way","osm_id":1447557717,"country":"ES","name":null,"uso":"desconhecido"}},{"type":"Feature","geometry":{"type":"LineString","coordinates":[[-3.59042,40.03938],[-3.59041,40.03937]]},"properties":{"dam_id":"way/1450112243","osm_type":"way","osm_id":1450112243,"country":"ES","name":null,"uso":"desconhecido"}},{"type":"Feature","geometry":{"type":"Polygon","coordinates":[[[-5.73184,37.86196],[-5.73183,37.86191],[-5.73177,37.86199],[-5.73179,37.86201],[-5.73184,37.86196]]]},"properties":{"dam_id":"way/1452985805","osm_type":"way","osm_id":1452985805,"country":"ES","name":null,"uso":"desconhecido"}},{"type":"Feature","geometry":{"type":"LineString","coordinates":[[-2.47533,40.41958],[-2.47493,40.42002]]},"properties":{"dam_id":"way/1454000307","osm_type":"way","osm_id":1454000307,"country":"ES","name":"Presa de la Sartenilla","uso":"desconhecido"}},{"type":"Feature","geometry":{"type":"LineString","coordinates":[[-0.73626,42.78607],[-0.73609,42.78603]]},"properties":{"dam_id":"way/1458563860","osm_type":"way","osm_id":1458563860,"country":"ES","name":null,"uso":"desconhecido"}},{"type":"Feature","geometry":{"type":"Polygon","coordinates":[[[-3.04662,43.2698],[-3.046,43.27072],[-3.04596,43.27076],[-3.04591,43.27071],[-3.04584,43.27029],[-3.0459,43.27017],[-3.04623,43.26991],[-3.04662,43.2698]]]},"properties":{"dam_id":"way/1462155783","osm_type":"way","osm_id":1462155783,"country":"ES","name":null,"uso":"desconhecido"}},{"type":"Feature","geometry":{"type":"Polygon","coordinates":[[[-5.78061,37.93694],[-5.78057,37.93692],[-5.78043,37.93699],[-5.78039,37.93706],[-5.78011,37.93719],[-5.77983,37.93752],[-5.7795,37.93812],[-5.77954,37.93814],[-5.78061,37.93694]]]},"properties":{"dam_id":"way/1462321256","osm_type":"way","osm_id":1462321256,"country":"ES","name":"Presa del Sotillo","uso":"desconhecido"}},{"type":"Feature","geometry":{"type":"Polygon","coordinates":[[[-0.71578,42.67599],[-0.71577,42.67613],[-0.71566,42.67613],[-0.71567,42.67598],[-0.71578,42.67599]]]},"properties":{"dam_id":"way/1463957799","osm_type":"way","osm_id":1463957799,"country":"ES","name":null,"uso":"desconhecido"}},{"type":"Feature","geometry":{"type":"Polygon","coordinates":[[[-3.007,43.21383],[-3.00711,43.21381],[-3.0071,43.21388],[-3.00654,43.21399],[-3.00644,43.21397],[-3.00643,43.21405],[-3.0061,43.21398],[-3.00612,43.21389],[-3.00596,43.21386],[-3.00598,43.21381],[-3.0059,43.2138],[-3.00545,43.21359],[-3.00545,43.21355],[-3.007,43.21383]]]},"properties":{"dam_id":"way/1463963460","osm_type":"way","osm_id":1463963460,"country":"ES","name":null,"uso":"desconhecido"}},{"type":"Feature","geometry":{"type":"Polygon","coordinates":[[[-0.60969,39.36335],[-0.6097,39.3634],[-0.60966,39.36337],[-0.60954,39.36341],[-0.60969,39.36335]]]},"properties":{"dam_id":"way/1465718324","osm_type":"way","osm_id":1465718324,"country":"ES","name":null,"uso":"desconhecido"}},{"type":"Feature","geometry":{"type":"LineString","coordinates":[[-1.55767,39.16168],[-1.55744,39.16176],[-1.55725,39.16169]]},"properties":{"dam_id":"way/1466998769","osm_type":"way","osm_id":1466998769,"country":"ES","name":null,"uso":"desconhecido"}},{"type":"Feature","geometry":{"type":"LineString","coordinates":[[-4.44784,36.78614],[-4.44768,36.78602]]},"properties":{"dam_id":"way/1467830305","osm_type":"way","osm_id":1467830305,"country":"ES","name":null,"uso":"desconhecido"}},{"type":"Feature","geometry":{"type":"LineString","coordinates":[[-4.55933,38.01321],[-4.55946,38.01316],[-4.55926,38.01262],[-4.55915,38.01265]]},"properties":{"dam_id":"way/1469147752","osm_type":"way","osm_id":1469147752,"country":"ES","name":null,"uso":"desconhecido"}},{"type":"Feature","geometry":{"type":"LineString","coordinates":[[-4.52741,36.86436],[-4.5276,36.86426]]},"properties":{"dam_id":"way/1470291796","osm_type":"way","osm_id":1470291796,"country":"ES","name":null,"uso":"desconhecido"}},{"type":"Feature","geometry":{"type":"LineString","coordinates":[[-4.51782,36.8763],[-4.51747,36.87638]]},"properties":{"dam_id":"way/1470292211","osm_type":"way","osm_id":1470292211,"country":"ES","name":null,"uso":"desconhecido"}},{"type":"Feature","geometry":{"type":"LineString","coordinates":[[-4.52042,36.86893],[-4.52006,36.86882]]},"properties":{"dam_id":"way/1470292212","osm_type":"way","osm_id":1470292212,"country":"ES","name":null,"uso":"desconhecido"}},{"type":"Feature","geometry":{"type":"Polygon","coordinates":[[[-6.51534,42.82786],[-6.51495,42.8278],[-6.51478,42.82775],[-6.51451,42.8276],[-6.51459,42.82752],[-6.515,42.82766],[-6.51539,42.82771],[-6.51534,42.82786]]]},"properties":{"dam_id":"way/1471511125","osm_type":"way","osm_id":1471511125,"country":"ES","name":"Presa del Valdeprado","uso":"desconhecido"}},{"type":"Feature","geometry":{"type":"LineString","coordinates":[[-1.9731,43.0237],[-1.97301,43.02374]]},"properties":{"dam_id":"way/1473322107","osm_type":"way","osm_id":1473322107,"country":"ES","name":"Beteluko presa","uso":"desconhecido"}},{"type":"Feature","geometry":{"type":"Polygon","coordinates":[[[-7.07618,39.47089],[-7.07636,39.47094],[-7.07811,39.47134],[-7.07809,39.47138],[-7.07708,39.47115],[-7.07617,39.47092],[-7.07618,39.47089]]]},"properties":{"dam_id":"way/1473891209","osm_type":"way","osm_id":1473891209,"country":"ES","name":null,"uso":"desconhecido"}},{"type":"Feature","geometry":{"type":"LineString","coordinates":[[2.07039,41.28458],[2.07045,41.28456]]},"properties":{"dam_id":"way/1474885605","osm_type":"way","osm_id":1474885605,"country":"ES","name":null,"uso":"desconhecido"}},{"type":"Feature","geometry":{"type":"LineString","coordinates":[[-4.61702,39.50462],[-4.61734,39.50466]]},"properties":{"dam_id":"way/1475099072","osm_type":"way","osm_id":1475099072,"country":"ES","name":null,"uso":"desconhecido"}},{"type":"Feature","geometry":{"type":"Polygon","coordinates":[[[-0.65733,42.62215],[-0.65721,42.62233],[-0.6568,42.62217],[-0.65692,42.62199],[-0.65733,42.62215]]]},"properties":{"dam_id":"way/1475571549","osm_type":"way","osm_id":1475571549,"country":"ES","name":null,"uso":"desconhecido"}},{"type":"Feature","geometry":{"type":"LineString","coordinates":[[-4.00953,39.62244],[-4.0091,39.62275]]},"properties":{"dam_id":"way/1476266567","osm_type":"way","osm_id":1476266567,"country":"ES","name":"Presa romana de Valhermoso","uso":"desconhecido"}},{"type":"Feature","geometry":{"type":"LineString","coordinates":[[-3.26646,42.76332],[-3.26499,42.76324],[-3.26471,42.76344]]},"properties":{"dam_id":"way/1478530001","osm_type":"way","osm_id":1478530001,"country":"ES","name":null,"uso":"desconhecido"}},{"type":"Feature","geometry":{"type":"Polygon","coordinates":[[[-2.11396,42.04661],[-2.11374,42.04654],[-2.11348,42.04651],[-2.11347,42.04648],[-2.1138,42.04651],[-2.11401,42.04658],[-2.11423,42.04677],[-2.11431,42.04696],[-2.11428,42.04696],[-2.11413,42.04672],[-2.11396,42.04661]]]},"properties":{"dam_id":"way/1483136152","osm_type":"way","osm_id":1483136152,"country":"ES","name":"Presa de Cornago","uso":"desconhecido"}},{"type":"Feature","geometry":{"type":"LineString","coordinates":[[0.70736,41.24917],[0.7074,41.2491],[0.70736,41.24901],[0.70732,41.24898]]},"properties":{"dam_id":"way/1483484176","osm_type":"way","osm_id":1483484176,"country":"ES","name":"Presa dels ponts","uso":"desconhecido"}},{"type":"Feature","geometry":{"type":"LineString","coordinates":[[2.07755,42.02702],[2.07771,42.02685]]},"properties":{"dam_id":"way/1484080226","osm_type":"way","osm_id":1484080226,"country":"ES","name":null,"uso":"desconhecido"}},{"type":"Feature","geometry":{"type":"LineString","coordinates":[[-6.53504,42.75066],[-6.53494,42.75067]]},"properties":{"dam_id":"way/1484173745","osm_type":"way","osm_id":1484173745,"country":"ES","name":null,"uso":"desconhecido"}},{"type":"Feature","geometry":{"type":"LineString","coordinates":[[-0.31951,39.9433],[-0.31946,39.94338]]},"properties":{"dam_id":"way/1484390825","osm_type":"way","osm_id":1484390825,"country":"ES","name":null,"uso":"desconhecido"}},{"type":"Feature","geometry":{"type":"LineString","coordinates":[[-4.08766,39.81649],[-4.08765,39.81672],[-4.08739,39.81687]]},"properties":{"dam_id":"way/1488078384","osm_type":"way","osm_id":1488078384,"country":"ES","name":null,"uso":"desconhecido"}},{"type":"Feature","geometry":{"type":"Polygon","coordinates":[[[-5.07293,39.78298],[-5.07283,39.78214],[-5.07316,39.78161],[-5.07318,39.78169],[-5.07294,39.78213],[-5.07299,39.78264],[-5.07299,39.78295],[-5.07293,39.78298]]]},"properties":{"dam_id":"way/1490502716","osm_type":"way","osm_id":1490502716,"country":"ES","name":null,"uso":"desconhecido"}},{"type":"Feature","geometry":{"type":"Polygon","coordinates":[[[-1.16349,38.83297],[-1.164,38.8328],[-1.16407,38.83278],[-1.1638,38.83292],[-1.16349,38.83297]]]},"properties":{"dam_id":"way/1491960046","osm_type":"way","osm_id":1491960046,"country":"ES","name":null,"uso":"desconhecido"}},{"type":"Feature","geometry":{"type":"Polygon","coordinates":[[[-4.96486,36.52046],[-4.96488,36.52044],[-4.96556,36.5207],[-4.96585,36.52079],[-4.96606,36.52081],[-4.96606,36.52084],[-4.96584,36.52082],[-4.96554,36.52073],[-4.96486,36.52046]]]},"properties":{"dam_id":"way/1497377436","osm_type":"way","osm_id":1497377436,"country":"ES","name":null,"uso":"desconhecido"}},{"type":"Feature","geometry":{"type":"LineString","coordinates":[[0.13736,40.87719],[0.13728,40.877]]},"properties":{"dam_id":"way/1499127355","osm_type":"way","osm_id":1499127355,"country":"ES","name":null,"uso":"desconhecido"}},{"type":"Feature","geometry":{"type":"LineString","coordinates":[[-6.00558,37.64994],[-6.00461,37.64913]]},"properties":{"dam_id":"way/1502221969","osm_type":"way","osm_id":1502221969,"country":"ES","name":null,"uso":"desconhecido"}},{"type":"Feature","geometry":{"type":"LineString","coordinates":[[-4.09597,41.27426],[-4.09598,41.27416],[-4.09608,41.27398],[-4.09617,41.27391],[-4.09645,41.2738]]},"properties":{"dam_id":"way/1502428357","osm_type":"way","osm_id":1502428357,"country":"ES","name":null,"uso":"desconhecido"}},{"type":"Feature","geometry":{"type":"Polygon","coordinates":[[[-4.65137,42.79651],[-4.65124,42.79625],[-4.65042,42.79628],[-4.64974,42.79618],[-4.64934,42.79605],[-4.6491,42.79629],[-4.64951,42.79644],[-4.64995,42.79654],[-4.65048,42.79657],[-4.65137,42.79651]]]},"properties":{"dam_id":"way/1504605280","osm_type":"way","osm_id":1504605280,"country":"ES","name":"Embalse de las Cuevas","uso":"desconhecido"}},{"type":"Feature","geometry":{"type":"LineString","coordinates":[[-1.44773,42.61166],[-1.44724,42.61156]]},"properties":{"dam_id":"way/1507147870","osm_type":"way","osm_id":1507147870,"country":"ES","name":null,"uso":"desconhecido"}},{"type":"Feature","geometry":{"type":"LineString","coordinates":[[-1.471,42.6225],[-1.47083,42.62261]]},"properties":{"dam_id":"way/1507147873","osm_type":"way","osm_id":1507147873,"country":"ES","name":null,"uso":"desconhecido"}},{"type":"Feature","geometry":{"type":"LineString","coordinates":[[-1.48613,42.63481],[-1.48549,42.63498]]},"properties":{"dam_id":"way/1507147875","osm_type":"way","osm_id":1507147875,"country":"ES","name":null,"uso":"desconhecido"}},{"type":"Feature","geometry":{"type":"LineString","coordinates":[[-1.48213,42.64988],[-1.48139,42.64983],[-1.48085,42.64988]]},"properties":{"dam_id":"way/1507147876","osm_type":"way","osm_id":1507147876,"country":"ES","name":null,"uso":"desconhecido"}},{"type":"Feature","geometry":{"type":"LineString","coordinates":[[-4.33162,41.14605],[-4.33159,41.14599],[-4.33113,41.14561]]},"properties":{"dam_id":"way/1509439370","osm_type":"way","osm_id":1509439370,"country":"ES","name":null,"uso":"desconhecido"}},{"type":"Feature","geometry":{"type":"LineString","coordinates":[[-4.07853,41.09488],[-4.07871,41.09482]]},"properties":{"dam_id":"way/1510460711","osm_type":"way","osm_id":1510460711,"country":"ES","name":"Presa del Molino de Covatillas","uso":"desconhecido"}},{"type":"Feature","geometry":{"type":"LineString","coordinates":[[0.50988,41.4903],[0.50972,41.49035],[0.50968,41.4905],[0.50981,41.49057]]},"properties":{"dam_id":"way/1513778966","osm_type":"way","osm_id":1513778966,"country":"ES","name":null,"uso":"desconhecido"}},{"type":"Feature","geometry":{"type":"LineString","coordinates":[[-7.86494,42.19141],[-7.86447,42.19144]]},"properties":{"dam_id":"way/1527263112","osm_type":"way","osm_id":1527263112,"country":"ES","name":null,"uso":"desconhecido"}},{"type":"Feature","geometry":{"type":"Polygon","coordinates":[[[-5.74752,40.08032],[-5.7475,40.08034],[-5.74793,40.08053],[-5.74794,40.08051],[-5.74752,40.08032]]]},"properties":{"dam_id":"way/1527314589","osm_type":"way","osm_id":1527314589,"country":"ES","name":null,"uso":"desconhecido"}},{"type":"Feature","geometry":{"type":"LineString","coordinates":[[-3.88342,36.78578],[-3.88326,36.78577]]},"properties":{"dam_id":"way/1528058120","osm_type":"way","osm_id":1528058120,"country":"ES","name":null,"uso":"desconhecido"}},{"type":"Feature","geometry":{"type":"Polygon","coordinates":[[[-0.61071,42.60766],[-0.6107,42.60777],[-0.61024,42.60774],[-0.61026,42.60763],[-0.61071,42.60766]]]},"properties":{"dam_id":"way/1530150937","osm_type":"way","osm_id":1530150937,"country":"ES","name":null,"uso":"desconhecido"}},{"type":"Feature","geometry":{"type":"LineString","coordinates":[[-0.54411,42.6846],[-0.54394,42.68459]]},"properties":{"dam_id":"way/1532039186","osm_type":"way","osm_id":1532039186,"country":"ES","name":null,"uso":"desconhecido"}},{"type":"Feature","geometry":{"type":"Polygon","coordinates":[[[-8.17543,42.42782],[-8.17563,42.42796],[-8.17542,42.42811],[-8.17531,42.42803],[-8.17548,42.42791],[-8.17539,42.42785],[-8.17543,42.42782]]]},"properties":{"dam_id":"way/1532045962","osm_type":"way","osm_id":1532045962,"country":"ES","name":"Encoro de Cameixa","uso":"desconhecido"}},{"type":"Feature","geometry":{"type":"LineString","coordinates":[[-0.51684,42.74523],[-0.51661,42.74517]]},"properties":{"dam_id":"way/1532356982","osm_type":"way","osm_id":1532356982,"country":"ES","name":null,"uso":"desconhecido"}},{"type":"Feature","geometry":{"type":"Polygon","coordinates":[[[-2.68061,42.86208],[-2.68033,42.86244],[-2.68006,42.86233],[-2.68035,42.86197],[-2.68061,42.86208]]]},"properties":{"dam_id":"way/1533174490","osm_type":"way","osm_id":1533174490,"country":"ES","name":null,"uso":"desconhecido"}},{"type":"Feature","geometry":{"type":"Polygon","coordinates":[[[-1.64336,42.59562],[-1.64322,42.59573],[-1.64317,42.59569],[-1.64321,42.59566],[-1.64311,42.59559],[-1.64303,42.59565],[-1.64298,42.59561],[-1.64314,42.59548],[-1.64322,42.59553],[-1.64315,42.59559],[-1.64321,42.59563],[-1.64328,42.59557],[-1.64336,42.59562]]]},"properties":{"dam_id":"way/1533618384","osm_type":"way","osm_id":1533618384,"country":"ES","name":null,"uso":"desconhecido"}},{"type":"Feature","geometry":{"type":"Polygon","coordinates":[[[-7.20913,42.1164],[-7.20925,42.11599],[-7.20936,42.11601],[-7.20913,42.11458],[-7.20892,42.11441],[-7.20735,42.11379],[-7.20687,42.11379],[-7.20686,42.1136],[-7.20722,42.11359],[-7.20724,42.11364],[-7.2079,42.11373],[-7.20864,42.11398],[-7.20904,42.11421],[-7.20922,42.11437],[-7.20944,42.11464],[-7.20955,42.11484],[-7.20967,42.1153],[-7.20968,42.11555],[-7.20958,42.11609],[-7.20963,42.11612],[-7.20961,42.11622],[-7.20986,42.11627],[-7.20984,42.1163],[-7.20958,42.11626],[-7.20954,42.11635],[-7.20981,42.11641],[-7.20978,42.11652],[-7.2098,42.11664],[-7.20894,42.11698],[-7.20865,42.11713],[-7.20839,42.11688],[-7.20839,42.11683],[-7.20816,42.11665],[-7.20826,42.11655],[-7.20858,42.11668],[-7.20872,42.11659],[-7.20895,42.11659],[-7.20879,42.1164],[-7.20883,42.11635],[-7.20913,42.1164]]]},"properties":{"dam_id":"way/1537688696","osm_type":"way","osm_id":1537688696,"country":"ES","name":"Encoro das Portas","uso":"desconhecido"}},{"type":"Feature","geometry":{"type":"Polygon","coordinates":[[[0.48979,40.92366],[0.48959,40.92392],[0.48949,40.92429],[0.48939,40.92448],[0.48887,40.92529],[0.48873,40.92571],[0.48882,40.92536],[0.48944,40.92438],[0.48959,40.92392],[0.48962,40.92384],[0.49024,40.92302],[0.49036,40.92288],[0.49155,40.92182],[0.49162,40.92185],[0.49194,40.92155],[0.49218,40.92142],[0.49272,40.92124],[0.49286,40.92116],[0.49317,40.9209],[0.49323,40.92093],[0.49339,40.9208],[0.49329,40.92074],[0.49337,40.92066],[0.49378,40.92028],[0.4941,40.92003],[0.49416,40.92003],[0.49417,40.92009],[0.49402,40.92021],[0.49366,40.92055],[0.49342,40.9208],[0.49346,40.92082],[0.49328,40.92097],[0.49324,40.92095],[0.49283,40.92125],[0.49227,40.92147],[0.49225,40.92143],[0.49201,40.92156],[0.49164,40.92187],[0.49155,40.92184],[0.49028,40.92297],[0.48991,40.92347],[0.48996,40.92349],[0.48998,40.92346],[0.4903,40.92359],[0.49061,40.92373],[0.4906,40.92376],[0.49069,40.92367],[0.4908,40.92365],[0.49107,40.92335],[0.49109,40.92341],[0.49067,40.92407],[0.49005,40.92456],[0.49,40.9247],[0.48975,40.92507],[0.48972,40.92506],[0.48987,40.92487],[0.48999,40.92465],[0.48997,40.92455],[0.48992,40.92455],[0.48977,40.92474],[0.48975,40.92478],[0.48984,40.92478],[0.48984,40.92489],[0.48965,40.92506],[0.48958,40.92506],[0.48955,40.92515],[0.48968,40.92526],[0.48967,40.92531],[0.48956,40.92534],[0.48959,40.9253],[0.48954,40.92528],[0.48948,40.92532],[0.48944,40.92531],[0.48942,40.92516],[0.48949,40.92495],[0.48963,40.92471],[0.48985,40.92449],[0.49029,40.92416],[0.49045,40.92393],[0.48979,40.92366]]]},"properties":{"dam_id":"way/1537779075","osm_type":"way","osm_id":1537779075,"country":"ES","name":null,"uso":"desconhecido"}},{"type":"Feature","geometry":{"type":"LineString","coordinates":[[-2.34376,37.34392],[-2.34366,37.34369]]},"properties":{"dam_id":"way/1539408375","osm_type":"way","osm_id":1539408375,"country":"ES","name":null,"uso":"desconhecido"}},{"type":"Feature","geometry":{"type":"LineString","coordinates":[[-2.35492,37.32479],[-2.35515,37.32496]]},"properties":{"dam_id":"way/1539408376","osm_type":"way","osm_id":1539408376,"country":"ES","name":null,"uso":"desconhecido"}},{"type":"Feature","geometry":{"type":"LineString","coordinates":[[-2.26343,37.35145],[-2.26319,37.35131]]},"properties":{"dam_id":"way/1540953620","osm_type":"way","osm_id":1540953620,"country":"ES","name":null,"uso":"desconhecido"}},{"type":"Feature","geometry":{"type":"LineString","coordinates":[[-8.79631,43.16732],[-8.79655,43.16723]]},"properties":{"dam_id":"way/1541414612","osm_type":"way","osm_id":1541414612,"country":"ES","name":null,"uso":"desconhecido"}},{"type":"Feature","geometry":{"type":"Polygon","coordinates":[[[-3.54511,43.48748],[-3.54561,43.48622],[-3.54539,43.48618],[-3.54544,43.48625],[-3.5454,43.48643],[-3.54519,43.48693],[-3.54515,43.48713],[-3.54511,43.48715],[-3.54501,43.48741],[-3.54491,43.48743],[-3.54511,43.48748]]]},"properties":{"dam_id":"way/1546313141","osm_type":"way","osm_id":1546313141,"country":"ES","name":null,"uso":"desconhecido"}},{"type":"Feature","geometry":{"type":"LineString","coordinates":[[-4.7115,40.61411],[-4.71148,40.61388]]},"properties":{"dam_id":"way/1546002269","osm_type":"way","osm_id":1546002269,"country":"ES","name":null,"uso":"desconhecido"}},{"type":"Feature","geometry":{"type":"LineString","coordinates":[[-4.71695,40.61546],[-4.71655,40.61578]]},"properties":{"dam_id":"way/1546002271","osm_type":"way","osm_id":1546002271,"country":"ES","name":null,"uso":"desconhecido"}},{"type":"Feature","geometry":{"type":"LineString","coordinates":[[-4.69909,40.6094],[-4.69895,40.60923]]},"properties":{"dam_id":"way/1546002286","osm_type":"way","osm_id":1546002286,"country":"ES","name":null,"uso":"desconhecido"}},{"type":"Feature","geometry":{"type":"LineString","coordinates":[[-5.28706,35.90245],[-5.28644,35.90254]]},"properties":{"dam_id":"way/1546645915","osm_type":"way","osm_id":1546645915,"country":"ES","name":null,"uso":"desconhecido"}},{"type":"Feature","geometry":{"type":"Polygon","coordinates":[[[2.0972,41.41529],[2.09729,41.41521],[2.09739,41.41518],[2.09765,41.41519],[2.09764,41.41524],[2.09739,41.41525],[2.09726,41.41531],[2.0972,41.41529]]]},"properties":{"dam_id":"way/1546708799","osm_type":"way","osm_id":1546708799,"country":"ES","name":null,"uso":"desconhecido"}},{"type":"Feature","geometry":{"type":"LineString","coordinates":[[-5.15192,40.22367],[-5.15177,40.22375]]},"properties":{"dam_id":"way/1547764546","osm_type":"way","osm_id":1547764546,"country":"ES","name":null,"uso":"desconhecido"}},{"type":"Feature","geometry":{"type":"LineString","coordinates":[[2.25717,41.82713],[2.25678,41.82711],[2.25678,41.827],[2.25681,41.827],[2.25684,41.82692]]},"properties":{"dam_id":"way/1555858289","osm_type":"way","osm_id":1555858289,"country":"ES","name":null,"uso":"desconhecido"}},{"type":"Feature","geometry":{"type":"LineString","coordinates":[[-4.13436,37.15416],[-4.13409,37.15408]]},"properties":{"dam_id":"way/1557468919","osm_type":"way","osm_id":1557468919,"country":"ES","name":null,"uso":"desconhecido"}},{"type":"Feature","geometry":{"type":"LineString","coordinates":[[-0.35078,40.91473],[-0.35083,40.91455]]},"properties":{"dam_id":"way/1559266739","osm_type":"way","osm_id":1559266739,"country":"ES","name":null,"uso":"desconhecido"}},{"type":"Feature","geometry":{"type":"LineString","coordinates":[[-6.13964,41.48709],[-6.13977,41.48695]]},"properties":{"dam_id":"way/1564421931","osm_type":"way","osm_id":1564421931,"country":"ES","name":null,"uso":"desconhecido"}},{"type":"Feature","geometry":{"type":"LineString","coordinates":[[-0.13624,38.79165],[-0.13615,38.79164]]},"properties":{"dam_id":"way/1565585330","osm_type":"way","osm_id":1565585330,"country":"ES","name":null,"uso":"desconhecido"}}]}