{"type":"FeatureCollection","features":[{"type":"Feature","geometry":{"type":"LineString","coordinates":[[-9.16951,38.79813],[-9.16965,38.79203],[-9.17192,38.78984],[-9.17307,38.78701],[-9.17225,38.78511],[-9.16761,38.78284],[-9.16692,38.78136]]},"properties":{"osm_type":"way","osm_id":24635847,"country":"PT","name":null,"operator":"REN","wikidata":null,"wikipedia":null}},{"type":"Feature","geometry":{"type":"LineString","coordinates":[[-7.53312,39.66489],[-7.52791,39.66363],[-7.50872,39.65212],[-7.50494,39.64931],[-7.50248,39.64838],[-7.46887,39.62819],[-7.46466,39.62685],[-7.40266,39.61946],[-7.23337,39.63668],[-7.17916,39.6438],[-6.95582,39.65279],[-6.93994,39.65671],[-6.92295,39.66562],[-6.88051,39.69545],[-6.87629,39.70046],[-6.87426,39.70556],[-6.87399,39.7182],[-6.87473,39.72082],[-6.87768,39.72417]]},"properties":{"osm_type":"way","osm_id":62041321,"country":"PT","name":null,"operator":null,"wikidata":null,"wikipedia":null}},{"type":"Feature","geometry":{"type":"LineString","coordinates":[[-8.69573,37.10507],[-8.70048,37.11185],[-8.70094,37.11611]]},"properties":{"osm_type":"way","osm_id":95697708,"country":"PT","name":"Lagos - Picos Verdes & PS Bensafrim","operator":"E-REDES","wikidata":null,"wikipedia":null}},{"type":"Feature","geometry":{"type":"LineString","coordinates":[[-8.77897,37.21209],[-8.7753,37.21102],[-8.76632,37.20643],[-8.76145,37.20138],[-8.76079,37.19991],[-8.75902,37.19911],[-8.75368,37.19994],[-8.73258,37.19607],[-8.72704,37.19625],[-8.72442,37.19834],[-8.72209,37.1988],[-8.71262,37.19556],[-8.69928,37.19432],[-8.68881,37.19703],[-8.68232,37.19776],[-8.67139,37.1953],[-8.65642,37.19725],[-8.65276,37.19627],[-8.64037,37.19952],[-8.60861,37.19382],[-8.6046,37.1945]]},"properties":{"osm_type":"way","osm_id":95697713,"country":"PT","name":"Portimão (REN) - Poldra","operator":"E-REDES","wikidata":null,"wikipedia":null}},{"type":"Feature","geometry":{"type":"LineString","coordinates":[[-8.69528,37.10491],[-8.70026,37.11181],[-8.70128,37.12807],[-8.69382,37.14395],[-8.68586,37.15248],[-8.68361,37.15353],[-8.62781,37.1781],[-8.62375,37.17866],[-8.55063,37.17493],[-8.54067,37.17478],[-8.53438,37.17742],[-8.53236,37.1776]]},"properties":{"osm_type":"way","osm_id":95697720,"country":"PT","name":"Porto de Lagos - Lagos I","operator":"E-REDES","wikidata":null,"wikipedia":null}},{"type":"Feature","geometry":{"type":"LineString","coordinates":[[-8.5177,37.19826],[-8.52828,37.19491],[-8.53418,37.19477],[-8.53647,37.19339],[-8.5374,37.19123],[-8.53682,37.18469],[-8.53197,37.17882],[-8.53169,37.17783]]},"properties":{"osm_type":"way","osm_id":95749894,"country":"PT","name":"Portimão (REN) - Porto de Lagos II","operator":"E-REDES","wikidata":null,"wikipedia":null}},{"type":"Feature","geometry":{"type":"LineString","coordinates":[[-8.51778,37.19838],[-8.52831,37.19518],[-8.53439,37.19493],[-8.53668,37.19351],[-8.53762,37.19124],[-8.53702,37.18454],[-8.53222,37.17882]]},"properties":{"osm_type":"way","osm_id":95749904,"country":"PT","name":null,"operator":"E-REDES","wikidata":null,"wikipedia":null}},{"type":"Feature","geometry":{"type":"LineString","coordinates":[[-8.51724,37.19861],[-8.52753,37.19638],[-8.53256,37.19786],[-8.53278,37.19913],[-8.53845,37.2053],[-8.55523,37.21725],[-8.57349,37.22444],[-8.59559,37.24965],[-8.60984,37.27403],[-8.63009,37.28825],[-8.67899,37.30563],[-8.68604,37.30547],[-8.72236,37.29219],[-8.72883,37.29316],[-8.7658,37.32078],[-8.78127,37.32716],[-8.78351,37.32739]]},"properties":{"osm_type":"way","osm_id":95749911,"country":"PT","name":null,"operator":"E-REDES","wikidata":null,"wikipedia":null}},{"type":"Feature","geometry":{"type":"LineString","coordinates":[[-8.53215,37.17756],[-8.51699,37.17826],[-8.49239,37.17834],[-8.47958,37.17998],[-8.46529,37.17624],[-8.46026,37.17604],[-8.41029,37.17998],[-8.33528,37.17521],[-8.26667,37.1635],[-8.26432,37.16353],[-8.26342,37.16479]]},"properties":{"osm_type":"way","osm_id":95855647,"country":"PT","name":"Tunes (REN) - Porto de Lagos","operator":"E-REDES","wikidata":null,"wikipedia":null}},{"type":"Feature","geometry":{"type":"LineString","coordinates":[[-7.50515,37.27363],[-7.50537,37.27372]]},"properties":{"osm_type":"way","osm_id":95961484,"country":"PT","name":null,"operator":"Águas do Algarve","wikidata":null,"wikipedia":null}},{"type":"Feature","geometry":{"type":"LineString","coordinates":[[-7.50428,37.27339],[-7.49813,37.26313],[-7.48818,37.25222]]},"properties":{"osm_type":"way","osm_id":95961487,"country":"PT","name":null,"operator":"E-REDES","wikidata":null,"wikipedia":null}},{"type":"Feature","geometry":{"type":"LineString","coordinates":[[-7.56919,37.18319],[-7.63127,37.15865],[-7.66988,37.12775]]},"properties":{"osm_type":"way","osm_id":96004880,"country":"PT","name":"Tavira - Aldeia Nova","operator":"E-REDES","wikidata":null,"wikipedia":null}},{"type":"Feature","geometry":{"type":"LineString","coordinates":[[-7.85964,37.15892],[-7.82478,37.15453],[-7.76263,37.15686],[-7.69376,37.15055],[-7.67391,37.1383],[-7.67085,37.13513],[-7.67056,37.12856],[-7.67008,37.12774]]},"properties":{"osm_type":"way","osm_id":96009897,"country":"PT","name":null,"operator":"E-REDES","wikidata":null,"wikipedia":null}},{"type":"Feature","geometry":{"type":"LineString","coordinates":[[-7.67022,37.12773],[-7.67066,37.12847],[-7.67375,37.12934],[-7.68136,37.12842],[-7.79874,37.07345],[-7.82417,37.05128],[-7.82731,37.04974]]},"properties":{"osm_type":"way","osm_id":96009898,"country":"PT","name":"Olhão - Tavira","operator":"E-REDES","wikidata":null,"wikipedia":null}},{"type":"Feature","geometry":{"type":"LineString","coordinates":[[-8.12668,41.08305],[-8.1236,41.08326],[-8.11745,41.08282],[-8.10816,41.08438],[-8.08928,41.08433],[-8.0523,41.07725],[-8.0352,41.08078],[-7.99209,41.09479],[-7.93659,41.09662],[-7.88886,41.11009],[-7.86293,41.12891],[-7.76539,41.13696],[-7.75425,41.13599],[-7.75268,41.13673],[-7.75197,41.13863],[-7.74353,41.13921],[-7.716,41.13344],[-7.67984,41.13537],[-7.66418,41.13812]]},"properties":{"osm_type":"way","osm_id":127205499,"country":"PT","name":"Armamar - Carrapatelo 1&2","operator":"REN","wikidata":null,"wikipedia":null}},{"type":"Feature","geometry":{"type":"LineString","coordinates":[[-7.12527,41.13885],[-7.10262,41.21483],[-7.145,41.37921]]},"properties":{"osm_type":"way","osm_id":127205522,"country":"PT","name":"Pinhão - Macedo de Cavaleiros / Pocinho (REN)","operator":"E-REDES","wikidata":null,"wikipedia":null}},{"type":"Feature","geometry":{"type":"LineString","coordinates":[[-7.12522,41.13882],[-7.12416,41.14006],[-7.11767,41.14297],[-7.11308,41.14694],[-7.11098,41.16002],[-7.0955,41.19704],[-7.0958,41.20327],[-7.09478,41.2038],[-7.09445,41.20325]]},"properties":{"osm_type":"way","osm_id":127205633,"country":"PT","name":"Baixo Sabor (PRE) - Pocinho (REN)","operator":"E-REDES","wikidata":null,"wikipedia":null}},{"type":"Feature","geometry":{"type":"LineString","coordinates":[[-7.12595,41.13775],[-7.13452,41.12823],[-7.15166,41.11559],[-7.16058,41.11001],[-7.1677,41.10936],[-7.17575,41.10697],[-7.17871,41.1033],[-7.1808,41.09723],[-7.20217,41.08365],[-7.27415,41.07367],[-7.33209,41.08831],[-7.38381,41.10884],[-7.38589,41.10969],[-7.44353,41.1447],[-7.4629,41.1489],[-7.54678,41.1507],[-7.60012,41.14454],[-7.62041,41.14259],[-7.64628,41.14078],[-7.66594,41.13738]]},"properties":{"osm_type":"way","osm_id":127205657,"country":"PT","name":"Pocinho - Armamar 1","operator":"REN","wikidata":null,"wikipedia":null}},{"type":"Feature","geometry":{"type":"LineString","coordinates":[[-6.57021,41.33763],[-6.63555,41.32741],[-6.78294,41.33128],[-6.80433,41.3361],[-6.84755,41.3405],[-7.13204,41.30057],[-7.1972,41.26295],[-7.27229,41.24351],[-7.31208,41.22393],[-7.34733,41.19779]]},"properties":{"osm_type":"way","osm_id":127205660,"country":"PT","name":"Mogadouro - Valeira","operator":"REN","wikidata":null,"wikipedia":null}},{"type":"Feature","geometry":{"type":"LineString","coordinates":[[-8.8799,38.89856],[-8.86785,38.89898],[-8.83055,38.90568],[-8.79604,38.91705],[-8.73276,38.95425],[-8.70963,38.98765],[-8.673,39.00847],[-8.66487,39.0001],[-8.61509,38.96162],[-8.55903,38.94309],[-8.54334,38.93615],[-8.53954,38.93311],[-8.53427,38.93234]]},"properties":{"osm_type":"way","osm_id":132614288,"country":"PT","name":"Porto Alto - Quinta Grande 1","operator":"REN","wikidata":null,"wikipedia":null}},{"type":"Feature","geometry":{"type":"LineString","coordinates":[[-8.73021,39.24524],[-8.73242,39.2445],[-8.73606,39.24483],[-8.73804,39.24664],[-8.73913,39.25195],[-8.73814,39.25667],[-8.73565,39.26005],[-8.73214,39.2626],[-8.73072,39.26454],[-8.73035,39.26718],[-8.72822,39.27053],[-8.72466,39.27214],[-8.72223,39.27524],[-8.71977,39.28082],[-8.71754,39.28293],[-8.71252,39.28462],[-8.68262,39.28283],[-8.67728,39.28512],[-8.65018,39.31756],[-8.64005,39.33041],[-8.56951,39.40535],[-8.56297,39.4115],[-8.52385,39.44322],[-8.52096,39.45531],[-8.51359,39.46155],[-8.50971,39.46658],[-8.50573,39.46885],[-8.50178,39.47022],[-8.49467,39.47095],[-8.48961,39.4734],[-8.48002,39.47928],[-8.47424,39.48417],[-8.46993,39.48683],[-8.46246,39.49286],[-8.38618,39.52851],[-8.36461,39.53453],[-8.34169,39.54316],[-8.32832,39.54521]]},"properties":{"osm_type":"way","osm_id":135180874,"country":"PT","name":"Santarém - Zêzere 1&2","operator":"REN","wikidata":null,"wikipedia":null}},{"type":"Feature","geometry":{"type":"LineString","coordinates":[[-8.05846,42.25547],[-8.06194,42.25419],[-8.06488,42.25098],[-8.0662,42.23715],[-8.06748,42.21104],[-8.0723,42.16877],[-8.0632,42.13848],[-8.06819,42.11213],[-8.06204,42.07131],[-8.05734,42.0065],[-8.06869,41.98485],[-8.07584,41.97679],[-8.12496,41.95294],[-8.13287,41.94828],[-8.18979,41.88244],[-8.19811,41.87714]]},"properties":{"osm_type":"way","osm_id":135457224,"country":"PT","name":"Alto Lindoso - Cartelle","operator":"Red Eléctrica de España","wikidata":null,"wikipedia":null}},{"type":"Feature","geometry":{"type":"LineString","coordinates":[[-8.20758,41.86786],[-8.20377,41.8682],[-8.20297,41.86884]]},"properties":{"osm_type":"way","osm_id":135457231,"country":"PT","name":"Central do Alto Lindoso - Alto Lindoso 2","operator":"REN","wikidata":null,"wikipedia":null}},{"type":"Feature","geometry":{"type":"LineString","coordinates":[[-8.20332,41.86902],[-8.20563,41.86835],[-8.20817,41.86866]]},"properties":{"osm_type":"way","osm_id":135457232,"country":"PT","name":"Central do Alto Lindoso - Alto Lindoso 1","operator":"REN","wikidata":null,"wikipedia":null}},{"type":"Feature","geometry":{"type":"LineString","coordinates":[[-6.67943,41.20684],[-6.67887,41.20653]]},"properties":{"osm_type":"way","osm_id":135901343,"country":"PT","name":null,"operator":"Red Eléctrica de España","wikidata":null,"wikipedia":null}},{"type":"Feature","geometry":{"type":"LineString","coordinates":[[-6.98353,41.81872],[-6.7737,41.79151],[-6.77122,41.79169]]},"properties":{"osm_type":"way","osm_id":136596082,"country":"PT","name":"Nunes (PRE) - Bragança","operator":"E-REDES","wikidata":null,"wikipedia":null}},{"type":"Feature","geometry":{"type":"LineString","coordinates":[[-8.05497,41.94127],[-8.05525,41.93964],[-8.07083,41.92036],[-8.093,41.90159],[-8.16798,41.87399]]},"properties":{"osm_type":"way","osm_id":136648260,"country":"PT","name":"O Lindoso - As Conchas","operator":"Red Eléctrica de España","wikidata":null,"wikipedia":null}},{"type":"Feature","geometry":{"type":"LineString","coordinates":[[-8.20766,41.8676],[-8.20697,41.86611],[-8.20956,41.86297],[-8.21662,41.8598],[-8.24127,41.85729],[-8.24361,41.85605],[-8.25318,41.84781],[-8.2728,41.81724],[-8.29905,41.75773],[-8.30011,41.65449],[-8.30905,41.63157],[-8.30642,41.62116],[-8.31161,41.61188],[-8.30982,41.57086],[-8.30416,41.55924],[-8.30868,41.54491],[-8.30796,41.52834],[-8.29796,41.50001],[-8.30152,41.47582],[-8.32611,41.45346],[-8.32981,41.44124],[-8.3275,41.42553],[-8.33039,41.42099],[-8.33733,41.41644],[-8.36973,41.4078],[-8.37493,41.40593]]},"properties":{"osm_type":"way","osm_id":137265337,"country":"PT","name":"Alto Lindoso - Riba d'Ave 2","operator":"REN","wikidata":null,"wikipedia":null}},{"type":"Feature","geometry":{"type":"LineString","coordinates":[[-8.20876,41.8687],[-8.20926,41.8692],[-8.21091,41.86935],[-8.23269,41.86371],[-8.24186,41.8576],[-8.24371,41.85702],[-8.24867,41.85652],[-8.25947,41.85344],[-8.27993,41.84209],[-8.28526,41.83745],[-8.33388,41.76303],[-8.34285,41.73676],[-8.33799,41.71235],[-8.33628,41.67414],[-8.32343,41.64759],[-8.31591,41.64048],[-8.31345,41.6349],[-8.31229,41.62463],[-8.31312,41.62134],[-8.32765,41.58478],[-8.32883,41.57341]]},"properties":{"osm_type":"way","osm_id":137265338,"country":"PT","name":"Alto Lindoso - Pedralva","operator":"REN","wikidata":null,"wikipedia":null}},{"type":"Feature","geometry":{"type":"LineString","coordinates":[[-8.46123,41.08438],[-8.47257,41.10906],[-8.47434,41.12154],[-8.4709,41.12994],[-8.4639,41.15288],[-8.46192,41.15464],[-8.45705,41.15649]]},"properties":{"osm_type":"way","osm_id":139014837,"country":"PT","name":"Recarei - Canelas 3 & Tapada do Outeiro","operator":"REN","wikidata":null,"wikipedia":null}},{"type":"Feature","geometry":{"type":"LineString","coordinates":[[-8.60901,41.06758],[-8.60576,41.05251],[-8.60033,41.04827],[-8.59339,41.04628],[-8.56516,41.05239],[-8.53019,41.06144],[-8.5005,41.08562],[-8.49223,41.09592],[-8.48787,41.11603],[-8.46836,41.14408],[-8.46446,41.15309],[-8.46245,41.15499],[-8.45699,41.15715]]},"properties":{"osm_type":"way","osm_id":139014839,"country":"PT","name":"Recarei - Canelas 1","operator":"REN","wikidata":null,"wikipedia":null}},{"type":"Feature","geometry":{"type":"LineString","coordinates":[[-9.31836,39.3272],[-9.28968,39.32451],[-9.28253,39.3234],[-9.27305,39.32282],[-9.24474,39.33303],[-9.23601,39.33696],[-9.23257,39.33767],[-9.21336,39.3372],[-9.21054,39.33674],[-9.20956,39.33592],[-9.20232,39.33337],[-9.19647,39.33358],[-9.18574,39.33287],[-9.1805,39.33556],[-9.16707,39.33824],[-9.15672,39.34659],[-9.1485,39.34954],[-9.14521,39.35117],[-9.1374,39.3558],[-9.13133,39.36006]]},"properties":{"osm_type":"way","osm_id":139267161,"country":"PT","name":"Atouguia - Sancheira & Santo Onofre","operator":"E-REDES","wikidata":null,"wikipedia":null}},{"type":"Feature","geometry":{"type":"LineString","coordinates":[[-9.31837,39.3274],[-9.31655,39.32755],[-9.31362,39.32684],[-9.26071,39.32196]]},"properties":{"osm_type":"way","osm_id":139268883,"country":"PT","name":null,"operator":"E-REDES","wikidata":null,"wikipedia":null}},{"type":"Feature","geometry":{"type":"LineString","coordinates":[[-7.41924,40.22567],[-7.41603,40.22559],[-7.39779,40.23167],[-7.37124,40.23305],[-7.36861,40.23473],[-7.36016,40.24378],[-7.35698,40.24533],[-7.35023,40.24502],[-7.34572,40.24426],[-7.33709,40.24458],[-7.32298,40.2373],[-7.31679,40.2277],[-7.30917,40.2228],[-7.30205,40.22153],[-7.2959,40.22316],[-7.29273,40.22622],[-7.26255,40.24158],[-7.24348,40.2453],[-7.22259,40.23854]]},"properties":{"osm_type":"way","osm_id":141462947,"country":"PT","name":"Penamacor - Fundão","operator":"REN","wikidata":null,"wikipedia":null}},{"type":"Feature","geometry":{"type":"LineString","coordinates":[[-8.37493,41.40593],[-8.37257,41.40617],[-8.35806,41.4035],[-8.35396,41.40154],[-8.35303,41.4001],[-8.35303,41.39734],[-8.35554,41.3898],[-8.36458,41.38072],[-8.36501,41.378],[-8.36184,41.37161],[-8.36281,41.36313],[-8.36251,41.36078],[-8.3542,41.3512],[-8.35127,41.34173],[-8.34082,41.33311],[-8.33994,41.3309],[-8.33977,41.32871],[-8.34611,41.31918],[-8.35356,41.31049],[-8.35352,41.28362],[-8.35575,41.27943],[-8.37192,41.26577],[-8.38023,41.25327],[-8.38097,41.25033],[-8.40127,41.20351],[-8.40483,41.19986],[-8.42322,41.17744],[-8.44917,41.15793],[-8.45255,41.15771]]},"properties":{"osm_type":"way","osm_id":142182854,"country":"PT","name":"Riba d'Ave - Recarei 2","operator":"REN","wikidata":null,"wikipedia":null}},{"type":"Feature","geometry":{"type":"LineString","coordinates":[[-8.45641,41.15856],[-8.45773,41.16287],[-8.44195,41.1911],[-8.43995,41.2073],[-8.43871,41.21035],[-8.43608,41.21184],[-8.43018,41.21205],[-8.3932,41.20965],[-8.33558,41.18808]]},"properties":{"osm_type":"way","osm_id":142740320,"country":"PT","name":null,"operator":"REN","wikidata":null,"wikipedia":null}},{"type":"Feature","geometry":{"type":"LineString","coordinates":[[-8.95799,39.01283],[-8.9601,39.012],[-8.96738,39.01396],[-8.96948,39.01495],[-8.9707,39.01718],[-8.97052,39.01805],[-8.96698,39.01933],[-8.9669,39.02089],[-8.96868,39.02928],[-8.97428,39.04481],[-9.01465,39.07477],[-9.01949,39.0891],[-9.00559,39.21616],[-9.01763,39.24577],[-8.97997,39.31697],[-8.9808,39.32207],[-8.98502,39.32775],[-8.99888,39.33594],[-8.9999,39.3361]]},"properties":{"osm_type":"way","osm_id":143106393,"country":"PT","name":"Carregado - Rio Maior 1","operator":"REN","wikidata":null,"wikipedia":null}},{"type":"Feature","geometry":{"type":"LineString","coordinates":[[-8.42404,40.86113],[-8.44938,40.84006],[-8.49328,40.80063],[-8.50689,40.77569],[-8.51331,40.76559],[-8.49131,40.63269],[-8.47594,40.61047],[-8.47197,40.56151],[-8.47685,40.53993],[-8.48722,40.50835],[-8.50199,40.47852]]},"properties":{"osm_type":"way","osm_id":143143990,"country":"PT","name":"Feira - Paraimo","operator":"REN","wikidata":null,"wikipedia":null}},{"type":"Feature","geometry":{"type":"LineString","coordinates":[[-8.20872,41.86968],[-8.20871,41.86864]]},"properties":{"osm_type":"way","osm_id":144148696,"country":"PT","name":"Alto Lindoso - Cartelle 2","operator":"REN","wikidata":null,"wikipedia":null}},{"type":"Feature","geometry":{"type":"LineString","coordinates":[[-8.20872,41.86968],[-8.20852,41.8688]]},"properties":{"osm_type":"way","osm_id":144148699,"country":"PT","name":"Alto Lindoso - Cartelle 1","operator":"REN","wikidata":null,"wikipedia":null}},{"type":"Feature","geometry":{"type":"LineString","coordinates":[[-8.19111,42.15474],[-8.18677,42.15531],[-8.17133,42.155],[-8.15254,42.16253],[-8.14019,42.17049],[-8.12814,42.18993],[-8.10914,42.20725],[-8.08558,42.22235],[-8.07888,42.23934],[-8.07717,42.24603]]},"properties":{"osm_type":"way","osm_id":144297330,"country":"PT","name":null,"operator":"Red Eléctrica de España","wikidata":null,"wikipedia":null}},{"type":"Feature","geometry":{"type":"LineString","coordinates":[[-6.67839,41.20703],[-6.67554,41.20613],[-6.61774,41.20893],[-6.55004,41.22818],[-6.51603,41.24948],[-6.48994,41.25756],[-6.48771,41.25691],[-6.48691,41.25601]]},"properties":{"osm_type":"way","osm_id":144327132,"country":"PT","name":null,"operator":"Red Eléctrica de España","wikidata":null,"wikipedia":null}},{"type":"Feature","geometry":{"type":"LineString","coordinates":[[-6.08962,41.49096],[-6.09043,41.49074],[-6.10236,41.49753],[-6.17614,41.55868],[-6.18837,41.57302],[-6.18872,41.57423],[-6.18978,41.57409]]},"properties":{"osm_type":"way","osm_id":144327135,"country":"PT","name":null,"operator":"Red Eléctrica de España","wikidata":null,"wikipedia":null}},{"type":"Feature","geometry":{"type":"LineString","coordinates":[[-6.68217,41.21126],[-6.67797,41.20811]]},"properties":{"osm_type":"way","osm_id":144327154,"country":"PT","name":null,"operator":"Red Eléctrica de España","wikidata":null,"wikipedia":null}},{"type":"Feature","geometry":{"type":"LineString","coordinates":[[-6.68202,41.21142],[-6.68127,41.21134],[-6.67782,41.20826]]},"properties":{"osm_type":"way","osm_id":144327156,"country":"PT","name":null,"operator":"Red Eléctrica de España","wikidata":null,"wikipedia":null}},{"type":"Feature","geometry":{"type":"LineString","coordinates":[[-6.73705,41.22107],[-6.73674,41.22164],[-6.73024,41.21872],[-6.72732,41.21823],[-6.70279,41.20364],[-6.69607,41.20301],[-6.68753,41.20768]]},"properties":{"osm_type":"way","osm_id":144327162,"country":"PT","name":"Lagoaça - Aldeadávila","operator":"REN","wikidata":null,"wikipedia":null}},{"type":"Feature","geometry":{"type":"LineString","coordinates":[[-6.73416,41.01743],[-6.74909,41.02582],[-6.76445,41.03109],[-6.78851,41.03392],[-6.79505,41.03529],[-6.80348,41.03491]]},"properties":{"osm_type":"way","osm_id":144327919,"country":"PT","name":null,"operator":"Red Eléctrica de España","wikidata":null,"wikipedia":null}},{"type":"Feature","geometry":{"type":"LineString","coordinates":[[-6.80432,41.04456],[-6.7962,41.04545],[-6.7861,41.04335],[-6.75088,41.05037],[-6.72121,41.07806],[-6.70505,41.10569],[-6.67632,41.17219],[-6.66014,41.19243],[-6.6571,41.19477],[-6.65251,41.19538],[-6.60883,41.18746],[-6.49561,41.22252],[-6.48858,41.23109],[-6.48494,41.24963]]},"properties":{"osm_type":"way","osm_id":144332273,"country":"PT","name":null,"operator":"Red Eléctrica de España","wikidata":null,"wikipedia":null}},{"type":"Feature","geometry":{"type":"LineString","coordinates":[[-8.42604,42.00533],[-8.42752,42.0038],[-8.42813,42.00066],[-8.41755,41.97851],[-8.41924,41.95778],[-8.42181,41.94556],[-8.42521,41.93615],[-8.42325,41.9237],[-8.42663,41.9193],[-8.42589,41.9148],[-8.41498,41.90027],[-8.41172,41.89736],[-8.40995,41.89364],[-8.40755,41.89033],[-8.40412,41.88907],[-8.40154,41.88748],[-8.39562,41.8812],[-8.38013,41.86676],[-8.3626,41.84441],[-8.36036,41.83596],[-8.361,41.83146],[-8.36363,41.82672],[-8.37404,41.81544],[-8.37485,41.80886],[-8.37286,41.79522],[-8.38332,41.78101],[-8.3851,41.77495],[-8.38451,41.77108],[-8.38381,41.76709],[-8.38198,41.7641],[-8.36897,41.75679],[-8.36246,41.75142],[-8.35431,41.74834],[-8.3477,41.73783],[-8.34767,41.7319],[-8.35103,41.72552],[-8.36014,41.7162],[-8.36713,41.71139],[-8.36882,41.70871],[-8.36851,41.70137],[-8.36517,41.69782],[-8.36294,41.69091],[-8.35714,41.68726],[-8.35366,41.68106],[-8.35279,41.67721],[-8.34955,41.66839],[-8.35011,41.66509],[-8.34929,41.66176],[-8.34528,41.65676],[-8.34137,41.64617],[-8.33626,41.63949],[-8.33222,41.63802],[-8.33014,41.63515],[-8.33091,41.63131],[-8.32969,41.62911],[-8.32261,41.62126],[-8.32219,41.61782],[-8.31767,41.61258],[-8.31662,41.60822],[-8.31757,41.60354],[-8.3202,41.59739],[-8.31927,41.59131],[-8.31713,41.58711],[-8.3168,41.58371],[-8.31888,41.58028],[-8.32092,41.57872]]},"properties":{"osm_type":"way","osm_id":144335727,"country":"PT","name":"Mendoiro - Pedralva 1&2","operator":"REN","wikidata":null,"wikipedia":null}},{"type":"Feature","geometry":{"type":"LineString","coordinates":[[-6.3541,41.38323],[-6.35758,41.3899],[-6.35993,41.39322],[-6.3672,41.39786],[-6.37058,41.39836],[-6.40374,41.39253],[-6.49348,41.33124]]},"properties":{"osm_type":"way","osm_id":144385736,"country":"PT","name":"Picote - Bemposta","operator":"REN","wikidata":null,"wikipedia":null}},{"type":"Feature","geometry":{"type":"LineString","coordinates":[[-6.73886,41.21925],[-6.74034,41.21814],[-6.74038,41.21888],[-6.73688,41.22494],[-6.72591,41.23465],[-6.70383,41.24835],[-6.69493,41.27139],[-6.68193,41.28938],[-6.68143,41.29354],[-6.68897,41.30569],[-6.68946,41.30799],[-6.68768,41.31091],[-6.67024,41.32434],[-6.66942,41.32795],[-6.67305,41.33927],[-6.68183,41.34576],[-6.68543,41.35213],[-6.68759,41.36525],[-6.68994,41.36763],[-6.69592,41.36962],[-6.71812,41.37257],[-6.75847,41.37061],[-6.76224,41.37098],[-6.7741,41.37789],[-6.8163,41.39007],[-6.82899,41.39522],[-6.84439,41.40938],[-6.84635,41.41692],[-6.84669,41.42584],[-6.84891,41.42919],[-6.85401,41.43135],[-6.86524,41.44064],[-6.87272,41.44371],[-6.87968,41.44953],[-6.88166,41.45539],[-6.88316,41.48445],[-6.88672,41.49108],[-6.88679,41.50054]]},"properties":{"osm_type":"way","osm_id":144385737,"country":"PT","name":"Lagoaça - Macedo de Cavaleiros","operator":"REN","wikidata":null,"wikipedia":null}},{"type":"Feature","geometry":{"type":"LineString","coordinates":[[-6.69874,41.20364],[-6.69637,41.20359]]},"properties":{"osm_type":"way","osm_id":144385740,"country":"PT","name":"Pocinho - Aldeadávila 2","operator":"REN","wikidata":null,"wikipedia":null}},{"type":"Feature","geometry":{"type":"LineString","coordinates":[[-6.3527,41.38498],[-6.34947,41.38501],[-6.34668,41.38582],[-6.34293,41.38847],[-6.34053,41.39341],[-6.33722,41.41208],[-6.33221,41.43022],[-6.30209,41.4752],[-6.29081,41.4822],[-6.27486,41.4852],[-6.27115,41.48778],[-6.2668,41.48853]]},"properties":{"osm_type":"way","osm_id":144385746,"country":"PT","name":"Miranda - Picote 1","operator":"REN","wikidata":null,"wikipedia":null}},{"type":"Feature","geometry":{"type":"LineString","coordinates":[[-7.12412,41.1378],[-7.11525,41.14244],[-7.08019,41.16576],[-7.07408,41.18126],[-7.06624,41.19026],[-7.06244,41.19245],[-7.05367,41.19331],[-7.03993,41.19174],[-7.01722,41.18834],[-6.98325,41.18907],[-6.95496,41.18898],[-6.92525,41.19244],[-6.79441,41.19892],[-6.78823,41.19967]]},"properties":{"osm_type":"way","osm_id":144385747,"country":"PT","name":"Pocinho - Aldeadávila 1","operator":"REN","wikidata":null,"wikipedia":null}},{"type":"Feature","geometry":{"type":"LineString","coordinates":[[-6.3527,41.38498],[-6.35116,41.38648],[-6.35078,41.38837],[-6.35797,41.4219],[-6.35576,41.42723],[-6.30955,41.46523],[-6.30262,41.4756],[-6.29101,41.48257],[-6.27497,41.48573],[-6.27152,41.4881],[-6.26921,41.48907],[-6.26676,41.48866]]},"properties":{"osm_type":"way","osm_id":144385749,"country":"PT","name":"Miranda - Picote 2","operator":"REN","wikidata":null,"wikipedia":null}},{"type":"Feature","geometry":{"type":"LineString","coordinates":[[-6.47295,41.30188],[-6.48101,41.30358],[-6.49709,41.31627],[-6.5048,41.31928],[-6.51944,41.31878],[-6.72117,41.22172]]},"properties":{"osm_type":"way","osm_id":144385750,"country":"PT","name":"Bemposta - Lagoaça 1","operator":"REN","wikidata":null,"wikipedia":null}},{"type":"Feature","geometry":{"type":"LineString","coordinates":[[-6.48029,41.35327],[-6.48095,41.3589],[-6.47909,41.36199],[-6.47547,41.3637],[-6.45112,41.36298],[-6.44712,41.36413],[-6.40464,41.39306],[-6.40331,41.396],[-6.40252,41.40633],[-6.39973,41.40951],[-6.38723,41.41325],[-6.3774,41.41466],[-6.35718,41.4078],[-6.34511,41.39881],[-6.34248,41.39345],[-6.34354,41.38721],[-6.34653,41.38494],[-6.34904,41.38446],[-6.35134,41.38456],[-6.35335,41.38361]]},"properties":{"osm_type":"way","osm_id":144385752,"country":"PT","name":"Picote - Lagoaça 2 & Mogadouro","operator":"REN","wikidata":null,"wikipedia":null}},{"type":"Feature","geometry":{"type":"LineString","coordinates":[[-6.35356,41.38329],[-6.35377,41.38388]]},"properties":{"osm_type":"way","osm_id":144385753,"country":"PT","name":"Miranda - Picote 1","operator":"REN","wikidata":null,"wikipedia":null}},{"type":"Feature","geometry":{"type":"LineString","coordinates":[[-6.69874,41.20364],[-6.69627,41.20331]]},"properties":{"osm_type":"way","osm_id":144385755,"country":"PT","name":"Pocinho - Aldeadávila 1","operator":"REN","wikidata":null,"wikipedia":null}},{"type":"Feature","geometry":{"type":"LineString","coordinates":[[-6.47303,41.30176],[-6.48117,41.30326],[-6.49746,41.3159],[-6.50493,41.31881],[-6.51926,41.31834],[-6.66063,41.25023],[-6.67389,41.23852],[-6.70605,41.22825],[-6.72002,41.22152],[-6.72117,41.22172]]},"properties":{"osm_type":"way","osm_id":144385757,"country":"PT","name":"Bemposta - Lagoaça 2","operator":"REN","wikidata":null,"wikipedia":null}},{"type":"Feature","geometry":{"type":"LineString","coordinates":[[-6.72746,41.21934],[-6.76396,41.2013],[-6.92542,41.19336],[-6.95552,41.1898],[-6.98329,41.19044],[-7.00965,41.18934]]},"properties":{"osm_type":"way","osm_id":144385758,"country":"PT","name":"Pocinho - Aldeadávila 2","operator":"REN","wikidata":null,"wikipedia":null}},{"type":"Feature","geometry":{"type":"LineString","coordinates":[[-6.35466,41.3827],[-6.35351,41.38115]]},"properties":{"osm_type":"way","osm_id":144385759,"country":"PT","name":"Central do Picote - Picote 4","operator":"REN","wikidata":null,"wikipedia":null}},{"type":"Feature","geometry":{"type":"LineString","coordinates":[[-6.35359,41.38284],[-6.35105,41.3794]]},"properties":{"osm_type":"way","osm_id":144385760,"country":"PT","name":"Central do Picote - Picote 1","operator":"REN","wikidata":null,"wikipedia":null}},{"type":"Feature","geometry":{"type":"LineString","coordinates":[[-6.35435,41.38274],[-6.35144,41.37941]]},"properties":{"osm_type":"way","osm_id":144385761,"country":"PT","name":"Central do Picote - Picote 3","operator":"REN","wikidata":null,"wikipedia":null}},{"type":"Feature","geometry":{"type":"LineString","coordinates":[[-6.35396,41.38279],[-6.35125,41.3794]]},"properties":{"osm_type":"way","osm_id":144385765,"country":"PT","name":"Central do Picote - Picote 2","operator":"REN","wikidata":null,"wikipedia":null}},{"type":"Feature","geometry":{"type":"LineString","coordinates":[[-6.48169,41.30466],[-6.47888,41.30484],[-6.4747,41.3032],[-6.47286,41.302]]},"properties":{"osm_type":"way","osm_id":144385770,"country":"PT","name":"Picote - Bemposta","operator":"REN","wikidata":null,"wikipedia":null}},{"type":"Feature","geometry":{"type":"LineString","coordinates":[[-6.48169,41.30466],[-6.48294,41.30327],[-6.47969,41.30099],[-6.47568,41.30041],[-6.47395,41.30066],[-6.4739,41.30026]]},"properties":{"osm_type":"way","osm_id":144385775,"country":"PT","name":"Bemposta - Lagoaça 3","operator":"REN","wikidata":null,"wikipedia":null}},{"type":"Feature","geometry":{"type":"LineString","coordinates":[[-6.49348,41.33124],[-6.49425,41.32871],[-6.4935,41.32507],[-6.48812,41.31029],[-6.4857,41.30784],[-6.48255,41.30638],[-6.48169,41.30466]]},"properties":{"osm_type":"way","osm_id":144385780,"country":"PT","name":"Bemposta - Lagoaça 3 & Picote","operator":"REN","wikidata":null,"wikipedia":null}},{"type":"Feature","geometry":{"type":"LineString","coordinates":[[-6.69874,41.20364],[-6.70267,41.20417],[-6.71983,41.22065],[-6.72384,41.22158],[-6.72746,41.21934]]},"properties":{"osm_type":"way","osm_id":144385781,"country":"PT","name":"Pocinho - Aldeadávila 1&2","operator":"REN","wikidata":null,"wikipedia":null}},{"type":"Feature","geometry":{"type":"LineString","coordinates":[[-7.71152,41.12101],[-7.71076,41.11744],[-7.71095,41.11287],[-7.71288,41.10834],[-7.71622,41.1042],[-7.71884,41.1021],[-7.72923,41.08492],[-7.72939,41.07276],[-7.73207,41.06474],[-7.73573,41.05861],[-7.73632,41.05425],[-7.73579,41.047],[-7.7427,41.03884],[-7.74293,41.03361],[-7.7358,41.02053],[-7.73562,41.01699],[-7.73814,41.01303],[-7.74187,41.01148],[-7.74532,41.01164],[-7.75231,41.01041],[-7.75497,41.00838],[-7.75746,41.00735],[-7.77253,41.00227],[-7.78099,40.99528],[-7.79496,40.97652],[-7.80749,40.96539],[-7.81953,40.96301],[-7.8513,40.9452],[-7.85726,40.9346],[-7.88715,40.90052],[-7.89074,40.8774],[-7.89892,40.85058],[-7.91897,40.8364],[-7.931,40.82536],[-7.93569,40.82188],[-7.94109,40.81631],[-7.96248,40.75302],[-7.98198,40.73646],[-7.987,40.7238],[-7.98581,40.71594],[-7.99125,40.70423]]},"properties":{"osm_type":"way","osm_id":144396407,"country":"PT","name":null,"operator":"REN","wikidata":null,"wikipedia":null}},{"type":"Feature","geometry":{"type":"LineString","coordinates":[[-7.66594,41.13738],[-7.67977,41.13498],[-7.716,41.13305],[-7.7436,41.13869],[-7.75709,41.13833]]},"properties":{"osm_type":"way","osm_id":144396409,"country":"PT","name":"Tabuaço - Valdigem","operator":"REN","wikidata":null,"wikipedia":null}},{"type":"Feature","geometry":{"type":"LineString","coordinates":[[-7.64536,41.12154],[-7.59016,41.11155],[-7.56362,41.10967],[-7.55468,41.1081],[-7.5334,41.10722],[-7.52526,41.10737],[-7.50869,41.10582],[-7.50092,41.10889],[-7.49543,41.10919],[-7.48416,41.10407],[-7.47545,41.10321],[-7.46763,41.1052],[-7.46042,41.10579],[-7.44644,41.1036],[-7.43127,41.09851],[-7.33223,41.08785],[-7.27412,41.0732],[-7.2021,41.08324],[-7.18023,41.09702],[-7.1781,41.10305],[-7.17492,41.10677],[-7.16741,41.10894],[-7.16029,41.10962],[-7.15132,41.11525],[-7.13413,41.12788],[-7.13165,41.13083],[-7.12741,41.13873],[-7.12608,41.13942],[-7.1201,41.14025],[-7.11642,41.14225],[-7.08067,41.16604],[-7.07477,41.18131],[-7.06794,41.18872],[-7.06608,41.1914],[-7.06301,41.19272],[-7.05378,41.19373],[-7.0399,41.19223],[-7.01552,41.18867],[-6.98328,41.18999],[-6.95555,41.18938],[-6.92531,41.1929],[-6.78823,41.19967]]},"properties":{"osm_type":"way","osm_id":144396426,"country":"PT","name":"Armamar - Lagoaça","operator":"REN","wikidata":null,"wikipedia":null}},{"type":"Feature","geometry":{"type":"LineString","coordinates":[[-7.75799,41.13946],[-7.76718,41.14358],[-7.7867,41.14292],[-7.8317,41.13642],[-7.83386,41.13221],[-7.8356,41.13064],[-7.85581,41.12903],[-7.86255,41.12795],[-7.86524,41.12656],[-7.88851,41.1097],[-7.93647,41.09617],[-7.99195,41.09435],[-8.03502,41.08035],[-8.05229,41.07678],[-8.08935,41.08387],[-8.10815,41.08394],[-8.11733,41.0824],[-8.12362,41.0829],[-8.12823,41.08277],[-8.12872,41.08206]]},"properties":{"osm_type":"way","osm_id":144396429,"country":"PT","name":"Valdigem - Carrapatelo 1","operator":"REN","wikidata":null,"wikipedia":null}},{"type":"Feature","geometry":{"type":"LineString","coordinates":[[-7.65617,41.08219],[-7.65656,41.08259],[-7.65211,41.0869],[-7.64844,41.09839],[-7.65101,41.10473],[-7.65345,41.10621],[-7.66017,41.10521],[-7.65978,41.10509]]},"properties":{"osm_type":"way","osm_id":144396430,"country":"PT","name":"Armamar - Valdigem 1 / S. Martinho","operator":"REN","wikidata":null,"wikipedia":null}},{"type":"Feature","geometry":{"type":"LineString","coordinates":[[-7.75704,41.13859],[-7.74423,41.13958],[-7.7403,41.1424],[-7.73766,41.1473]]},"properties":{"osm_type":"way","osm_id":144396431,"country":"PT","name":"Régua - Valdigem","operator":"REN","wikidata":null,"wikipedia":null}},{"type":"Feature","geometry":{"type":"LineString","coordinates":[[-7.75612,41.13909],[-7.75352,41.13998],[-7.75217,41.14128],[-7.75422,41.14625],[-7.74489,41.15291],[-7.74039,41.15546],[-7.73192,41.15768],[-7.7312,41.15697],[-7.70123,41.16419],[-7.67918,41.17867],[-7.67346,41.18895],[-7.6731,41.19257],[-7.67612,41.20398],[-7.67584,41.20593],[-7.67637,41.20866],[-7.66992,41.21982],[-7.66985,41.22359],[-7.66505,41.22827],[-7.66476,41.23193],[-7.6687,41.23699],[-7.67641,41.25526],[-7.67526,41.26345],[-7.66846,41.27322],[-7.66548,41.27437],[-7.6504,41.27471],[-7.64797,41.27609],[-7.63565,41.30124],[-7.63377,41.31117],[-7.63101,41.31625],[-7.62068,41.32279],[-7.61879,41.32544],[-7.61928,41.32876],[-7.62658,41.33887],[-7.62821,41.34926],[-7.62691,41.36581],[-7.62037,41.37271],[-7.61773,41.38307],[-7.6128,41.38924],[-7.61042,41.41091],[-7.60476,41.43134],[-7.60408,41.43789],[-7.61811,41.45589],[-7.61967,41.46837],[-7.61938,41.47086],[-7.62006,41.4719]]},"properties":{"osm_type":"way","osm_id":144396433,"country":"PT","name":"Vila Pouca de Aguiar - Valdigem 1&2","operator":"REN","wikidata":null,"wikipedia":null}},{"type":"Feature","geometry":{"type":"LineString","coordinates":[[-7.75631,41.13773],[-7.72152,41.12972],[-7.71618,41.12552]]},"properties":{"osm_type":"way","osm_id":144396436,"country":"PT","name":null,"operator":"REN","wikidata":null,"wikipedia":null}},{"type":"Feature","geometry":{"type":"LineString","coordinates":[[-8.33558,41.18808],[-8.32746,41.18505],[-8.26938,41.16999],[-8.18181,41.15625],[-8.07858,41.15151],[-7.97822,41.13868],[-7.90764,41.14566],[-7.87103,41.1391],[-7.83192,41.13683],[-7.78701,41.14335],[-7.76697,41.14402],[-7.75892,41.13977]]},"properties":{"osm_type":"way","osm_id":144420819,"country":"PT","name":"Valdigem - Recarei 1 & Urrô","operator":"REN","wikidata":null,"wikipedia":null}},{"type":"Feature","geometry":{"type":"LineString","coordinates":[[-7.25735,40.62093],[-7.27432,40.63493],[-7.339,40.67883],[-7.35503,40.68121],[-7.35929,40.68089],[-7.37813,40.67176],[-7.38428,40.66527],[-7.38647,40.66147],[-7.39275,40.65445],[-7.39456,40.65387],[-7.39687,40.65084],[-7.41659,40.63345]]},"properties":{"osm_type":"way","osm_id":144432479,"country":"PT","name":"Chafariz - Ferro 1&2","operator":"REN","wikidata":null,"wikipedia":null}},{"type":"Feature","geometry":{"type":"LineString","coordinates":[[-7.55463,39.82894],[-7.55627,39.83069],[-7.55542,39.83642],[-7.55197,39.84467],[-7.5422,39.85252],[-7.52841,39.87351],[-7.52271,39.87589],[-7.50968,39.88295],[-7.50555,39.88717],[-7.49058,39.89912],[-7.48498,39.91259],[-7.47565,39.92717],[-7.46268,39.94015],[-7.46061,39.94603],[-7.46173,39.95865],[-7.45823,39.97202],[-7.45881,39.98162],[-7.4598,39.9835],[-7.46178,39.98505],[-7.46203,39.99116],[-7.45994,39.99427],[-7.46203,40.00329],[-7.44752,40.03028],[-7.43831,40.03663],[-7.39312,40.04824],[-7.39057,40.05303],[-7.39137,40.05685],[-7.39042,40.06606],[-7.39161,40.09444],[-7.39578,40.10016],[-7.39591,40.10504],[-7.38498,40.11517],[-7.38455,40.12018],[-7.39868,40.1379]]},"properties":{"osm_type":"way","osm_id":144432487,"country":"PT","name":"Castelo Branco - Ferro 2 & Fundão","operator":"REN","wikidata":null,"wikipedia":null}},{"type":"Feature","geometry":{"type":"LineString","coordinates":[[-8.20254,40.33551],[-8.216,40.29967],[-8.22267,40.29357],[-8.2237,40.29008],[-8.22323,40.28296],[-8.23848,40.24896],[-8.24071,40.24557]]},"properties":{"osm_type":"way","osm_id":144545385,"country":"PT","name":"Pereiros - Tábua 1 / Mortágua","operator":"REN","wikidata":null,"wikipedia":null}},{"type":"Feature","geometry":{"type":"LineString","coordinates":[[-8.17034,40.39084],[-8.17276,40.38973],[-8.18032,40.38868],[-8.18939,40.38475],[-8.19143,40.38234],[-8.19246,40.37276],[-8.20385,40.34594],[-8.20175,40.33763],[-8.20254,40.33551]]},"properties":{"osm_type":"way","osm_id":144545387,"country":"PT","name":"Mortágua","operator":"REN","wikidata":null,"wikipedia":null}},{"type":"Feature","geometry":{"type":"LineString","coordinates":[[-8.20254,40.33551],[-8.20212,40.33453]]},"properties":{"osm_type":"way","osm_id":144545389,"country":"PT","name":"Aguieira - Pereiros 2 / Mortágua","operator":"REN","wikidata":null,"wikipedia":null}},{"type":"Feature","geometry":{"type":"LineString","coordinates":[[-8.42094,40.16435],[-8.42195,40.1642],[-8.42231,40.16354],[-8.42189,40.16255],[-8.41477,40.15871],[-8.40203,40.15818],[-8.38411,40.15989],[-8.35815,40.17061],[-8.25558,40.22704],[-8.23899,40.24517],[-8.21616,40.29616],[-8.19965,40.34009]]},"properties":{"osm_type":"way","osm_id":144545392,"country":"PT","name":"Aguieira - Pereiros 1","operator":"REN","wikidata":null,"wikipedia":null}},{"type":"Feature","geometry":{"type":"LineString","coordinates":[[-8.19943,40.34029],[-8.19679,40.34022]]},"properties":{"osm_type":"way","osm_id":144545393,"country":"PT","name":null,"operator":"Energias de Portugal","wikidata":null,"wikipedia":null}},{"type":"Feature","geometry":{"type":"LineString","coordinates":[[-8.421,40.16423],[-8.42168,40.16379],[-8.42112,40.16262],[-8.41394,40.16046],[-8.40083,40.15876],[-8.38439,40.16029],[-8.35852,40.17096],[-8.25601,40.22736],[-8.23949,40.24539],[-8.21675,40.29628],[-8.20205,40.33538],[-8.19982,40.34015]]},"properties":{"osm_type":"way","osm_id":144545397,"country":"PT","name":"Aguieira - Pereiros 2","operator":"REN","wikidata":null,"wikipedia":null}},{"type":"Feature","geometry":{"type":"LineString","coordinates":[[-8.46898,40.46726],[-8.46643,40.46707],[-8.45665,40.47028],[-8.44095,40.46795],[-8.42948,40.46485],[-8.41758,40.46399],[-8.39027,40.45671],[-8.38697,40.45519],[-8.34749,40.44102],[-8.33451,40.43876],[-8.31867,40.44306],[-8.30066,40.44116],[-8.26558,40.44128],[-8.23469,40.44662],[-8.1961,40.44921],[-8.18095,40.45785],[-8.1689,40.47801],[-8.16799,40.48814],[-8.14621,40.51523],[-8.13735,40.52018],[-8.11939,40.53816],[-8.11781,40.54162],[-8.10801,40.54813],[-8.10532,40.5511],[-8.10387,40.55805],[-8.11167,40.57447],[-8.11014,40.58171],[-8.09229,40.5955],[-8.0712,40.60435],[-8.0563,40.61969],[-8.03886,40.63099],[-8.02758,40.63907],[-8.01926,40.65688],[-8.01387,40.66031],[-8.0109,40.66721],[-8.00946,40.67391],[-8.0103,40.67728],[-8.01063,40.6845],[-8.00762,40.69303],[-8.00494,40.69561],[-7.99369,40.7001]]},"properties":{"osm_type":"way","osm_id":144545402,"country":"PT","name":"Paraimo - Bodiosa 2 & Valdigem","operator":"REN","wikidata":null,"wikipedia":null}},{"type":"Feature","geometry":{"type":"LineString","coordinates":[[-8.85325,38.58252],[-8.86599,38.67022],[-8.88575,38.75952],[-8.88603,38.80311],[-8.87599,38.89112],[-8.89222,39.01339],[-8.9099,39.03872]]},"properties":{"osm_type":"way","osm_id":144570032,"country":"PT","name":"Fernão Ferro - Ribatejo","operator":"REN","wikidata":null,"wikipedia":null}},{"type":"Feature","geometry":{"type":"LineString","coordinates":[[-8.39003,39.97205],[-8.38624,39.96831],[-8.38544,39.94277],[-8.39323,39.8619],[-8.3893,39.794],[-8.37859,39.69522],[-8.3861,39.64894],[-8.35572,39.57804],[-8.33276,39.55032],[-8.32809,39.54587]]},"properties":{"osm_type":"way","osm_id":144584548,"country":"PT","name":"Penela - Zêzere 1&2","operator":"REN","wikidata":null,"wikipedia":null}},{"type":"Feature","geometry":{"type":"LineString","coordinates":[[-8.32689,39.54521],[-8.31939,39.54276]]},"properties":{"osm_type":"way","osm_id":144589055,"country":"PT","name":"Castelo de Bode - Zêzere 1","operator":"REN","wikidata":null,"wikipedia":null}},{"type":"Feature","geometry":{"type":"LineString","coordinates":[[-8.32699,39.54495],[-8.32109,39.54279],[-8.31929,39.54265]]},"properties":{"osm_type":"way","osm_id":144589058,"country":"PT","name":"Castelo de Bode - Zêzere 2","operator":"REN","wikidata":null,"wikipedia":null}},{"type":"Feature","geometry":{"type":"LineString","coordinates":[[-8.3192,39.54254],[-8.32252,39.54246],[-8.3271,39.54469]]},"properties":{"osm_type":"way","osm_id":144589059,"country":"PT","name":"Castelo de Bode - Zêzere 3","operator":"REN","wikidata":null,"wikipedia":null}},{"type":"Feature","geometry":{"type":"LineString","coordinates":[[-7.74198,39.52864],[-7.74376,39.52797],[-7.74678,39.52459],[-7.75244,39.50789],[-7.78257,39.4487],[-7.7826,39.44012],[-7.7642,39.41499],[-7.76028,39.41271],[-7.75583,39.4062],[-7.75535,39.40282],[-7.74338,39.3864],[-7.72659,39.37712],[-7.69849,39.36625],[-7.68189,39.34771],[-7.67611,39.30635],[-7.67197,39.29185],[-7.66932,39.28868],[-7.66851,39.28161],[-7.67045,39.27634],[-7.67608,39.27196],[-7.71182,39.25365],[-7.73259,39.24699],[-7.74416,39.23562],[-7.74979,39.22417],[-7.75951,39.19199],[-7.75362,39.16896],[-7.75836,39.13425],[-7.74953,39.10638],[-7.74343,39.07597],[-7.68559,39.01182],[-7.66762,38.99521],[-7.66651,38.98612],[-7.66474,38.98375],[-7.66171,38.98216],[-7.65013,38.9815],[-7.64615,38.98053],[-7.64203,38.98034],[-7.63337,38.97757],[-7.62872,38.97676],[-7.6142,38.9709],[-7.60986,38.97019],[-7.58737,38.96003],[-7.54226,38.92298],[-7.53856,38.91981],[-7.53444,38.9149],[-7.53081,38.91227],[-7.52871,38.90964],[-7.52612,38.90467],[-7.52545,38.90153],[-7.52529,38.89818],[-7.52833,38.88984]]},"properties":{"osm_type":"way","osm_id":144599063,"country":"PT","name":"Falagueira - Estremoz","operator":"REN","wikidata":null,"wikipedia":null}},{"type":"Feature","geometry":{"type":"LineString","coordinates":[[-7.72883,39.52358],[-7.66015,39.54496],[-7.564,39.59219],[-7.5463,39.62286],[-7.53839,39.64923],[-7.53211,39.66393],[-7.53296,39.66381]]},"properties":{"osm_type":"way","osm_id":144599064,"country":"PT","name":"Falagueira - Cedillo","operator":"REN","wikidata":null,"wikipedia":null}},{"type":"Feature","geometry":{"type":"LineString","coordinates":[[-8.76125,37.99697],[-8.76093,37.99665],[-8.75984,37.99709],[-8.75498,38.00016],[-8.68764,38.04497],[-8.63188,38.08985],[-8.58384,38.12426],[-8.55955,38.15144],[-8.51078,38.28816],[-8.50704,38.35415],[-8.49799,38.36978],[-8.49651,38.41308],[-8.64934,38.57783],[-8.67648,38.591],[-8.7203,38.59578],[-8.83377,38.57527],[-8.8567,38.57221]]},"properties":{"osm_type":"way","osm_id":144627242,"country":"PT","name":"Sines - Palmela","operator":"REN","wikidata":null,"wikipedia":null}},{"type":"Feature","geometry":{"type":"LineString","coordinates":[[-8.75731,37.99048],[-8.7499,37.97991],[-8.7469,37.96416],[-8.7514,37.94374],[-8.7559,37.93693],[-8.76467,37.92711],[-8.7783,37.92324],[-8.78555,37.92252],[-8.7961,37.92385],[-8.80017,37.92623],[-8.80339,37.92884]]},"properties":{"osm_type":"way","osm_id":144632829,"country":"PT","name":"Central de Sines - Sines","operator":"REN","wikidata":null,"wikipedia":null}},{"type":"Feature","geometry":{"type":"LineString","coordinates":[[-8.80199,37.92909],[-8.79826,37.92565],[-8.79218,37.92381],[-8.78553,37.92296],[-8.77842,37.92369],[-8.76504,37.92749],[-8.75636,37.93716],[-8.75195,37.94389],[-8.74748,37.96416],[-8.75046,37.97977],[-8.75776,37.99025],[-8.7622,37.99535]]},"properties":{"osm_type":"way","osm_id":144632840,"country":"PT","name":"Central de Sines - Sines","operator":"REN","wikidata":null,"wikipedia":null}},{"type":"Feature","geometry":{"type":"LineString","coordinates":[[-8.12803,38.05432],[-8.12743,38.05341],[-8.1277,38.05272],[-8.12931,38.05175],[-8.13136,38.05166],[-8.18745,38.05332],[-8.21519,38.05159],[-8.2301,38.05113],[-8.26565,38.04809],[-8.30268,38.04075],[-8.33511,38.03353],[-8.40554,38.01907],[-8.42074,38.01544],[-8.54051,38.01183],[-8.55622,38.0141],[-8.57757,38.01372],[-8.6461,38.00704],[-8.65165,38.00548],[-8.66308,37.99542],[-8.6659,37.98954],[-8.67464,37.9782],[-8.68605,37.97295],[-8.69972,37.97296],[-8.74059,37.97799],[-8.75123,37.98409],[-8.75826,37.99439],[-8.76165,37.99676]]},"properties":{"osm_type":"way","osm_id":144632844,"country":"PT","name":"Ferreira do Alentejo - Sines","operator":"REN","wikidata":null,"wikipedia":null}},{"type":"Feature","geometry":{"type":"LineString","coordinates":[[-8.5213,37.2255],[-8.51963,37.21301],[-8.52117,37.20791],[-8.51832,37.20179]]},"properties":{"osm_type":"way","osm_id":144633314,"country":"PT","name":"Portimão - Tavira & Sines 3","operator":"REN","wikidata":null,"wikipedia":null}},{"type":"Feature","geometry":{"type":"LineString","coordinates":[[-8.7659,37.99897],[-8.762,38.0016],[-8.75824,38.00212],[-8.75047,38.00091],[-8.74711,38.0019],[-8.70037,38.02982],[-8.66918,38.03597],[-8.5405,38.01316],[-8.41972,38.01649],[-8.41493,38.01751]]},"properties":{"osm_type":"way","osm_id":144635503,"country":"PT","name":"Sines - Ermidas Sado","operator":"REN","wikidata":null,"wikipedia":null}},{"type":"Feature","geometry":{"type":"LineString","coordinates":[[-8.41493,38.01751],[-8.41389,38.01717]]},"properties":{"osm_type":"way","osm_id":144635504,"country":"PT","name":"Ermidas Sado - Ferreira do Alentejo & Sines","operator":"REN","wikidata":null,"wikipedia":null}},{"type":"Feature","geometry":{"type":"LineString","coordinates":[[-8.12653,38.05614],[-8.1268,38.05676],[-8.12473,38.06697],[-8.03542,38.17192],[-7.99741,38.26586],[-7.97856,38.3228],[-7.96521,38.33624],[-7.96254,38.36274],[-7.92158,38.43762],[-7.88569,38.48753],[-7.87844,38.50024],[-7.87115,38.51142],[-7.86328,38.52926],[-7.86418,38.53228],[-7.88166,38.55475]]},"properties":{"osm_type":"way","osm_id":144639157,"country":"PT","name":"Ferreira do Alentejo - Évora","operator":"REN","wikidata":null,"wikipedia":null}},{"type":"Feature","geometry":{"type":"LineString","coordinates":[[-8.12812,38.05577],[-8.12229,38.08318],[-8.08858,38.11132],[-8.07336,38.12903],[-8.06403,38.1319],[-8.00147,38.13176],[-7.95355,38.13258],[-7.93229,38.13214],[-7.9287,38.13404],[-7.92428,38.13382],[-7.92052,38.13193],[-7.89694,38.13148],[-7.88261,38.136],[-7.87838,38.13626],[-7.87456,38.13728],[-7.79887,38.16204],[-7.78653,38.16835],[-7.7667,38.17484],[-7.7525,38.17847],[-7.73261,38.1835],[-7.68972,38.18459],[-7.67774,38.1892],[-7.66834,38.19678],[-7.66345,38.1994],[-7.6465,38.20462],[-7.63743,38.20582],[-7.63286,38.20723],[-7.62702,38.20691],[-7.62238,38.20446],[-7.61687,38.19939],[-7.61004,38.19418],[-7.60917,38.19186],[-7.60492,38.18802],[-7.59862,38.18508],[-7.5424,38.17625],[-7.53753,38.17251],[-7.53316,38.17241],[-7.5106,38.17881],[-7.50358,38.18195],[-7.49888,38.18509]]},"properties":{"osm_type":"way","osm_id":144639163,"country":"PT","name":"Alqueva - Ferreira do Alentejo","operator":"REN","wikidata":null,"wikipedia":null}},{"type":"Feature","geometry":{"type":"LineString","coordinates":[[-7.49869,38.18498],[-7.49898,38.18467],[-7.49757,38.18398],[-7.49109,38.1828],[-7.48417,38.18385],[-7.47785,38.1873],[-7.47035,38.19466],[-7.45801,38.19574],[-7.45443,38.19852],[-7.443,38.19963],[-7.43315,38.19759],[-7.41451,38.1868],[-7.40641,38.18539],[-7.38216,38.18227],[-7.3537,38.1927],[-7.31473,38.22003],[-7.28587,38.22451],[-7.25473,38.2436],[-7.21532,38.24405],[-7.1994,38.23096],[-7.1979,38.22348],[-7.1904,38.21552],[-7.18412,38.21354],[-7.15477,38.20868],[-7.12749,38.19367],[-7.11233,38.19376],[-7.10851,38.19575]]},"properties":{"osm_type":"way","osm_id":144640006,"country":"PT","name":"Alqueva - Brovales","operator":"REN","wikidata":null,"wikipedia":null}},{"type":"Feature","geometry":{"type":"LineString","coordinates":[[-9.16815,38.88922],[-9.18171,38.8754],[-9.22784,38.83284],[-9.24025,38.81615],[-9.24272,38.81049],[-9.24494,38.80316],[-9.24219,38.7914],[-9.24246,38.78871],[-9.24056,38.78097]]},"properties":{"osm_type":"way","osm_id":144651404,"country":"PT","name":"Alto de Mira - Ribatejo & Fanhões 4","operator":"REN","wikidata":null,"wikipedia":null}},{"type":"Feature","geometry":{"type":"LineString","coordinates":[[-9.18064,38.87717],[-9.18886,38.86947],[-9.19303,38.86756],[-9.19517,38.8653],[-9.19791,38.86111],[-9.22873,38.83267],[-9.24091,38.81606],[-9.24819,38.79876],[-9.24842,38.79535]]},"properties":{"osm_type":"way","osm_id":144651408,"country":"PT","name":null,"operator":"REN","wikidata":null,"wikipedia":null}},{"type":"Feature","geometry":{"type":"LineString","coordinates":[[-9.32971,38.74758],[-9.32336,38.75197],[-9.30385,38.75608],[-9.26588,38.76515],[-9.25657,38.77424],[-9.25405,38.77592],[-9.24322,38.77974],[-9.24261,38.78388],[-9.24491,38.78794]]},"properties":{"osm_type":"way","osm_id":144651411,"country":"PT","name":"Carvoeira - Trajouce","operator":"REN","wikidata":null,"wikipedia":null}},{"type":"Feature","geometry":{"type":"LineString","coordinates":[[-9.24056,38.78097],[-9.23934,38.77879]]},"properties":{"osm_type":"way","osm_id":144651426,"country":"PT","name":"Fanhões - Alto de Mira 4","operator":"REN","wikidata":null,"wikipedia":null}},{"type":"Feature","geometry":{"type":"LineString","coordinates":[[-9.24491,38.78794],[-9.24397,38.78391],[-9.24655,38.77884],[-9.25642,38.77594],[-9.2584,38.7729],[-9.26592,38.77052],[-9.26885,38.77005],[-9.27233,38.77049],[-9.27915,38.77046],[-9.28454,38.76971],[-9.28803,38.76858],[-9.2919,38.76492],[-9.2924,38.76205],[-9.29738,38.75913],[-9.3037,38.7574],[-9.30917,38.75638],[-9.31254,38.75645],[-9.32163,38.75434],[-9.32931,38.74831]]},"properties":{"osm_type":"way","osm_id":144651436,"country":"PT","name":"Fanhões - Trajouce","operator":"REN","wikidata":null,"wikipedia":null}},{"type":"Feature","geometry":{"type":"LineString","coordinates":[[-9.32961,38.74747],[-9.32323,38.75158],[-9.30405,38.75563],[-9.2653,38.76505],[-9.25762,38.77244],[-9.2496,38.7755],[-9.2458,38.77852],[-9.24322,38.77974],[-9.24103,38.78143],[-9.23975,38.78141]]},"properties":{"osm_type":"way","osm_id":144651448,"country":"PT","name":"Alto de Mira - Carriche 1 / Trajouce","operator":"REN","wikidata":null,"wikipedia":null}},{"type":"Feature","geometry":{"type":"LineString","coordinates":[[-9.24892,38.79503],[-9.24491,38.78794]]},"properties":{"osm_type":"way","osm_id":144651450,"country":"PT","name":"Trajouce - Carvoeira & Fanhões","operator":"REN","wikidata":null,"wikipedia":null}},{"type":"Feature","geometry":{"type":"LineString","coordinates":[[-9.24842,38.79535],[-9.24934,38.79508],[-9.24892,38.79503]]},"properties":{"osm_type":"way","osm_id":144651458,"country":"PT","name":"Fanhões - Trajouce","operator":"REN","wikidata":null,"wikipedia":null}},{"type":"Feature","geometry":{"type":"LineString","coordinates":[[-9.23885,38.77853],[-9.2399,38.78072],[-9.23975,38.78141]]},"properties":{"osm_type":"way","osm_id":144651462,"country":"PT","name":"Alto de Mira - Carriche 1","operator":"REN","wikidata":null,"wikipedia":null}},{"type":"Feature","geometry":{"type":"LineString","coordinates":[[-9.24892,38.79503],[-9.25109,38.80014],[-9.27258,38.82057],[-9.27706,38.82773],[-9.28022,38.84452],[-9.26837,38.87547],[-9.23013,38.95282],[-9.21355,39.02094],[-9.17922,39.07979]]},"properties":{"osm_type":"way","osm_id":144651466,"country":"PT","name":"Carvoeira - Trajouce","operator":"REN","wikidata":null,"wikipedia":null}},{"type":"Feature","geometry":{"type":"LineString","coordinates":[[-9.24842,38.79535],[-9.24168,38.783],[-9.24137,38.78055],[-9.2398,38.77864]]},"properties":{"osm_type":"way","osm_id":144651475,"country":"PT","name":"Rio Maior - Alto de Mira","operator":"REN","wikidata":null,"wikipedia":null}},{"type":"Feature","geometry":{"type":"LineString","coordinates":[[-9.11183,38.86453],[-9.11235,38.86256],[-9.1489,38.83321],[-9.16257,38.82018],[-9.16646,38.81826],[-9.17438,38.80876],[-9.17386,38.80097]]},"properties":{"osm_type":"way","osm_id":144654744,"country":"PT","name":"Fanhões - Carriche 2","operator":"REN","wikidata":null,"wikipedia":null}},{"type":"Feature","geometry":{"type":"LineString","coordinates":[[-9.11183,38.86453],[-9.1132,38.8625],[-9.14932,38.83351],[-9.163,38.82045],[-9.16682,38.81858],[-9.17497,38.80877],[-9.1743,38.80118],[-9.17597,38.79909],[-9.20375,38.78858]]},"properties":{"osm_type":"way","osm_id":144654745,"country":"PT","name":"Fanhões - Carriche 1","operator":"REN","wikidata":null,"wikipedia":null}},{"type":"Feature","geometry":{"type":"LineString","coordinates":[[-9.2114,38.78519],[-9.22415,38.78809],[-9.22912,38.78804],[-9.23881,38.78121],[-9.23926,38.78071],[-9.23854,38.77863]]},"properties":{"osm_type":"way","osm_id":144654746,"country":"PT","name":"Alto de Mira - Sete Rios 1","operator":"REN","wikidata":null,"wikipedia":null}},{"type":"Feature","geometry":{"type":"LineString","coordinates":[[-9.23821,38.77874],[-9.23869,38.77936],[-9.23821,38.781],[-9.22863,38.78723],[-9.22579,38.78755],[-9.21136,38.78438],[-9.16456,38.80202],[-9.1461,38.81419],[-9.14331,38.81739],[-9.13223,38.83932],[-9.13044,38.84163]]},"properties":{"osm_type":"way","osm_id":144654750,"country":"PT","name":"Fanhões - Alto de Mira 3","operator":"REN","wikidata":null,"wikipedia":null}},{"type":"Feature","geometry":{"type":"LineString","coordinates":[[-9.16692,38.78136],[-9.16706,38.78057],[-9.16652,38.78062]]},"properties":{"osm_type":"way","osm_id":144654752,"country":"PT","name":"Fanhões - Carriche 2","operator":"REN","wikidata":null,"wikipedia":null}},{"type":"Feature","geometry":{"type":"LineString","coordinates":[[-9.16692,38.78136],[-9.16725,38.78044],[-9.16653,38.78048]]},"properties":{"osm_type":"way","osm_id":144654753,"country":"PT","name":"Fanhões - Alto de Mira 3 / Carriche","operator":"REN","wikidata":null,"wikipedia":null}},{"type":"Feature","geometry":{"type":"LineString","coordinates":[[-9.17386,38.80097],[-9.17556,38.79877],[-9.2114,38.78519]]},"properties":{"osm_type":"way","osm_id":144654756,"country":"PT","name":"Alto de Mira - Sete Rios 1","operator":"REN","wikidata":null,"wikipedia":null}},{"type":"Feature","geometry":{"type":"LineString","coordinates":[[-9.20375,38.78858],[-9.21162,38.78557],[-9.22558,38.78909],[-9.22934,38.78845],[-9.23975,38.78141]]},"properties":{"osm_type":"way","osm_id":144692143,"country":"PT","name":"Alto de Mira - Carriche 1","operator":"REN","wikidata":null,"wikipedia":null}},{"type":"Feature","geometry":{"type":"LineString","coordinates":[[-9.1672,38.78135],[-9.16777,38.78255],[-9.16897,38.78323],[-9.17087,38.78319],[-9.17483,38.78431],[-9.18615,38.78164],[-9.18952,38.78161],[-9.19456,38.78296],[-9.2,38.78371],[-9.20113,38.78435],[-9.20264,38.78796],[-9.20375,38.78858]]},"properties":{"osm_type":"way","osm_id":144692144,"country":"PT","name":"Carriche - Alto de Mira 1 & Fanhões 1","operator":"REN","wikidata":null,"wikipedia":null}},{"type":"Feature","geometry":{"type":"LineString","coordinates":[[-9.16655,38.78034],[-9.16743,38.78032],[-9.1672,38.78135]]},"properties":{"osm_type":"way","osm_id":144692145,"country":"PT","name":"Fanhões - Carriche 1","operator":"REN","wikidata":null,"wikipedia":null}},{"type":"Feature","geometry":{"type":"LineString","coordinates":[[-9.1672,38.78135],[-9.16762,38.78017],[-9.16656,38.78019]]},"properties":{"osm_type":"way","osm_id":144692146,"country":"PT","name":"Alto de Mira - Carriche 1","operator":"REN","wikidata":null,"wikipedia":null}},{"type":"Feature","geometry":{"type":"LineString","coordinates":[[-8.9099,39.03872],[-8.95679,39.10593],[-8.96775,39.20597],[-8.97083,39.31993],[-8.97596,39.32765],[-8.98855,39.33268],[-8.99031,39.33464],[-8.99046,39.33595],[-8.98895,39.33827],[-8.98741,39.33896],[-8.98024,39.34053],[-8.9736,39.34406],[-8.96872,39.35062],[-8.96343,39.39752],[-8.95283,39.42773],[-8.95746,39.44982],[-8.8925,39.53055],[-8.79329,39.65543]]},"properties":{"osm_type":"way","osm_id":144701425,"country":"PT","name":"Batalha - Ribatejo","operator":"REN","wikidata":null,"wikipedia":null}},{"type":"Feature","geometry":{"type":"LineString","coordinates":[[-8.52022,37.50562],[-8.60383,37.62514],[-8.63574,37.70821],[-8.64821,37.77186],[-8.65019,37.81],[-8.69139,37.91389],[-8.72691,37.96269],[-8.74805,37.99771],[-8.7507,38.00003],[-8.75649,38.00093],[-8.76451,37.99912]]},"properties":{"osm_type":"way","osm_id":148052301,"country":"PT","name":"Sines - Saboia & Portimão 2","operator":"REN","wikidata":null,"wikipedia":null}},{"type":"Feature","geometry":{"type":"LineString","coordinates":[[-8.75342,37.98204],[-8.75052,37.98239],[-8.73623,37.97401],[-8.72565,37.95661],[-8.72258,37.94953],[-8.71504,37.94073],[-8.70562,37.93616],[-8.69994,37.92853],[-8.70072,37.92043],[-8.69146,37.90565],[-8.67388,37.86037],[-8.6714,37.84327],[-8.65386,37.81481],[-8.64615,37.79803],[-8.645,37.76119],[-8.6339,37.70686],[-8.6191,37.67415],[-8.61151,37.64987],[-8.60748,37.64239],[-8.59828,37.61927],[-8.53727,37.53398],[-8.53502,37.52921],[-8.53119,37.51574],[-8.51279,37.49057],[-8.5056,37.40934],[-8.50185,37.3847],[-8.50366,37.38179],[-8.50305,37.37945],[-8.49636,37.37555],[-8.48992,37.36702],[-8.48678,37.36397],[-8.48599,37.36189],[-8.46979,37.34023],[-8.46562,37.32277],[-8.46459,37.31367],[-8.46758,37.30637],[-8.47311,37.29865],[-8.48298,37.29161],[-8.51755,37.27244],[-8.5286,37.24263],[-8.52788,37.23924],[-8.52362,37.23579],[-8.52219,37.23401],[-8.52119,37.22847],[-8.5213,37.2255]]},"properties":{"osm_type":"way","osm_id":148052303,"country":"PT","name":"Sines - Portimão 3","operator":"REN","wikidata":null,"wikipedia":null}},{"type":"Feature","geometry":{"type":"LineString","coordinates":[[-8.41657,41.25315],[-8.40788,41.25495],[-8.40168,41.25679],[-8.39739,41.25851],[-8.39253,41.26144],[-8.38717,41.26389],[-8.38351,41.26489],[-8.38053,41.26643],[-8.37587,41.268],[-8.37351,41.27019],[-8.36155,41.27657],[-8.36103,41.28113],[-8.36294,41.28356]]},"properties":{"osm_type":"way","osm_id":150606987,"country":"PT","name":"Paços de Ferreira - Lordelo","operator":"E-REDES","wikidata":null,"wikipedia":null}},{"type":"Feature","geometry":{"type":"LineString","coordinates":[[-7.76037,41.29199],[-7.7779,41.2745],[-7.77869,41.27135],[-7.77663,41.26538],[-7.77363,41.26266],[-7.76605,41.2492],[-7.76598,41.24684],[-7.76049,41.22768],[-7.76691,41.20998],[-7.76142,41.17983],[-7.76429,41.14751],[-7.76318,41.14307],[-7.75894,41.13931]]},"properties":{"osm_type":"way","osm_id":151061899,"country":"PT","name":"Valdigem (REN) - Telheira","operator":"E-REDES","wikidata":null,"wikipedia":null}},{"type":"Feature","geometry":{"type":"LineString","coordinates":[[-8.49739,41.60587],[-8.49954,41.61135],[-8.49862,41.61456],[-8.49482,41.61711],[-8.48336,41.61949],[-8.44077,41.61625],[-8.43179,41.61388],[-8.42709,41.60934],[-8.40739,41.59698],[-8.38701,41.59131]]},"properties":{"osm_type":"way","osm_id":151061901,"country":"PT","name":"Oleiros - Pedralva 3 & Riba d'Ave","operator":"REN","wikidata":null,"wikipedia":null}},{"type":"Feature","geometry":{"type":"LineString","coordinates":[[-8.32248,41.57936],[-8.32714,41.57812],[-8.33289,41.57827],[-8.33482,41.57932],[-8.34079,41.58488],[-8.34409,41.59031],[-8.34424,41.59466],[-8.34601,41.59896],[-8.34762,41.60109],[-8.35113,41.60225],[-8.37376,41.60092],[-8.40446,41.60197],[-8.43527,41.61706],[-8.49179,41.62498],[-8.49395,41.62464],[-8.50113,41.61935],[-8.50291,41.61673],[-8.50283,41.61394],[-8.49772,41.60565]]},"properties":{"osm_type":"way","osm_id":151061911,"country":"PT","name":"Oleiros - Pedralva 1&2","operator":"REN","wikidata":null,"wikipedia":null}},{"type":"Feature","geometry":{"type":"LineString","coordinates":[[-8.49798,41.60546],[-8.5034,41.6138],[-8.50337,41.61954],[-8.50526,41.62396],[-8.507,41.62625],[-8.50897,41.62741],[-8.58683,41.64221],[-8.61952,41.64624],[-8.67195,41.6588],[-8.72163,41.65799],[-8.73441,41.65617],[-8.74883,41.65532],[-8.75166,41.65425]]},"properties":{"osm_type":"way","osm_id":151061914,"country":"PT","name":"Oleiros - Vila Fria 1&2","operator":"REN","wikidata":null,"wikipedia":null}},{"type":"Feature","geometry":{"type":"LineString","coordinates":[[-7.74351,41.1513],[-7.7597,41.14206],[-7.76037,41.14023],[-7.7589,41.13912]]},"properties":{"osm_type":"way","osm_id":151061918,"country":"PT","name":null,"operator":"E-REDES","wikidata":null,"wikipedia":null}},{"type":"Feature","geometry":{"type":"LineString","coordinates":[[-8.75247,41.65407],[-8.74639,41.66282],[-8.74338,41.66459],[-8.71251,41.66699],[-8.68092,41.66136],[-8.61939,41.64663],[-8.58672,41.64261],[-8.50856,41.62774],[-8.43457,41.61736],[-8.40432,41.60236],[-8.37337,41.60131],[-8.33973,41.61255]]},"properties":{"osm_type":"way","osm_id":151061924,"country":"PT","name":"Pedralva - Vila Fria 2","operator":"REN","wikidata":null,"wikipedia":null}},{"type":"Feature","geometry":{"type":"LineString","coordinates":[[-8.02723,41.68751],[-8.02788,41.68802],[-8.02793,41.6891],[-8.02689,41.69076],[-7.96108,41.7125],[-7.88779,41.73094],[-7.85971,41.7387]]},"properties":{"osm_type":"way","osm_id":151077575,"country":"PT","name":"Alto Rabagão - Frades","operator":"REN","wikidata":null,"wikipedia":null}},{"type":"Feature","geometry":{"type":"LineString","coordinates":[[-7.8602,41.73865],[-7.85531,41.72851],[-7.85135,41.72656],[-7.73749,41.7059],[-7.71316,41.70379],[-7.64362,41.69974],[-7.58299,41.6725],[-7.56497,41.67315],[-7.48098,41.70262],[-7.47307,41.70937],[-7.46968,41.7151],[-7.47419,41.71597],[-7.47658,41.71495]]},"properties":{"osm_type":"way","osm_id":151077592,"country":"PT","name":null,"operator":"REN","wikidata":null,"wikipedia":null}},{"type":"Feature","geometry":{"type":"LineString","coordinates":[[-8.2355,41.62505],[-8.23698,41.61705],[-8.23628,41.60119],[-8.23447,41.59926],[-8.23039,41.59816],[-8.22175,41.59953],[-8.21189,41.59808],[-8.19872,41.5919],[-8.18624,41.59173],[-8.18069,41.59273],[-8.16118,41.59286],[-8.15573,41.59093],[-8.15008,41.58405],[-8.15022,41.58011],[-8.15425,41.57521],[-8.16023,41.57057],[-8.16129,41.56624],[-8.15904,41.55525],[-8.16425,41.54676],[-8.16659,41.54459],[-8.17225,41.54347],[-8.17441,41.5425],[-8.18303,41.52664],[-8.18752,41.52297],[-8.20047,41.52082]]},"properties":{"osm_type":"way","osm_id":151084402,"country":"PT","name":"Caniçada - Fafe 2","operator":"REN","wikidata":null,"wikipedia":null}},{"type":"Feature","geometry":{"type":"LineString","coordinates":[[-8.39046,41.40118],[-8.38921,41.40114],[-8.39228,41.40049],[-8.43007,41.3971],[-8.43626,41.39842],[-8.44441,41.40401],[-8.44472,41.40488]]},"properties":{"osm_type":"way","osm_id":151086055,"country":"PT","name":null,"operator":"REN","wikidata":null,"wikipedia":null}},{"type":"Feature","geometry":{"type":"LineString","coordinates":[[-8.45839,41.06884],[-8.45594,41.07008],[-8.45661,41.07213],[-8.47341,41.10966],[-8.48745,41.13387],[-8.49864,41.15545],[-8.54256,41.22536]]},"properties":{"osm_type":"way","osm_id":151109817,"country":"PT","name":null,"operator":"E-REDES","wikidata":null,"wikipedia":null}},{"type":"Feature","geometry":{"type":"LineString","coordinates":[[-8.39178,41.40139],[-8.39457,41.40024],[-8.39743,41.39802],[-8.41054,41.37577],[-8.41716,41.36927],[-8.43035,41.36259],[-8.43377,41.36277]]},"properties":{"osm_type":"way","osm_id":151109829,"country":"PT","name":"Riba d'Ave (REN) - Caniços","operator":"E-REDES","wikidata":null,"wikipedia":null}},{"type":"Feature","geometry":{"type":"LineString","coordinates":[[-9.17922,39.07979],[-9.16853,39.09809],[-9.15682,39.13476],[-9.12622,39.17008],[-9.06455,39.20707],[-9.05554,39.21315],[-9.04337,39.22193],[-9.02126,39.2413],[-8.98121,39.31786],[-8.98185,39.32168],[-8.98643,39.32788],[-8.99895,39.33568],[-9.0,39.33571]]},"properties":{"osm_type":"way","osm_id":151166981,"country":"PT","name":"Rio Maior - Carvoeira","operator":"REN","wikidata":null,"wikipedia":null}},{"type":"Feature","geometry":{"type":"LineString","coordinates":[[-8.57061,40.78177],[-8.57392,40.80181],[-8.56871,40.80739]]},"properties":{"osm_type":"way","osm_id":152052388,"country":"PT","name":null,"operator":"E-REDES","wikidata":null,"wikipedia":null}},{"type":"Feature","geometry":{"type":"LineString","coordinates":[[-8.56292,40.7837],[-8.56602,40.78278],[-8.56823,40.77639]]},"properties":{"osm_type":"way","osm_id":152052509,"country":"PT","name":"Estarreja (REN) - CUF","operator":"E-REDES","wikidata":null,"wikipedia":null}},{"type":"Feature","geometry":{"type":"LineString","coordinates":[[-7.53167,39.66384],[-7.53439,39.66286],[-7.53481,39.66061],[-7.54029,39.66079]]},"properties":{"osm_type":"way","osm_id":152483018,"country":"PT","name":null,"operator":null,"wikidata":null,"wikipedia":null}},{"type":"Feature","geometry":{"type":"LineString","coordinates":[[-7.66601,41.46459],[-7.66699,41.46676],[-7.72616,41.55922]]},"properties":{"osm_type":"way","osm_id":157385200,"country":"PT","name":null,"operator":"E-REDES","wikidata":null,"wikipedia":null}},{"type":"Feature","geometry":{"type":"LineString","coordinates":[[-7.66572,41.46388],[-7.66666,41.46207],[-7.68113,41.44501],[-7.69037,41.41756],[-7.7189,41.37842],[-7.72859,41.33616],[-7.75033,41.30627],[-7.75475,41.30126],[-7.75916,41.29403],[-7.75961,41.2924]]},"properties":{"osm_type":"way","osm_id":157385346,"country":"PT","name":"Telheira - Soutelo","operator":"E-REDES","wikidata":null,"wikipedia":null}},{"type":"Feature","geometry":{"type":"LineString","coordinates":[[-8.85962,37.09849],[-8.84931,37.09529],[-8.82256,37.10415],[-8.78332,37.12309],[-8.77677,37.1252],[-8.75616,37.12894],[-8.74084,37.12517],[-8.73217,37.1237],[-8.72825,37.12352],[-8.7234,37.12149],[-8.71951,37.12318],[-8.71163,37.1229],[-8.70094,37.11611]]},"properties":{"osm_type":"way","osm_id":158069204,"country":"PT","name":"Lagos - Picos Verdes","operator":"E-REDES","wikidata":null,"wikipedia":null}},{"type":"Feature","geometry":{"type":"LineString","coordinates":[[-8.71147,37.15819],[-8.71185,37.16162],[-8.71559,37.16711],[-8.71551,37.16805],[-8.71319,37.17044],[-8.70881,37.17805],[-8.70777,37.17899],[-8.70503,37.17963],[-8.70055,37.17998],[-8.69193,37.1793],[-8.68644,37.1797],[-8.68207,37.17737],[-8.67768,37.17674],[-8.67596,37.17688],[-8.67369,37.17809],[-8.67077,37.17829],[-8.66318,37.17565],[-8.65729,37.1763],[-8.62727,37.18267],[-8.61226,37.18314],[-8.60029,37.18478],[-8.59896,37.18564],[-8.58171,37.19116],[-8.57265,37.187],[-8.56044,37.18619],[-8.55817,37.18343],[-8.55691,37.1828],[-8.54778,37.18328]]},"properties":{"osm_type":"way","osm_id":159334123,"country":"PT","name":"Portimão (REN) - PS Bensafrim","operator":"E-REDES","wikidata":null,"wikipedia":null}},{"type":"Feature","geometry":{"type":"LineString","coordinates":[[-8.51463,37.1987],[-8.51894,37.20753],[-8.51753,37.2132],[-8.51928,37.22504],[-8.51913,37.22758],[-8.51866,37.22849],[-8.51665,37.22966]]},"properties":{"osm_type":"way","osm_id":163194138,"country":"PT","name":"Portimão - Tunes 3","operator":"REN","wikidata":null,"wikipedia":null}},{"type":"Feature","geometry":{"type":"LineString","coordinates":[[-8.51665,37.22966],[-8.51909,37.22887],[-8.5213,37.2255]]},"properties":{"osm_type":"way","osm_id":163194140,"country":"PT","name":"Portimão - Tavira","operator":"REN","wikidata":null,"wikipedia":null}},{"type":"Feature","geometry":{"type":"LineString","coordinates":[[-8.51832,37.20179],[-8.51659,37.19962]]},"properties":{"osm_type":"way","osm_id":163194141,"country":"PT","name":"Portimão - Tavira","operator":"REN","wikidata":null,"wikipedia":null}},{"type":"Feature","geometry":{"type":"LineString","coordinates":[[-8.51832,37.20179],[-8.51679,37.19952]]},"properties":{"osm_type":"way","osm_id":163194142,"country":"PT","name":"Sines - Portimão 3","operator":"REN","wikidata":null,"wikipedia":null}},{"type":"Feature","geometry":{"type":"LineString","coordinates":[[-8.19012,37.6678],[-8.1897,37.6703],[-8.19044,37.67175],[-8.1935,37.67479],[-8.19612,37.6756],[-8.24629,37.57246],[-8.27183,37.50687],[-8.30905,37.47252],[-8.31703,37.41969],[-8.32675,37.37577],[-8.31723,37.32797],[-8.28054,37.2735]]},"properties":{"osm_type":"way","osm_id":163203281,"country":"PT","name":"Ourique - Tunes","operator":"REN","wikidata":null,"wikipedia":null}},{"type":"Feature","geometry":{"type":"LineString","coordinates":[[-8.28838,37.27825],[-8.2921,37.27968],[-8.2951,37.28175],[-8.30165,37.28346],[-8.31055,37.28901],[-8.31681,37.28995],[-8.32085,37.2896],[-8.32774,37.28729],[-8.33252,37.28349],[-8.33333,37.28051],[-8.33572,37.27757],[-8.35497,37.26626],[-8.36564,37.26322],[-8.37467,37.26371],[-8.37948,37.26061],[-8.38539,37.25868],[-8.38892,37.25813],[-8.39456,37.25457],[-8.39658,37.24661],[-8.39702,37.23505],[-8.39592,37.23254],[-8.39547,37.2289],[-8.39599,37.22628],[-8.39695,37.22474],[-8.42381,37.21376],[-8.43582,37.21522],[-8.48088,37.22364],[-8.48789,37.22521],[-8.5047,37.23146],[-8.51456,37.23037],[-8.51665,37.22966]]},"properties":{"osm_type":"way","osm_id":163203283,"country":"PT","name":"Portimão - Tavira & Tunes 3","operator":"REN","wikidata":null,"wikipedia":null}},{"type":"Feature","geometry":{"type":"LineString","coordinates":[[-8.18932,37.66754],[-8.18625,37.67005],[-8.18287,37.67119],[-8.17944,37.67074],[-8.12065,37.65413],[-8.06303,37.62881],[-7.97714,37.57526]]},"properties":{"osm_type":"way","osm_id":163204231,"country":"PT","name":"Ourique - Neves Corvo (Somincor)","operator":"REN","wikidata":null,"wikipedia":null}},{"type":"Feature","geometry":{"type":"LineString","coordinates":[[-8.18955,37.66825],[-8.1892,37.67027],[-8.18973,37.67203],[-8.19292,37.67558],[-8.27494,37.73613],[-8.41497,37.81278],[-8.57213,37.90745],[-8.70938,37.98008],[-8.74009,37.99329],[-8.74952,38.00002],[-8.75598,38.00139],[-8.76168,38.00089],[-8.7644,37.99945]]},"properties":{"osm_type":"way","osm_id":163206195,"country":"PT","name":"Sines - Ourique 1&2","operator":"REN","wikidata":null,"wikipedia":null}},{"type":"Feature","geometry":{"type":"LineString","coordinates":[[-8.85988,38.57198],[-8.86154,38.57158],[-8.86198,38.5709],[-8.86159,38.56397],[-8.85814,38.55996],[-8.85352,38.556],[-8.8503,38.55575],[-8.72022,38.59488],[-8.67697,38.59014],[-8.65009,38.57716],[-8.6241,38.54925],[-8.6174,38.42028]]},"properties":{"osm_type":"way","osm_id":163214286,"country":"PT","name":"Palmela - Monte da Pedra","operator":"REN","wikidata":null,"wikipedia":null}},{"type":"Feature","geometry":{"type":"LineString","coordinates":[[-7.88193,38.55455],[-7.86465,38.53214],[-7.86378,38.52929],[-7.86933,38.51678],[-7.88973,38.50019],[-7.98107,38.46774],[-8.10821,38.46923],[-8.36293,38.56759],[-8.47279,38.5928],[-8.66854,38.60508],[-8.70763,38.60539],[-8.85102,38.58029],[-8.85851,38.57869],[-8.86253,38.5753],[-8.86009,38.57392]]},"properties":{"osm_type":"way","osm_id":163227009,"country":"PT","name":"Palmela - Évora","operator":"REN","wikidata":null,"wikipedia":null}},{"type":"Feature","geometry":{"type":"LineString","coordinates":[[-7.11771,41.7065],[-7.11125,41.70873],[-7.11049,41.71085],[-7.10866,41.71311],[-7.09617,41.72009],[-6.98371,41.81873]]},"properties":{"osm_type":"way","osm_id":164659921,"country":"PT","name":null,"operator":"E-REDES","wikidata":null,"wikipedia":null}},{"type":"Feature","geometry":{"type":"LineString","coordinates":[[-6.4894,41.25647],[-6.49466,41.25593],[-6.50316,41.25068],[-6.51448,41.23637],[-6.62406,41.20441],[-6.66796,41.20301],[-6.68218,41.20657],[-6.68459,41.20757]]},"properties":{"osm_type":"way","osm_id":171595962,"country":"PT","name":null,"operator":"Red Eléctrica de España","wikidata":null,"wikipedia":null}},{"type":"Feature","geometry":{"type":"LineString","coordinates":[[-6.4895,41.25603],[-6.49397,41.25543],[-6.50237,41.25031],[-6.51006,41.23552],[-6.54274,41.21666],[-6.61344,41.20294],[-6.66897,41.20145],[-6.68243,41.20532],[-6.68678,41.20812]]},"properties":{"osm_type":"way","osm_id":171595963,"country":"PT","name":null,"operator":"Red Eléctrica de España","wikidata":null,"wikipedia":null}},{"type":"Feature","geometry":{"type":"LineString","coordinates":[[-6.67981,41.20854],[-6.67944,41.20801]]},"properties":{"osm_type":"way","osm_id":171596049,"country":"PT","name":null,"operator":"Red Eléctrica de España","wikidata":null,"wikipedia":null}},{"type":"Feature","geometry":{"type":"LineString","coordinates":[[-6.67814,41.20792],[-6.67913,41.20836]]},"properties":{"osm_type":"way","osm_id":171596051,"country":"PT","name":null,"operator":"Red Eléctrica de España","wikidata":null,"wikipedia":null}},{"type":"Feature","geometry":{"type":"LineString","coordinates":[[-6.68611,41.20987],[-6.67981,41.20854]]},"properties":{"osm_type":"way","osm_id":171596053,"country":"PT","name":null,"operator":"Red Eléctrica de España","wikidata":null,"wikipedia":null}},{"type":"Feature","geometry":{"type":"LineString","coordinates":[[-8.26355,37.16478],[-8.26438,37.16367],[-8.26606,37.16389],[-8.27092,37.16584],[-8.27522,37.19448],[-8.25981,37.22337],[-8.26396,37.24689],[-8.25936,37.2561]]},"properties":{"osm_type":"way","osm_id":180112781,"country":"PT","name":"Tunes (REN) - S. Bartolomeu de Messines","operator":"E-REDES","wikidata":null,"wikipedia":null}},{"type":"Feature","geometry":{"type":"LineString","coordinates":[[-8.41934,40.16656],[-8.41952,40.1671],[-8.40761,40.17564],[-8.38567,40.18562],[-8.37765,40.18815],[-8.31039,40.22547],[-8.27689,40.23997],[-8.2669,40.25195],[-8.25329,40.27804],[-8.25082,40.30612],[-8.24945,40.30833],[-8.24846,40.30896]]},"properties":{"osm_type":"way","osm_id":180835573,"country":"PT","name":"Raiva - Pereiros (REN)","operator":"E-REDES","wikidata":null,"wikipedia":null}},{"type":"Feature","geometry":{"type":"LineString","coordinates":[[-8.20032,40.34075],[-8.20396,40.34137],[-8.21278,40.33779],[-8.2203,40.31913],[-8.23329,40.31069],[-8.2498,40.30721]]},"properties":{"osm_type":"way","osm_id":180835575,"country":"PT","name":"PC Mortágua - Aguieira / Penacova","operator":"E-REDES","wikidata":null,"wikipedia":null}},{"type":"Feature","geometry":{"type":"LineString","coordinates":[[-8.48992,40.84294],[-8.48259,40.84499],[-8.4726,40.84853],[-8.46506,40.8469],[-8.45559,40.84686],[-8.42118,40.85014],[-8.41797,40.84959],[-8.40908,40.84392],[-8.4001,40.83619],[-8.39389,40.8353]]},"properties":{"osm_type":"way","osm_id":182057073,"country":"PT","name":"Oliveira de Azeméis - Vale de Cambra","operator":"E-REDES","wikidata":null,"wikipedia":null}},{"type":"Feature","geometry":{"type":"LineString","coordinates":[[-7.55333,39.82614],[-7.55187,39.82281],[-7.55091,39.8104],[-7.55854,39.78714],[-7.5705,39.77864],[-7.62175,39.76182],[-7.65952,39.74526],[-7.66714,39.73864],[-7.67074,39.72898],[-7.69369,39.69542],[-7.6981,39.69274],[-7.70742,39.69199],[-7.71034,39.69092],[-7.71228,39.68797],[-7.71149,39.66795],[-7.71301,39.666],[-7.72332,39.66102],[-7.73266,39.64945],[-7.73681,39.63076],[-7.73749,39.61823],[-7.73988,39.61039],[-7.74682,39.59621],[-7.74824,39.57796],[-7.74798,39.56667],[-7.74083,39.5425],[-7.74116,39.53686],[-7.73963,39.5351],[-7.73973,39.53252],[-7.74271,39.52935],[-7.74307,39.52826],[-7.74251,39.52745],[-7.74141,39.52742]]},"properties":{"osm_type":"way","osm_id":183429563,"country":"PT","name":"Falagueira - Castelo Branco 1&2","operator":"REN","wikidata":null,"wikipedia":null}},{"type":"Feature","geometry":{"type":"LineString","coordinates":[[-7.48818,37.25222],[-7.48174,37.25651],[-7.47911,37.25968]]},"properties":{"osm_type":"way","osm_id":185215399,"country":"PT","name":null,"operator":"E-REDES","wikidata":null,"wikipedia":null}},{"type":"Feature","geometry":{"type":"LineString","coordinates":[[-7.66995,37.12775],[-7.66907,37.12866],[-7.66702,37.13335],[-7.663,37.1379],[-7.65829,37.13947],[-7.65405,37.14274],[-7.64948,37.14771],[-7.65014,37.15987],[-7.63801,37.17036],[-7.63644,37.17163],[-7.58124,37.20274]]},"properties":{"osm_type":"way","osm_id":185215401,"country":"PT","name":null,"operator":"E-REDES","wikidata":null,"wikipedia":null}},{"type":"Feature","geometry":{"type":"LineString","coordinates":[[-8.56425,39.54565],[-8.5623,39.54617],[-8.55964,39.54572],[-8.55511,39.54224],[-8.54667,39.54821],[-8.53718,39.54778],[-8.5095,39.53471],[-8.47312,39.53115],[-8.44903,39.53318],[-8.43374,39.53037],[-8.4032,39.53776],[-8.39666,39.53786],[-8.39064,39.54168]]},"properties":{"osm_type":"way","osm_id":186320187,"country":"PT","name":null,"operator":"E-REDES","wikidata":null,"wikipedia":null}},{"type":"Feature","geometry":{"type":"LineString","coordinates":[[-7.48818,37.25222],[-7.48131,37.24466],[-7.48802,37.20464],[-7.49212,37.19229],[-7.48887,37.18827],[-7.48168,37.18679],[-7.47523,37.18618],[-7.47281,37.18473]]},"properties":{"osm_type":"way","osm_id":187717996,"country":"PT","name":"Aldeia Nova - Junqueira","operator":"E-REDES","wikidata":null,"wikipedia":null}},{"type":"Feature","geometry":{"type":"LineString","coordinates":[[-7.50428,37.27339],[-7.50486,37.27009]]},"properties":{"osm_type":"way","osm_id":187717997,"country":"PT","name":"Tavira - Castro Marim","operator":"E-REDES","wikidata":null,"wikipedia":null}},{"type":"Feature","geometry":{"type":"LineString","coordinates":[[-8.05764,38.06072],[-8.0576,38.06223],[-8.05648,38.06433],[-8.04745,38.06621],[-7.95335,38.03987],[-7.88775,38.01661],[-7.87543,38.01305],[-7.87299,38.01153]]},"properties":{"osm_type":"way","osm_id":189850375,"country":"PT","name":null,"operator":"E-REDES","wikidata":null,"wikipedia":null}},{"type":"Feature","geometry":{"type":"LineString","coordinates":[[-7.87289,38.01158],[-7.87383,38.01247],[-7.90905,38.02836],[-8.04742,38.06663],[-8.07799,38.06159],[-8.1158,38.05251],[-8.12402,38.05357],[-8.12614,38.055]]},"properties":{"osm_type":"way","osm_id":189850377,"country":"PT","name":"Ferreira (REN) - Beja II","operator":"E-REDES","wikidata":null,"wikipedia":null}},{"type":"Feature","geometry":{"type":"LineString","coordinates":[[-8.39304,39.55469],[-8.34773,39.54926],[-8.32904,39.54473]]},"properties":{"osm_type":"way","osm_id":195201891,"country":"PT","name":null,"operator":"E-REDES","wikidata":null,"wikipedia":null}},{"type":"Feature","geometry":{"type":"LineString","coordinates":[[-8.00143,41.98931],[-7.98825,42.05016],[-7.99194,42.05891],[-8.00166,42.07329],[-8.01088,42.07702],[-8.03089,42.08159],[-8.03808,42.08562],[-8.04511,42.09087],[-8.06219,42.1067],[-8.08474,42.12329],[-8.13303,42.13436],[-8.14919,42.14231],[-8.18467,42.14864],[-8.18834,42.1527],[-8.1901,42.15352],[-8.19266,42.153],[-8.19475,42.15394],[-8.19701,42.15608],[-8.20226,42.1564],[-8.21129,42.15155],[-8.22379,42.14676],[-8.23276,42.14725],[-8.24244,42.14392],[-8.25065,42.14201],[-8.27413,42.13226],[-8.34216,42.10891],[-8.3865,42.0927],[-8.43523,42.0934],[-8.4696,42.0895],[-8.47678,42.08701],[-8.48031,42.08646],[-8.48799,42.0864],[-8.50069,42.08811],[-8.52037,42.09323],[-8.5256,42.09384],[-8.54115,42.09841],[-8.55448,42.09614],[-8.55627,42.09669],[-8.56289,42.09978],[-8.59004,42.1173],[-8.59474,42.11792],[-8.60142,42.11993],[-8.60789,42.12417],[-8.61764,42.13525],[-8.62051,42.13747],[-8.6214,42.13751]]},"properties":{"osm_type":"way","osm_id":195442620,"country":"PT","name":null,"operator":null,"wikidata":null,"wikipedia":null}},{"type":"Feature","geometry":{"type":"LineString","coordinates":[[-8.1323,39.91761],[-8.13506,39.91618],[-8.14318,39.90933],[-8.17639,39.88996],[-8.21692,39.86233],[-8.22054,39.85443]]},"properties":{"osm_type":"way","osm_id":198474171,"country":"PT","name":"Cabril - Bouçã","operator":"REN","wikidata":null,"wikipedia":null}},{"type":"Feature","geometry":{"type":"LineString","coordinates":[[-8.32785,39.54535],[-8.33153,39.54563],[-8.34335,39.54403],[-8.37571,39.53266],[-8.37893,39.52969],[-8.42733,39.49657],[-8.46231,39.457],[-8.47562,39.44897],[-8.4879,39.44632],[-8.49061,39.44536],[-8.49144,39.44455]]},"properties":{"osm_type":"way","osm_id":198485141,"country":"PT","name":"Zêzere - C.P. Entroncamento","operator":"E-REDES","wikidata":null,"wikipedia":null}},{"type":"Feature","geometry":{"type":"LineString","coordinates":[[-8.49122,39.44442],[-8.49039,39.44522],[-8.4878,39.44611],[-8.4755,39.44876],[-8.46223,39.45678],[-8.42711,39.49642],[-8.37875,39.52958],[-8.37563,39.53246],[-8.34316,39.54385],[-8.33162,39.54552],[-8.32788,39.54529]]},"properties":{"osm_type":"way","osm_id":198485143,"country":"PT","name":"Zêzere - C.P. Entroncamento","operator":"E-REDES","wikidata":null,"wikipedia":null}},{"type":"Feature","geometry":{"type":"LineString","coordinates":[[-8.37591,39.63621],[-8.37526,39.63056],[-8.37441,39.62919],[-8.33314,39.57002],[-8.33197,39.54814],[-8.32974,39.54617]]},"properties":{"osm_type":"way","osm_id":198485144,"country":"PT","name":null,"operator":"E-REDES","wikidata":null,"wikipedia":null}},{"type":"Feature","geometry":{"type":"LineString","coordinates":[[-8.46724,39.46976],[-8.4656,39.47036],[-8.46341,39.47946],[-8.46114,39.48182],[-8.4594,39.49066],[-8.45727,39.49352],[-8.4441,39.49904],[-8.43757,39.50032],[-8.43028,39.50285],[-8.41751,39.51018],[-8.40337,39.51637],[-8.37898,39.52985],[-8.37609,39.5327],[-8.34342,39.54415],[-8.33155,39.54573],[-8.32783,39.54541]]},"properties":{"osm_type":"way","osm_id":198485156,"country":"PT","name":"Zêzere - Entroncamento","operator":"E-REDES","wikidata":null,"wikipedia":null}},{"type":"Feature","geometry":{"type":"LineString","coordinates":[[-8.07209,37.57674],[-8.05843,37.52951],[-8.03937,37.49186],[-8.00693,37.46331],[-7.97795,37.42178],[-7.98789,37.3891],[-7.96744,37.36256],[-7.96675,37.35694],[-7.97042,37.34876]]},"properties":{"osm_type":"way","osm_id":201459311,"country":"PT","name":"Porteirinhos - Ameixial","operator":"E-REDES","wikidata":null,"wikipedia":null}},{"type":"Feature","geometry":{"type":"LineString","coordinates":[[-7.97034,37.34876],[-7.96764,37.35186],[-7.94074,37.35674],[-7.81987,37.35677]]},"properties":{"osm_type":"way","osm_id":201459317,"country":"PT","name":"Ameixial - Cachopo","operator":"E-REDES","wikidata":null,"wikipedia":null}},{"type":"Feature","geometry":{"type":"LineString","coordinates":[[-7.95295,37.37803],[-8.00867,37.38114],[-8.02434,37.37981],[-8.0602,37.37179],[-8.06466,37.37116],[-8.07426,37.36576],[-8.07945,37.34945],[-8.11621,37.32952],[-8.15819,37.31072],[-8.19305,37.30307],[-8.26732,37.29767],[-8.27159,37.29675],[-8.27446,37.29282],[-8.27664,37.29209],[-8.28246,37.28862],[-8.28334,37.28568],[-8.28683,37.28402],[-8.28838,37.27825]]},"properties":{"osm_type":"way","osm_id":201507063,"country":"PT","name":"Portimão - Tavira","operator":"REN","wikidata":null,"wikipedia":null}},{"type":"Feature","geometry":{"type":"LineString","coordinates":[[-7.52156,37.55561],[-7.51789,37.55631],[-7.51741,37.55601]]},"properties":{"osm_type":"way","osm_id":201508658,"country":"PT","name":null,"operator":null,"wikidata":null,"wikipedia":null}},{"type":"Feature","geometry":{"type":"LineString","coordinates":[[-7.51748,37.55595],[-7.52143,37.5553]]},"properties":{"osm_type":"way","osm_id":201508659,"country":"PT","name":null,"operator":null,"wikidata":null,"wikipedia":null}},{"type":"Feature","geometry":{"type":"LineString","coordinates":[[-7.51363,37.55238],[-7.5006,37.54715],[-7.46211,37.53384]]},"properties":{"osm_type":"way","osm_id":201508662,"country":"PT","name":"Línea de alta tensión Bocachanza - El Granado","operator":null,"wikidata":null,"wikipedia":null}},{"type":"Feature","geometry":{"type":"LineString","coordinates":[[-7.47759,41.71481],[-7.65134,41.74493]]},"properties":{"osm_type":"way","osm_id":203586636,"country":"PT","name":"Chaves - PC Leiranco","operator":"E-REDES","wikidata":null,"wikipedia":null}},{"type":"Feature","geometry":{"type":"LineString","coordinates":[[-7.77233,37.35026],[-7.77267,37.35407],[-7.76905,37.35754],[-7.74599,37.36787],[-7.69674,37.38398],[-7.6726,37.42171],[-7.65425,37.42796],[-7.6429,37.42709],[-7.63163,37.43195],[-7.61397,37.42781],[-7.60964,37.42805],[-7.5874,37.43761],[-7.56119,37.47369],[-7.54131,37.48481],[-7.53378,37.49456],[-7.51631,37.50649],[-7.50976,37.51415],[-7.50337,37.51762],[-7.5025,37.52465]]},"properties":{"osm_type":"way","osm_id":215856860,"country":"PT","name":"Tavira - Puebla de Guzmán","operator":"REN","wikidata":null,"wikipedia":null}},{"type":"Feature","geometry":{"type":"LineString","coordinates":[[-8.76185,41.8843],[-8.76159,41.88394],[-8.72002,41.89513],[-8.70947,41.91534]]},"properties":{"osm_type":"way","osm_id":221657579,"country":"PT","name":"S. Paio (PRE) - France","operator":"E-REDES","wikidata":null,"wikipedia":null}},{"type":"Feature","geometry":{"type":"LineString","coordinates":[[-8.76172,41.88386],[-8.75702,41.88199],[-8.73021,41.87674]]},"properties":{"osm_type":"way","osm_id":221657588,"country":"PT","name":"PC Orbacém - Vila Nova de Cerveira / France","operator":"E-REDES","wikidata":null,"wikipedia":null}},{"type":"Feature","geometry":{"type":"LineString","coordinates":[[-7.51717,37.55582],[-7.51363,37.55238]]},"properties":{"osm_type":"way","osm_id":222637424,"country":"PT","name":"Línea de alta tensión Bocachanza - El Granado","operator":null,"wikidata":null,"wikipedia":null}},{"type":"Feature","geometry":{"type":"LineString","coordinates":[[-9.22338,38.66481],[-9.22374,38.66353],[-9.20974,38.65666],[-9.20369,38.65598],[-9.19381,38.65812],[-9.19077,38.65787],[-9.1851,38.6586],[-9.18088,38.65741]]},"properties":{"osm_type":"way","osm_id":223687966,"country":"PT","name":null,"operator":"E-REDES","wikidata":null,"wikipedia":null}},{"type":"Feature","geometry":{"type":"LineString","coordinates":[[-9.22322,38.66484],[-9.22357,38.66366],[-9.20975,38.65682],[-9.20092,38.6575],[-9.19749,38.65733],[-9.1873,38.65987],[-9.17776,38.66448],[-9.17477,38.66518]]},"properties":{"osm_type":"way","osm_id":223688778,"country":"PT","name":"Piedade - Trafaria (REN)","operator":"E-REDES","wikidata":null,"wikipedia":null}},{"type":"Feature","geometry":{"type":"LineString","coordinates":[[-7.86167,40.21724],[-7.86342,40.2196],[-7.86073,40.2454],[-7.86241,40.25226],[-7.86188,40.26088],[-7.86669,40.26353],[-7.88212,40.26804],[-7.89384,40.27874],[-7.90099,40.28293],[-7.92755,40.29678],[-7.94957,40.32431],[-7.94854,40.32958],[-7.94804,40.32962]]},"properties":{"osm_type":"way","osm_id":228752074,"country":"PT","name":"Açor (PRE) - Candosa","operator":"E-REDES","wikidata":null,"wikipedia":null}},{"type":"Feature","geometry":{"type":"LineString","coordinates":[[-8.01346,40.33312],[-8.01278,40.33411],[-8.00227,40.33346],[-7.997,40.33261],[-7.99189,40.32663],[-7.98484,40.3228],[-7.98282,40.316],[-7.97285,40.30428],[-7.95497,40.30357],[-7.9491,40.30577],[-7.93966,40.30295],[-7.9069,40.28586],[-7.90559,40.28401],[-7.89355,40.28246],[-7.89029,40.28165],[-7.88408,40.28009],[-7.87823,40.27721],[-7.86949,40.27582],[-7.86548,40.2744],[-7.86261,40.27225],[-7.85639,40.27131],[-7.8305,40.26511],[-7.82464,40.25784],[-7.81696,40.25448],[-7.81614,40.24919],[-7.81756,40.24533],[-7.81414,40.23915],[-7.80899,40.23389],[-7.79495,40.22828],[-7.79302,40.22554],[-7.79125,40.20452]]},"properties":{"osm_type":"way","osm_id":229873361,"country":"PT","name":"Alto de Arganil (PRE) - Tábua (REN)","operator":"E-REDES","wikidata":null,"wikipedia":null}},{"type":"Feature","geometry":{"type":"LineString","coordinates":[[-7.33565,40.54232],[-7.31845,40.54639],[-7.30887,40.5439],[-7.29773,40.53902],[-7.29246,40.53842],[-7.28784,40.53843]]},"properties":{"osm_type":"way","osm_id":231494874,"country":"PT","name":"Caldeirão - Guarda","operator":"E-REDES","wikidata":null,"wikipedia":null}},{"type":"Feature","geometry":{"type":"LineString","coordinates":[[-8.52869,37.19596],[-8.52051,37.19775],[-8.51742,37.19882]]},"properties":{"osm_type":"way","osm_id":233276736,"country":"PT","name":"Portimão (REN) - PS Bensafrim","operator":"E-REDES","wikidata":null,"wikipedia":null}},{"type":"Feature","geometry":{"type":"LineString","coordinates":[[-8.45873,42.0705],[-8.45595,42.07053],[-8.43793,42.06751],[-8.4037,42.06845],[-8.35806,42.07039],[-8.31574,42.0812],[-8.26393,42.10509],[-8.25338,42.10816],[-8.25129,42.11022]]},"properties":{"osm_type":"way","osm_id":237028480,"country":"PT","name":"Troviscoso - Roussas","operator":"E-REDES","wikidata":null,"wikipedia":null}},{"type":"Feature","geometry":{"type":"LineString","coordinates":[[-7.79633,40.07756],[-7.80224,40.08012],[-7.81494,40.07907],[-7.81775,40.07956]]},"properties":{"osm_type":"way","osm_id":244113493,"country":"PT","name":"Janeiro de Cima (PRE) - Santa Luzia","operator":"E-REDES","wikidata":null,"wikipedia":null}},{"type":"Feature","geometry":{"type":"LineString","coordinates":[[-7.81775,40.0796],[-7.8053,40.08475],[-7.76924,40.09475],[-7.72206,40.13101],[-7.70815,40.13285],[-7.68587,40.13418],[-7.62614,40.15905],[-7.57131,40.1689],[-7.53426,40.17144],[-7.51944,40.17157],[-7.50314,40.17109],[-7.49409,40.16944]]},"properties":{"osm_type":"way","osm_id":244113497,"country":"PT","name":"Santa Luzia - Fundão","operator":"E-REDES","wikidata":null,"wikipedia":null}},{"type":"Feature","geometry":{"type":"LineString","coordinates":[[-8.05751,41.42876],[-8.0573,41.42999],[-8.13366,41.43386],[-8.15483,41.44379],[-8.16492,41.44422],[-8.17429,41.44083],[-8.17676,41.44107],[-8.17871,41.44328],[-8.17871,41.44453],[-8.1771,41.44572]]},"properties":{"osm_type":"way","osm_id":247424902,"country":"PT","name":"Fafe - PC Azinheira","operator":"E-REDES","wikidata":null,"wikipedia":null}},{"type":"Feature","geometry":{"type":"LineString","coordinates":[[-8.05743,41.42876],[-8.0573,41.42999],[-7.99236,41.42671],[-7.99181,41.42718]]},"properties":{"osm_type":"way","osm_id":247425017,"country":"PT","name":"PC Azinheira - Fermil","operator":"E-REDES","wikidata":null,"wikipedia":null}},{"type":"Feature","geometry":{"type":"LineString","coordinates":[[-7.72746,40.24605],[-7.71331,40.2328],[-7.64475,40.2319],[-7.558,40.22537],[-7.53472,40.22141],[-7.52888,40.22201],[-7.52407,40.22176],[-7.52226,40.22098],[-7.50438,40.21818],[-7.5001,40.21667],[-7.49432,40.21596],[-7.48441,40.22037]]},"properties":{"osm_type":"way","osm_id":273014855,"country":"PT","name":"Serra de Alvoaça (PRE) - Ferro (REN)","operator":"E-REDES","wikidata":null,"wikipedia":null}},{"type":"Feature","geometry":{"type":"LineString","coordinates":[[-9.24172,38.78104],[-9.24338,38.78478],[-9.24293,38.7881],[-9.24174,38.79103],[-9.242,38.79327],[-9.24547,38.79556],[-9.24607,38.79704],[-9.24556,38.79928],[-9.24656,38.80129],[-9.25124,38.80636],[-9.25588,38.80795],[-9.2584,38.81005],[-9.25969,38.81023]]},"properties":{"osm_type":"way","osm_id":282238545,"country":"PT","name":"Alto Mira (REN) - Mem Martins","operator":"E-REDES","wikidata":null,"wikipedia":null}},{"type":"Feature","geometry":{"type":"LineString","coordinates":[[-9.26446,38.81136],[-9.25969,38.81023]]},"properties":{"osm_type":"way","osm_id":282239671,"country":"PT","name":"Alto Mira (REN) - Mem Martins","operator":"E-REDES","wikidata":null,"wikipedia":null}},{"type":"Feature","geometry":{"type":"LineString","coordinates":[[-9.25969,38.81023],[-9.26446,38.81136]]},"properties":{"osm_type":"way","osm_id":282239672,"country":"PT","name":"Alto Mira (REN) - Mem Martins","operator":"E-REDES","wikidata":null,"wikipedia":null}},{"type":"Feature","geometry":{"type":"LineString","coordinates":[[-9.31258,38.81041],[-9.29831,38.81271],[-9.29237,38.81487],[-9.28981,38.8135],[-9.28932,38.81242],[-9.28571,38.81354],[-9.28062,38.81584],[-9.27549,38.81675],[-9.2694,38.8147],[-9.26446,38.81136]]},"properties":{"osm_type":"way","osm_id":282239673,"country":"PT","name":"Alto Mira (REN) - Mem Martins","operator":"E-REDES","wikidata":null,"wikipedia":null}},{"type":"Feature","geometry":{"type":"LineString","coordinates":[[-7.43969,38.1879],[-7.43086,38.18685],[-7.42292,38.18516],[-7.4121,38.19184],[-7.40539,38.19303],[-7.40451,38.19818],[-7.39493,38.2069],[-7.35296,38.21978],[-7.33163,38.22021],[-7.32998,38.22089],[-7.3153,38.22123],[-7.30607,38.22087],[-7.30295,38.22122],[-7.29919,38.22042],[-7.29568,38.22125],[-7.29232,38.2229],[-7.27981,38.21747],[-7.27805,38.20952],[-7.2772,38.20843],[-7.27631,38.20542],[-7.2584,38.2072],[-7.25366,38.20612],[-7.25052,38.20601],[-7.24695,38.20404],[-7.24407,38.20374],[-7.23811,38.20698]]},"properties":{"osm_type":"way","osm_id":290273430,"country":"PT","name":"Alqueva (REN) - Amareleja","operator":"E-REDES","wikidata":null,"wikipedia":null}},{"type":"Feature","geometry":{"type":"LineString","coordinates":[[-7.82775,38.51783],[-7.82728,38.51823],[-7.81551,38.50729],[-7.80259,38.42901],[-7.80532,38.41513],[-7.79748,38.39764],[-7.76794,38.34206],[-7.76535,38.33965],[-7.76571,38.33788],[-7.73381,38.30763],[-7.70924,38.29802],[-7.64942,38.27858],[-7.63408,38.26989]]},"properties":{"osm_type":"way","osm_id":291322007,"country":"PT","name":null,"operator":"E-REDES","wikidata":null,"wikipedia":null}},{"type":"Feature","geometry":{"type":"LineString","coordinates":[[-8.76145,37.99687],[-8.76105,37.99635],[-8.75974,37.99673],[-8.75426,38.00004],[-8.68734,38.04426],[-8.63147,38.08952],[-8.58352,38.12382],[-8.55901,38.15123],[-8.51025,38.28812],[-8.50647,38.35403],[-8.49735,38.36981],[-8.49589,38.41316],[-8.63112,38.55945]]},"properties":{"osm_type":"way","osm_id":291954080,"country":"PT","name":"Pegões - Sines","operator":"REN","wikidata":null,"wikipedia":null}},{"type":"Feature","geometry":{"type":"LineString","coordinates":[[-8.76938,41.81215],[-8.76182,41.8383],[-8.66433,41.95656]]},"properties":{"osm_type":"way","osm_id":294658236,"country":"PT","name":"PC Orbacém - Vila Nova de Cerveira","operator":"E-REDES","wikidata":null,"wikipedia":null}},{"type":"Feature","geometry":{"type":"LineString","coordinates":[[-7.35458,40.37533],[-7.3738,40.38737],[-7.39519,40.40224],[-7.44316,40.41111],[-7.47774,40.40873],[-7.50467,40.3984],[-7.50618,40.39841],[-7.5086,40.39937],[-7.54628,40.42373],[-7.59432,40.42316],[-7.63438,40.40349],[-7.64522,40.40391],[-7.65704,40.40686],[-7.67665,40.41077],[-7.69616,40.42225],[-7.70476,40.42323],[-7.71124,40.42211],[-7.71167,40.42273]]},"properties":{"osm_type":"way","osm_id":297924476,"country":"PT","name":null,"operator":"E-REDES","wikidata":null,"wikipedia":null}},{"type":"Feature","geometry":{"type":"LineString","coordinates":[[-8.35028,41.36511],[-8.34843,41.36445],[-8.34716,41.36244],[-8.33257,41.34695],[-8.32707,41.34487],[-8.31054,41.34365],[-8.27238,41.35361],[-8.263,41.359],[-8.26061,41.35899],[-8.26068,41.3587]]},"properties":{"osm_type":"way","osm_id":302766993,"country":"PT","name":"S. Martinho do Campo - PC Regilde","operator":"E-REDES","wikidata":null,"wikipedia":null}},{"type":"Feature","geometry":{"type":"LineString","coordinates":[[-8.35053,41.36536],[-8.35031,41.36668],[-8.36639,41.39069],[-8.37148,41.39937],[-8.37652,41.40118],[-8.38657,41.40136],[-8.3908,41.40022],[-8.39212,41.40129]]},"properties":{"osm_type":"way","osm_id":308669599,"country":"PT","name":"Riba d'Ave (REN) - S. Martinho do Campo","operator":"E-REDES","wikidata":null,"wikipedia":null}},{"type":"Feature","geometry":{"type":"LineString","coordinates":[[-8.02684,41.68632],[-8.02473,41.6844],[-8.01086,41.67806],[-8.00331,41.67307],[-8.00607,41.62582],[-8.00074,41.61048],[-7.99415,41.60538],[-7.98809,41.60362]]},"properties":{"osm_type":"way","osm_id":318294758,"country":"PT","name":"Lomba do Vale (PRE) - Frades (REN)","operator":"E-REDES","wikidata":null,"wikipedia":null}},{"type":"Feature","geometry":{"type":"LineString","coordinates":[[-8.70254,37.48932],[-8.70903,37.49523],[-8.71648,37.50334],[-8.72322,37.51604],[-8.72221,37.51725],[-8.724,37.52803],[-8.72312,37.53134],[-8.72547,37.53631],[-8.72713,37.55214],[-8.72795,37.56787],[-8.73078,37.5869],[-8.75455,37.67677],[-8.75131,37.69915],[-8.74394,37.70457],[-8.74329,37.70654],[-8.74041,37.71047],[-8.74466,37.72092],[-8.74496,37.7288],[-8.75115,37.7332],[-8.76194,37.73667],[-8.76589,37.73555]]},"properties":{"osm_type":"way","osm_id":322248563,"country":"PT","name":"SE Milfontes - SE S. Teotónio","operator":"E-REDES","wikidata":null,"wikipedia":null}},{"type":"Feature","geometry":{"type":"LineString","coordinates":[[-7.88215,38.55597],[-7.88266,38.55693],[-7.88067,38.56263],[-7.81139,38.61363],[-7.69366,38.64734],[-7.58874,38.63827],[-7.48669,38.63504],[-7.42977,38.62617],[-7.41549,38.62743],[-7.41037,38.63009],[-7.40767,38.63043],[-7.40508,38.62993]]},"properties":{"osm_type":"way","osm_id":322268670,"country":"PT","name":"Caeira - Terena","operator":"E-REDES","wikidata":null,"wikipedia":null}},{"type":"Feature","geometry":{"type":"LineString","coordinates":[[-7.8823,38.55586],[-7.88313,38.55706],[-7.88134,38.56213],[-7.88175,38.57604],[-7.89566,38.58722],[-7.90273,38.58659],[-7.90914,38.58045],[-7.90612,38.57627]]},"properties":{"osm_type":"way","osm_id":322268672,"country":"PT","name":"Caeira - (Vale de Gaio) Évora II","operator":"E-REDES","wikidata":null,"wikipedia":null}},{"type":"Feature","geometry":{"type":"LineString","coordinates":[[-7.405,38.63002],[-7.40565,38.63077],[-7.40617,38.63474],[-7.41148,38.70176],[-7.40575,38.73762],[-7.40715,38.74745],[-7.40794,38.75272],[-7.42596,38.77078],[-7.42645,38.77154],[-7.42613,38.77186]]},"properties":{"osm_type":"way","osm_id":322268678,"country":"PT","name":"Terena - Vila Viçosa","operator":"E-REDES","wikidata":null,"wikipedia":null}},{"type":"Feature","geometry":{"type":"LineString","coordinates":[[-7.60034,38.85178],[-7.60846,38.84503],[-7.61494,38.84056],[-7.66181,38.80444],[-7.70592,38.75907],[-7.79283,38.70459],[-7.82185,38.66078],[-7.82284,38.65768],[-7.82634,38.6539],[-7.84697,38.62273],[-7.87659,38.57049],[-7.87909,38.5671],[-7.88287,38.557],[-7.88243,38.55616]]},"properties":{"osm_type":"way","osm_id":322289707,"country":"PT","name":null,"operator":"E-REDES","wikidata":null,"wikipedia":null}},{"type":"Feature","geometry":{"type":"LineString","coordinates":[[-8.04055,40.76249],[-8.12828,40.82098],[-8.18261,40.85427],[-8.2146,40.88979],[-8.28644,40.91892],[-8.27891,40.9241]]},"properties":{"osm_type":"way","osm_id":324545540,"country":"PT","name":"Arouca - S. Pedro do Sul (PRE)","operator":"E-REDES","wikidata":null,"wikipedia":null}},{"type":"Feature","geometry":{"type":"LineString","coordinates":[[-8.39153,39.97435],[-8.3753,39.98622],[-8.36402,39.99529],[-8.35767,39.99737],[-8.35103,39.99833],[-8.34603,39.99777],[-8.34329,39.99841],[-8.33221,40.00932],[-8.32624,40.01209],[-8.32205,40.01178],[-8.31012,40.00867],[-8.30572,40.00861],[-8.298,40.00652],[-8.29513,40.00663],[-8.29179,40.00768],[-8.28872,40.00787],[-8.28571,40.00699],[-8.27149,40.00755],[-8.25854,40.01158],[-8.2562,40.01135],[-8.2532,40.01223],[-8.24895,40.01545],[-8.24567,40.01557],[-8.24296,40.01642],[-8.23361,40.02603],[-8.23093,40.0266],[-8.22867,40.0262]]},"properties":{"osm_type":"way","osm_id":326904269,"country":"PT","name":"Lousã II - Penela","operator":"Nadara","wikidata":null,"wikipedia":null}},{"type":"Feature","geometry":{"type":"LineString","coordinates":[[-7.71196,40.42188],[-7.7162,40.42022],[-7.72218,40.41407],[-7.72348,40.40936],[-7.72302,40.40435],[-7.71663,40.38986],[-7.71675,40.38479],[-7.71617,40.38385]]},"properties":{"osm_type":"way","osm_id":333316467,"country":"PT","name":null,"operator":"E-REDES","wikidata":null,"wikipedia":null}},{"type":"Feature","geometry":{"type":"LineString","coordinates":[[-6.67818,41.20628],[-6.67675,41.20391],[-6.67555,41.19321],[-6.68195,41.16188],[-6.72239,41.07769],[-6.72945,41.02611],[-6.7292,41.01877]]},"properties":{"osm_type":"way","osm_id":335384929,"country":"PT","name":null,"operator":"Red Eléctrica de España","wikidata":null,"wikipedia":null}},{"type":"Feature","geometry":{"type":"LineString","coordinates":[[-6.67871,41.2067],[-6.67928,41.207]]},"properties":{"osm_type":"way","osm_id":335384930,"country":"PT","name":null,"operator":"Red Eléctrica de España","wikidata":null,"wikipedia":null}},{"type":"Feature","geometry":{"type":"LineString","coordinates":[[-6.67944,41.20801],[-6.67847,41.20757]]},"properties":{"osm_type":"way","osm_id":335388718,"country":"PT","name":null,"operator":"Red Eléctrica de España","wikidata":null,"wikipedia":null}},{"type":"Feature","geometry":{"type":"LineString","coordinates":[[-6.67794,41.20845],[-6.67948,41.20678]]},"properties":{"osm_type":"way","osm_id":335388719,"country":"PT","name":null,"operator":"Red Eléctrica de España","wikidata":null,"wikipedia":null}},{"type":"Feature","geometry":{"type":"LineString","coordinates":[[-6.67913,41.20836],[-6.67981,41.20854]]},"properties":{"osm_type":"way","osm_id":335388720,"country":"PT","name":null,"operator":"Red Eléctrica de España","wikidata":null,"wikipedia":null}},{"type":"Feature","geometry":{"type":"LineString","coordinates":[[-6.67775,41.20834],[-6.6793,41.20667]]},"properties":{"osm_type":"way","osm_id":335388721,"country":"PT","name":null,"operator":"Red Eléctrica de España","wikidata":null,"wikipedia":null}},{"type":"Feature","geometry":{"type":"LineString","coordinates":[[-8.99881,39.3362],[-8.9887,39.33229],[-8.97585,39.32492],[-8.97134,39.31797],[-8.96822,39.20562],[-8.95738,39.10578],[-8.9444,39.08715],[-8.94897,39.01794]]},"properties":{"osm_type":"way","osm_id":335908360,"country":"PT","name":"Carregado - Rio Maior 2&3","operator":"REN","wikidata":null,"wikipedia":null}},{"type":"Feature","geometry":{"type":"LineString","coordinates":[[-6.91031,40.32129],[-6.91114,40.32106],[-6.95396,40.32378],[-6.99416,40.33097],[-7.00871,40.33191],[-7.04421,40.32985],[-7.0611,40.33647],[-7.0626,40.33944],[-7.06503,40.34127],[-7.07076,40.34],[-7.08154,40.34363],[-7.09438,40.34238],[-7.09851,40.3416],[-7.10855,40.3326],[-7.13013,40.31177],[-7.14192,40.29948],[-7.13741,40.28535]]},"properties":{"osm_type":"way","osm_id":337799848,"country":"PT","name":null,"operator":"Lestenergia","wikidata":null,"wikipedia":null}},{"type":"Feature","geometry":{"type":"LineString","coordinates":[[-7.095,40.33954],[-7.12967,40.30824],[-7.19589,40.29483]]},"properties":{"osm_type":"way","osm_id":337816326,"country":"PT","name":"Belmonte - Sabugal","operator":"E-REDES","wikidata":null,"wikipedia":null}},{"type":"Feature","geometry":{"type":"LineString","coordinates":[[-8.45245,41.15807],[-8.45127,41.15798],[-8.44934,41.16173],[-8.44702,41.17857],[-8.43938,41.19132],[-8.43164,41.2124],[-8.41327,41.27405],[-8.40854,41.33184],[-8.40506,41.34051],[-8.39264,41.35275],[-8.37607,41.37049],[-8.37485,41.39744],[-8.37546,41.39968],[-8.37738,41.40136],[-8.37987,41.40202],[-8.38819,41.40236]]},"properties":{"osm_type":"way","osm_id":338230588,"country":"PT","name":"Riba d'Ave - Recarei 1","operator":"REN","wikidata":null,"wikipedia":null}},{"type":"Feature","geometry":{"type":"LineString","coordinates":[[-7.77015,37.34744],[-7.7854,37.35735],[-7.8227,37.36652],[-7.84926,37.36541],[-7.88842,37.37856],[-7.89757,37.37949],[-7.91185,37.37579],[-7.95295,37.37803]]},"properties":{"osm_type":"way","osm_id":338788020,"country":"PT","name":"Tavira - Ourique & Portimão","operator":"REN","wikidata":null,"wikipedia":null}},{"type":"Feature","geometry":{"type":"LineString","coordinates":[[-8.26298,37.16613],[-8.26826,37.17362],[-8.27407,37.19703],[-8.26791,37.24661],[-8.27464,37.26474],[-8.28054,37.2735]]},"properties":{"osm_type":"way","osm_id":338788023,"country":"PT","name":"Tunes & Ourique & Portimão 3","operator":"REN","wikidata":null,"wikipedia":null}},{"type":"Feature","geometry":{"type":"LineString","coordinates":[[-8.26346,37.16625],[-8.26455,37.16791],[-8.27522,37.17541],[-8.37387,37.20606],[-8.44675,37.21592],[-8.51365,37.2288],[-8.51838,37.23096],[-8.51995,37.23031],[-8.51988,37.2251],[-8.51819,37.21316],[-8.51951,37.20711],[-8.51496,37.19922]]},"properties":{"osm_type":"way","osm_id":338788045,"country":"PT","name":"Portimão - Tunes 1&2","operator":"REN","wikidata":null,"wikipedia":null}},{"type":"Feature","geometry":{"type":"LineString","coordinates":[[-7.76401,37.34363],[-7.76026,37.33588],[-7.75325,37.31287],[-7.73499,37.29193],[-7.72824,37.26397],[-7.72829,37.24559],[-7.73111,37.24034],[-7.752,37.22822],[-7.79196,37.21579],[-7.79434,37.21175],[-7.79472,37.20288],[-7.80029,37.19589],[-7.80909,37.19242],[-7.82777,37.16531],[-7.82403,37.15844],[-7.82532,37.14905],[-7.83437,37.14032],[-7.84036,37.13182],[-7.83903,37.12512],[-7.84019,37.12273],[-7.83965,37.11917],[-7.84557,37.10874],[-7.8469,37.1055],[-7.84312,37.09687],[-7.84609,37.09393],[-7.85107,37.0903],[-7.8521,37.08497]]},"properties":{"osm_type":"way","osm_id":338788915,"country":"PT","name":"Estoi - Tavira 1&2","operator":"REN","wikidata":null,"wikipedia":null}},{"type":"Feature","geometry":{"type":"LineString","coordinates":[[-7.87335,37.19256],[-7.94601,37.31217],[-7.97199,37.43132],[-8.05933,37.54396],[-8.16152,37.66237],[-8.17935,37.66982],[-8.18597,37.66949],[-8.18861,37.66796]]},"properties":{"osm_type":"way","osm_id":338791401,"country":"PT","name":"Ourique - Estoi","operator":"REN","wikidata":null,"wikipedia":null}},{"type":"Feature","geometry":{"type":"LineString","coordinates":[[-7.85043,39.86767],[-7.84411,39.86707],[-7.8183,39.87079],[-7.80612,39.88152],[-7.80081,39.88799],[-7.80019,39.89103],[-7.79659,39.89323],[-7.79081,39.8978],[-7.78469,39.90117],[-7.77519,39.90802],[-7.75052,39.92025],[-7.74372,39.92495]]},"properties":{"osm_type":"way","osm_id":340102176,"country":"PT","name":null,"operator":"Generventos do Pinhal Interior - Energias Renováveis, S. A.","wikidata":null,"wikipedia":null}},{"type":"Feature","geometry":{"type":"LineString","coordinates":[[-7.85467,39.86608],[-7.85537,39.86522],[-7.85345,39.85549],[-7.85071,39.85037],[-7.85082,39.84635],[-7.85334,39.83461],[-7.86136,39.82304],[-7.88033,39.80787],[-7.88306,39.80744]]},"properties":{"osm_type":"way","osm_id":340102184,"country":"PT","name":null,"operator":"Generventos do Pinhal Interior - Energias Renováveis, S. A.","wikidata":null,"wikipedia":null}},{"type":"Feature","geometry":{"type":"LineString","coordinates":[[-7.96002,39.82453],[-7.95782,39.82622],[-7.95451,39.83039],[-7.9521,39.83142],[-7.93936,39.82944],[-7.92538,39.82527],[-7.91925,39.82494],[-7.91549,39.82228],[-7.90849,39.82019],[-7.8992,39.82041],[-7.88406,39.80768]]},"properties":{"osm_type":"way","osm_id":340923845,"country":"PT","name":null,"operator":"Generventos do Pinhal Interior - Energias Renováveis, S. A.","wikidata":null,"wikipedia":null}},{"type":"Feature","geometry":{"type":"LineString","coordinates":[[-7.96273,39.93888],[-7.96164,39.93832],[-7.95729,39.92692],[-7.95376,39.9197],[-7.94716,39.91298],[-7.93907,39.90633],[-7.93272,39.90471],[-7.92862,39.90184],[-7.92759,39.89887],[-7.92925,39.89393],[-7.9203,39.87521],[-7.91088,39.86958],[-7.9036,39.85796],[-7.90512,39.8529],[-7.90042,39.83862],[-7.89941,39.8325],[-7.89763,39.8303],[-7.89722,39.82716],[-7.89114,39.82003],[-7.88295,39.80779]]},"properties":{"osm_type":"way","osm_id":340923862,"country":"PT","name":null,"operator":"Generventos do Pinhal Interior - Energias Renováveis, S. A.","wikidata":null,"wikipedia":null}},{"type":"Feature","geometry":{"type":"LineString","coordinates":[[-7.55225,39.82842],[-7.55149,39.82734],[-7.55325,39.82587],[-7.55662,39.82611],[-7.57418,39.83063],[-7.58005,39.83106],[-7.58683,39.83302],[-7.76333,39.83432],[-7.84686,39.85121],[-7.87865,39.87807],[-7.87888,39.87899]]},"properties":{"osm_type":"way","osm_id":340933765,"country":"PT","name":"Oleiros - Castelo Branco (REN)","operator":"E-REDES","wikidata":null,"wikipedia":null}},{"type":"Feature","geometry":{"type":"LineString","coordinates":[[-8.00062,39.23476],[-8.00003,39.23462],[-7.98684,39.24054],[-7.95253,39.3176],[-7.96668,39.37259],[-7.96634,39.41804],[-7.98405,39.43328],[-7.98955,39.43604],[-7.99978,39.46252],[-7.99421,39.47282],[-7.99744,39.48172]]},"properties":{"osm_type":"way","osm_id":341351184,"country":"PT","name":"Belver - Ponte de Sôr","operator":"E-REDES","wikidata":null,"wikipedia":null}},{"type":"Feature","geometry":{"type":"LineString","coordinates":[[-8.18921,40.84647],[-8.19141,40.84657],[-8.20334,40.84072],[-8.21647,40.84104],[-8.23184,40.84074],[-8.24504,40.84598],[-8.25417,40.8412],[-8.27523,40.84026],[-8.29564,40.8347],[-8.30352,40.8347],[-8.32503,40.83157],[-8.35142,40.83363],[-8.36415,40.83141],[-8.38959,40.83465],[-8.39342,40.83547]]},"properties":{"osm_type":"way","osm_id":361462151,"country":"PT","name":"Candal e Coelheira (PRE) - Vale de Cambra","operator":"E-REDES","wikidata":null,"wikipedia":null}},{"type":"Feature","geometry":{"type":"LineString","coordinates":[[-7.7407,39.52739],[-7.74269,39.52724],[-7.74349,39.52824],[-7.74338,39.52933],[-7.74505,39.53084],[-7.74349,39.53502],[-7.7464,39.54216],[-7.74517,39.54496],[-7.74437,39.54997],[-7.74903,39.56663],[-7.74862,39.57393],[-7.74905,39.57572],[-7.74902,39.58544],[-7.74812,39.59624],[-7.75712,39.61604],[-7.7656,39.63942],[-7.77615,39.65441],[-7.78477,39.65825],[-7.80003,39.66168],[-7.84253,39.69956],[-7.84465,39.7152],[-7.85716,39.74153],[-7.86394,39.74834],[-7.87766,39.75246],[-7.8898,39.7683],[-7.89136,39.78054],[-7.88433,39.80658],[-7.88374,39.80707]]},"properties":{"osm_type":"way","osm_id":362486626,"country":"PT","name":"Corgas - Falagueira","operator":"REN","wikidata":null,"wikipedia":null}},{"type":"Feature","geometry":{"type":"LineString","coordinates":[[-7.99757,39.4817],[-7.99721,39.48424],[-7.95015,39.50396],[-7.86858,39.5372],[-7.82608,39.56397],[-7.81975,39.56634],[-7.81459,39.56698]]},"properties":{"osm_type":"way","osm_id":362486883,"country":"PT","name":"Pracana - Belver 1","operator":"E-REDES","wikidata":null,"wikipedia":null}},{"type":"Feature","geometry":{"type":"LineString","coordinates":[[-8.3268,39.54401],[-8.29385,39.51795],[-8.24251,39.49507],[-8.22638,39.49471],[-8.22225,39.49557],[-8.21176,39.49595],[-8.18416,39.4961],[-8.1789,39.49547],[-8.09246,39.49597],[-8.01486,39.49165],[-7.95159,39.49873],[-7.92909,39.49764],[-7.82013,39.5324],[-7.81319,39.53606]]},"properties":{"osm_type":"way","osm_id":362486887,"country":"PT","name":null,"operator":"REN","wikidata":null,"wikipedia":null}},{"type":"Feature","geometry":{"type":"LineString","coordinates":[[-7.65565,41.08182],[-7.65104,41.07156],[-7.65606,41.05905],[-7.65729,41.05731],[-7.66273,41.0447],[-7.66342,41.03476]]},"properties":{"osm_type":"way","osm_id":366387539,"country":"PT","name":null,"operator":"Finerge","wikidata":null,"wikipedia":null}},{"type":"Feature","geometry":{"type":"LineString","coordinates":[[-8.19051,41.34546],[-8.03829,41.33499],[-7.96153,41.31657],[-7.94438,41.31797],[-7.91759,41.31451],[-7.91631,41.31495]]},"properties":{"osm_type":"way","osm_id":371910016,"country":"PT","name":"PC Campanhó - Felgueiras","operator":"E-REDES","wikidata":null,"wikipedia":null}},{"type":"Feature","geometry":{"type":"LineString","coordinates":[[-8.43263,41.57366],[-8.42853,41.57699],[-8.38493,41.59685],[-8.34896,41.62081]]},"properties":{"osm_type":"way","osm_id":372275021,"country":"PT","name":"S. Martinho de Dume - Amares","operator":"E-REDES","wikidata":null,"wikipedia":null}},{"type":"Feature","geometry":{"type":"LineString","coordinates":[[-9.39538,38.73607],[-9.39578,38.7374],[-9.39526,38.73918],[-9.39678,38.74099],[-9.39814,38.74133],[-9.4025,38.7412],[-9.40762,38.73811],[-9.40824,38.73727],[-9.41233,38.73508],[-9.44276,38.72321]]},"properties":{"osm_type":"way","osm_id":376314590,"country":"PT","name":"Alcoitão - Birre II","operator":"E-REDES","wikidata":null,"wikipedia":null}},{"type":"Feature","geometry":{"type":"LineString","coordinates":[[-7.86378,41.69603],[-7.87545,41.70521],[-7.89514,41.71402]]},"properties":{"osm_type":"way","osm_id":377684378,"country":"PT","name":null,"operator":"E-REDES","wikidata":null,"wikipedia":null}},{"type":"Feature","geometry":{"type":"LineString","coordinates":[[-8.00586,40.74019],[-8.02511,40.7351],[-8.03081,40.73435],[-8.03383,40.73288],[-8.04322,40.73125],[-8.0509,40.73159],[-8.05523,40.73094],[-8.07821,40.72467],[-8.08519,40.7251],[-8.09677,40.72741],[-8.12154,40.72622]]},"properties":{"osm_type":"way","osm_id":380518739,"country":"PT","name":"Gumiei - Vouzela","operator":"E-REDES","wikidata":null,"wikipedia":null}},{"type":"Feature","geometry":{"type":"LineString","coordinates":[[-7.78182,40.93423],[-7.81484,40.93754],[-7.85815,40.92816],[-7.86335,40.92604],[-7.88581,40.90164],[-7.88983,40.87577],[-7.89737,40.85097],[-7.91699,40.83642],[-7.93815,40.81864],[-7.9512,40.78231],[-7.95117,40.77844],[-7.95344,40.77598],[-7.96187,40.75253],[-7.98162,40.73489],[-7.98721,40.72141],[-7.9864,40.71618],[-7.99204,40.70405],[-7.99191,40.70293]]},"properties":{"osm_type":"way","osm_id":380518757,"country":"PT","name":null,"operator":"E-REDES","wikidata":null,"wikipedia":null}},{"type":"Feature","geometry":{"type":"LineString","coordinates":[[-7.96868,40.91122],[-7.97135,40.90655],[-7.97544,40.90163],[-7.98185,40.89246],[-8.04423,40.88349],[-8.06004,40.877],[-8.06539,40.87727],[-8.07123,40.87354],[-8.07365,40.87304]]},"properties":{"osm_type":"way","osm_id":380518772,"country":"PT","name":"São Macário (PRE) - Castro Daire","operator":"E-REDES","wikidata":null,"wikipedia":null}},{"type":"Feature","geometry":{"type":"LineString","coordinates":[[-7.99214,40.70313],[-7.99229,40.70416],[-7.99414,40.7053],[-7.99666,40.70503],[-8.0233,40.68886],[-8.02972,40.68442],[-8.03163,40.68379],[-8.06668,40.66243],[-8.06834,40.66176],[-8.07254,40.6615],[-8.08779,40.65799],[-8.09269,40.6564],[-8.09648,40.65601],[-8.11169,40.65269],[-8.11356,40.65291]]},"properties":{"osm_type":"way","osm_id":380518773,"country":"PT","name":"PC Fornelo do Monte - Bodiosa (REN)","operator":"E-REDES","wikidata":null,"wikipedia":null}},{"type":"Feature","geometry":{"type":"LineString","coordinates":[[-8.00529,40.73975],[-8.0007,40.73384],[-7.9856,40.72658],[-7.98433,40.72447],[-7.98601,40.71934],[-7.98569,40.71725],[-7.99185,40.70403],[-7.99171,40.70291]]},"properties":{"osm_type":"way","osm_id":380518774,"country":"PT","name":"Bodiosa (REN) - Gumiei","operator":"E-REDES","wikidata":null,"wikipedia":null}},{"type":"Feature","geometry":{"type":"LineString","coordinates":[[-8.00575,40.74025],[-8.01259,40.76178],[-8.01268,40.79353],[-7.98792,40.82853],[-7.98377,40.86805],[-7.9686,40.9112]]},"properties":{"osm_type":"way","osm_id":380518799,"country":"PT","name":"Castro Daire - Gumiei","operator":"E-REDES","wikidata":null,"wikipedia":null}},{"type":"Feature","geometry":{"type":"LineString","coordinates":[[-7.97707,39.01518],[-7.98059,39.01712],[-7.99593,39.03391],[-8.03749,39.08595],[-8.05627,39.11086],[-8.06211,39.15989],[-8.08263,39.18141],[-8.07762,39.18997],[-8.07548,39.19132],[-8.06951,39.19034],[-8.06794,39.18931],[-8.06593,39.18939],[-8.05885,39.20176],[-8.03236,39.21867],[-8.0226,39.22405],[-8.0095,39.22778],[-8.00066,39.23459]]},"properties":{"osm_type":"way","osm_id":381136312,"country":"PT","name":"Ponte de Sôr - Maranhão","operator":"E-REDES","wikidata":null,"wikipedia":null}},{"type":"Feature","geometry":{"type":"LineString","coordinates":[[-8.5223,41.17467],[-8.52188,41.17452],[-8.52506,41.17368],[-8.52592,41.17205],[-8.50622,41.13258],[-8.50161,41.11424],[-8.50214,41.10617],[-8.50991,41.10588],[-8.50985,41.10454]]},"properties":{"osm_type":"way","osm_id":381421668,"country":"PT","name":"Jovim - Fânzeres","operator":"E-REDES","wikidata":null,"wikipedia":null}},{"type":"Feature","geometry":{"type":"LineString","coordinates":[[-8.08371,40.52557],[-8.08511,40.53148],[-8.08554,40.53703],[-8.08683,40.53794],[-8.0889,40.55109],[-8.0954,40.55733],[-8.09686,40.56989],[-8.09878,40.57772],[-8.10107,40.59587],[-8.10281,40.60311],[-8.10382,40.60474],[-8.10652,40.60717],[-8.10863,40.61062],[-8.10748,40.61181],[-8.10493,40.61703],[-8.10908,40.63408],[-8.10412,40.64451],[-8.10703,40.64961],[-8.11242,40.65267],[-8.11357,40.65279]]},"properties":{"osm_type":"way","osm_id":382232209,"country":"PT","name":"PC Fornelo do Monte - Tondela","operator":"E-REDES","wikidata":null,"wikipedia":null}},{"type":"Feature","geometry":{"type":"LineString","coordinates":[[-8.41811,41.25495],[-8.42953,41.25186],[-8.43325,41.2494],[-8.43506,41.24591],[-8.43479,41.24112],[-8.43613,41.23807],[-8.44019,41.23434],[-8.44702,41.20805],[-8.44717,41.20461],[-8.44602,41.19229],[-8.44637,41.18941],[-8.45097,41.17673],[-8.45375,41.17066],[-8.45189,41.16048]]},"properties":{"osm_type":"way","osm_id":383005784,"country":"PT","name":"Recarei (REN) - Lordelo","operator":"E-REDES","wikidata":null,"wikipedia":null}},{"type":"Feature","geometry":{"type":"LineString","coordinates":[[-7.81792,40.07951],[-7.81829,40.07833],[-7.84555,40.06601],[-8.06181,40.08604],[-8.06656,40.08704]]},"properties":{"osm_type":"way","osm_id":389439668,"country":"PT","name":"PC Malhadas - Santa Luzia","operator":"E-REDES","wikidata":null,"wikipedia":null}},{"type":"Feature","geometry":{"type":"LineString","coordinates":[[-9.17588,38.61868],[-9.18084,38.63389],[-9.18038,38.63849],[-9.1809,38.63964],[-9.18111,38.64373],[-9.17747,38.64733]]},"properties":{"osm_type":"way","osm_id":399576542,"country":"PT","name":"Fernão Ferro - Sobreda","operator":"E-REDES","wikidata":null,"wikipedia":null}},{"type":"Feature","geometry":{"type":"LineString","coordinates":[[-8.67499,38.02499],[-8.67244,38.0253],[-8.6584,38.01661],[-8.575,37.99602],[-8.48339,38.00241],[-8.45935,38.00152],[-8.41806,38.01534],[-8.3609,38.01637],[-8.27723,38.0424],[-8.27308,38.04606],[-8.27,38.04671],[-8.26695,38.04561],[-8.25743,38.04856],[-8.14992,38.04819],[-8.13235,38.04939],[-8.12693,38.05291],[-8.12656,38.05484]]},"properties":{"osm_type":"way","osm_id":399576546,"country":"PT","name":"Ferreira - Santiago","operator":"E-REDES","wikidata":null,"wikipedia":null}},{"type":"Feature","geometry":{"type":"LineString","coordinates":[[-7.44275,38.13058],[-7.44423,38.12623],[-7.46054,38.11974],[-7.47395,38.12523],[-7.48673,38.13436],[-7.51681,38.13353],[-7.5401,38.12555],[-7.56879,38.11898],[-7.58292,38.11142],[-7.5941,38.11108],[-7.59709,38.11039],[-7.62555,38.10938],[-7.62672,38.1098],[-7.62675,38.10951]]},"properties":{"osm_type":"way","osm_id":399576549,"country":"PT","name":"Moura - Pias","operator":"E-REDES","wikidata":null,"wikipedia":null}},{"type":"Feature","geometry":{"type":"LineString","coordinates":[[-7.75818,41.13911],[-7.75783,41.13903]]},"properties":{"osm_type":"way","osm_id":400018983,"country":"PT","name":null,"operator":"REN","wikidata":null,"wikipedia":null}},{"type":"Feature","geometry":{"type":"LineString","coordinates":[[-7.75824,41.13884],[-7.75788,41.13883]]},"properties":{"osm_type":"way","osm_id":400018985,"country":"PT","name":null,"operator":"REN","wikidata":null,"wikipedia":null}},{"type":"Feature","geometry":{"type":"LineString","coordinates":[[-7.7575,41.13912],[-7.75694,41.13905]]},"properties":{"osm_type":"way","osm_id":400018991,"country":"PT","name":null,"operator":"REN","wikidata":null,"wikipedia":null}},{"type":"Feature","geometry":{"type":"LineString","coordinates":[[-7.75747,41.13925],[-7.75691,41.13918]]},"properties":{"osm_type":"way","osm_id":400018997,"country":"PT","name":null,"operator":"REN","wikidata":null,"wikipedia":null}},{"type":"Feature","geometry":{"type":"LineString","coordinates":[[-7.75762,41.13765],[-7.75718,41.13968]]},"properties":{"osm_type":"way","osm_id":400019010,"country":"PT","name":null,"operator":"REN","wikidata":null,"wikipedia":null}},{"type":"Feature","geometry":{"type":"LineString","coordinates":[[-7.8051,41.091],[-7.80074,41.09105],[-7.786,41.12693],[-7.77461,41.13957],[-7.77602,41.14074]]},"properties":{"osm_type":"way","osm_id":400050402,"country":"PT","name":"Varosa - Lamego","operator":"E-REDES","wikidata":null,"wikipedia":null}},{"type":"Feature","geometry":{"type":"LineString","coordinates":[[-8.56175,40.77523],[-8.56421,40.76845],[-8.56392,40.745],[-8.56505,40.74037],[-8.56812,40.73744]]},"properties":{"osm_type":"way","osm_id":400050404,"country":"PT","name":"Estarreja (REN) - C.P. Salreu II","operator":"E-REDES","wikidata":null,"wikipedia":null}},{"type":"Feature","geometry":{"type":"LineString","coordinates":[[-8.56979,40.77686],[-8.56961,40.77579],[-8.55943,40.76157],[-8.55311,40.75493],[-8.54197,40.70061],[-8.54216,40.69931]]},"properties":{"osm_type":"way","osm_id":400050415,"country":"PT","name":"Vista Alegre - Bamiso","operator":"E-REDES","wikidata":null,"wikipedia":null}},{"type":"Feature","geometry":{"type":"LineString","coordinates":[[-8.18707,42.17933],[-8.18713,42.17401],[-8.18981,42.16258],[-8.19444,42.15686],[-8.19448,42.15408]]},"properties":{"osm_type":"way","osm_id":401423016,"country":"PT","name":null,"operator":null,"wikidata":null,"wikipedia":null}},{"type":"Feature","geometry":{"type":"LineString","coordinates":[[-8.19383,42.15413],[-8.19448,42.15408]]},"properties":{"osm_type":"way","osm_id":401423031,"country":"PT","name":null,"operator":null,"wikidata":null,"wikipedia":null}},{"type":"Feature","geometry":{"type":"LineString","coordinates":[[-8.19448,42.15408],[-8.19385,42.15403]]},"properties":{"osm_type":"way","osm_id":401423032,"country":"PT","name":null,"operator":null,"wikidata":null,"wikipedia":null}},{"type":"Feature","geometry":{"type":"LineString","coordinates":[[-7.10054,40.30791],[-7.1016,40.3068],[-7.10158,40.30447],[-7.10378,40.30198],[-7.12285,40.29414],[-7.13741,40.28535]]},"properties":{"osm_type":"way","osm_id":401467182,"country":"PT","name":null,"operator":"Lestenergia","wikidata":null,"wikipedia":null}},{"type":"Feature","geometry":{"type":"LineString","coordinates":[[-7.52053,39.82196],[-7.5321,39.82397],[-7.55223,39.82849]]},"properties":{"osm_type":"way","osm_id":402328138,"country":"PT","name":"Castelo Branco (REN) - Talagueira","operator":"E-REDES","wikidata":null,"wikipedia":null}},{"type":"Feature","geometry":{"type":"LineString","coordinates":[[-7.50623,39.82602],[-7.5081,39.82704]]},"properties":{"osm_type":"way","osm_id":402328140,"country":"PT","name":null,"operator":"E-REDES","wikidata":null,"wikipedia":null}},{"type":"Feature","geometry":{"type":"LineString","coordinates":[[-8.32904,39.54473],[-8.32795,39.54512]]},"properties":{"osm_type":"way","osm_id":402328142,"country":"PT","name":null,"operator":"E-REDES","wikidata":null,"wikipedia":null}},{"type":"Feature","geometry":{"type":"LineString","coordinates":[[-7.55333,39.82614],[-7.55336,39.82745]]},"properties":{"osm_type":"way","osm_id":402328144,"country":"PT","name":"Falagueira - Castelo Branco 1","operator":"REN","wikidata":null,"wikipedia":null}},{"type":"Feature","geometry":{"type":"LineString","coordinates":[[-7.55398,39.82755],[-7.55386,39.82801]]},"properties":{"osm_type":"way","osm_id":402328147,"country":"PT","name":null,"operator":"REN","wikidata":null,"wikipedia":null}},{"type":"Feature","geometry":{"type":"LineString","coordinates":[[-7.55336,39.82793],[-7.55348,39.82747]]},"properties":{"osm_type":"way","osm_id":402328150,"country":"PT","name":null,"operator":"REN","wikidata":null,"wikipedia":null}},{"type":"Feature","geometry":{"type":"LineString","coordinates":[[-7.55421,39.82815],[-7.55436,39.82761]]},"properties":{"osm_type":"way","osm_id":402328159,"country":"PT","name":null,"operator":"REN","wikidata":null,"wikipedia":null}},{"type":"Feature","geometry":{"type":"LineString","coordinates":[[-7.55408,39.82881],[-7.55288,39.82863]]},"properties":{"osm_type":"way","osm_id":402328168,"country":"PT","name":null,"operator":"REN","wikidata":null,"wikipedia":null}},{"type":"Feature","geometry":{"type":"LineString","coordinates":[[-7.55284,39.82877],[-7.55405,39.82895]]},"properties":{"osm_type":"way","osm_id":402328173,"country":"PT","name":null,"operator":"REN","wikidata":null,"wikipedia":null}},{"type":"Feature","geometry":{"type":"LineString","coordinates":[[-7.69321,39.70886],[-7.72468,39.67866],[-7.72983,39.67608],[-7.7309,39.6729],[-7.73927,39.66517],[-7.80643,39.57009],[-7.81468,39.56719]]},"properties":{"osm_type":"way","osm_id":402328177,"country":"PT","name":null,"operator":"E-REDES","wikidata":null,"wikipedia":null}},{"type":"Feature","geometry":{"type":"LineString","coordinates":[[-8.3279,39.54524],[-8.329,39.54516],[-8.32911,39.54437],[-8.32721,39.53598],[-8.30755,39.51235],[-8.23711,39.48389],[-8.18796,39.48209],[-8.1856,39.48101],[-8.18217,39.48088],[-8.18054,39.4817],[-8.1779,39.48676],[-8.17844,39.48742]]},"properties":{"osm_type":"way","osm_id":402328183,"country":"PT","name":"Zêzere - Olho de Boi","operator":"E-REDES","wikidata":null,"wikipedia":null}},{"type":"Feature","geometry":{"type":"LineString","coordinates":[[-8.32342,39.54228],[-8.32858,39.54396],[-8.32904,39.54473]]},"properties":{"osm_type":"way","osm_id":402328188,"country":"PT","name":"EPAL I","operator":"E-REDES","wikidata":null,"wikipedia":null}},{"type":"Feature","geometry":{"type":"LineString","coordinates":[[-7.52047,39.82201],[-7.5195,39.82359],[-7.5128,39.82741],[-7.51011,39.82805],[-7.5081,39.82704]]},"properties":{"osm_type":"way","osm_id":402328192,"country":"PT","name":null,"operator":"E-REDES","wikidata":null,"wikipedia":null}},{"type":"Feature","geometry":{"type":"LineString","coordinates":[[-8.32349,39.54226],[-8.32864,39.54374],[-8.33029,39.54549],[-8.32974,39.54617]]},"properties":{"osm_type":"way","osm_id":402328194,"country":"PT","name":"EPAL II","operator":"E-REDES","wikidata":null,"wikipedia":null}},{"type":"Feature","geometry":{"type":"LineString","coordinates":[[-7.512,37.55403],[-7.51363,37.55238]]},"properties":{"osm_type":"way","osm_id":402787541,"country":"PT","name":null,"operator":null,"wikidata":null,"wikipedia":null}},{"type":"Feature","geometry":{"type":"LineString","coordinates":[[-8.1946,42.15399],[-8.19693,42.15624],[-8.1982,42.15665],[-8.20253,42.15742],[-8.21247,42.15732],[-8.22764,42.15306],[-8.23629,42.15157],[-8.25307,42.14663],[-8.26053,42.14127],[-8.28184,42.13318],[-8.31187,42.1238],[-8.31196,42.12418]]},"properties":{"osm_type":"way","osm_id":402854769,"country":"PT","name":null,"operator":null,"wikidata":null,"wikipedia":null}},{"type":"Feature","geometry":{"type":"LineString","coordinates":[[-7.66342,41.03476],[-7.66446,41.01908],[-7.66534,41.01419],[-7.66753,41.01041],[-7.66819,41.00818],[-7.67251,41.00356],[-7.67622,41.0018],[-7.67917,40.99607],[-7.70496,40.99111],[-7.71378,40.99039],[-7.72194,40.98869],[-7.72433,40.9858]]},"properties":{"osm_type":"way","osm_id":402872753,"country":"PT","name":null,"operator":"Finerge","wikidata":null,"wikipedia":null}},{"type":"Feature","geometry":{"type":"LineString","coordinates":[[-7.73971,41.6209],[-7.73565,41.62603],[-7.71049,41.63567],[-7.65367,41.64613],[-7.63079,41.65144],[-7.60034,41.65694],[-7.59375,41.65483],[-7.58971,41.65419],[-7.58799,41.65299],[-7.58263,41.65125],[-7.57807,41.65142],[-7.57158,41.64926],[-7.56919,41.64594],[-7.56877,41.64163]]},"properties":{"osm_type":"way","osm_id":402872755,"country":"PT","name":null,"operator":"RP GLOBAL PORTUGAL","wikidata":null,"wikipedia":null}},{"type":"Feature","geometry":{"type":"LineString","coordinates":[[-6.80648,41.04424],[-6.80656,41.04465]]},"properties":{"osm_type":"way","osm_id":402872757,"country":"PT","name":null,"operator":"Red Eléctrica de España","wikidata":null,"wikipedia":null}},{"type":"Feature","geometry":{"type":"LineString","coordinates":[[-6.80631,41.04496],[-6.80677,41.04517]]},"properties":{"osm_type":"way","osm_id":402872758,"country":"PT","name":null,"operator":"Red Eléctrica de España","wikidata":null,"wikipedia":null}},{"type":"Feature","geometry":{"type":"LineString","coordinates":[[-6.80656,41.04465],[-6.80684,41.04499]]},"properties":{"osm_type":"way","osm_id":402872759,"country":"PT","name":null,"operator":"Red Eléctrica de España","wikidata":null,"wikipedia":null}},{"type":"Feature","geometry":{"type":"LineString","coordinates":[[-6.80656,41.04465],[-6.80691,41.04481]]},"properties":{"osm_type":"way","osm_id":402872761,"country":"PT","name":null,"operator":"Red Eléctrica de España","wikidata":null,"wikipedia":null}},{"type":"Feature","geometry":{"type":"LineString","coordinates":[[-6.8067,41.04535],[-6.80631,41.04496]]},"properties":{"osm_type":"way","osm_id":402872762,"country":"PT","name":null,"operator":"Red Eléctrica de España","wikidata":null,"wikipedia":null}},{"type":"Feature","geometry":{"type":"LineString","coordinates":[[-6.80617,41.04398],[-6.80631,41.04496]]},"properties":{"osm_type":"way","osm_id":402872763,"country":"PT","name":null,"operator":"Red Eléctrica de España","wikidata":null,"wikipedia":null}},{"type":"Feature","geometry":{"type":"LineString","coordinates":[[-6.80652,41.04357],[-6.80432,41.04456]]},"properties":{"osm_type":"way","osm_id":402872765,"country":"PT","name":null,"operator":"Red Eléctrica de España","wikidata":null,"wikipedia":null}},{"type":"Feature","geometry":{"type":"LineString","coordinates":[[-6.80657,41.04372],[-6.80617,41.04398]]},"properties":{"osm_type":"way","osm_id":402872767,"country":"PT","name":null,"operator":"Red Eléctrica de España","wikidata":null,"wikipedia":null}},{"type":"Feature","geometry":{"type":"LineString","coordinates":[[-6.80432,41.04456],[-6.80646,41.04343]]},"properties":{"osm_type":"way","osm_id":402872768,"country":"PT","name":null,"operator":"Red Eléctrica de España","wikidata":null,"wikipedia":null}},{"type":"Feature","geometry":{"type":"LineString","coordinates":[[-6.80648,41.04424],[-6.80674,41.04416]]},"properties":{"osm_type":"way","osm_id":402872769,"country":"PT","name":null,"operator":"Red Eléctrica de España","wikidata":null,"wikipedia":null}},{"type":"Feature","geometry":{"type":"LineString","coordinates":[[-6.80617,41.04398],[-6.80663,41.04387]]},"properties":{"osm_type":"way","osm_id":402872770,"country":"PT","name":null,"operator":"Red Eléctrica de España","wikidata":null,"wikipedia":null}},{"type":"Feature","geometry":{"type":"LineString","coordinates":[[-6.80669,41.04401],[-6.80648,41.04424]]},"properties":{"osm_type":"way","osm_id":402872771,"country":"PT","name":null,"operator":"Red Eléctrica de España","wikidata":null,"wikipedia":null}},{"type":"Feature","geometry":{"type":"LineString","coordinates":[[-6.80681,41.04295],[-6.80731,41.04427]]},"properties":{"osm_type":"way","osm_id":402872775,"country":"PT","name":null,"operator":"Red Eléctrica de España","wikidata":null,"wikipedia":null}},{"type":"Feature","geometry":{"type":"LineString","coordinates":[[-7.8663,41.01813],[-7.83071,41.0347],[-7.79937,41.06669],[-7.79256,41.07289],[-7.79123,41.07504],[-7.7715,41.09526],[-7.75165,41.12333],[-7.7567,41.1351],[-7.7575,41.13656],[-7.75951,41.13822],[-7.75923,41.1389]]},"properties":{"osm_type":"way","osm_id":402889746,"country":"PT","name":"PC Ribabelide - Valdigem (REN)","operator":"E-REDES","wikidata":null,"wikipedia":null}},{"type":"Feature","geometry":{"type":"LineString","coordinates":[[-7.75893,41.13906],[-7.77239,41.14132],[-7.77588,41.14093]]},"properties":{"osm_type":"way","osm_id":402889747,"country":"PT","name":"Valdigem (REN) - Varosa I","operator":"E-REDES","wikidata":null,"wikipedia":null}},{"type":"Feature","geometry":{"type":"LineString","coordinates":[[-7.77587,41.14089],[-7.75895,41.139]]},"properties":{"osm_type":"way","osm_id":402889748,"country":"PT","name":"Valdigem (REN) - Varosa II","operator":"E-REDES","wikidata":null,"wikipedia":null}},{"type":"Feature","geometry":{"type":"LineString","coordinates":[[-8.43531,41.36304],[-8.4152,41.35138],[-8.40453,41.34861],[-8.3681,41.34056]]},"properties":{"osm_type":"way","osm_id":403190777,"country":"PT","name":"Caniços - S. Martinho do Campo","operator":"E-REDES","wikidata":null,"wikipedia":null}},{"type":"Feature","geometry":{"type":"LineString","coordinates":[[-7.89629,39.72157],[-7.89519,39.72153],[-7.88158,39.71621],[-7.86802,39.70261],[-7.86522,39.69732],[-7.84459,39.65778],[-7.83971,39.64705],[-7.83273,39.63503],[-7.81105,39.59303],[-7.80765,39.57197],[-7.80977,39.56889],[-7.81476,39.56728]]},"properties":{"osm_type":"way","osm_id":403255904,"country":"PT","name":"Pracana - Vale Serrão","operator":"E-REDES","wikidata":null,"wikipedia":null}},{"type":"Feature","geometry":{"type":"LineString","coordinates":[[-7.65638,41.03469],[-7.65891,41.03441],[-7.66342,41.03476]]},"properties":{"osm_type":"way","osm_id":403255905,"country":"PT","name":null,"operator":"Finerge","wikidata":null,"wikipedia":null}},{"type":"Feature","geometry":{"type":"LineString","coordinates":[[-8.39392,40.83525],[-8.39688,40.83462],[-8.39815,40.83479],[-8.40293,40.83725],[-8.40691,40.83478],[-8.41582,40.83506],[-8.4255,40.84119],[-8.42158,40.86738],[-8.41921,40.87236]]},"properties":{"osm_type":"way","osm_id":403274532,"country":"PT","name":"Vale de Cambra - Ferpinta","operator":"E-REDES","wikidata":null,"wikipedia":null}},{"type":"Feature","geometry":{"type":"LineString","coordinates":[[-8.39347,40.83538],[-8.47462,40.748],[-8.47812,40.74612],[-8.47807,40.74538]]},"properties":{"osm_type":"way","osm_id":403274535,"country":"PT","name":"Vale de Cambra - Albergaria","operator":"E-REDES","wikidata":null,"wikipedia":null}},{"type":"Feature","geometry":{"type":"LineString","coordinates":[[-9.1665,38.7812],[-9.16928,38.78328],[-9.17039,38.78316],[-9.17407,38.78088],[-9.18207,38.78348],[-9.18497,38.78523],[-9.1878,38.78903]]},"properties":{"osm_type":"way","osm_id":403337997,"country":"PT","name":null,"operator":"E-REDES","wikidata":null,"wikipedia":null}},{"type":"Feature","geometry":{"type":"LineString","coordinates":[[-9.16615,38.78075],[-9.16675,38.7808],[-9.16932,38.78317],[-9.1719,38.7822],[-9.17406,38.78058],[-9.18415,38.78138],[-9.19002,38.78247],[-9.19567,38.78446],[-9.20009,38.78745],[-9.20446,38.79211]]},"properties":{"osm_type":"way","osm_id":403337999,"country":"PT","name":null,"operator":"E-REDES","wikidata":null,"wikipedia":null}},{"type":"Feature","geometry":{"type":"LineString","coordinates":[[-9.19241,38.7952],[-9.19146,38.79541]]},"properties":{"osm_type":"way","osm_id":403338001,"country":"PT","name":null,"operator":"E-REDES","wikidata":null,"wikipedia":null}},{"type":"Feature","geometry":{"type":"LineString","coordinates":[[-9.19133,38.7932],[-9.19136,38.79358]]},"properties":{"osm_type":"way","osm_id":403338004,"country":"PT","name":null,"operator":"E-REDES","wikidata":null,"wikipedia":null}},{"type":"Feature","geometry":{"type":"LineString","coordinates":[[-9.19262,38.79569],[-9.19306,38.7965],[-9.20028,38.8004]]},"properties":{"osm_type":"way","osm_id":403338009,"country":"PT","name":null,"operator":"E-REDES","wikidata":null,"wikipedia":null}},{"type":"Feature","geometry":{"type":"LineString","coordinates":[[-8.1515,37.87857],[-8.10456,37.86456],[-8.10137,37.86454]]},"properties":{"osm_type":"way","osm_id":403442738,"country":"PT","name":null,"operator":"E-REDES","wikidata":null,"wikipedia":null}},{"type":"Feature","geometry":{"type":"LineString","coordinates":[[-8.15144,37.87884],[-8.15042,37.87947],[-8.14969,37.8845],[-8.15065,37.88578],[-8.16633,37.89118],[-8.18342,37.88988],[-8.18494,37.88883],[-8.18712,37.88467],[-8.1865,37.88261],[-8.1845,37.88098]]},"properties":{"osm_type":"way","osm_id":403442754,"country":"PT","name":"Aljustrel - Almina (Lavaria)","operator":"E-REDES","wikidata":null,"wikipedia":null}},{"type":"Feature","geometry":{"type":"LineString","coordinates":[[-8.10096,37.88199],[-8.15145,37.87879]]},"properties":{"osm_type":"way","osm_id":403442758,"country":"PT","name":null,"operator":"E-REDES","wikidata":null,"wikipedia":null}},{"type":"Feature","geometry":{"type":"LineString","coordinates":[[-8.155,37.87142],[-8.15563,37.87205],[-8.1558,37.87455],[-8.15403,37.87741],[-8.15151,37.87852]]},"properties":{"osm_type":"way","osm_id":403442759,"country":"PT","name":"Aljustrel - Almina (Feitais)","operator":"E-REDES","wikidata":null,"wikipedia":null}},{"type":"Feature","geometry":{"type":"LineString","coordinates":[[-8.07211,37.57682],[-8.07613,37.59038],[-8.07457,37.69524],[-8.08552,37.71428],[-8.10365,37.81134],[-8.10157,37.82018],[-8.10267,37.82808],[-8.10137,37.86454]]},"properties":{"osm_type":"way","osm_id":403442760,"country":"PT","name":null,"operator":"E-REDES","wikidata":null,"wikipedia":null}},{"type":"Feature","geometry":{"type":"LineString","coordinates":[[-8.90966,37.07965],[-8.90972,37.07994],[-8.88227,37.09269],[-8.8548,37.09319],[-8.82252,37.10393],[-8.80277,37.10247],[-8.78509,37.10612],[-8.74705,37.11715],[-8.72826,37.11683],[-8.71392,37.11493],[-8.70516,37.11038],[-8.70208,37.10753],[-8.69566,37.10474]]},"properties":{"osm_type":"way","osm_id":403446172,"country":"PT","name":"Lagos - Vila do Bispo","operator":"E-REDES","wikidata":null,"wikipedia":null}},{"type":"Feature","geometry":{"type":"LineString","coordinates":[[-8.28275,40.04487],[-8.28345,40.04979],[-8.3018,40.06231],[-8.30984,40.06989],[-8.3102,40.0713],[-8.28675,40.09176],[-8.28767,40.09345],[-8.29539,40.1003],[-8.29988,40.10182],[-8.30317,40.10199],[-8.31198,40.09736],[-8.31704,40.09539]]},"properties":{"osm_type":"way","osm_id":403642680,"country":"PT","name":"Miranda do Corvo - PC Vila Nova","operator":"E-REDES","wikidata":null,"wikipedia":null}},{"type":"Feature","geometry":{"type":"LineString","coordinates":[[-8.39003,39.97585],[-8.37545,39.98632],[-8.36413,39.99544],[-8.35761,39.99759],[-8.3509,39.99854],[-8.34433,39.99775],[-8.3159,40.00802],[-8.30994,40.00895],[-8.29475,40.02138]]},"properties":{"osm_type":"way","osm_id":403642681,"country":"PT","name":null,"operator":"EDP Renováveis","wikidata":null,"wikipedia":null}},{"type":"Feature","geometry":{"type":"LineString","coordinates":[[-8.38357,39.91255],[-8.38321,39.9172],[-8.37948,39.92362],[-8.37668,39.94102],[-8.36631,39.98832],[-8.36391,39.99516],[-8.35765,39.99724],[-8.35124,39.9981],[-8.34427,39.99742],[-8.23607,40.00986],[-8.23426,40.01049],[-8.23384,40.01017]]},"properties":{"osm_type":"way","osm_id":403642688,"country":"PT","name":"Ortiga (PRE) - Pontão","operator":"E-REDES","wikidata":null,"wikipedia":null}},{"type":"Feature","geometry":{"type":"LineString","coordinates":[[-8.39164,39.9743],[-8.39154,39.97495],[-8.37606,39.98617],[-8.37619,39.98989],[-8.37513,39.99133],[-8.35899,40.00671],[-8.35766,40.00962],[-8.35756,40.01169],[-8.35567,40.01311],[-8.34883,40.02643],[-8.33222,40.04643],[-8.31187,40.06966],[-8.30994,40.06983],[-8.30194,40.06222],[-8.28361,40.04971],[-8.28289,40.04488]]},"properties":{"osm_type":"way","osm_id":403642692,"country":"PT","name":"PC Vila Nova - Penela (REN)","operator":"E-REDES","wikidata":null,"wikipedia":null}},{"type":"Feature","geometry":{"type":"LineString","coordinates":[[-7.99778,39.48166],[-7.99896,39.4844],[-8.01698,39.48959],[-8.02104,39.4889],[-8.08138,39.48699],[-8.12611,39.48757],[-8.16927,39.4887],[-8.17835,39.48761]]},"properties":{"osm_type":"way","osm_id":403646189,"country":"PT","name":"Belver - Olho de Boi","operator":"E-REDES","wikidata":null,"wikipedia":null}},{"type":"Feature","geometry":{"type":"LineString","coordinates":[[-9.23826,38.77777],[-9.23817,38.77762]]},"properties":{"osm_type":"way","osm_id":403730981,"country":"PT","name":null,"operator":"REN","wikidata":null,"wikipedia":null}},{"type":"Feature","geometry":{"type":"LineString","coordinates":[[-9.23792,38.77763],[-9.23961,38.77694],[-9.23785,38.77752]]},"properties":{"osm_type":"way","osm_id":403730988,"country":"PT","name":null,"operator":"REN","wikidata":null,"wikipedia":null}},{"type":"Feature","geometry":{"type":"LineString","coordinates":[[-9.23928,38.77777],[-9.23753,38.77835]]},"properties":{"osm_type":"way","osm_id":403730989,"country":"PT","name":null,"operator":"REN","wikidata":null,"wikipedia":null}},{"type":"Feature","geometry":{"type":"LineString","coordinates":[[-9.17689,38.64774],[-9.17753,38.64503],[-9.17713,38.64296],[-9.16774,38.63495],[-9.14252,38.62443],[-9.13649,38.61762],[-9.11821,38.60754],[-9.10742,38.60323]]},"properties":{"osm_type":"way","osm_id":403736177,"country":"PT","name":null,"operator":"E-REDES","wikidata":null,"wikipedia":null}},{"type":"Feature","geometry":{"type":"LineString","coordinates":[[-8.48155,41.35836],[-8.48396,41.35881],[-8.48971,41.35791],[-8.51833,41.3578],[-8.53434,41.35543],[-8.53921,41.35597],[-8.54247,41.35735]]},"properties":{"osm_type":"way","osm_id":403832903,"country":"PT","name":"Areias - Lousado","operator":"E-REDES","wikidata":null,"wikipedia":null}},{"type":"Feature","geometry":{"type":"LineString","coordinates":[[-8.39179,41.40193],[-8.40323,41.39819],[-8.44579,41.37743],[-8.47079,41.36098],[-8.48003,41.36022],[-8.48145,41.35915],[-8.4814,41.35865]]},"properties":{"osm_type":"way","osm_id":403832927,"country":"PT","name":"Riba d'Ave (REN) - Areias","operator":"E-REDES","wikidata":null,"wikipedia":null}},{"type":"Feature","geometry":{"type":"LineString","coordinates":[[-8.4965,41.60445],[-8.49625,41.60422],[-8.52497,41.57608],[-8.53612,41.55282],[-8.53569,41.55253]]},"properties":{"osm_type":"way","osm_id":403842964,"country":"PT","name":"Oleiros (REN) - Penide","operator":"E-REDES","wikidata":null,"wikipedia":null}},{"type":"Feature","geometry":{"type":"LineString","coordinates":[[-8.53572,41.55213],[-8.54213,41.54611],[-8.54435,41.54599]]},"properties":{"osm_type":"way","osm_id":403842978,"country":"PT","name":"Penide - Águas do Cávado","operator":"E-REDES","wikidata":null,"wikipedia":null}},{"type":"Feature","geometry":{"type":"LineString","coordinates":[[-8.32652,39.5436],[-8.32575,39.54467],[-8.32595,39.54535],[-8.32739,39.54597]]},"properties":{"osm_type":"way","osm_id":403905630,"country":"PT","name":null,"operator":"REN","wikidata":null,"wikipedia":null}},{"type":"Feature","geometry":{"type":"LineString","coordinates":[[-8.22073,39.85439],[-8.2231,39.85011],[-8.22043,39.8192],[-8.22563,39.81085],[-8.23384,39.80013],[-8.24946,39.77528],[-8.25146,39.75996],[-8.26396,39.74021],[-8.27873,39.7152],[-8.2804,39.68424],[-8.31151,39.63972],[-8.31911,39.61549],[-8.32258,39.56943],[-8.31894,39.55582],[-8.32034,39.55028],[-8.32178,39.54711],[-8.32419,39.54547],[-8.32731,39.54616]]},"properties":{"osm_type":"way","osm_id":403905631,"country":"PT","name":"Bouçã - Zêzere 1","operator":"REN","wikidata":null,"wikipedia":null}},{"type":"Feature","geometry":{"type":"LineString","coordinates":[[-8.22046,39.8543],[-8.22264,39.85014],[-8.21976,39.81929],[-8.22524,39.81051],[-8.23335,39.8001],[-8.24909,39.77509],[-8.25091,39.75984],[-8.26343,39.74002],[-8.27815,39.71508],[-8.27985,39.68412],[-8.31132,39.63909],[-8.31852,39.61557],[-8.322,39.56946],[-8.31835,39.55583],[-8.31978,39.55015],[-8.32142,39.54691],[-8.32405,39.54521],[-8.32735,39.54606]]},"properties":{"osm_type":"way","osm_id":403905632,"country":"PT","name":"Bouçã - Zêzere 2","operator":"REN","wikidata":null,"wikipedia":null}},{"type":"Feature","geometry":{"type":"LineString","coordinates":[[-17.05949,32.68591],[-17.13049,32.73289],[-17.13307,32.73428],[-17.14049,32.73655],[-17.15121,32.73788],[-17.15351,32.73759]]},"properties":{"osm_type":"way","osm_id":430366027,"country":"PT","name":null,"operator":null,"wikidata":null,"wikipedia":null}},{"type":"Feature","geometry":{"type":"LineString","coordinates":[[-7.54397,41.15192],[-7.60402,41.13803],[-7.70073,41.12943],[-7.75013,41.13682],[-7.75516,41.13599],[-7.76488,41.13905],[-7.77586,41.14085]]},"properties":{"osm_type":"way","osm_id":440374368,"country":"PT","name":null,"operator":"E-REDES","wikidata":null,"wikipedia":null}},{"type":"Feature","geometry":{"type":"LineString","coordinates":[[-8.53067,41.08602],[-8.53322,41.08676]]},"properties":{"osm_type":"way","osm_id":440386693,"country":"PT","name":null,"operator":"E-REDES","wikidata":null,"wikipedia":null}},{"type":"Feature","geometry":{"type":"LineString","coordinates":[[-8.5153,37.19945],[-8.51995,37.20639],[-8.51998,37.20974],[-8.51898,37.213],[-8.52051,37.22475],[-8.52294,37.23308],[-8.52824,37.23914],[-8.52912,37.24265],[-8.50419,37.31199],[-8.505,37.31625],[-8.50358,37.31939],[-8.50625,37.32301],[-8.50711,37.32761],[-8.49896,37.38496],[-8.50973,37.49047],[-8.52022,37.50562]]},"properties":{"osm_type":"way","osm_id":449513282,"country":"PT","name":"Portimão - Saboia & Sines 2","operator":"REN","wikidata":null,"wikipedia":null}},{"type":"Feature","geometry":{"type":"LineString","coordinates":[[-6.94303,41.56683],[-6.93577,41.58344],[-6.88415,41.60604],[-6.85639,41.62374],[-6.85257,41.62691],[-6.8285,41.65671],[-6.82684,41.65949],[-6.81536,41.67399],[-6.81489,41.68285],[-6.81767,41.73154],[-6.81562,41.74224],[-6.80118,41.76664],[-6.77963,41.78603],[-6.77108,41.79169]]},"properties":{"osm_type":"way","osm_id":480649566,"country":"PT","name":null,"operator":"E-REDES","wikidata":null,"wikipedia":null}},{"type":"Feature","geometry":{"type":"LineString","coordinates":[[-7.75685,39.53346],[-7.75771,39.53898],[-7.74846,39.552],[-7.75041,39.57333],[-7.74994,39.58572],[-7.76305,39.61075],[-7.76668,39.63515],[-7.76264,39.65396],[-7.75766,39.66058],[-7.73443,39.67714],[-7.72775,39.67994],[-7.72158,39.68318],[-7.71888,39.68586],[-7.71737,39.69113],[-7.71743,39.69636],[-7.72649,39.70625],[-7.7274,39.71096],[-7.72548,39.71385],[-7.71957,39.71622],[-7.71555,39.71674],[-7.71133,39.71518],[-7.70791,39.71259],[-7.70312,39.71201],[-7.69805,39.71391],[-7.69309,39.71953],[-7.69125,39.72639],[-7.68696,39.733],[-7.67443,39.73825],[-7.65626,39.74774],[-7.61802,39.76418],[-7.597,39.77138],[-7.58082,39.77572],[-7.57201,39.77909],[-7.56544,39.7832],[-7.55711,39.79341],[-7.55149,39.81037],[-7.55278,39.82372]]},"properties":{"osm_type":"way","osm_id":502495586,"country":"PT","name":"Falagueira - Castelo Branco 3 & Fundão","operator":"REN","wikidata":null,"wikipedia":null}},{"type":"Feature","geometry":{"type":"LineString","coordinates":[[-7.906,38.57637],[-7.90887,38.58029],[-7.90776,38.58147],[-7.90267,38.58649],[-7.89577,38.58699],[-7.88203,38.57595],[-7.8816,38.56207],[-7.88336,38.55714],[-7.88235,38.55582]]},"properties":{"osm_type":"way","osm_id":504665059,"country":"PT","name":"Caeira - Évora I","operator":"E-REDES","wikidata":null,"wikipedia":null}},{"type":"Feature","geometry":{"type":"LineString","coordinates":[[-8.31504,38.26652],[-8.29561,38.26838],[-8.23843,38.24819],[-8.19995,38.21657],[-8.14567,38.15353],[-8.13495,38.08767],[-8.13616,38.08559],[-8.1302,38.05369]]},"properties":{"osm_type":"way","osm_id":504764348,"country":"PT","name":"Ferreira - Vale de Gaio","operator":"E-REDES","wikidata":null,"wikipedia":null}},{"type":"Feature","geometry":{"type":"LineString","coordinates":[[-7.76713,37.34437],[-7.76874,37.34385],[-7.77159,37.34583],[-7.77521,37.34978],[-7.80863,37.39599],[-7.82352,37.4043],[-7.82694,37.40847],[-7.83472,37.411],[-7.84341,37.41551],[-7.84445,37.4174],[-7.84245,37.43156],[-7.84431,37.45011],[-7.84112,37.46869],[-7.8443,37.47762],[-7.84707,37.48184],[-7.84754,37.48573],[-7.8511,37.49335]]},"properties":{"osm_type":"way","osm_id":534669167,"country":"PT","name":null,"operator":"Energy Means Life, S. A.","wikidata":null,"wikipedia":null}},{"type":"Feature","geometry":{"type":"LineString","coordinates":[[-7.97022,37.34846],[-7.93159,37.3458],[-7.90012,37.35666],[-7.83147,37.35649],[-7.82768,37.35564],[-7.82057,37.35637],[-7.79639,37.35021],[-7.77695,37.3492],[-7.77183,37.34583],[-7.77092,37.34415],[-7.76946,37.34323],[-7.76806,37.34331],[-7.76696,37.34423]]},"properties":{"osm_type":"way","osm_id":541015626,"country":"PT","name":"Tavira (REN) - Ameixial","operator":"E-REDES","wikidata":null,"wikipedia":null}},{"type":"Feature","geometry":{"type":"LineString","coordinates":[[-7.68835,40.97434],[-7.68956,40.98175],[-7.68446,40.99475],[-7.67193,41.00363],[-7.66894,41.00896],[-7.66769,41.01249],[-7.66629,41.03061],[-7.66174,41.05359],[-7.6598,41.05801],[-7.65915,41.06431],[-7.65107,41.07433],[-7.65148,41.08264],[-7.65227,41.08489],[-7.65444,41.08663],[-7.66307,41.09127],[-7.66397,41.09268],[-7.66353,41.0951],[-7.6618,41.09826]]},"properties":{"osm_type":"way","osm_id":542145784,"country":"PT","name":"Moimenta - Armamar","operator":"REN","wikidata":null,"wikipedia":null}},{"type":"Feature","geometry":{"type":"LineString","coordinates":[[-8.63112,38.55945],[-8.61507,38.58008],[-8.59476,38.59617],[-8.59402,38.59926],[-8.59507,38.62824],[-8.59366,38.63236],[-8.58817,38.63756],[-8.58811,38.63853],[-8.58961,38.64014],[-8.59941,38.64435],[-8.60361,38.64824]]},"properties":{"osm_type":"way","osm_id":543076234,"country":"PT","name":"Pegões - Palmela & Sines","operator":"REN","wikidata":null,"wikipedia":null}},{"type":"Feature","geometry":{"type":"LineString","coordinates":[[-7.57205,37.18604],[-7.57046,37.18642],[-7.56854,37.19036],[-7.56704,37.19661],[-7.57405,37.20107],[-7.58383,37.20951],[-7.58952,37.21206],[-7.59375,37.21481],[-7.60085,37.21735],[-7.60884,37.22233],[-7.61739,37.22628],[-7.62196,37.23034],[-7.62913,37.23352],[-7.63392,37.23693],[-7.64478,37.23989],[-7.65057,37.24305],[-7.65308,37.24464],[-7.65636,37.24905],[-7.65949,37.25083],[-7.66386,37.25244],[-7.66684,37.25434],[-7.68325,37.27142],[-7.68823,37.27541],[-7.69557,37.2795],[-7.70018,37.28311],[-7.70377,37.28752],[-7.70983,37.29083],[-7.72151,37.29553],[-7.72693,37.299],[-7.73257,37.30185],[-7.74807,37.31158],[-7.75789,37.32312],[-7.75956,37.32712],[-7.76139,37.32954],[-7.76461,37.33737],[-7.76785,37.33964],[-7.7669,37.34419]]},"properties":{"osm_type":"way","osm_id":569468460,"country":"PT","name":"Tavira (REN) - Conceição","operator":"E-REDES","wikidata":null,"wikipedia":null}},{"type":"Feature","geometry":{"type":"LineString","coordinates":[[-7.57206,37.18622],[-7.5709,37.18674],[-7.57018,37.18828],[-7.5716,37.19421],[-7.57093,37.19805],[-7.57439,37.20084],[-7.58124,37.20274]]},"properties":{"osm_type":"way","osm_id":569468461,"country":"PT","name":null,"operator":"E-REDES","wikidata":null,"wikipedia":null}},{"type":"Feature","geometry":{"type":"LineString","coordinates":[[-7.57207,37.18597],[-7.57084,37.18528],[-7.56919,37.18319]]},"properties":{"osm_type":"way","osm_id":569468464,"country":"PT","name":null,"operator":"E-REDES","wikidata":null,"wikipedia":null}},{"type":"Feature","geometry":{"type":"LineString","coordinates":[[-7.62658,38.10745],[-7.62655,38.09064],[-7.62579,38.08816],[-7.62513,38.08152],[-7.62385,38.0791],[-7.62097,38.0757],[-7.62231,38.07269],[-7.61327,38.04413],[-7.6128,38.04066],[-7.61476,38.03334]]},"properties":{"osm_type":"way","osm_id":585492065,"country":"PT","name":"PS Pias - Brinches","operator":"E-REDES","wikidata":null,"wikipedia":null}},{"type":"Feature","geometry":{"type":"LineString","coordinates":[[-7.56909,38.1462],[-7.57939,38.12975],[-7.59258,38.12153],[-7.59763,38.11567],[-7.599,38.11223],[-7.6028,38.11032],[-7.60706,38.11022],[-7.60884,38.10913],[-7.60595,38.10273],[-7.6109,38.0964],[-7.62564,38.09398],[-7.6265,38.10933]]},"properties":{"osm_type":"way","osm_id":585492073,"country":"PT","name":"PS Ínsua - PC Pias","operator":"E-REDES","wikidata":null,"wikipedia":null}},{"type":"Feature","geometry":{"type":"LineString","coordinates":[[-8.47351,41.21842],[-8.47382,41.21977],[-8.47179,41.2279],[-8.47349,41.23255],[-8.47382,41.24375],[-8.47185,41.24631],[-8.46217,41.252],[-8.45862,41.25627],[-8.45877,41.26042],[-8.46236,41.26473],[-8.46809,41.26675],[-8.4727,41.27035],[-8.48508,41.2741],[-8.48966,41.27645],[-8.49356,41.28],[-8.50053,41.29908],[-8.50306,41.30198],[-8.51364,41.3058],[-8.51897,41.30848],[-8.52554,41.30911],[-8.52894,41.30825],[-8.54734,41.3078],[-8.55477,41.30841],[-8.57922,41.30707],[-8.58338,41.30819],[-8.59572,41.31718],[-8.59992,41.32666],[-8.60372,41.33053],[-8.61004,41.33294],[-8.61161,41.33524],[-8.61104,41.3391],[-8.61474,41.3444],[-8.61801,41.34646],[-8.61987,41.34898],[-8.61924,41.35323],[-8.61691,41.35588],[-8.61429,41.3574]]},"properties":{"osm_type":"way","osm_id":591811117,"country":"PT","name":"Vila Nova de Famalicão - Vermoim & Recarei","operator":"REN","wikidata":null,"wikipedia":null}},{"type":"Feature","geometry":{"type":"LineString","coordinates":[[-8.21895,38.0865],[-8.21789,38.08643],[-8.2169,38.08518],[-8.20591,38.0822],[-8.19647,38.08149],[-8.1895,38.08476],[-8.18653,38.08478],[-8.17489,38.07662],[-8.17507,38.07516],[-8.17289,38.07235],[-8.16757,38.06728],[-8.15848,38.06461],[-8.15596,38.06322],[-8.14447,38.05896],[-8.12897,38.05778]]},"properties":{"osm_type":"way","osm_id":606513778,"country":"PT","name":"CFV Malhada Velha - Ferreira (REN)","operator":"E-REDES","wikidata":null,"wikipedia":null}},{"type":"Feature","geometry":{"type":"LineString","coordinates":[[-8.57228,40.78165],[-8.57061,40.78177]]},"properties":{"osm_type":"way","osm_id":614760942,"country":"PT","name":null,"operator":"E-REDES","wikidata":null,"wikipedia":null}},{"type":"Feature","geometry":{"type":"LineString","coordinates":[[-7.84616,41.28362],[-7.83855,41.28429],[-7.80374,41.28582],[-7.80089,41.28669],[-7.79359,41.28767]]},"properties":{"osm_type":"way","osm_id":618242174,"country":"PT","name":"Telheira - Pena Suar (PRE)","operator":"E-REDES","wikidata":null,"wikipedia":null}},{"type":"Feature","geometry":{"type":"LineString","coordinates":[[-7.4333,41.0555],[-7.40743,41.04231],[-7.40742,41.04066],[-7.40224,41.03245],[-7.39841,41.03029],[-7.39373,41.02971],[-7.39054,41.02835],[-7.38839,41.02642],[-7.38537,41.02673],[-7.37867,41.02462],[-7.37581,41.01873],[-7.37038,41.01439],[-7.36762,41.01276],[-7.36432,41.01311]]},"properties":{"osm_type":"way","osm_id":622458232,"country":"PT","name":null,"operator":"Finerge","wikidata":null,"wikipedia":null}},{"type":"Feature","geometry":{"type":"LineString","coordinates":[[-7.63408,38.26989],[-7.6145,38.2982],[-7.60407,38.30464],[-7.5935,38.31045],[-7.58201,38.31845],[-7.57417,38.33506]]},"properties":{"osm_type":"way","osm_id":653132501,"country":"PT","name":null,"operator":"E-REDES","wikidata":null,"wikipedia":null}},{"type":"Feature","geometry":{"type":"LineString","coordinates":[[-7.90914,38.58045],[-7.91025,38.5821],[-7.9135,38.58373],[-7.9273,38.58446],[-7.93384,38.58],[-7.94102,38.57161],[-8.01473,38.52133],[-8.08262,38.42724],[-8.14065,38.38797],[-8.18287,38.36234],[-8.27221,38.28187],[-8.31506,38.26658]]},"properties":{"osm_type":"way","osm_id":653564353,"country":"PT","name":"Vale de Gaio - Évora","operator":"E-REDES","wikidata":null,"wikipedia":null}},{"type":"Feature","geometry":{"type":"LineString","coordinates":[[-7.17077,38.89095],[-7.1656,38.89916],[-7.16066,38.90109],[-7.15761,38.90188],[-7.14912,38.90161],[-7.13307,38.90369],[-7.11381,38.90509],[-7.1077,38.9077],[-7.09645,38.91628],[-7.08311,38.91336],[-7.06646,38.91369],[-7.04072,38.92353],[-7.03553,38.92356],[-7.0287,38.92179],[-7.02614,38.92244]]},"properties":{"osm_type":"way","osm_id":653736217,"country":"PT","name":"Alcáçova - Riocaya","operator":"E-REDES","wikidata":null,"wikipedia":null}},{"type":"Feature","geometry":{"type":"LineString","coordinates":[[-7.16909,38.88739],[-7.17077,38.89095],[-7.17224,38.89029]]},"properties":{"osm_type":"way","osm_id":653736219,"country":"PT","name":null,"operator":"E-REDES","wikidata":null,"wikipedia":null}},{"type":"Feature","geometry":{"type":"LineString","coordinates":[[-7.8036,38.93932],[-7.71071,38.90471],[-7.62895,38.85972],[-7.60327,38.85354],[-7.59934,38.85336]]},"properties":{"osm_type":"way","osm_id":653736222,"country":"PT","name":"Maranhão - Alcáçova","operator":"E-REDES","wikidata":null,"wikipedia":null}},{"type":"Feature","geometry":{"type":"LineString","coordinates":[[-8.49255,38.94159],[-8.49099,38.94187],[-8.49001,38.94026],[-8.48473,38.93652],[-8.48489,38.93594]]},"properties":{"osm_type":"way","osm_id":654824648,"country":"PT","name":"Coruche - Equipar (cliente)","operator":"E-REDES","wikidata":null,"wikipedia":null}},{"type":"Feature","geometry":{"type":"LineString","coordinates":[[-8.67535,39.07531],[-8.6763,39.08242],[-8.64537,39.18376],[-8.62417,39.19505],[-8.62274,39.19656]]},"properties":{"osm_type":"way","osm_id":655479894,"country":"PT","name":null,"operator":"E-REDES","wikidata":null,"wikipedia":null}},{"type":"Feature","geometry":{"type":"LineString","coordinates":[[-8.68355,39.03337],[-8.73041,38.99584],[-8.73467,38.99301],[-8.73749,38.99352]]},"properties":{"osm_type":"way","osm_id":655479895,"country":"PT","name":null,"operator":"E-REDES","wikidata":null,"wikipedia":null}},{"type":"Feature","geometry":{"type":"LineString","coordinates":[[-8.76612,37.73561],[-8.76431,37.73633],[-8.76305,37.73748],[-8.76068,37.75211],[-8.76194,37.79295],[-8.76354,37.79749],[-8.76362,37.79968],[-8.76239,37.8023],[-8.76554,37.90115],[-8.76503,37.90277],[-8.76288,37.90508],[-8.7492,37.91731]]},"properties":{"osm_type":"way","osm_id":656602010,"country":"PT","name":null,"operator":"E-REDES","wikidata":null,"wikipedia":null}},{"type":"Feature","geometry":{"type":"LineString","coordinates":[[-7.22578,39.9125],[-7.23633,39.90494],[-7.24141,39.90359],[-7.24172,39.90081],[-7.26117,39.88816],[-7.28261,39.88046],[-7.29112,39.88172],[-7.29957,39.87963],[-7.32575,39.86106],[-7.47313,39.85704],[-7.49799,39.8559],[-7.51011,39.84689],[-7.51781,39.83915],[-7.5172,39.83412],[-7.52044,39.82499],[-7.52089,39.82204],[-7.52054,39.82207]]},"properties":{"osm_type":"way","osm_id":657029411,"country":"PT","name":"Talagueira - Senhora da Graça","operator":"E-REDES","wikidata":null,"wikipedia":null}},{"type":"Feature","geometry":{"type":"LineString","coordinates":[[-7.12364,41.13784],[-7.11469,41.1387],[-7.09338,41.14538],[-7.08627,41.14467],[-7.02225,41.12415],[-6.9714,41.08175],[-6.89028,41.06231],[-6.83778,41.04002],[-6.82417,41.03881],[-6.80711,41.04313]]},"properties":{"osm_type":"way","osm_id":661761039,"country":"PT","name":"Pocinho - Saucelle","operator":"REN","wikidata":null,"wikipedia":null}},{"type":"Feature","geometry":{"type":"LineString","coordinates":[[-7.59845,37.95075],[-7.6137,37.9738],[-7.62051,37.995],[-7.61918,38.02865]]},"properties":{"osm_type":"way","osm_id":663634338,"country":"PT","name":null,"operator":"E-REDES","wikidata":null,"wikipedia":null}},{"type":"Feature","geometry":{"type":"LineString","coordinates":[[-7.66373,39.18937],[-7.6635,39.18906],[-7.66664,39.18756],[-7.69909,39.18824],[-7.73793,39.27466],[-7.80549,39.27119],[-7.85062,39.26994],[-7.87436,39.26436],[-7.89815,39.26386],[-7.92186,39.25652],[-8.00019,39.23436]]},"properties":{"osm_type":"way","osm_id":671733983,"country":"PT","name":"Ponte Sôr - Alter do Chão","operator":"E-REDES","wikidata":null,"wikipedia":null}},{"type":"Feature","geometry":{"type":"LineString","coordinates":[[-7.75631,41.13773],[-7.75829,41.13642],[-7.75855,41.13515],[-7.75553,41.13097],[-7.7533,41.12561],[-7.75371,41.12216],[-7.76024,41.11549],[-7.76356,41.11371],[-7.76758,41.11236],[-7.78496,41.11519],[-7.79031,41.11717],[-7.79897,41.11758],[-7.80196,41.11882],[-7.80626,41.12271],[-7.80815,41.12339],[-7.81865,41.12293],[-7.82154,41.12408],[-7.82662,41.13143]]},"properties":{"osm_type":"way","osm_id":690953966,"country":"PT","name":"Armamar - Recarei","operator":"REN","wikidata":null,"wikipedia":null}},{"type":"Feature","geometry":{"type":"LineString","coordinates":[[-7.70332,41.34155],[-7.69976,41.33393],[-7.68968,41.31542],[-7.67929,41.30939],[-7.67005,41.30172],[-7.66567,41.2915],[-7.65851,41.28518],[-7.65946,41.28313],[-7.66643,41.27423],[-7.6723,41.2586],[-7.68515,41.24754],[-7.70057,41.23949],[-7.71687,41.2301],[-7.72271,41.22743],[-7.72421,41.22416],[-7.7368,41.1864],[-7.73589,41.18434],[-7.73773,41.18169],[-7.73978,41.17288],[-7.74351,41.1513]]},"properties":{"osm_type":"way","osm_id":690953969,"country":"PT","name":null,"operator":"E-REDES","wikidata":null,"wikipedia":null}},{"type":"Feature","geometry":{"type":"LineString","coordinates":[[-6.88592,41.50148],[-6.87815,41.51677],[-6.82429,41.5617],[-6.79096,41.7049],[-6.78901,41.73864],[-6.78561,41.74302],[-6.78724,41.74495],[-6.78848,41.74848],[-6.78835,41.75002],[-6.77398,41.77306],[-6.77068,41.78557]]},"properties":{"osm_type":"way","osm_id":691107577,"country":"PT","name":"Macedo de Cavaleiros (REN) - Bragança II","operator":"E-REDES","wikidata":null,"wikipedia":null}},{"type":"Feature","geometry":{"type":"LineString","coordinates":[[-8.39178,40.89735],[-8.3895,40.89716],[-8.38463,40.89258],[-8.38153,40.89068],[-8.37715,40.88914],[-8.36152,40.88811],[-8.358,40.88748],[-8.35663,40.88781],[-8.27425,40.88214],[-8.26827,40.88381]]},"properties":{"osm_type":"way","osm_id":693590389,"country":"PT","name":"Serra da Freita (PRE) - Carregosa","operator":"E-REDES","wikidata":null,"wikipedia":null}},{"type":"Feature","geometry":{"type":"LineString","coordinates":[[-9.2439,38.77911],[-9.24584,38.77956],[-9.24404,38.78266],[-9.24516,38.79361],[-9.25279,38.80802],[-9.26823,38.8211],[-9.28591,38.82982],[-9.29681,38.83347],[-9.30005,38.83396]]},"properties":{"osm_type":"way","osm_id":696181122,"country":"PT","name":null,"operator":"E-REDES","wikidata":null,"wikipedia":null}},{"type":"Feature","geometry":{"type":"LineString","coordinates":[[-7.65582,40.96414],[-7.65869,40.96416],[-7.66199,40.96539],[-7.66432,40.96746],[-7.67482,40.99221],[-7.67558,40.9926],[-7.67603,40.99445],[-7.67493,40.99565],[-7.6756,41.01049],[-7.68402,41.02042],[-7.68899,41.02307],[-7.69956,41.03907],[-7.69971,41.04206],[-7.70169,41.04346],[-7.70513,41.04463],[-7.70819,41.04911],[-7.71193,41.05155],[-7.71304,41.05325],[-7.71297,41.05566],[-7.7152,41.06026],[-7.72189,41.07873],[-7.72535,41.09064],[-7.73044,41.09557],[-7.74596,41.11486],[-7.74875,41.11758],[-7.75702,41.13679],[-7.75937,41.13821],[-7.75872,41.13883]]},"properties":{"osm_type":"way","osm_id":698743404,"country":"PT","name":null,"operator":"E-REDES","wikidata":null,"wikipedia":null}},{"type":"Feature","geometry":{"type":"LineString","coordinates":[[-7.83522,40.5519],[-7.83562,40.55175]]},"properties":{"osm_type":"way","osm_id":715840599,"country":"PT","name":null,"operator":"E-REDES","wikidata":null,"wikipedia":null}},{"type":"Feature","geometry":{"type":"LineString","coordinates":[[-7.83575,40.55172],[-7.83612,40.5517],[-7.83522,40.5519]]},"properties":{"osm_type":"way","osm_id":715840600,"country":"PT","name":null,"operator":"E-REDES","wikidata":null,"wikipedia":null}},{"type":"Feature","geometry":{"type":"LineString","coordinates":[[-8.35437,41.81207],[-8.35461,41.81159],[-8.36301,41.81029],[-8.38266,41.80373],[-8.42521,41.79358]]},"properties":{"osm_type":"way","osm_id":716752595,"country":"PT","name":null,"operator":"E-REDES","wikidata":null,"wikipedia":null}},{"type":"Feature","geometry":{"type":"LineString","coordinates":[[-8.07951,41.00221],[-8.07844,41.00134],[-8.08001,40.99766],[-8.08065,40.985],[-8.14241,40.93221],[-8.14217,40.92526],[-8.14479,40.9204],[-8.14219,40.91324],[-8.1484,40.90612],[-8.14816,40.89911],[-8.14901,40.89516],[-8.14948,40.88407],[-8.15622,40.87234],[-8.15446,40.8627],[-8.16299,40.82923],[-8.16447,40.82681]]},"properties":{"osm_type":"way","osm_id":722623103,"country":"PT","name":null,"operator":"Finerge","wikidata":null,"wikipedia":null}},{"type":"Feature","geometry":{"type":"LineString","coordinates":[[-8.29217,40.9579],[-8.36032,40.90006],[-8.36663,40.89422],[-8.42172,40.84856],[-8.43406,40.83941],[-8.44121,40.8378],[-8.44567,40.83472],[-8.44836,40.8287],[-8.47232,40.81096],[-8.49223,40.79993],[-8.51846,40.79659],[-8.52547,40.79532],[-8.5339,40.79266],[-8.53698,40.79115],[-8.54939,40.78765],[-8.55409,40.78561]]},"properties":{"osm_type":"way","osm_id":722623109,"country":"PT","name":"Carrapatelo - Estarreja 3","operator":"REN","wikidata":null,"wikipedia":null}},{"type":"Feature","geometry":{"type":"LineString","coordinates":[[-8.49129,40.80118],[-8.47269,40.81128],[-8.44894,40.82898],[-8.44634,40.83493],[-8.44144,40.83825],[-8.43439,40.83982],[-8.42209,40.84892],[-8.37905,40.88482],[-8.27462,40.97345],[-8.26873,40.9772],[-8.26654,40.98027],[-8.26128,40.98477],[-8.25368,40.99042],[-8.24901,40.99151],[-8.23852,41.00171],[-8.22788,41.01001],[-8.21707,41.01469],[-8.21032,41.01544],[-8.20085,41.0132],[-8.19751,41.01357],[-8.19194,41.01737],[-8.18903,41.02448],[-8.18886,41.03678],[-8.18709,41.04074],[-8.17697,41.04832],[-8.13575,41.07658],[-8.13025,41.08118]]},"properties":{"osm_type":"way","osm_id":722623110,"country":"PT","name":"Carrapatelo - Estarreja 2 & Mourisca","operator":"REN","wikidata":null,"wikipedia":null}},{"type":"Feature","geometry":{"type":"LineString","coordinates":[[-7.91934,38.63301],[-7.9186,38.63266],[-7.91598,38.63322],[-7.90892,38.63611],[-7.90326,38.63658],[-7.90218,38.63866],[-7.91044,38.67225],[-7.90835,38.67638],[-7.90426,38.68858],[-7.90659,38.70677],[-7.90894,38.71658],[-7.94484,38.73952],[-7.94694,38.74076],[-7.94991,38.74174]]},"properties":{"osm_type":"way","osm_id":747467887,"country":"PT","name":"Divor (REN) - Cerâmica","operator":"E-REDES","wikidata":null,"wikipedia":null}},{"type":"Feature","geometry":{"type":"LineString","coordinates":[[-8.53555,41.22645],[-8.52807,41.23063],[-8.52087,41.22856],[-8.51465,41.22603],[-8.51027,41.22833],[-8.50772,41.23406],[-8.50522,41.23774],[-8.50337,41.2384],[-8.5042,41.23942],[-8.50164,41.24351],[-8.49941,41.24455],[-8.49774,41.25006],[-8.49428,41.25556],[-8.48826,41.2592],[-8.4849,41.26183]]},"properties":{"osm_type":"way","osm_id":747921579,"country":"PT","name":"Alfena - Neoplástica","operator":"E-REDES","wikidata":null,"wikipedia":null}},{"type":"Feature","geometry":{"type":"LineString","coordinates":[[-8.41668,41.25306],[-8.40729,41.24916],[-8.39884,41.2437],[-8.38104,41.21568]]},"properties":{"osm_type":"way","osm_id":747937835,"country":"PT","name":"Rebordosa - Lordelo","operator":"E-REDES","wikidata":null,"wikipedia":null}},{"type":"Feature","geometry":{"type":"LineString","coordinates":[[-8.41692,41.25312],[-8.41933,41.25419],[-8.42274,41.25468],[-8.42966,41.26345],[-8.42832,41.27582],[-8.42352,41.27779],[-8.42371,41.2782]]},"properties":{"osm_type":"way","osm_id":747937841,"country":"PT","name":"Lordelo - IKEA","operator":"E-REDES","wikidata":null,"wikipedia":null}},{"type":"Feature","geometry":{"type":"LineString","coordinates":[[-8.44768,38.6718],[-8.44677,38.66933],[-8.44121,38.66584],[-8.42605,38.66244],[-8.42301,38.66138],[-8.41767,38.65838],[-8.39925,38.6515],[-8.39635,38.65138],[-8.39267,38.65588],[-8.39058,38.65681],[-8.38377,38.65544],[-8.38182,38.65545],[-8.38029,38.65684],[-8.3803,38.66036],[-8.37966,38.66148],[-8.37687,38.66248],[-8.36432,38.66364],[-8.34812,38.65907],[-8.33596,38.65739],[-8.32884,38.65935],[-8.32429,38.6558],[-8.28023,38.64963],[-8.27063,38.64667],[-8.25922,38.64659],[-8.25545,38.64832],[-8.24908,38.64895],[-8.24444,38.64806],[-8.24063,38.64656],[-8.23953,38.64377],[-8.23152,38.64152],[-8.22504,38.64211],[-8.2238,38.64095],[-8.21273,38.63701],[-8.2091,38.63664],[-8.20411,38.64088],[-8.20194,38.64427],[-8.20028,38.64475]]},"properties":{"osm_type":"way","osm_id":748281331,"country":"PT","name":"Montemor - Vendas Novas","operator":"E-REDES","wikidata":null,"wikipedia":null}},{"type":"Feature","geometry":{"type":"LineString","coordinates":[[-8.09297,38.05679],[-8.0995,38.05898]]},"properties":{"osm_type":"way","osm_id":748919821,"country":"PT","name":null,"operator":"E-REDES","wikidata":null,"wikipedia":null}},{"type":"Feature","geometry":{"type":"LineString","coordinates":[[-8.09982,38.05913],[-8.0995,38.05898]]},"properties":{"osm_type":"way","osm_id":748919822,"country":"PT","name":null,"operator":"E-REDES","wikidata":null,"wikipedia":null}},{"type":"Feature","geometry":{"type":"LineString","coordinates":[[-7.87284,38.01161],[-7.87374,38.01256],[-7.88123,38.01687],[-7.8823,38.01971],[-7.8822,38.02492],[-7.88031,38.0286],[-7.87867,38.02952],[-7.8562,38.03287],[-7.84908,38.03229],[-7.84132,38.03076],[-7.72464,38.02829],[-7.61868,38.04117]]},"properties":{"osm_type":"way","osm_id":748933228,"country":"PT","name":null,"operator":"E-REDES","wikidata":null,"wikipedia":null}},{"type":"Feature","geometry":{"type":"LineString","coordinates":[[-7.56305,38.09858],[-7.5647,38.09947],[-7.57597,38.09966],[-7.58423,38.09467],[-7.5915,38.09647],[-7.60413,38.09748],[-7.6078,38.09586],[-7.61745,38.09502],[-7.62553,38.09358],[-7.627,38.09455],[-7.62709,38.10896]]},"properties":{"osm_type":"way","osm_id":748945498,"country":"PT","name":"PC Pias - EE Amoreira","operator":"E-REDES","wikidata":null,"wikipedia":null}},{"type":"Feature","geometry":{"type":"LineString","coordinates":[[-7.63342,38.11009],[-7.63699,38.1091],[-7.64717,38.11198],[-7.65232,38.11291],[-7.65563,38.11328],[-7.65969,38.11306],[-7.66709,38.11025],[-7.67222,38.10654],[-7.7058,38.1006],[-7.72276,38.08403],[-7.7312,38.08345],[-7.73364,38.08205],[-7.73592,38.07876],[-7.74486,38.07862],[-7.7575,38.07671],[-7.76403,38.07752]]},"properties":{"osm_type":"way","osm_id":748949111,"country":"PT","name":null,"operator":"E-REDES","wikidata":null,"wikipedia":null}},{"type":"Feature","geometry":{"type":"LineString","coordinates":[[-7.63362,38.11049],[-7.63342,38.11009]]},"properties":{"osm_type":"way","osm_id":748952185,"country":"PT","name":null,"operator":"E-REDES","wikidata":null,"wikipedia":null}},{"type":"Feature","geometry":{"type":"LineString","coordinates":[[-7.23811,38.20698],[-7.23681,38.20634],[-7.236,38.19475],[-7.234,38.19231],[-7.22693,38.19317],[-7.22264,38.1928]]},"properties":{"osm_type":"way","osm_id":748954102,"country":"PT","name":null,"operator":"E-REDES","wikidata":null,"wikipedia":null}},{"type":"Feature","geometry":{"type":"LineString","coordinates":[[-7.57381,38.33521],[-7.57407,38.3349],[-7.57489,38.33523],[-7.5722,38.3412],[-7.54926,38.35256],[-7.53911,38.3563],[-7.52945,38.3657],[-7.52147,38.36926],[-7.51829,38.37348],[-7.51656,38.38209],[-7.51686,38.38737],[-7.50594,38.39684],[-7.5074,38.40377],[-7.50108,38.41318],[-7.50459,38.42655],[-7.52217,38.43808],[-7.52976,38.44455],[-7.53001,38.44564]]},"properties":{"osm_type":"way","osm_id":748963817,"country":"PT","name":"Álamos - Reguengos","operator":"E-REDES","wikidata":null,"wikipedia":null}},{"type":"Feature","geometry":{"type":"LineString","coordinates":[[-8.53218,37.17781],[-8.53701,37.17829],[-8.55999,37.18628],[-8.57254,37.18712],[-8.58096,37.1913],[-8.59882,37.18549],[-8.60067,37.18437],[-8.61129,37.183],[-8.62737,37.18252],[-8.6657,37.17428],[-8.67577,37.16851],[-8.69353,37.15091]]},"properties":{"osm_type":"way","osm_id":749708949,"country":"PT","name":"Porto de Lagos - PS Bensafrim","operator":"E-REDES","wikidata":null,"wikipedia":null}},{"type":"Feature","geometry":{"type":"LineString","coordinates":[[-8.43239,37.14107],[-8.44184,37.14296],[-8.44399,37.1441],[-8.44615,37.14384],[-8.45993,37.1466],[-8.46807,37.1493],[-8.47106,37.15088],[-8.48515,37.15623],[-8.50084,37.16045],[-8.50698,37.16144],[-8.52894,37.17676],[-8.53215,37.17751]]},"properties":{"osm_type":"way","osm_id":749708950,"country":"PT","name":"Porto de Lagos - Lameiras","operator":"E-REDES","wikidata":null,"wikipedia":null}},{"type":"Feature","geometry":{"type":"LineString","coordinates":[[-8.53236,37.1775],[-8.53248,37.1773]]},"properties":{"osm_type":"way","osm_id":749708953,"country":"PT","name":null,"operator":"E-REDES","wikidata":null,"wikipedia":null}},{"type":"Feature","geometry":{"type":"LineString","coordinates":[[-8.53262,37.17752],[-8.53432,37.17728],[-8.54222,37.17371],[-8.55756,37.14867],[-8.55921,37.12571]]},"properties":{"osm_type":"way","osm_id":749710574,"country":"PT","name":null,"operator":"E-REDES","wikidata":null,"wikipedia":null}},{"type":"Feature","geometry":{"type":"LineString","coordinates":[[-7.47911,37.25968],[-7.47882,37.26027]]},"properties":{"osm_type":"way","osm_id":749789253,"country":"PT","name":null,"operator":"E-REDES","wikidata":null,"wikipedia":null}},{"type":"Feature","geometry":{"type":"LineString","coordinates":[[-7.47911,37.25968],[-7.4789,37.26025]]},"properties":{"osm_type":"way","osm_id":749789254,"country":"PT","name":null,"operator":"E-REDES","wikidata":null,"wikipedia":null}},{"type":"Feature","geometry":{"type":"LineString","coordinates":[[-7.4796,37.26091],[-7.47895,37.26042]]},"properties":{"osm_type":"way","osm_id":749789257,"country":"PT","name":null,"operator":"E-REDES","wikidata":null,"wikipedia":null}},{"type":"Feature","geometry":{"type":"LineString","coordinates":[[-7.4796,37.26091],[-7.47895,37.26042]]},"properties":{"osm_type":"way","osm_id":749789258,"country":"PT","name":null,"operator":"E-REDES","wikidata":null,"wikipedia":null}},{"type":"Feature","geometry":{"type":"LineString","coordinates":[[-8.7492,37.91731],[-8.74646,37.93105],[-8.74939,37.97072],[-8.74726,37.97729],[-8.74597,37.97883],[-8.74592,37.9834]]},"properties":{"osm_type":"way","osm_id":750018681,"country":"PT","name":null,"operator":"E-REDES","wikidata":null,"wikipedia":null}},{"type":"Feature","geometry":{"type":"LineString","coordinates":[[-8.31917,38.26567],[-8.439,38.35009],[-8.45478,38.36717]]},"properties":{"osm_type":"way","osm_id":751766525,"country":"PT","name":null,"operator":"E-REDES","wikidata":null,"wikipedia":null}},{"type":"Feature","geometry":{"type":"LineString","coordinates":[[-8.38742,41.58875],[-8.36716,41.65707],[-8.3331,41.763],[-8.2752,41.8484],[-8.2703,41.85897]]},"properties":{"osm_type":"way","osm_id":752989433,"country":"PT","name":"Lindoso - Pedralva (REN)","operator":"E-REDES","wikidata":null,"wikipedia":null}},{"type":"Feature","geometry":{"type":"LineString","coordinates":[[-6.73758,41.21943],[-6.73526,41.22144],[-6.71956,41.22278],[-6.49373,41.33169],[-6.40418,41.39281],[-6.3706,41.3988],[-6.36727,41.39839],[-6.35945,41.39349],[-6.35745,41.39071],[-6.35392,41.38325]]},"properties":{"osm_type":"way","osm_id":753596560,"country":"PT","name":"Picote - Lagoaça 1","operator":"REN","wikidata":null,"wikipedia":null}},{"type":"Feature","geometry":{"type":"LineString","coordinates":[[-7.02239,41.19013],[-7.03845,41.1931],[-7.05614,41.19501],[-7.06591,41.19513],[-7.0687,41.19378],[-7.0758,41.18162],[-7.08174,41.16645],[-7.12059,41.141],[-7.12441,41.13796]]},"properties":{"osm_type":"way","osm_id":753700456,"country":"PT","name":"Central do Baixo Sabor - Pocinho","operator":"REN","wikidata":null,"wikipedia":null}},{"type":"Feature","geometry":{"type":"LineString","coordinates":[[-7.70915,39.59151],[-7.71174,39.59141],[-7.7156,39.58791],[-7.73869,39.57301],[-7.75861,39.56573],[-7.76623,39.56561],[-7.77203,39.56727],[-7.79467,39.56452],[-7.80185,39.56654],[-7.80831,39.56767],[-7.81453,39.56701]]},"properties":{"osm_type":"way","osm_id":754085463,"country":"PT","name":"Pracana - PC Velada","operator":"E-REDES","wikidata":null,"wikipedia":null}},{"type":"Feature","geometry":{"type":"LineString","coordinates":[[-7.42675,41.21573],[-7.42686,41.21716],[-7.42426,41.2211],[-7.41836,41.22282],[-7.40395,41.22035],[-7.3995,41.21859],[-7.39066,41.21705],[-7.38191,41.2169],[-7.37582,41.21579],[-7.36815,41.21631],[-7.36336,41.21593],[-7.35168,41.21081],[-7.34733,41.19779]]},"properties":{"osm_type":"way","osm_id":754131028,"country":"PT","name":"Foz Tua - Armamar","operator":"REN","wikidata":null,"wikipedia":null}},{"type":"Feature","geometry":{"type":"LineString","coordinates":[[-7.37186,41.16428],[-7.37278,41.16333],[-7.37314,41.16153]]},"properties":{"osm_type":"way","osm_id":754131029,"country":"PT","name":"Mogadouro - Valeira","operator":"REN","wikidata":null,"wikipedia":null}},{"type":"Feature","geometry":{"type":"LineString","coordinates":[[-7.37912,41.16181],[-7.37826,41.16144]]},"properties":{"osm_type":"way","osm_id":754131030,"country":"PT","name":"Valeira - Armamar 1&2","operator":"REN","wikidata":null,"wikipedia":null}},{"type":"Feature","geometry":{"type":"LineString","coordinates":[[-7.49396,40.16951],[-7.49341,40.17224],[-7.4966,40.17829],[-7.49877,40.19666],[-7.50219,40.20823],[-7.49933,40.21669],[-7.49432,40.21615],[-7.48819,40.21858],[-7.48419,40.22306],[-7.4834,40.22575],[-7.48313,40.23043],[-7.47927,40.23483],[-7.47769,40.2348]]},"properties":{"osm_type":"way","osm_id":754139029,"country":"PT","name":"Ferro (REN) - Fundão II","operator":"E-REDES","wikidata":null,"wikipedia":null}},{"type":"Feature","geometry":{"type":"LineString","coordinates":[[-7.7291,41.57077],[-7.72826,41.56925],[-7.72899,41.56366],[-7.73012,41.56155],[-7.73728,41.55338],[-7.75188,41.54532],[-7.75524,41.54144],[-7.75722,41.53995],[-7.76519,41.53779]]},"properties":{"osm_type":"way","osm_id":767739611,"country":"PT","name":"SE Gouvães - PC Alto Tâmega","operator":"Iberdrola","wikidata":null,"wikipedia":null}},{"type":"Feature","geometry":{"type":"LineString","coordinates":[[-7.72616,41.55922],[-7.7275,41.55872],[-7.7281,41.55691],[-7.74113,41.54788],[-7.74948,41.54316],[-7.7538,41.53989],[-7.75961,41.53784],[-7.76482,41.53695]]},"properties":{"osm_type":"way","osm_id":767739614,"country":"PT","name":"LN Covas do Barroso - Soutelo - PC Fonte do Mouro","operator":"E-REDES","wikidata":null,"wikipedia":null}},{"type":"Feature","geometry":{"type":"LineString","coordinates":[[-7.01511,41.22763],[-7.01548,41.227],[-7.00869,41.22573],[-7.00329,41.22904],[-6.9966,41.22801],[-6.99458,41.2243],[-6.99814,41.21299],[-6.99853,41.20531],[-7.0019,41.19486],[-7.00557,41.19062],[-7.00965,41.18934]]},"properties":{"osm_type":"way","osm_id":771616111,"country":"PT","name":"Central do Baixo Sabor - Pocinho","operator":"REN","wikidata":null,"wikipedia":null}},{"type":"Feature","geometry":{"type":"LineString","coordinates":[[-8.09231,41.50813],[-8.09404,41.5095],[-8.09883,41.51161],[-8.11467,41.52137],[-8.12065,41.52312],[-8.19186,41.52061]]},"properties":{"osm_type":"way","osm_id":809254304,"country":"PT","name":"Terras Altas de Fafe - Fafe","operator":"REN","wikidata":null,"wikipedia":null}},{"type":"Feature","geometry":{"type":"LineString","coordinates":[[-7.76646,37.34588],[-7.76932,37.34881],[-7.77103,37.35146],[-7.77102,37.35307],[-7.76867,37.35672],[-7.74581,37.36711],[-7.69986,37.3821]]},"properties":{"osm_type":"way","osm_id":809641615,"country":"PT","name":"Alcoutim - Tavira","operator":"REN","wikidata":null,"wikipedia":null}},{"type":"Feature","geometry":{"type":"LineString","coordinates":[[-8.28054,37.2735],[-8.28235,37.27543],[-8.28623,37.27656],[-8.28838,37.27825]]},"properties":{"osm_type":"way","osm_id":809641618,"country":"PT","name":"Portimão - Tunes 3","operator":"REN","wikidata":null,"wikipedia":null}},{"type":"Feature","geometry":{"type":"LineString","coordinates":[[-8.63112,38.55945],[-8.64929,38.57854],[-8.67628,38.59144],[-8.72032,38.59624],[-8.83923,38.57609],[-8.85439,38.57366],[-8.8569,38.57403]]},"properties":{"osm_type":"way","osm_id":809641621,"country":"PT","name":"Palmela - Pegões","operator":"REN","wikidata":null,"wikipedia":null}},{"type":"Feature","geometry":{"type":"LineString","coordinates":[[-7.92287,38.63534],[-7.9194,38.6374],[-7.9177,38.63759],[-7.90983,38.63537],[-7.8923,38.63348],[-7.8851,38.63797],[-7.87587,38.64139],[-7.87322,38.6416],[-7.86153,38.6451],[-7.84611,38.66716],[-7.8428,38.67019],[-7.83633,38.6789],[-7.83587,38.68342],[-7.83642,38.69001],[-7.8297,38.69409],[-7.82219,38.69976],[-7.81883,38.70168],[-7.78613,38.71645],[-7.78278,38.71697],[-7.77261,38.71655],[-7.76171,38.7219],[-7.75353,38.72268],[-7.71938,38.73953],[-7.7029,38.75834],[-7.69887,38.76663],[-7.69469,38.77094],[-7.68901,38.7742],[-7.68279,38.78139],[-7.6803,38.78682],[-7.67561,38.79063],[-7.67105,38.79905],[-7.6679,38.80255],[-7.66137,38.80537],[-7.65411,38.80785],[-7.64724,38.81297],[-7.64091,38.82218],[-7.64131,38.82433],[-7.65002,38.83309],[-7.65289,38.83902],[-7.65298,38.84097],[-7.65093,38.84243],[-7.64751,38.84353],[-7.64676,38.84508],[-7.64781,38.84795],[-7.6456,38.85326],[-7.64339,38.8559],[-7.62369,38.87023],[-7.61915,38.87241],[-7.61231,38.87362],[-7.60787,38.87286],[-7.6037,38.86926],[-7.59011,38.86732],[-7.57955,38.87199],[-7.56775,38.88256],[-7.55926,38.88215],[-7.54896,38.87732],[-7.53936,38.87704],[-7.53542,38.87788],[-7.52948,38.88879]]},"properties":{"osm_type":"way","osm_id":810029125,"country":"PT","name":"Estremoz - Divor","operator":"REN","wikidata":null,"wikipedia":null}},{"type":"Feature","geometry":{"type":"LineString","coordinates":[[-7.55463,39.82894],[-7.55408,39.82881]]},"properties":{"osm_type":"way","osm_id":810172052,"country":"PT","name":"Castelo Branco - Ferro 2","operator":"REN","wikidata":null,"wikipedia":null}},{"type":"Feature","geometry":{"type":"LineString","coordinates":[[-7.55405,39.82895],[-7.55463,39.82894]]},"properties":{"osm_type":"way","osm_id":810172053,"country":"PT","name":"Castelo Branco - Fundão","operator":"REN","wikidata":null,"wikipedia":null}},{"type":"Feature","geometry":{"type":"LineString","coordinates":[[-7.65664,40.07226],[-7.64529,40.0621],[-7.64409,40.04617],[-7.64004,40.04143],[-7.61739,40.02754],[-7.56106,39.95524],[-7.54902,39.94255],[-7.5452,39.93973],[-7.54168,39.93461],[-7.53515,39.92746],[-7.52642,39.88525],[-7.52682,39.87984],[-7.52871,39.87389],[-7.54266,39.85266],[-7.55449,39.84316],[-7.55662,39.83544],[-7.55661,39.83078],[-7.55801,39.8291],[-7.55756,39.82711],[-7.55564,39.82631],[-7.55433,39.8269],[-7.55398,39.82755]]},"properties":{"osm_type":"way","osm_id":810172055,"country":"PT","name":"Gardunha - Castelo Branco","operator":"REN","wikidata":null,"wikipedia":null}},{"type":"Feature","geometry":{"type":"LineString","coordinates":[[-7.55348,39.82747],[-7.55333,39.82614]]},"properties":{"osm_type":"way","osm_id":810172057,"country":"PT","name":"Falagueira - Castelo Branco 2","operator":"REN","wikidata":null,"wikipedia":null}},{"type":"Feature","geometry":{"type":"LineString","coordinates":[[-7.55278,39.82372],[-7.55389,39.82612],[-7.55373,39.82751]]},"properties":{"osm_type":"way","osm_id":810172058,"country":"PT","name":"Falagueira - Castelo Branco 3","operator":"REN","wikidata":null,"wikipedia":null}},{"type":"Feature","geometry":{"type":"LineString","coordinates":[[-8.13139,41.07954],[-8.1361,41.07568],[-8.17643,41.04809],[-8.18634,41.04051],[-8.18815,41.03612],[-8.18812,41.0246],[-8.19129,41.0171],[-8.19714,41.01321],[-8.20091,41.01276],[-8.20936,41.01474],[-8.2169,41.01423],[-8.22713,41.00969],[-8.23806,41.00156],[-8.24791,40.9913],[-8.25326,40.9901],[-8.26067,40.98458],[-8.266,40.98006],[-8.26837,40.97692],[-8.27374,40.97354],[-8.29217,40.9579]]},"properties":{"osm_type":"way","osm_id":810562776,"country":"PT","name":null,"operator":"REN","wikidata":null,"wikipedia":null}},{"type":"Feature","geometry":{"type":"LineString","coordinates":[[-7.75715,41.13807],[-7.75631,41.13773]]},"properties":{"osm_type":"way","osm_id":810821768,"country":"PT","name":"Paraimo - Valdigem","operator":"REN","wikidata":null,"wikipedia":null}},{"type":"Feature","geometry":{"type":"LineString","coordinates":[[-7.75829,41.13806],[-7.76849,41.1361],[-7.82662,41.13143]]},"properties":{"osm_type":"way","osm_id":810821769,"country":"PT","name":"Valdigem - Vermoim 4","operator":"REN","wikidata":null,"wikipedia":null}},{"type":"Feature","geometry":{"type":"LineString","coordinates":[[-7.75892,41.13977],[-7.75796,41.13958]]},"properties":{"osm_type":"way","osm_id":810821771,"country":"PT","name":"Valdigem - Recarei 1","operator":"REN","wikidata":null,"wikipedia":null}},{"type":"Feature","geometry":{"type":"LineString","coordinates":[[-7.75892,41.13977],[-7.75793,41.13971]]},"properties":{"osm_type":"way","osm_id":810821772,"country":"PT","name":"Valdigem - Urrô","operator":"REN","wikidata":null,"wikipedia":null}},{"type":"Feature","geometry":{"type":"LineString","coordinates":[[-8.47119,40.96022],[-8.46769,41.01932],[-8.44636,41.05506],[-8.44227,41.06499],[-8.44356,41.10477],[-8.45398,41.13016],[-8.45088,41.15108],[-8.45134,41.15459],[-8.45302,41.15586]]},"properties":{"osm_type":"way","osm_id":810821807,"country":"PT","name":"Recarei - Feira 1","operator":"REN","wikidata":null,"wikipedia":null}},{"type":"Feature","geometry":{"type":"LineString","coordinates":[[-7.7576,41.13866],[-7.75704,41.13859]]},"properties":{"osm_type":"way","osm_id":810854855,"country":"PT","name":null,"operator":"REN","wikidata":null,"wikipedia":null}},{"type":"Feature","geometry":{"type":"LineString","coordinates":[[-8.55527,40.78538],[-8.55587,40.78446],[-8.54936,40.77926],[-8.53407,40.77945],[-8.51536,40.76377],[-8.51193,40.7627],[-8.49468,40.74817],[-8.47804,40.74523]]},"properties":{"osm_type":"way","osm_id":811670980,"country":"PT","name":"Estarreja (REN) - Albergaria","operator":"E-REDES","wikidata":null,"wikipedia":null}},{"type":"Feature","geometry":{"type":"LineString","coordinates":[[-8.5617,40.77611],[-8.5645,40.76848],[-8.56421,40.74502],[-8.56532,40.74051],[-8.56815,40.73749]]},"properties":{"osm_type":"way","osm_id":811670981,"country":"PT","name":"Estarreja (REN) - C.P. Salreu I","operator":"E-REDES","wikidata":null,"wikipedia":null}},{"type":"Feature","geometry":{"type":"LineString","coordinates":[[-8.56275,40.77994],[-8.56486,40.77555],[-8.56632,40.7743],[-8.5685,40.77366],[-8.57055,40.77395],[-8.57252,40.77264],[-8.57338,40.76913],[-8.57915,40.76841],[-8.5879,40.77461]]},"properties":{"osm_type":"way","osm_id":811670982,"country":"PT","name":"Estarreja (REN) - Beduído","operator":"E-REDES","wikidata":null,"wikipedia":null}},{"type":"Feature","geometry":{"type":"LineString","coordinates":[[-7.00965,41.18934],[-7.01528,41.18908],[-7.02239,41.19013]]},"properties":{"osm_type":"way","osm_id":812611634,"country":"PT","name":"Pocinho - Central do Baixo Sabor & Aldeadávila 2","operator":"REN","wikidata":null,"wikipedia":null}},{"type":"Feature","geometry":{"type":"LineString","coordinates":[[-7.02239,41.19013],[-7.03905,41.19257],[-7.05421,41.19417],[-7.0634,41.19315],[-7.06627,41.19193],[-7.07517,41.18166],[-7.08119,41.16628],[-7.12426,41.13788]]},"properties":{"osm_type":"way","osm_id":812611635,"country":"PT","name":"Pocinho - Aldeadávila 2","operator":"REN","wikidata":null,"wikipedia":null}},{"type":"Feature","geometry":{"type":"LineString","coordinates":[[-7.75691,41.13918],[-7.75612,41.13909]]},"properties":{"osm_type":"way","osm_id":812726133,"country":"PT","name":"Vila Pouca de Aguiar - Valdigem 1","operator":"REN","wikidata":null,"wikipedia":null}},{"type":"Feature","geometry":{"type":"LineString","coordinates":[[-7.75694,41.13905],[-7.75612,41.13909]]},"properties":{"osm_type":"way","osm_id":812726134,"country":"PT","name":"Vila Pouca de Aguiar - Valdigem 2","operator":"REN","wikidata":null,"wikipedia":null}},{"type":"Feature","geometry":{"type":"LineString","coordinates":[[-7.37186,41.16428],[-7.37912,41.16181]]},"properties":{"osm_type":"way","osm_id":812957499,"country":"PT","name":"Foz Tua - Armamar","operator":"REN","wikidata":null,"wikipedia":null}},{"type":"Feature","geometry":{"type":"LineString","coordinates":[[-7.34733,41.19779],[-7.35483,41.17729],[-7.35945,41.17485],[-7.36107,41.17331],[-7.36744,41.16924],[-7.37186,41.16428]]},"properties":{"osm_type":"way","osm_id":812957500,"country":"PT","name":null,"operator":"REN","wikidata":null,"wikipedia":null}},{"type":"Feature","geometry":{"type":"LineString","coordinates":[[-7.37912,41.16181],[-7.4075,41.15782],[-7.41224,41.15726],[-7.4151,41.15742],[-7.41976,41.15606],[-7.42951,41.15412],[-7.43694,41.15416],[-7.44549,41.15508],[-7.44923,41.15449],[-7.45163,41.15343]]},"properties":{"osm_type":"way","osm_id":812957501,"country":"PT","name":"Armamar - Foz Tua & Valeira 1&2","operator":"REN","wikidata":null,"wikipedia":null}},{"type":"Feature","geometry":{"type":"LineString","coordinates":[[-8.46857,41.2178],[-8.44211,41.21238],[-8.43473,41.21048],[-8.43051,41.20706],[-8.42307,41.20421],[-8.41355,41.20623],[-8.40676,41.20959],[-8.40074,41.20963],[-8.39837,41.20924],[-8.35699,41.1948]]},"properties":{"osm_type":"way","osm_id":813429120,"country":"PT","name":null,"operator":"REN","wikidata":null,"wikipedia":null}},{"type":"Feature","geometry":{"type":"LineString","coordinates":[[-8.32809,39.54587],[-8.32713,39.54568]]},"properties":{"osm_type":"way","osm_id":813606126,"country":"PT","name":"Penela - Zêzere 1","operator":"REN","wikidata":null,"wikipedia":null}},{"type":"Feature","geometry":{"type":"LineString","coordinates":[[-9.23953,38.7783],[-9.23904,38.77739]]},"properties":{"osm_type":"way","osm_id":813649762,"country":"PT","name":null,"operator":"REN","wikidata":null,"wikipedia":null}},{"type":"Feature","geometry":{"type":"LineString","coordinates":[[-9.24056,38.78097],[-9.23957,38.77871]]},"properties":{"osm_type":"way","osm_id":813649763,"country":"PT","name":"Alto de Mira - Ribatejo","operator":"REN","wikidata":null,"wikipedia":null}},{"type":"Feature","geometry":{"type":"LineString","coordinates":[[-9.23864,38.77813],[-9.23885,38.77853]]},"properties":{"osm_type":"way","osm_id":813681738,"country":"PT","name":null,"operator":"REN","wikidata":null,"wikipedia":null}},{"type":"Feature","geometry":{"type":"LineString","coordinates":[[-8.6174,38.42028],[-8.61647,38.4007],[-8.6519,38.31579],[-8.711,38.15721],[-8.75314,38.01014],[-8.76198,38.0021],[-8.76598,37.99906]]},"properties":{"osm_type":"way","osm_id":813954315,"country":"PT","name":"Monte da Pedra - Sines","operator":"REN","wikidata":null,"wikipedia":null}},{"type":"Feature","geometry":{"type":"LineString","coordinates":[[-8.41493,38.01751],[-8.26502,38.04927],[-8.13128,38.05753],[-8.12892,38.05717],[-8.12727,38.05586]]},"properties":{"osm_type":"way","osm_id":813968764,"country":"PT","name":"Ermidas Sado - Ferreira do Alentejo","operator":"REN","wikidata":null,"wikipedia":null}},{"type":"Feature","geometry":{"type":"LineString","coordinates":[[-6.80158,41.03087],[-6.79932,41.03614],[-6.80123,41.04088]]},"properties":{"osm_type":"way","osm_id":816250733,"country":"PT","name":null,"operator":null,"wikidata":null,"wikipedia":null}},{"type":"Feature","geometry":{"type":"LineString","coordinates":[[-6.80532,41.04353],[-6.80406,41.04355],[-6.80195,41.04266],[-6.80123,41.04088]]},"properties":{"osm_type":"way","osm_id":816250734,"country":"PT","name":null,"operator":null,"wikidata":null,"wikipedia":null}},{"type":"Feature","geometry":{"type":"LineString","coordinates":[[-6.80405,41.0345],[-6.80484,41.03609],[-6.80168,41.04099],[-6.80204,41.04244],[-6.80401,41.04333]]},"properties":{"osm_type":"way","osm_id":816250736,"country":"PT","name":null,"operator":null,"wikidata":null,"wikipedia":null}},{"type":"Feature","geometry":{"type":"LineString","coordinates":[[-6.80428,41.04377],[-6.80541,41.04358]]},"properties":{"osm_type":"way","osm_id":816250737,"country":"PT","name":null,"operator":null,"wikidata":null,"wikipedia":null}},{"type":"Feature","geometry":{"type":"LineString","coordinates":[[-6.80428,41.04377],[-6.78312,41.04203],[-6.75164,41.04341],[-6.66236,41.08011],[-6.65931,41.08175],[-6.64904,41.11364],[-6.63711,41.13838],[-6.6396,41.15285],[-6.64591,41.16169],[-6.6494,41.18227],[-6.6513,41.18563],[-6.66431,41.18631],[-6.67832,41.18806],[-6.68549,41.19072],[-6.68635,41.19154],[-6.68748,41.1965],[-6.68568,41.2063],[-6.68455,41.2085]]},"properties":{"osm_type":"way","osm_id":816250738,"country":"PT","name":null,"operator":"Iberdrola","wikidata":null,"wikipedia":null}},{"type":"Feature","geometry":{"type":"LineString","coordinates":[[-7.8148,39.56732],[-7.82202,39.57458],[-7.83854,39.57219],[-7.87079,39.5788],[-8.00396,39.60092],[-8.02454,39.61445],[-8.02392,39.61646]]},"properties":{"osm_type":"way","osm_id":842457474,"country":"PT","name":"Pracana - Parque Eólico Amêndoa II","operator":"E-REDES","wikidata":null,"wikipedia":null}},{"type":"Feature","geometry":{"type":"LineString","coordinates":[[-8.43566,41.36279],[-8.43723,41.35861],[-8.44648,41.34491],[-8.47105,41.31083],[-8.48953,41.29598],[-8.51057,41.27751],[-8.50996,41.2723],[-8.51253,41.26981],[-8.51932,41.26982],[-8.53238,41.25834],[-8.53488,41.25692],[-8.53567,41.25543],[-8.54839,41.24374],[-8.55336,41.24416],[-8.56131,41.25252],[-8.56032,41.26005]]},"properties":{"osm_type":"way","osm_id":847184012,"country":"PT","name":"Caniços - Sociedade Portuguesa de Oxigénio","operator":"E-REDES","wikidata":null,"wikipedia":null}},{"type":"Feature","geometry":{"type":"LineString","coordinates":[[-8.37614,39.6365],[-8.46428,39.64467],[-8.59009,39.66361]]},"properties":{"osm_type":"way","osm_id":858907019,"country":"PT","name":"Venda Nova - Ourém","operator":"E-REDES","wikidata":null,"wikipedia":null}},{"type":"Feature","geometry":{"type":"LineString","coordinates":[[-8.00068,39.2347],[-8.00963,39.22791],[-8.02275,39.22418],[-8.0325,39.21879],[-8.05934,39.2016],[-8.06389,39.19362],[-8.06652,39.19303],[-8.07549,39.19837],[-8.09365,39.193],[-8.1345,39.23679],[-8.13635,39.26335],[-8.14649,39.32512],[-8.17712,39.3803],[-8.19621,39.40408],[-8.21052,39.45381],[-8.21301,39.45593],[-8.21389,39.4611],[-8.20575,39.48214],[-8.20025,39.48598],[-8.19389,39.48786],[-8.18763,39.48894],[-8.17881,39.48779]]},"properties":{"osm_type":"way","osm_id":866627211,"country":"PT","name":"Olho de Boi - Ponte de Sôr","operator":"E-REDES","wikidata":null,"wikipedia":null}},{"type":"Feature","geometry":{"type":"LineString","coordinates":[[-8.11355,40.65302],[-8.11177,40.6532],[-8.1116,40.6538],[-8.11441,40.65731],[-8.11646,40.6825],[-8.1159,40.69511],[-8.11729,40.70079],[-8.11761,40.70632],[-8.12341,40.71392],[-8.1213,40.71792],[-8.12077,40.72103],[-8.12137,40.72612]]},"properties":{"osm_type":"way","osm_id":870567288,"country":"PT","name":"PC Fornelo do Monte - Vouzela","operator":"E-REDES","wikidata":null,"wikipedia":null}},{"type":"Feature","geometry":{"type":"LineString","coordinates":[[-7.18626,41.47241],[-7.1331,41.47088],[-7.07836,41.45304],[-7.05021,41.45983],[-7.01553,41.5084],[-6.97845,41.53406],[-6.97433,41.53888],[-6.97205,41.53874]]},"properties":{"osm_type":"way","osm_id":888010698,"country":"PT","name":"Mirandela - Macedo de Cavaleiros","operator":"E-REDES","wikidata":null,"wikipedia":null}},{"type":"Feature","geometry":{"type":"LineString","coordinates":[[-7.77621,41.14095],[-7.77526,41.14983],[-7.7744,41.22372],[-7.7658,41.24368],[-7.76186,41.27353]]},"properties":{"osm_type":"way","osm_id":890489121,"country":"PT","name":"Varosa - Telheira","operator":"E-REDES","wikidata":null,"wikipedia":null}},{"type":"Feature","geometry":{"type":"LineString","coordinates":[[-25.49178,37.77909],[-25.50059,37.78876],[-25.50697,37.79667],[-25.50749,37.80027],[-25.51154,37.80227],[-25.51806,37.81024],[-25.51834,37.81124],[-25.51786,37.8125]]},"properties":{"osm_type":"way","osm_id":909277005,"country":"PT","name":"SOGEO - Foros","operator":"Eletricidade dos Açores","wikidata":null,"wikipedia":null}},{"type":"Feature","geometry":{"type":"LineString","coordinates":[[-8.15306,41.57828],[-8.15631,41.57856],[-8.15982,41.57745],[-8.20179,41.56215],[-8.20777,41.56045],[-8.21939,41.5558],[-8.33092,41.45627],[-8.33152,41.45637],[-8.33056,41.46257]]},"properties":{"osm_type":"way","osm_id":913835245,"country":"PT","name":"Ermal - S. João de Ponte","operator":"E-REDES","wikidata":null,"wikipedia":null}},{"type":"Feature","geometry":{"type":"LineString","coordinates":[[-7.81457,39.56706],[-7.80716,39.56904],[-7.78834,39.5866],[-7.73462,39.65881],[-7.72851,39.66901],[-7.72963,39.67603],[-7.722,39.67984],[-7.72065,39.68209],[-7.71054,39.6917],[-7.69698,39.69981],[-7.69474,39.7016]]},"properties":{"osm_type":"way","osm_id":916520272,"country":"PT","name":null,"operator":"E-REDES","wikidata":null,"wikipedia":null}},{"type":"Feature","geometry":{"type":"LineString","coordinates":[[-8.61877,40.64987],[-8.61788,40.65065],[-8.61818,40.65193],[-8.6192,40.65244],[-8.62065,40.65224],[-8.63306,40.6386],[-8.63512,40.63699]]},"properties":{"osm_type":"way","osm_id":958858625,"country":"PT","name":null,"operator":"E-REDES","wikidata":null,"wikipedia":null}},{"type":"Feature","geometry":{"type":"LineString","coordinates":[[-8.64287,40.63627],[-8.64239,40.63602],[-8.63876,40.63675],[-8.6359,40.63656]]},"properties":{"osm_type":"way","osm_id":958876403,"country":"PT","name":null,"operator":"E-REDES","wikidata":null,"wikipedia":null}},{"type":"Feature","geometry":{"type":"LineString","coordinates":[[-8.64295,40.63618],[-8.63971,40.63165],[-8.64015,40.62952],[-8.64265,40.62542],[-8.64989,40.61573],[-8.67162,40.61057],[-8.67838,40.60671],[-8.68157,40.6067],[-8.68396,40.60782],[-8.69714,40.63055]]},"properties":{"osm_type":"way","osm_id":961954914,"country":"PT","name":"Aveiro - Gafanha","operator":"E-REDES","wikidata":null,"wikipedia":null}},{"type":"Feature","geometry":{"type":"LineString","coordinates":[[-7.72814,41.57099],[-7.72635,41.56937],[-7.72554,41.56762],[-7.72586,41.56497],[-7.72963,41.55754],[-7.73597,41.55217],[-7.75505,41.54011],[-7.76292,41.53869]]},"properties":{"osm_type":"way","osm_id":964625641,"country":"PT","name":"Alto Tâmega - Gouvães 1&2","operator":"REN","wikidata":null,"wikipedia":null}},{"type":"Feature","geometry":{"type":"LineString","coordinates":[[-7.8122,41.5504],[-7.81273,41.5494],[-7.81452,41.55003],[-7.81643,41.55237],[-7.82036,41.55381],[-7.82879,41.55268],[-7.83226,41.55098],[-7.8364,41.54862],[-7.85304,41.53568],[-7.8543,41.53263],[-7.85482,41.52932],[-7.85773,41.52463],[-7.86111,41.52353]]},"properties":{"osm_type":"way","osm_id":964625645,"country":"PT","name":"Daivões - Ribeira de Pena","operator":"REN","wikidata":null,"wikipedia":null}},{"type":"Feature","geometry":{"type":"LineString","coordinates":[[-7.80932,41.55202],[-7.80817,41.55315],[-7.79589,41.55964],[-7.79086,41.56076],[-7.787,41.56035],[-7.78096,41.55816],[-7.77588,41.55442],[-7.77007,41.54858],[-7.76944,41.54418],[-7.76764,41.53962],[-7.76768,41.53785],[-7.76676,41.53707]]},"properties":{"osm_type":"way","osm_id":964625646,"country":"PT","name":"Gouvães - Ribeira de Pena 2&3","operator":"REN","wikidata":null,"wikipedia":null}},{"type":"Feature","geometry":{"type":"LineString","coordinates":[[-7.81178,41.5502],[-7.81214,41.54955],[-7.81143,41.54931],[-7.80932,41.55202]]},"properties":{"osm_type":"way","osm_id":964625647,"country":"PT","name":"Gouvães - Ribeira de Pena 2","operator":"REN","wikidata":null,"wikipedia":null}},{"type":"Feature","geometry":{"type":"LineString","coordinates":[[-7.80932,41.55202],[-7.81122,41.54893],[-7.81247,41.54944],[-7.81199,41.5503]]},"properties":{"osm_type":"way","osm_id":964625648,"country":"PT","name":"Gouvães - Ribeira de Pena 3","operator":"REN","wikidata":null,"wikipedia":null}},{"type":"Feature","geometry":{"type":"LineString","coordinates":[[-7.76635,41.53776],[-7.76674,41.53744],[-7.76716,41.53796],[-7.76702,41.53936],[-7.76894,41.54483],[-7.76912,41.54822],[-7.76997,41.5501],[-7.77585,41.55522],[-7.78032,41.55833],[-7.78662,41.56079],[-7.79118,41.56128],[-7.79655,41.56002],[-7.80877,41.55343],[-7.81086,41.55131]]},"properties":{"osm_type":"way","osm_id":964625649,"country":"PT","name":"Gouvães - Ribeira de Pena 1","operator":"REN","wikidata":null,"wikipedia":null}},{"type":"Feature","geometry":{"type":"LineString","coordinates":[[-6.18825,41.57727],[-6.18192,41.58029],[-6.15633,41.61262],[-6.13253,41.6336],[-6.11321,41.66635],[-6.10511,41.67711],[-6.10473,41.68201],[-6.1035,41.6845],[-6.04276,41.71453]]},"properties":{"osm_type":"way","osm_id":970725365,"country":"PT","name":null,"operator":null,"wikidata":null,"wikipedia":null}},{"type":"Feature","geometry":{"type":"LineString","coordinates":[[-9.17632,38.64819],[-9.17588,38.64864],[-9.17632,38.64993],[-9.18031,38.65571]]},"properties":{"osm_type":"way","osm_id":978255893,"country":"PT","name":null,"operator":"E-REDES","wikidata":null,"wikipedia":null}},{"type":"Feature","geometry":{"type":"LineString","coordinates":[[-9.17637,38.64782],[-9.17522,38.64932],[-9.17543,38.65013],[-9.17996,38.65653],[-9.17951,38.65853],[-9.1747,38.66503]]},"properties":{"osm_type":"way","osm_id":978255894,"country":"PT","name":"Sobreda - Piedade","operator":"E-REDES","wikidata":null,"wikipedia":null}},{"type":"Feature","geometry":{"type":"LineString","coordinates":[[-17.15329,32.73773],[-17.13724,32.74666],[-17.13178,32.74713],[-17.1172,32.74673],[-17.11398,32.74574]]},"properties":{"osm_type":"way","osm_id":993719891,"country":"PT","name":null,"operator":"EEM","wikidata":null,"wikipedia":null}},{"type":"Feature","geometry":{"type":"LineString","coordinates":[[-17.14414,32.74326],[-17.13704,32.74704],[-17.1261,32.74798],[-17.11497,32.7518]]},"properties":{"osm_type":"way","osm_id":993719893,"country":"PT","name":null,"operator":null,"wikidata":null,"wikipedia":null}},{"type":"Feature","geometry":{"type":"LineString","coordinates":[[-9.29987,38.83405],[-9.29659,38.83361],[-9.28282,38.8292],[-9.26807,38.82124],[-9.2601,38.81469],[-9.25365,38.81085],[-9.24485,38.79335],[-9.24401,38.79033],[-9.24368,38.78281],[-9.24568,38.77962],[-9.24377,38.77914]]},"properties":{"osm_type":"way","osm_id":996726809,"country":"PT","name":null,"operator":"E-REDES","wikidata":null,"wikipedia":null}},{"type":"Feature","geometry":{"type":"LineString","coordinates":[[-9.24688,38.7738],[-9.24887,38.77553],[-9.25557,38.77638],[-9.25727,38.77378],[-9.2589,38.77389],[-9.26816,38.77082],[-9.27154,38.77047],[-9.27393,38.76949],[-9.27856,38.76895],[-9.27926,38.76748],[-9.28476,38.76684],[-9.28826,38.7658],[-9.29124,38.76597],[-9.30145,38.76418],[-9.30638,38.7613],[-9.30896,38.76125],[-9.31572,38.75982]]},"properties":{"osm_type":"way","osm_id":996726818,"country":"PT","name":null,"operator":"E-REDES","wikidata":null,"wikipedia":null}},{"type":"Feature","geometry":{"type":"LineString","coordinates":[[-9.24681,38.7727],[-9.25008,38.77419],[-9.25622,38.77246],[-9.26154,38.76801],[-9.26326,38.76834],[-9.26573,38.76599],[-9.27325,38.76653],[-9.28081,38.76586],[-9.28894,38.76326],[-9.28879,38.76061]]},"properties":{"osm_type":"way","osm_id":996726823,"country":"PT","name":null,"operator":"E-REDES","wikidata":null,"wikipedia":null}},{"type":"Feature","geometry":{"type":"LineString","coordinates":[[-8.78007,41.70873],[-8.78483,41.72289],[-8.7763,41.78901],[-8.76202,41.83835],[-8.75914,41.84198],[-8.76197,41.84923],[-8.76205,41.88421]]},"properties":{"osm_type":"way","osm_id":1000928272,"country":"PT","name":null,"operator":"E-REDES","wikidata":null,"wikipedia":null}},{"type":"Feature","geometry":{"type":"LineString","coordinates":[[-9.21442,38.80655],[-9.20038,38.825],[-9.18969,38.83726],[-9.18629,38.84422],[-9.18195,38.84446],[-9.17562,38.85038],[-9.17487,38.85164],[-9.17114,38.8539],[-9.16816,38.85495],[-9.13042,38.86307]]},"properties":{"osm_type":"way","osm_id":1011417753,"country":"PT","name":null,"operator":"E-REDES","wikidata":null,"wikipedia":null}},{"type":"Feature","geometry":{"type":"LineString","coordinates":[[-9.17682,38.64802],[-9.17633,38.64773]]},"properties":{"osm_type":"way","osm_id":1019843485,"country":"PT","name":null,"operator":"E-REDES","wikidata":null,"wikipedia":null}},{"type":"Feature","geometry":{"type":"LineString","coordinates":[[-9.1769,38.64795],[-9.17641,38.64765]]},"properties":{"osm_type":"way","osm_id":1019843486,"country":"PT","name":null,"operator":"E-REDES","wikidata":null,"wikipedia":null}},{"type":"Feature","geometry":{"type":"LineString","coordinates":[[-9.17652,38.64803],[-9.17669,38.64814]]},"properties":{"osm_type":"way","osm_id":1019843487,"country":"PT","name":null,"operator":"E-REDES","wikidata":null,"wikipedia":null}},{"type":"Feature","geometry":{"type":"LineString","coordinates":[[-9.17649,38.64801],[-9.17631,38.64791]]},"properties":{"osm_type":"way","osm_id":1019843488,"country":"PT","name":null,"operator":"E-REDES","wikidata":null,"wikipedia":null}},{"type":"Feature","geometry":{"type":"LineString","coordinates":[[-8.09075,39.80118],[-8.09176,39.79882],[-8.09517,39.79597],[-8.10769,39.79162],[-8.15778,39.79648],[-8.22829,39.77346],[-8.26831,39.73808],[-8.32154,39.68617],[-8.37579,39.63649]]},"properties":{"osm_type":"way","osm_id":1022528751,"country":"PT","name":"Venda Nova - Sertã","operator":"E-REDES","wikidata":null,"wikipedia":null}},{"type":"Feature","geometry":{"type":"LineString","coordinates":[[-7.52076,37.55783],[-7.51735,37.55606]]},"properties":{"osm_type":"way","osm_id":1033228969,"country":"PT","name":null,"operator":null,"wikidata":null,"wikipedia":null}},{"type":"Feature","geometry":{"type":"LineString","coordinates":[[-7.99771,39.48167],[-7.99733,39.48439],[-7.8687,39.53735],[-7.82624,39.56411],[-7.81985,39.56651],[-7.81486,39.56729]]},"properties":{"osm_type":"way","osm_id":1037891980,"country":"PT","name":"Belver 2 - Pracana","operator":"E-REDES","wikidata":null,"wikipedia":null}},{"type":"Feature","geometry":{"type":"LineString","coordinates":[[-7.46801,39.92002],[-7.47309,39.92231],[-7.47424,39.92241],[-7.47658,39.92115],[-7.4775,39.91883],[-7.47763,39.91083],[-7.47831,39.90905],[-7.48359,39.90171],[-7.48699,39.89185],[-7.4895,39.88844],[-7.48887,39.88344],[-7.49085,39.87702],[-7.50174,39.85492],[-7.5041,39.85164],[-7.51015,39.84709],[-7.51869,39.84336],[-7.52113,39.8416],[-7.52334,39.83802],[-7.52734,39.83385],[-7.53608,39.82601],[-7.53877,39.82587],[-7.55222,39.82856]]},"properties":{"osm_type":"way","osm_id":1040077750,"country":"PT","name":"Castelo Branco (REN) - Alcains","operator":"E-REDES","wikidata":null,"wikipedia":null}},{"type":"Feature","geometry":{"type":"LineString","coordinates":[[-7.2985,39.10639],[-7.41901,39.22749],[-7.4308,39.24659],[-7.45259,39.27392],[-7.46974,39.29982],[-7.46788,39.30803],[-7.44646,39.31912]]},"properties":{"osm_type":"way","osm_id":1040689127,"country":"PT","name":null,"operator":"E-REDES","wikidata":null,"wikipedia":null}},{"type":"Feature","geometry":{"type":"LineString","coordinates":[[-8.18194,40.57803],[-8.18389,40.57888],[-8.19665,40.57796],[-8.2036,40.57917]]},"properties":{"osm_type":"way","osm_id":1047583149,"country":"PT","name":null,"operator":"Generg Ventos do Caramulo - Energias Renováveis, S. A.","wikidata":null,"wikipedia":null}},{"type":"Feature","geometry":{"type":"LineString","coordinates":[[-8.20373,40.57927],[-8.19634,40.58445],[-8.19687,40.58809],[-8.18745,40.59678],[-8.18583,40.59773],[-8.18433,40.59987],[-8.15359,40.62798],[-8.14406,40.63532],[-8.13952,40.63779],[-8.12942,40.64726],[-8.1165,40.65319],[-8.11425,40.65297]]},"properties":{"osm_type":"way","osm_id":1047583155,"country":"PT","name":"PE Bezerreira - PC Fornelo do Monte","operator":"Generg Ventos do Caramulo - Energias Renováveis, S. A.","wikidata":null,"wikipedia":null}},{"type":"Feature","geometry":{"type":"LineString","coordinates":[[-9.37351,38.75959],[-9.3821,38.75798],[-9.38721,38.75658],[-9.38825,38.75548],[-9.39091,38.74669],[-9.39253,38.74506],[-9.39532,38.73609]]},"properties":{"osm_type":"way","osm_id":1050152330,"country":"PT","name":null,"operator":"E-REDES","wikidata":null,"wikipedia":null}},{"type":"Feature","geometry":{"type":"LineString","coordinates":[[-9.36708,38.75411],[-9.37418,38.74603],[-9.37677,38.74601],[-9.3788,38.74649],[-9.38331,38.74514],[-9.38642,38.74341],[-9.39054,38.74229],[-9.39222,38.73971],[-9.3949,38.73786],[-9.39526,38.73611]]},"properties":{"osm_type":"way","osm_id":1050152336,"country":"PT","name":null,"operator":"E-REDES","wikidata":null,"wikipedia":null}},{"type":"Feature","geometry":{"type":"LineString","coordinates":[[-8.58919,37.19226],[-8.58084,37.19143],[-8.57245,37.1873],[-8.56063,37.18652],[-8.55811,37.18353],[-8.55675,37.18292],[-8.54724,37.18312],[-8.54292,37.18533],[-8.54039,37.18472],[-8.53681,37.18308],[-8.53266,37.17872],[-8.53222,37.17882]]},"properties":{"osm_type":"way","osm_id":1050318144,"country":"PT","name":"Portimão (REN) - Poldra","operator":"E-REDES","wikidata":null,"wikipedia":null}},{"type":"Feature","geometry":{"type":"LineString","coordinates":[[-7.81077,41.55226],[-7.80865,41.55863],[-7.80657,41.56237],[-7.80481,41.56722],[-7.80652,41.56963],[-7.81509,41.573],[-7.83291,41.57392],[-7.84251,41.57888],[-7.86732,41.58562],[-7.90077,41.58978],[-7.90973,41.59017],[-7.91574,41.59251],[-7.9331,41.6037],[-7.93792,41.60466],[-7.95838,41.60232],[-7.96986,41.60531],[-7.97528,41.60814],[-7.98551,41.61166],[-7.99101,41.61722],[-7.99832,41.62228],[-8.00333,41.62499],[-8.00532,41.62692],[-8.0053,41.63073],[-8.01239,41.63898],[-8.01386,41.6439],[-8.01301,41.64992],[-8.0135,41.65575],[-8.01448,41.6596],[-8.01443,41.66308],[-8.01633,41.66607],[-8.01957,41.66724],[-8.02367,41.66946],[-8.02888,41.66949]]},"properties":{"osm_type":"way","osm_id":1050341737,"country":"PT","name":"Ribeira de Pena - Vieira do Minho 1&2","operator":"REN","wikidata":null,"wikipedia":null}},{"type":"Feature","geometry":{"type":"LineString","coordinates":[[-8.27014,41.85947],[-8.27214,41.86019],[-8.32467,41.86312]]},"properties":{"osm_type":"way","osm_id":1050903141,"country":"PT","name":"Touvedo - PC Alagoa de Cima / Lindoso","operator":"E-REDES","wikidata":null,"wikipedia":null}},{"type":"Feature","geometry":{"type":"LineString","coordinates":[[-8.32467,41.86312],[-8.35452,41.81155],[-8.35429,41.81206]]},"properties":{"osm_type":"way","osm_id":1050903143,"country":"PT","name":null,"operator":"E-REDES","wikidata":null,"wikipedia":null}},{"type":"Feature","geometry":{"type":"LineString","coordinates":[[-8.2946,42.00956],[-8.29558,42.00992],[-8.29806,42.00937],[-8.30451,42.01026],[-8.30638,42.01148],[-8.31442,42.01424],[-8.35169,42.01005],[-8.37583,42.00976],[-8.38243,42.00898],[-8.39293,42.00847],[-8.41831,42.00446],[-8.42462,42.00629]]},"properties":{"osm_type":"way","osm_id":1050909571,"country":"PT","name":null,"operator":"Finerge","wikidata":null,"wikipedia":null}},{"type":"Feature","geometry":{"type":"LineString","coordinates":[[-8.22187,39.91187],[-8.22121,39.91344],[-8.21933,39.91387],[-8.20754,39.90563],[-8.17675,39.89537],[-8.16997,39.89376],[-8.16746,39.89219],[-8.15569,39.88818],[-8.15239,39.88801],[-8.1506,39.88648],[-8.0977,39.86251],[-8.08664,39.82262],[-8.0882,39.82031],[-8.08547,39.81823],[-8.09037,39.80182]]},"properties":{"osm_type":"way","osm_id":1051122778,"country":"PT","name":"Sertã - Pedrogão","operator":"E-REDES","wikidata":null,"wikipedia":null}},{"type":"Feature","geometry":{"type":"LineString","coordinates":[[-7.05777,40.77396],[-7.05632,40.77477],[-7.055,40.77632],[-7.06726,40.79238],[-7.07372,40.80849],[-7.08281,40.82425]]},"properties":{"osm_type":"way","osm_id":1051175681,"country":"PT","name":"Central Hidroelétrica Pinhel (PRE) - Pinhel","operator":"E-REDES","wikidata":null,"wikipedia":null}},{"type":"Feature","geometry":{"type":"LineString","coordinates":[[-7.02956,40.81731],[-7.03436,40.81504],[-7.05477,40.77705],[-7.05758,40.77355],[-7.05787,40.77394]]},"properties":{"osm_type":"way","osm_id":1051175684,"country":"PT","name":"Senhora de Monforte (PRE) - Pinhel","operator":"E-REDES","wikidata":null,"wikipedia":null}},{"type":"Feature","geometry":{"type":"LineString","coordinates":[[-7.38873,40.64331],[-7.38775,40.64231],[-7.37797,40.63973],[-7.32194,40.61875],[-7.30215,40.62259],[-7.29111,40.62186],[-7.28097,40.61652],[-7.2784,40.61652],[-7.26568,40.61359],[-7.26042,40.60219],[-7.25926,40.59364],[-7.2541,40.58591],[-7.24804,40.57064],[-7.23935,40.56585],[-7.23413,40.56413],[-7.23368,40.56314],[-7.2318,40.56234],[-7.22827,40.56237],[-7.21621,40.55789],[-7.21613,40.55383],[-7.21114,40.53365]]},"properties":{"osm_type":"way","osm_id":1051180536,"country":"PT","name":"Celorico - Casal da Cinza","operator":"E-REDES","wikidata":null,"wikipedia":null}},{"type":"Feature","geometry":{"type":"LineString","coordinates":[[-7.28786,40.53848],[-7.28963,40.53888],[-7.29102,40.54029],[-7.29789,40.55159],[-7.30578,40.6062],[-7.31497,40.61568],[-7.3777,40.63923],[-7.38416,40.64624],[-7.38564,40.64636],[-7.38663,40.64565]]},"properties":{"osm_type":"way","osm_id":1051180538,"country":"PT","name":"Celorico - Guarda II","operator":"E-REDES","wikidata":null,"wikipedia":null}},{"type":"Feature","geometry":{"type":"LineString","coordinates":[[-7.28812,40.53548],[-7.28822,40.53438],[-7.29091,40.53234],[-7.30056,40.53488],[-7.30381,40.53618],[-7.31011,40.53463],[-7.31316,40.53523],[-7.31838,40.53746],[-7.32474,40.53804],[-7.32748,40.53922],[-7.32836,40.54048],[-7.33348,40.54223],[-7.3448,40.54507],[-7.34969,40.54594],[-7.35211,40.54577],[-7.36691,40.54681]]},"properties":{"osm_type":"way","osm_id":1051197841,"country":"PT","name":null,"operator":"E-REDES","wikidata":null,"wikipedia":null}},{"type":"Feature","geometry":{"type":"LineString","coordinates":[[-7.35953,40.76247],[-7.36508,40.76452],[-7.40134,40.78304],[-7.43216,40.79447],[-7.45177,40.80408],[-7.49941,40.85014],[-7.53897,40.90804],[-7.54428,40.9237],[-7.56427,40.94222],[-7.56709,40.9442]]},"properties":{"osm_type":"way","osm_id":1051205410,"country":"PT","name":null,"operator":"E-REDES","wikidata":null,"wikipedia":null}},{"type":"Feature","geometry":{"type":"LineString","coordinates":[[-7.87059,41.15487],[-7.86588,41.15258],[-7.82641,41.14079],[-7.78026,41.13873],[-7.77713,41.1399],[-7.77607,41.14095]]},"properties":{"osm_type":"way","osm_id":1051222406,"country":"PT","name":"Varosa - PC Seixinhos","operator":"E-REDES","wikidata":null,"wikipedia":null}},{"type":"Feature","geometry":{"type":"LineString","coordinates":[[-7.145,41.37921],[-7.25908,41.31546],[-7.28575,41.29613],[-7.35389,41.25713],[-7.37689,41.2359],[-7.39673,41.22092],[-7.41594,41.20028],[-7.47957,41.16546],[-7.54397,41.15192]]},"properties":{"osm_type":"way","osm_id":1051230828,"country":"PT","name":null,"operator":"E-REDES","wikidata":null,"wikipedia":null}},{"type":"Feature","geometry":{"type":"LineString","coordinates":[[-7.65532,41.08173],[-7.65552,41.0819]]},"properties":{"osm_type":"way","osm_id":1051714834,"country":"PT","name":null,"operator":"Finerge","wikidata":null,"wikipedia":null}},{"type":"Feature","geometry":{"type":"LineString","coordinates":[[-8.29489,40.0171],[-8.29491,40.01888],[-8.29272,40.02845],[-8.29761,40.03881],[-8.29711,40.04035],[-8.29399,40.04503],[-8.28739,40.04591],[-8.28435,40.04551],[-8.28321,40.04452]]},"properties":{"osm_type":"way","osm_id":1052459247,"country":"PT","name":null,"operator":"Nadara","wikidata":null,"wikipedia":null}},{"type":"Feature","geometry":{"type":"LineString","coordinates":[[-8.29475,40.02138],[-8.29315,40.0284],[-8.29802,40.03862],[-8.29737,40.04045],[-8.29424,40.04514],[-8.28686,40.04681],[-8.28063,40.05078],[-8.27801,40.05178],[-8.27419,40.05181],[-8.27174,40.05109]]},"properties":{"osm_type":"way","osm_id":1052459249,"country":"PT","name":null,"operator":"EDP Renováveis","wikidata":null,"wikipedia":null}},{"type":"Feature","geometry":{"type":"LineString","coordinates":[[-7.81817,40.07952],[-7.81856,40.07906],[-7.83533,40.07748],[-7.85279,40.07772],[-7.8931,40.09384],[-7.94915,40.09899],[-7.9806,40.10817],[-8.00457,40.11335],[-8.02151,40.11135],[-8.03966,40.10555],[-8.0449,40.10276],[-8.04595,40.10321]]},"properties":{"osm_type":"way","osm_id":1052505109,"country":"PT","name":"PC Cadafaz - Santa Luzia","operator":"E-REDES","wikidata":null,"wikipedia":null}},{"type":"Feature","geometry":{"type":"LineString","coordinates":[[-7.10008,40.30818],[-7.10054,40.30791]]},"properties":{"osm_type":"way","osm_id":1054310281,"country":"PT","name":null,"operator":"Lestenergia","wikidata":null,"wikipedia":null}},{"type":"Feature","geometry":{"type":"LineString","coordinates":[[-7.55278,39.82372],[-7.55146,39.8297],[-7.55395,39.83268],[-7.55478,39.8355],[-7.55185,39.84365],[-7.54212,39.8516],[-7.53329,39.86506],[-7.52934,39.86628],[-7.52493,39.86884],[-7.52292,39.87537],[-7.50927,39.88272],[-7.49761,39.892],[-7.47205,39.89539],[-7.46719,39.89431],[-7.45868,39.89417],[-7.44807,39.89658],[-7.44361,39.8988],[-7.43984,39.90522],[-7.43733,39.90766],[-7.42996,39.91166],[-7.42316,39.91797],[-7.41956,39.92313],[-7.41906,39.926],[-7.41978,39.94161],[-7.41852,39.95463],[-7.41319,39.97226],[-7.41051,39.97462],[-7.40078,39.97584],[-7.39582,39.97945],[-7.39125,40.00597],[-7.38833,40.00816],[-7.36493,40.0167],[-7.33945,40.05226],[-7.33843,40.07098],[-7.34399,40.0829],[-7.3391,40.09419],[-7.34177,40.10111],[-7.3536,40.11832],[-7.3579,40.12272],[-7.36257,40.12449],[-7.36904,40.12488],[-7.3871,40.12429],[-7.38908,40.12508],[-7.39695,40.13496],[-7.40076,40.13797],[-7.40272,40.14438],[-7.40578,40.14682],[-7.40677,40.15307],[-7.40908,40.1554],[-7.41976,40.16343],[-7.42287,40.16544],[-7.43822,40.16834],[-7.45226,40.17195],[-7.45723,40.17484],[-7.45676,40.17557]]},"properties":{"osm_type":"way","osm_id":1054310286,"country":"PT","name":"Falagueira - Fundão","operator":"REN","wikidata":null,"wikipedia":null}},{"type":"Feature","geometry":{"type":"LineString","coordinates":[[-9.19095,38.79562],[-9.19121,38.7956]]},"properties":{"osm_type":"way","osm_id":1056469837,"country":"PT","name":null,"operator":"E-REDES","wikidata":null,"wikipedia":null}},{"type":"Feature","geometry":{"type":"LineString","coordinates":[[-9.31834,39.32709],[-9.31334,39.32342],[-9.31324,39.31969],[-9.31172,39.3162],[-9.30939,39.3151]]},"properties":{"osm_type":"way","osm_id":1056723442,"country":"PT","name":null,"operator":"E-REDES","wikidata":null,"wikipedia":null}},{"type":"Feature","geometry":{"type":"LineString","coordinates":[[-9.30939,39.3151],[-9.30715,39.31261],[-9.29721,39.27577],[-9.30298,39.24664],[-9.30616,39.24595]]},"properties":{"osm_type":"way","osm_id":1056723446,"country":"PT","name":"Lourinhã - Atouguia","operator":"E-REDES","wikidata":null,"wikipedia":null}},{"type":"Feature","geometry":{"type":"LineString","coordinates":[[-8.5307,41.08599],[-8.53322,41.08676]]},"properties":{"osm_type":"way","osm_id":1114808872,"country":"PT","name":null,"operator":"E-REDES","wikidata":null,"wikipedia":null}},{"type":"Feature","geometry":{"type":"LineString","coordinates":[[-8.37929,40.58465],[-8.36843,40.58315],[-8.36278,40.58335],[-8.36033,40.58252],[-8.33791,40.58153],[-8.32389,40.58167],[-8.29945,40.57565],[-8.27991,40.57633]]},"properties":{"osm_type":"way","osm_id":1122275767,"country":"PT","name":"Teixo (PRE) - Águeda","operator":"E-REDES","wikidata":null,"wikipedia":null}},{"type":"Feature","geometry":{"type":"LineString","coordinates":[[-8.32166,40.74203],[-8.32107,40.7422],[-8.32238,40.74108],[-8.32475,40.73298],[-8.32501,40.72165],[-8.32884,40.71292],[-8.33217,40.7073],[-8.33218,40.70333],[-8.33097,40.7015],[-8.32502,40.69727],[-8.32258,40.69203],[-8.32278,40.6902],[-8.32785,40.68416],[-8.33673,40.67962],[-8.33952,40.67874],[-8.3423,40.67671],[-8.34515,40.67037],[-8.34802,40.66865],[-8.354,40.66251],[-8.36217,40.65852],[-8.36858,40.65198],[-8.36803,40.64277],[-8.36957,40.63342],[-8.3693,40.62376],[-8.37243,40.61987],[-8.37999,40.61572],[-8.38659,40.61306],[-8.39124,40.60785],[-8.40177,40.6014],[-8.42377,40.596],[-8.43232,40.59552],[-8.43765,40.59576],[-8.44639,40.59725],[-8.44888,40.59871],[-8.45094,40.59699],[-8.45406,40.59754],[-8.45864,40.59703],[-8.4593,40.59782],[-8.4608,40.59746],[-8.46091,40.59572],[-8.46234,40.59525],[-8.46243,40.59555]]},"properties":{"osm_type":"way","osm_id":1122275771,"country":"PT","name":null,"operator":"Energias de Portugal","wikidata":null,"wikipedia":null}},{"type":"Feature","geometry":{"type":"LineString","coordinates":[[-8.44814,40.43696],[-8.44663,40.43815],[-8.42331,40.4402],[-8.3078,40.43457],[-8.30595,40.43408],[-8.26806,40.41341],[-8.24448,40.40339],[-8.22507,40.40329],[-8.22347,40.40269]]},"properties":{"osm_type":"way","osm_id":1122280499,"country":"PT","name":null,"operator":"E-REDES","wikidata":null,"wikipedia":null}},{"type":"Feature","geometry":{"type":"LineString","coordinates":[[-8.19719,40.33649],[-8.19901,40.33766],[-8.20039,40.34014],[-8.19926,40.34193],[-8.20012,40.35529],[-8.20234,40.37398]]},"properties":{"osm_type":"way","osm_id":1122292783,"country":"PT","name":null,"operator":"E-REDES","wikidata":null,"wikipedia":null}},{"type":"Feature","geometry":{"type":"LineString","coordinates":[[-8.19972,40.34074],[-8.20391,40.34151],[-8.21291,40.33787],[-8.22041,40.31919],[-8.23338,40.31077],[-8.24791,40.30798],[-8.24851,40.3089]]},"properties":{"osm_type":"way","osm_id":1122292785,"country":"PT","name":"CH Aguieira - CH Raiva","operator":"Energias de Portugal","wikidata":null,"wikipedia":null}},{"type":"Feature","geometry":{"type":"LineString","coordinates":[[-8.2498,40.30721],[-8.25035,40.30721]]},"properties":{"osm_type":"way","osm_id":1122299725,"country":"PT","name":null,"operator":"E-REDES","wikidata":null,"wikipedia":null}},{"type":"Feature","geometry":{"type":"LineString","coordinates":[[-8.24887,40.29749],[-8.24927,40.29834]]},"properties":{"osm_type":"way","osm_id":1122299728,"country":"PT","name":null,"operator":"E-REDES","wikidata":null,"wikipedia":null}},{"type":"Feature","geometry":{"type":"LineString","coordinates":[[-8.47748,40.74556],[-8.45212,40.75025],[-8.44759,40.74688],[-8.44091,40.74418],[-8.41188,40.74411],[-8.38729,40.73439],[-8.386,40.73404],[-8.38333,40.7345],[-8.38056,40.7341]]},"properties":{"osm_type":"way","osm_id":1122523145,"country":"PT","name":"Albergaria - Sever do Vouga","operator":"E-REDES","wikidata":null,"wikipedia":null}},{"type":"Feature","geometry":{"type":"LineString","coordinates":[[-8.47783,40.74514],[-8.47881,40.74428],[-8.47501,40.73827],[-8.47403,40.73287],[-8.4756,40.71712],[-8.48132,40.71251],[-8.48289,40.7105],[-8.49209,40.71054],[-8.49542,40.71021],[-8.49812,40.70925],[-8.49808,40.70612],[-8.49897,40.70569]]},"properties":{"osm_type":"way","osm_id":1122523146,"country":"PT","name":"Albergaria - Vista Alegre","operator":"E-REDES","wikidata":null,"wikipedia":null}},{"type":"Feature","geometry":{"type":"LineString","coordinates":[[-8.63512,40.63699],[-8.6359,40.63656]]},"properties":{"osm_type":"way","osm_id":1122588010,"country":"PT","name":null,"operator":"E-REDES","wikidata":null,"wikipedia":null}},{"type":"Feature","geometry":{"type":"LineString","coordinates":[[-8.6359,40.63656],[-8.6423,40.63593],[-8.64291,40.63623]]},"properties":{"osm_type":"way","osm_id":1122588011,"country":"PT","name":null,"operator":"E-REDES","wikidata":null,"wikipedia":null}},{"type":"Feature","geometry":{"type":"LineString","coordinates":[[-8.56878,40.77666],[-8.56979,40.77686]]},"properties":{"osm_type":"way","osm_id":1122667136,"country":"PT","name":"Vista Alegre - Bamiso / CUF","operator":"E-REDES","wikidata":null,"wikipedia":null}},{"type":"Feature","geometry":{"type":"LineString","coordinates":[[-9.26071,39.32196],[-9.2536,39.32165],[-9.22494,39.30845]]},"properties":{"osm_type":"way","osm_id":1122818904,"country":"PT","name":null,"operator":"E-REDES","wikidata":null,"wikipedia":null}},{"type":"Feature","geometry":{"type":"LineString","coordinates":[[-7.2985,39.10639],[-7.29097,39.11357],[-7.28884,39.11482]]},"properties":{"osm_type":"way","osm_id":1122833799,"country":"PT","name":"Alcáçova & S. Vicente - Arronches","operator":"E-REDES","wikidata":null,"wikipedia":null}},{"type":"Feature","geometry":{"type":"LineString","coordinates":[[-7.80566,39.56045],[-7.7684,39.53281]]},"properties":{"osm_type":"way","osm_id":1122850685,"country":"PT","name":null,"operator":"E-REDES","wikidata":null,"wikipedia":null}},{"type":"Feature","geometry":{"type":"LineString","coordinates":[[-8.60474,38.64831],[-8.60424,38.64837],[-8.59974,38.64406],[-8.59397,38.64157],[-8.59118,38.63893],[-8.58079,38.63844],[-8.57013,38.63625],[-8.56742,38.63493],[-8.56304,38.62592],[-8.55979,38.62475],[-8.55759,38.62451],[-8.53758,38.63154],[-8.51266,38.63465],[-8.50586,38.63389],[-8.49289,38.63838],[-8.47988,38.63849],[-8.46384,38.64097],[-8.43793,38.64412],[-8.43214,38.64368],[-8.42712,38.64611],[-8.41366,38.64775],[-8.4059,38.64764],[-8.38963,38.6442],[-8.38434,38.6444],[-8.37403,38.64954],[-8.36502,38.66282],[-8.35723,38.66486],[-8.34419,38.66485],[-8.32453,38.66641],[-8.30278,38.6747],[-8.28172,38.67358],[-8.27666,38.67542],[-8.26726,38.68934],[-8.26367,38.70473],[-8.25986,38.70728],[-8.25119,38.70786],[-8.21354,38.70782],[-8.20397,38.70743],[-8.17447,38.7172],[-8.12286,38.71585],[-8.10993,38.70549],[-8.10357,38.7033],[-8.0997,38.70244],[-8.09367,38.70218],[-8.08974,38.70249],[-8.07872,38.69793],[-8.07415,38.6983],[-8.06506,38.69465],[-8.05255,38.68626],[-8.03972,38.68448],[-8.02469,38.67349],[-7.99757,38.6657],[-7.96943,38.66743],[-7.9586,38.66153],[-7.94303,38.65609],[-7.92097,38.64447],[-7.91988,38.64007],[-7.92074,38.638],[-7.92287,38.63534]]},"properties":{"osm_type":"way","osm_id":1122885805,"country":"PT","name":"Divor - Pegões","operator":"REN","wikidata":null,"wikipedia":null}},{"type":"Feature","geometry":{"type":"LineString","coordinates":[[-7.23811,38.20698],[-7.23712,38.20974],[-7.23529,38.21195],[-7.2261,38.2141]]},"properties":{"osm_type":"way","osm_id":1122951014,"country":"PT","name":null,"operator":"E-REDES","wikidata":null,"wikipedia":null}},{"type":"Feature","geometry":{"type":"LineString","coordinates":[[-8.3278,39.54547],[-8.32847,39.54558],[-8.32972,39.5447],[-8.32644,39.53175],[-8.29246,39.52065],[-8.20435,39.49842],[-8.19366,39.49415],[-8.18627,39.49461],[-8.18339,39.49143],[-8.17998,39.48862],[-8.17795,39.48774],[-8.17832,39.48767]]},"properties":{"osm_type":"way","osm_id":1123083620,"country":"PT","name":"Olho de Boi - Zêzere","operator":"E-REDES","wikidata":null,"wikipedia":null}},{"type":"Feature","geometry":{"type":"LineString","coordinates":[[-7.99812,39.4816],[-7.99874,39.48213],[-8.01793,39.48584],[-8.12005,39.48587],[-8.12157,39.48618],[-8.16128,39.48559],[-8.17841,39.48748]]},"properties":{"osm_type":"way","osm_id":1123083621,"country":"PT","name":"Belver - Olho de Boi","operator":"E-REDES","wikidata":null,"wikipedia":null}},{"type":"Feature","geometry":{"type":"LineString","coordinates":[[-8.33393,39.54541],[-8.32654,39.52789],[-8.32427,39.52652],[-8.31215,39.51405],[-8.23021,39.48097],[-8.2337,39.46819],[-8.22821,39.45954],[-8.22668,39.45564],[-8.22554,39.44367],[-8.21412,39.44165],[-8.20949,39.43777],[-8.2069,39.43668],[-8.20387,39.4329],[-8.18735,39.42861],[-8.1837,39.4289],[-8.18027,39.42977],[-8.18213,39.43842],[-8.18346,39.44127],[-8.18304,39.44115]]},"properties":{"osm_type":"way","osm_id":1123111274,"country":"PT","name":"(P3 LN60 6562) - C.P. Abrantes","operator":"E-REDES","wikidata":null,"wikipedia":null}},{"type":"Feature","geometry":{"type":"LineString","coordinates":[[-8.18288,39.44116],[-8.18229,39.44131],[-8.18243,39.43961],[-8.18007,39.42967],[-8.18368,39.42877],[-8.18731,39.42845],[-8.20398,39.4328],[-8.20701,39.43659],[-8.2096,39.43767],[-8.21421,39.44153],[-8.2257,39.44355],[-8.22685,39.45563],[-8.22837,39.45948],[-8.23388,39.46815],[-8.2304,39.4809],[-8.31224,39.51393],[-8.32439,39.52642],[-8.32669,39.52781],[-8.33429,39.54513]]},"properties":{"osm_type":"way","osm_id":1123111275,"country":"PT","name":"(P3 LN60 6563) - C.P. Abrantes","operator":"E-REDES","wikidata":null,"wikipedia":null}},{"type":"Feature","geometry":{"type":"LineString","coordinates":[[-8.62198,41.50902],[-8.58125,41.52659],[-8.57187,41.52954],[-8.55912,41.5316],[-8.55288,41.53397],[-8.54348,41.54399],[-8.54442,41.54599]]},"properties":{"osm_type":"way","osm_id":1124336703,"country":"PT","name":"Alvelos - Águas do Cávado","operator":"E-REDES","wikidata":null,"wikipedia":null}},{"type":"Feature","geometry":{"type":"LineString","coordinates":[[-9.36708,38.75411],[-9.36942,38.75678],[-9.3701,38.75628],[-9.37351,38.75959]]},"properties":{"osm_type":"way","osm_id":1132087478,"country":"PT","name":null,"operator":"E-REDES","wikidata":null,"wikipedia":null}},{"type":"Feature","geometry":{"type":"LineString","coordinates":[[-7.66569,37.44719],[-7.66472,37.44563],[-7.66493,37.44309],[-7.66698,37.436],[-7.66794,37.42826],[-7.67208,37.42079],[-7.68452,37.402],[-7.6856,37.39836],[-7.68499,37.39541],[-7.68519,37.37538],[-7.68976,37.36814],[-7.69424,37.36523],[-7.72233,37.35708],[-7.73191,37.35294],[-7.73837,37.35193],[-7.74314,37.34892],[-7.75919,37.34331],[-7.76446,37.34435]]},"properties":{"osm_type":"way","osm_id":1153912008,"country":"PT","name":"Viçoso - Tavira","operator":"REN","wikidata":null,"wikipedia":null}},{"type":"Feature","geometry":{"type":"LineString","coordinates":[[-6.80428,41.04377],[-6.80024,41.0424],[-6.79729,41.03997],[-6.79316,41.04015],[-6.76898,41.03289],[-6.7649,41.03271]]},"properties":{"osm_type":"way","osm_id":1162057711,"country":"PT","name":null,"operator":null,"wikidata":null,"wikipedia":null}},{"type":"Feature","geometry":{"type":"LineString","coordinates":[[-8.32771,39.5457],[-8.32988,39.54689],[-8.33014,39.57019],[-8.35862,39.61477],[-8.35902,39.61799],[-8.36183,39.61987],[-8.37156,39.63485],[-8.37579,39.63644]]},"properties":{"osm_type":"way","osm_id":1198828710,"country":"PT","name":"Venda Nova - Zêzere (REN) II","operator":"E-REDES","wikidata":null,"wikipedia":null}},{"type":"Feature","geometry":{"type":"LineString","coordinates":[[-8.32778,39.54552],[-8.3354,39.54656],[-8.34642,39.54593],[-8.36204,39.54059],[-8.36334,39.5396],[-8.36591,39.53597],[-8.37062,39.53313],[-8.37592,39.52739],[-8.39127,39.51643],[-8.41492,39.50101],[-8.44439,39.48269],[-8.4654,39.47047],[-8.4678,39.46982]]},"properties":{"osm_type":"way","osm_id":1198828713,"country":"PT","name":"Entroncamento - Zêzere","operator":"E-REDES","wikidata":null,"wikipedia":null}},{"type":"Feature","geometry":{"type":"LineString","coordinates":[[-8.17852,39.48773],[-8.18001,39.48843],[-8.18773,39.48936],[-8.20222,39.48664],[-8.21348,39.48363],[-8.21951,39.48321],[-8.26068,39.48431],[-8.27332,39.48585],[-8.27999,39.48719],[-8.28423,39.48762],[-8.28727,39.48745],[-8.29765,39.48864],[-8.31559,39.48683],[-8.34563,39.48892],[-8.36662,39.48678],[-8.37183,39.48755],[-8.38438,39.48132],[-8.39547,39.4807],[-8.39989,39.47684]]},"properties":{"osm_type":"way","osm_id":1198828719,"country":"PT","name":null,"operator":"E-REDES","wikidata":null,"wikipedia":null}},{"type":"Feature","geometry":{"type":"LineString","coordinates":[[-8.61464,39.49392],[-8.62075,39.48053],[-8.62015,39.47966],[-8.55275,39.46916],[-8.54854,39.46853],[-8.54848,39.46885]]},"properties":{"osm_type":"way","osm_id":1199405349,"country":"PT","name":"Serrada Grande - Almonda","operator":"E-REDES","wikidata":null,"wikipedia":null}},{"type":"Feature","geometry":{"type":"LineString","coordinates":[[-8.56449,39.54567],[-8.58578,39.52962],[-8.5965,39.52538],[-8.6012,39.51967],[-8.62018,39.513],[-8.64373,39.49403],[-8.66073,39.46941],[-8.66058,39.46895]]},"properties":{"osm_type":"way","osm_id":1199405359,"country":"PT","name":"PC Chancelaria - Vila Moreira","operator":"E-REDES","wikidata":null,"wikipedia":null}},{"type":"Feature","geometry":{"type":"LineString","coordinates":[[-8.61477,39.49387],[-8.62497,39.48042],[-8.63933,39.48267],[-8.65042,39.48151],[-8.6606,39.46936],[-8.66044,39.46896]]},"properties":{"osm_type":"way","osm_id":1199405360,"country":"PT","name":"Almonda - Vila Moreira","operator":"E-REDES","wikidata":null,"wikipedia":null}},{"type":"Feature","geometry":{"type":"LineString","coordinates":[[-7.80584,39.5604],[-7.81399,39.56647]]},"properties":{"osm_type":"way","osm_id":1200770053,"country":"PT","name":null,"operator":"E-REDES","wikidata":null,"wikipedia":null}},{"type":"Feature","geometry":{"type":"LineString","coordinates":[[-7.81395,39.5665],[-7.80584,39.5604]]},"properties":{"osm_type":"way","osm_id":1200770054,"country":"PT","name":null,"operator":"E-REDES","wikidata":null,"wikipedia":null}},{"type":"Feature","geometry":{"type":"LineString","coordinates":[[-7.81402,39.56644],[-7.80584,39.5604]]},"properties":{"osm_type":"way","osm_id":1200770055,"country":"PT","name":null,"operator":"E-REDES","wikidata":null,"wikipedia":null}},{"type":"Feature","geometry":{"type":"LineString","coordinates":[[-7.50591,39.82589],[-7.50623,39.82602]]},"properties":{"osm_type":"way","osm_id":1200770060,"country":"PT","name":null,"operator":"E-REDES","wikidata":null,"wikipedia":null}},{"type":"Feature","geometry":{"type":"LineString","coordinates":[[-7.67284,39.67382],[-7.6938,39.69534],[-7.69485,39.70159],[-7.69269,39.7085],[-7.69321,39.70886]]},"properties":{"osm_type":"way","osm_id":1200770084,"country":"PT","name":"Pracana - Talagueira I / Vila Velha de Ródão","operator":"E-REDES","wikidata":null,"wikipedia":null}},{"type":"Feature","geometry":{"type":"LineString","coordinates":[[-7.67266,39.6737],[-7.67027,39.67223]]},"properties":{"osm_type":"way","osm_id":1200770089,"country":"PT","name":"Vila Velha de Rodão - Paper Prime","operator":"E-REDES","wikidata":null,"wikipedia":null}},{"type":"Feature","geometry":{"type":"LineString","coordinates":[[-7.67277,39.67395],[-7.67295,39.674]]},"properties":{"osm_type":"way","osm_id":1200770091,"country":"PT","name":null,"operator":"E-REDES","wikidata":null,"wikipedia":null}},{"type":"Feature","geometry":{"type":"LineString","coordinates":[[-7.67295,39.674],[-7.69361,39.69553],[-7.69474,39.7016]]},"properties":{"osm_type":"way","osm_id":1200770093,"country":"PT","name":null,"operator":"E-REDES","wikidata":null,"wikipedia":null}},{"type":"Feature","geometry":{"type":"LineString","coordinates":[[-7.67416,39.67143],[-7.67266,39.66953],[-7.67036,39.66451],[-7.66746,39.66128]]},"properties":{"osm_type":"way","osm_id":1200770099,"country":"PT","name":"Vila Velha de Rodão - Celtejo","operator":"E-REDES","wikidata":null,"wikipedia":null}},{"type":"Feature","geometry":{"type":"LineString","coordinates":[[-7.81455,39.56694],[-7.81609,39.56655],[-7.8164,39.56506],[-7.81292,39.56237],[-7.80781,39.56202],[-7.80566,39.56045]]},"properties":{"osm_type":"way","osm_id":1200770141,"country":"PT","name":null,"operator":"E-REDES","wikidata":null,"wikipedia":null}},{"type":"Feature","geometry":{"type":"LineString","coordinates":[[-7.81463,39.56703],[-7.81607,39.56642],[-7.81288,39.56514]]},"properties":{"osm_type":"way","osm_id":1200770145,"country":"PT","name":"Central Pracana - Pracana (Grupo III)","operator":"E-REDES","wikidata":null,"wikipedia":null}},{"type":"Feature","geometry":{"type":"LineString","coordinates":[[-8.79893,38.978],[-8.79876,38.97811]]},"properties":{"osm_type":"way","osm_id":1202486459,"country":"PT","name":null,"operator":"E-REDES","wikidata":null,"wikipedia":null}},{"type":"Feature","geometry":{"type":"LineString","coordinates":[[-8.77318,38.96769],[-8.7809,38.97105],[-8.78425,38.97152],[-8.79152,38.97627],[-8.79759,38.97828],[-8.79876,38.97811]]},"properties":{"osm_type":"way","osm_id":1202486464,"country":"PT","name":null,"operator":"E-REDES","wikidata":null,"wikipedia":null}},{"type":"Feature","geometry":{"type":"LineString","coordinates":[[-8.12632,38.05436],[-8.12789,38.05088],[-8.12936,38.04916],[-8.13931,38.04037],[-8.13488,38.02429],[-8.13499,38.01043],[-8.13187,38.0008],[-8.13094,37.98418],[-8.13211,37.97685],[-8.13353,37.97553],[-8.13485,37.97203],[-8.13683,37.96998],[-8.14711,37.95146],[-8.14335,37.94261],[-8.14352,37.9384],[-8.13997,37.93095],[-8.1406,37.90975],[-8.14832,37.89674],[-8.15132,37.8809]]},"properties":{"osm_type":"way","osm_id":1202687804,"country":"PT","name":"Ferreira Alentejo (REN) - Aljustrel II","operator":"E-REDES","wikidata":null,"wikipedia":null}},{"type":"Feature","geometry":{"type":"LineString","coordinates":[[-8.05764,38.06072],[-8.06149,38.05781],[-8.06404,38.05752],[-8.07725,38.06117],[-8.08991,38.05817]]},"properties":{"osm_type":"way","osm_id":1202687818,"country":"PT","name":null,"operator":"E-REDES","wikidata":null,"wikipedia":null}},{"type":"Feature","geometry":{"type":"LineString","coordinates":[[-8.09297,38.05679],[-8.11501,38.05221],[-8.12407,38.05343],[-8.1262,38.05498]]},"properties":{"osm_type":"way","osm_id":1202687819,"country":"PT","name":null,"operator":"E-REDES","wikidata":null,"wikipedia":null}},{"type":"Feature","geometry":{"type":"LineString","coordinates":[[-7.62714,38.10957],[-7.62819,38.10923],[-7.63342,38.11009]]},"properties":{"osm_type":"way","osm_id":1202687823,"country":"PT","name":null,"operator":"E-REDES","wikidata":null,"wikipedia":null}},{"type":"Feature","geometry":{"type":"LineString","coordinates":[[-7.62657,38.10933],[-7.62661,38.10918]]},"properties":{"osm_type":"way","osm_id":1202687825,"country":"PT","name":null,"operator":"E-REDES","wikidata":null,"wikipedia":null}},{"type":"Feature","geometry":{"type":"LineString","coordinates":[[-8.4448,41.40524],[-8.44306,41.4047],[-8.43784,41.39536],[-8.43232,41.37754],[-8.42357,41.36147],[-8.4204,41.36082],[-8.41769,41.35948],[-8.41621,41.35588],[-8.39476,41.33641],[-8.38571,41.32553],[-8.37524,41.31842],[-8.3698,41.31062],[-8.36565,41.29734],[-8.36287,41.2838]]},"properties":{"osm_type":"way","osm_id":1203018591,"country":"PT","name":"Ruivães - Paços de Ferreira","operator":"E-REDES","wikidata":null,"wikipedia":null}},{"type":"Feature","geometry":{"type":"LineString","coordinates":[[-9.20028,38.8004],[-9.20671,38.80384],[-9.21442,38.80655]]},"properties":{"osm_type":"way","osm_id":1207674103,"country":"PT","name":null,"operator":"E-REDES","wikidata":null,"wikipedia":null}},{"type":"Feature","geometry":{"type":"LineString","coordinates":[[-9.18779,38.76892],[-9.186,38.77103]]},"properties":{"osm_type":"way","osm_id":1208421371,"country":"PT","name":null,"operator":"E-REDES","wikidata":null,"wikipedia":null}},{"type":"Feature","geometry":{"type":"LineString","coordinates":[[-9.17364,38.77712],[-9.17598,38.77607]]},"properties":{"osm_type":"way","osm_id":1208421373,"country":"PT","name":null,"operator":"E-REDES","wikidata":null,"wikipedia":null}},{"type":"Feature","geometry":{"type":"LineString","coordinates":[[-9.186,38.77103],[-9.18236,38.7734],[-9.17598,38.77607]]},"properties":{"osm_type":"way","osm_id":1208421374,"country":"PT","name":null,"operator":"E-REDES","wikidata":null,"wikipedia":null}},{"type":"Feature","geometry":{"type":"LineString","coordinates":[[-8.48482,41.2619],[-8.4849,41.26183]]},"properties":{"osm_type":"way","osm_id":1221399176,"country":"PT","name":null,"operator":"Neoplástica","wikidata":null,"wikipedia":null}},{"type":"Feature","geometry":{"type":"LineString","coordinates":[[-8.41661,41.25327],[-8.41687,41.25304]]},"properties":{"osm_type":"way","osm_id":1224542809,"country":"PT","name":null,"operator":"E-REDES","wikidata":null,"wikipedia":null}},{"type":"Feature","geometry":{"type":"LineString","coordinates":[[-8.41689,41.25317],[-8.41691,41.25318]]},"properties":{"osm_type":"way","osm_id":1224542810,"country":"PT","name":null,"operator":"E-REDES","wikidata":null,"wikipedia":null}},{"type":"Feature","geometry":{"type":"LineString","coordinates":[[-8.4168,41.25328],[-8.41678,41.25327]]},"properties":{"osm_type":"way","osm_id":1224542811,"country":"PT","name":null,"operator":"E-REDES","wikidata":null,"wikipedia":null}},{"type":"Feature","geometry":{"type":"LineString","coordinates":[[-8.41683,41.25325],[-8.41677,41.25331]]},"properties":{"osm_type":"way","osm_id":1224542812,"country":"PT","name":null,"operator":"E-REDES","wikidata":null,"wikipedia":null}},{"type":"Feature","geometry":{"type":"LineString","coordinates":[[-8.41694,41.25315],[-8.41688,41.25321]]},"properties":{"osm_type":"way","osm_id":1224542813,"country":"PT","name":null,"operator":"E-REDES","wikidata":null,"wikipedia":null}},{"type":"Feature","geometry":{"type":"LineString","coordinates":[[-8.43563,41.36297],[-8.43566,41.36279]]},"properties":{"osm_type":"way","osm_id":1226334478,"country":"PT","name":"Caniços - Sociedade Portuguesa de Oxigénio","operator":"E-REDES","wikidata":null,"wikipedia":null}},{"type":"Feature","geometry":{"type":"LineString","coordinates":[[-8.4349,41.36313],[-8.43044,41.36269],[-8.42322,41.36635],[-8.42043,41.36482],[-8.41884,41.36504],[-8.41765,41.36618]]},"properties":{"osm_type":"way","osm_id":1226350569,"country":"PT","name":"Caniços - Casfil","operator":"E-REDES","wikidata":null,"wikipedia":null}},{"type":"Feature","geometry":{"type":"LineString","coordinates":[[-8.43592,41.36304],[-8.45641,41.36272],[-8.48109,41.35919],[-8.48116,41.35849]]},"properties":{"osm_type":"way","osm_id":1226350570,"country":"PT","name":"Caniços - Areias","operator":"E-REDES","wikidata":null,"wikipedia":null}},{"type":"Feature","geometry":{"type":"LineString","coordinates":[[-8.43558,41.36297],[-8.43535,41.36301]]},"properties":{"osm_type":"way","osm_id":1226453376,"country":"PT","name":null,"operator":"E-REDES","wikidata":null,"wikipedia":null}},{"type":"Feature","geometry":{"type":"LineString","coordinates":[[-8.43505,41.36315],[-8.43582,41.36299]]},"properties":{"osm_type":"way","osm_id":1226453377,"country":"PT","name":null,"operator":"E-REDES","wikidata":null,"wikipedia":null}},{"type":"Feature","geometry":{"type":"LineString","coordinates":[[-8.43562,41.3635],[-8.43556,41.36351]]},"properties":{"osm_type":"way","osm_id":1226453382,"country":"PT","name":null,"operator":"E-REDES","wikidata":null,"wikipedia":null}},{"type":"Feature","geometry":{"type":"LineString","coordinates":[[-8.43572,41.36351],[-8.43566,41.36352]]},"properties":{"osm_type":"way","osm_id":1226453383,"country":"PT","name":null,"operator":"E-REDES","wikidata":null,"wikipedia":null}},{"type":"Feature","geometry":{"type":"LineString","coordinates":[[-8.43563,41.3631],[-8.43558,41.36349]]},"properties":{"osm_type":"way","osm_id":1226453384,"country":"PT","name":null,"operator":"E-REDES","wikidata":null,"wikipedia":null}},{"type":"Feature","geometry":{"type":"LineString","coordinates":[[-8.43569,41.36311],[-8.43569,41.3635]]},"properties":{"osm_type":"way","osm_id":1226453385,"country":"PT","name":null,"operator":"E-REDES","wikidata":null,"wikipedia":null}},{"type":"Feature","geometry":{"type":"LineString","coordinates":[[-8.43525,41.36286],[-8.43523,41.36305]]},"properties":{"osm_type":"way","osm_id":1226453389,"country":"PT","name":"Riba d'Ave (REN) - Caniços","operator":"E-REDES","wikidata":null,"wikipedia":null}},{"type":"Feature","geometry":{"type":"LineString","coordinates":[[-8.43517,41.36287],[-8.43523,41.36305]]},"properties":{"osm_type":"way","osm_id":1226453390,"country":"PT","name":"Riba d'Ave (REN) - Caniços","operator":"E-REDES","wikidata":null,"wikipedia":null}},{"type":"Feature","geometry":{"type":"LineString","coordinates":[[-8.43377,41.36277],[-8.43525,41.36286]]},"properties":{"osm_type":"way","osm_id":1226453391,"country":"PT","name":"Riba d'Ave (REN) - Caniços","operator":"E-REDES","wikidata":null,"wikipedia":null}},{"type":"Feature","geometry":{"type":"LineString","coordinates":[[-8.43377,41.36277],[-8.43517,41.36287]]},"properties":{"osm_type":"way","osm_id":1226453392,"country":"PT","name":"Riba d'Ave (REN) - Caniços","operator":"E-REDES","wikidata":null,"wikipedia":null}},{"type":"Feature","geometry":{"type":"LineString","coordinates":[[-8.48172,41.35794],[-8.48378,41.35743],[-8.48957,41.35781],[-8.49683,41.35402],[-8.50065,41.35144],[-8.50524,41.34656],[-8.50516,41.34449],[-8.50657,41.34077],[-8.50888,41.33797],[-8.51026,41.3351],[-8.50929,41.33227],[-8.50351,41.32643],[-8.5008,41.32728],[-8.49853,41.32528],[-8.49604,41.32597],[-8.49452,41.32697]]},"properties":{"osm_type":"way","osm_id":1226532926,"country":"PT","name":"Areias - Casfil","operator":"E-REDES","wikidata":null,"wikipedia":null}},{"type":"Feature","geometry":{"type":"LineString","coordinates":[[-8.48109,41.35824],[-8.48109,41.35824]]},"properties":{"osm_type":"way","osm_id":1226540423,"country":"PT","name":null,"operator":"E-REDES","wikidata":null,"wikipedia":null}},{"type":"Feature","geometry":{"type":"LineString","coordinates":[[-8.48122,41.3582],[-8.48123,41.3582]]},"properties":{"osm_type":"way","osm_id":1226540424,"country":"PT","name":null,"operator":"E-REDES","wikidata":null,"wikipedia":null}},{"type":"Feature","geometry":{"type":"LineString","coordinates":[[-8.48122,41.35821],[-8.48118,41.35809]]},"properties":{"osm_type":"way","osm_id":1226540425,"country":"PT","name":null,"operator":"E-REDES","wikidata":null,"wikipedia":null}},{"type":"Feature","geometry":{"type":"LineString","coordinates":[[-8.48109,41.35825],[-8.48105,41.35814]]},"properties":{"osm_type":"way","osm_id":1226540426,"country":"PT","name":null,"operator":"E-REDES","wikidata":null,"wikipedia":null}},{"type":"Feature","geometry":{"type":"LineString","coordinates":[[-8.48143,41.35828],[-8.48136,41.35816]]},"properties":{"osm_type":"way","osm_id":1226540427,"country":"PT","name":null,"operator":"E-REDES","wikidata":null,"wikipedia":null}},{"type":"Feature","geometry":{"type":"LineString","coordinates":[[-8.48155,41.3583],[-8.48103,41.35848]]},"properties":{"osm_type":"way","osm_id":1226540430,"country":"PT","name":null,"operator":"E-REDES","wikidata":null,"wikipedia":null}},{"type":"Feature","geometry":{"type":"LineString","coordinates":[[-8.48123,41.35835],[-8.48129,41.35845]]},"properties":{"osm_type":"way","osm_id":1226540432,"country":"PT","name":null,"operator":"E-REDES","wikidata":null,"wikipedia":null}},{"type":"Feature","geometry":{"type":"LineString","coordinates":[[-8.4814,41.35865],[-8.48129,41.35845]]},"properties":{"osm_type":"way","osm_id":1226540433,"country":"PT","name":"Riba d'Ave (REN) - Areias","operator":"E-REDES","wikidata":null,"wikipedia":null}},{"type":"Feature","geometry":{"type":"LineString","coordinates":[[-8.48111,41.35839],[-8.48116,41.35849]]},"properties":{"osm_type":"way","osm_id":1226540434,"country":"PT","name":null,"operator":"E-REDES","wikidata":null,"wikipedia":null}},{"type":"Feature","geometry":{"type":"LineString","coordinates":[[-8.48155,41.35836],[-8.48149,41.35826]]},"properties":{"osm_type":"way","osm_id":1226540435,"country":"PT","name":null,"operator":"E-REDES","wikidata":null,"wikipedia":null}},{"type":"Feature","geometry":{"type":"LineString","coordinates":[[-8.43515,41.36287],[-8.43515,41.36285]]},"properties":{"osm_type":"way","osm_id":1227036800,"country":"PT","name":"Riba d'Ave (REN) - Caniços","operator":"E-REDES","wikidata":null,"wikipedia":null}},{"type":"Feature","geometry":{"type":"LineString","coordinates":[[-8.2019,41.42558],[-8.18786,41.42495],[-8.18368,41.42362],[-8.18242,41.42159],[-8.18452,41.40911],[-8.18415,41.36133],[-8.18346,41.351],[-8.18831,41.34646],[-8.19037,41.34557]]},"properties":{"osm_type":"way","osm_id":1227357423,"country":"PT","name":"Fafe (REN) - Felgueiras","operator":"E-REDES","wikidata":null,"wikipedia":null}},{"type":"Feature","geometry":{"type":"LineString","coordinates":[[-8.29471,42.0098],[-8.29108,42.01212],[-8.28966,42.01958],[-8.29083,42.02455],[-8.28981,42.02681],[-8.28578,42.02922],[-8.2745,42.03025],[-8.26201,42.03505]]},"properties":{"osm_type":"way","osm_id":1227448991,"country":"PT","name":null,"operator":"Finerge","wikidata":null,"wikipedia":null}},{"type":"Feature","geometry":{"type":"LineString","coordinates":[[-8.41299,38.01706],[-8.41389,38.01717]]},"properties":{"osm_type":"way","osm_id":1228551276,"country":"PT","name":"Ermidas Sado - Ferreira do Alentejo","operator":"REN","wikidata":null,"wikipedia":null}},{"type":"Feature","geometry":{"type":"LineString","coordinates":[[-8.5094,41.10402],[-8.47971,41.07145]]},"properties":{"osm_type":"way","osm_id":1228706551,"country":"PT","name":null,"operator":"E-REDES","wikidata":null,"wikipedia":null}},{"type":"Feature","geometry":{"type":"LineString","coordinates":[[-8.05582,41.25258],[-8.0542,41.25306],[-8.01724,41.25645],[-7.9571,41.2628],[-7.95264,41.26545],[-7.93874,41.27623],[-7.91798,41.28389]]},"properties":{"osm_type":"way","osm_id":1228739733,"country":"PT","name":"PC Seixinhos - Amarante / Pena Suar (PRE)","operator":"E-REDES","wikidata":null,"wikipedia":null}},{"type":"Feature","geometry":{"type":"LineString","coordinates":[[-7.72616,41.55922],[-7.7316,41.5672],[-7.79465,41.63053]]},"properties":{"osm_type":"way","osm_id":1229110560,"country":"PT","name":null,"operator":"E-REDES","wikidata":null,"wikipedia":null}},{"type":"Feature","geometry":{"type":"LineString","coordinates":[[-7.145,41.37921],[-7.15165,41.40832],[-7.17826,41.45842],[-7.1866,41.47241]]},"properties":{"osm_type":"way","osm_id":1229110565,"country":"PT","name":"Pinhão - Macedo de Cavaleiros / Mirandela","operator":"E-REDES","wikidata":null,"wikipedia":null}},{"type":"Feature","geometry":{"type":"LineString","coordinates":[[-7.3129,41.62083],[-7.30944,41.62025],[-7.28305,41.61976],[-7.12576,41.70327],[-7.12086,41.70558],[-7.11758,41.7063]]},"properties":{"osm_type":"way","osm_id":1229110569,"country":"PT","name":null,"operator":"E-REDES","wikidata":null,"wikipedia":null}},{"type":"Feature","geometry":{"type":"LineString","coordinates":[[-8.56979,40.77686],[-8.57061,40.78177]]},"properties":{"osm_type":"way","osm_id":1229503638,"country":"PT","name":"Vista Alegre - Bamiso","operator":"E-REDES","wikidata":null,"wikipedia":null}},{"type":"Feature","geometry":{"type":"LineString","coordinates":[[-8.0058,40.74022],[-8.00679,40.74116],[-8.01449,40.7451],[-8.04055,40.76249]]},"properties":{"osm_type":"way","osm_id":1229508371,"country":"PT","name":null,"operator":"E-REDES","wikidata":null,"wikipedia":null}},{"type":"Feature","geometry":{"type":"LineString","coordinates":[[-8.57255,40.7816],[-8.57228,40.78165]]},"properties":{"osm_type":"way","osm_id":1229510057,"country":"PT","name":"Vista Alegre - Bamiso","operator":"E-REDES","wikidata":null,"wikipedia":null}},{"type":"Feature","geometry":{"type":"LineString","coordinates":[[-8.57256,40.78166],[-8.57228,40.78165]]},"properties":{"osm_type":"way","osm_id":1229510058,"country":"PT","name":null,"operator":"E-REDES","wikidata":null,"wikipedia":null}},{"type":"Feature","geometry":{"type":"LineString","coordinates":[[-8.58461,40.68633],[-8.58241,40.68923],[-8.56126,40.70899],[-8.56452,40.73479],[-8.56672,40.76707],[-8.57065,40.77413],[-8.56987,40.77587],[-8.57265,40.79042]]},"properties":{"osm_type":"way","osm_id":1229510635,"country":"PT","name":"Avanca - Enerpulp","operator":"E-REDES","wikidata":null,"wikipedia":null}},{"type":"Feature","geometry":{"type":"LineString","coordinates":[[-8.63512,40.63699],[-8.63137,40.6407],[-8.63136,40.6434],[-8.61968,40.65416]]},"properties":{"osm_type":"way","osm_id":1229517350,"country":"PT","name":null,"operator":"E-REDES","wikidata":null,"wikipedia":null}},{"type":"Feature","geometry":{"type":"LineString","coordinates":[[-7.9685,40.91135],[-7.96742,40.91345],[-7.96763,40.91684],[-7.96622,40.91878],[-7.96285,40.92049]]},"properties":{"osm_type":"way","osm_id":1229804557,"country":"PT","name":"Ermida - Castro Daire","operator":"E-REDES","wikidata":null,"wikipedia":null}},{"type":"Feature","geometry":{"type":"LineString","coordinates":[[-8.24927,40.29834],[-8.24887,40.29756]]},"properties":{"osm_type":"way","osm_id":1229897355,"country":"PT","name":null,"operator":"E-REDES","wikidata":null,"wikipedia":null}},{"type":"Feature","geometry":{"type":"LineString","coordinates":[[-8.2498,40.30721],[-8.25048,40.30617],[-8.2508,40.30158],[-8.24927,40.29834]]},"properties":{"osm_type":"way","osm_id":1229897356,"country":"PT","name":null,"operator":"E-REDES","wikidata":null,"wikipedia":null}},{"type":"Feature","geometry":{"type":"LineString","coordinates":[[-8.00547,40.73994],[-7.99814,40.73973],[-7.99726,40.73901],[-7.99011,40.73961],[-7.96608,40.74749],[-7.94916,40.75566]]},"properties":{"osm_type":"way","osm_id":1229899191,"country":"PT","name":"PH Vilar do Monte - Gumiei","operator":"E-REDES","wikidata":null,"wikipedia":null}},{"type":"Feature","geometry":{"type":"LineString","coordinates":[[-7.82057,40.55934],[-7.80019,40.52888],[-7.76281,40.46682],[-7.74354,40.44896],[-7.73984,40.44787]]},"properties":{"osm_type":"way","osm_id":1230004449,"country":"PT","name":null,"operator":"E-REDES","wikidata":null,"wikipedia":null}},{"type":"Feature","geometry":{"type":"LineString","coordinates":[[-7.83522,40.5519],[-7.8335,40.55276]]},"properties":{"osm_type":"way","osm_id":1230004451,"country":"PT","name":null,"operator":"E-REDES","wikidata":null,"wikipedia":null}},{"type":"Feature","geometry":{"type":"LineString","coordinates":[[-7.8335,40.55276],[-7.83262,40.5533]]},"properties":{"osm_type":"way","osm_id":1230004452,"country":"PT","name":null,"operator":"E-REDES","wikidata":null,"wikipedia":null}},{"type":"Feature","geometry":{"type":"LineString","coordinates":[[-7.8335,40.55276],[-7.83226,40.5525]]},"properties":{"osm_type":"way","osm_id":1230004453,"country":"PT","name":null,"operator":"E-REDES","wikidata":null,"wikipedia":null}},{"type":"Feature","geometry":{"type":"LineString","coordinates":[[-7.83218,40.5525],[-7.83262,40.5533]]},"properties":{"osm_type":"way","osm_id":1230004454,"country":"PT","name":null,"operator":"E-REDES","wikidata":null,"wikipedia":null}},{"type":"Feature","geometry":{"type":"LineString","coordinates":[[-7.83262,40.5533],[-7.82121,40.55956]]},"properties":{"osm_type":"way","osm_id":1230004455,"country":"PT","name":null,"operator":"E-REDES","wikidata":null,"wikipedia":null}},{"type":"Feature","geometry":{"type":"LineString","coordinates":[[-7.83374,40.57889],[-7.82291,40.58275],[-7.8118,40.5926],[-7.80666,40.59564],[-7.79851,40.60403],[-7.79263,40.60608],[-7.78857,40.6068],[-7.78436,40.60887],[-7.7795,40.61052],[-7.77508,40.60956],[-7.77483,40.60862],[-7.77584,40.60659]]},"properties":{"osm_type":"way","osm_id":1230004457,"country":"PT","name":"Mangualde - Viso","operator":"E-REDES","wikidata":null,"wikipedia":null}},{"type":"Feature","geometry":{"type":"LineString","coordinates":[[-7.68865,40.32704],[-7.69026,40.32794],[-7.69727,40.3283],[-7.7156,40.3399],[-7.7248,40.35086],[-7.72774,40.35549],[-7.72238,40.3665],[-7.7112,40.37987],[-7.70662,40.38321],[-7.70486,40.38889],[-7.70763,40.39511],[-7.70906,40.40164],[-7.71477,40.41425],[-7.7124,40.41878],[-7.71188,40.42267]]},"properties":{"osm_type":"way","osm_id":1230017931,"country":"PT","name":"Seia - Loriga","operator":"E-REDES","wikidata":null,"wikipedia":null}},{"type":"Feature","geometry":{"type":"LineString","coordinates":[[-8.18578,40.26334],[-8.18006,40.25756],[-8.16074,40.24825]]},"properties":{"osm_type":"way","osm_id":1230101448,"country":"PT","name":"Tábua (REN) - Alto S. João / Fronhas","operator":"E-REDES","wikidata":null,"wikipedia":null}},{"type":"Feature","geometry":{"type":"LineString","coordinates":[[-8.39734,40.18115],[-8.39028,40.18397],[-8.38391,40.18577],[-8.36122,40.19356],[-8.33918,40.20361],[-8.22521,40.24579],[-8.13578,40.28576],[-8.09134,40.298]]},"properties":{"osm_type":"way","osm_id":1230101449,"country":"PT","name":"Tábua (REN) - Alto S. João","operator":"E-REDES","wikidata":null,"wikipedia":null}},{"type":"Feature","geometry":{"type":"LineString","coordinates":[[-7.14718,40.3091],[-7.14106,40.30607],[-7.12915,40.30847],[-7.09872,40.33607],[-7.09485,40.33756],[-7.0944,40.33906],[-7.09484,40.33956]]},"properties":{"osm_type":"way","osm_id":1230132220,"country":"PT","name":"Mosteiro (PRE) - Sabugal","operator":"E-REDES","wikidata":null,"wikipedia":null}},{"type":"Feature","geometry":{"type":"LineString","coordinates":[[-7.71617,40.38385],[-7.70511,40.38483]]},"properties":{"osm_type":"way","osm_id":1230160453,"country":"PT","name":null,"operator":"E-REDES","wikidata":null,"wikipedia":null}},{"type":"Feature","geometry":{"type":"LineString","coordinates":[[-7.71617,40.38385],[-7.71744,40.38263],[-7.72498,40.38205],[-7.72797,40.37976]]},"properties":{"osm_type":"way","osm_id":1230160454,"country":"PT","name":null,"operator":"E-REDES","wikidata":null,"wikipedia":null}},{"type":"Feature","geometry":{"type":"LineString","coordinates":[[-7.71181,40.42269],[-7.71176,40.42142],[-7.70729,40.4185],[-7.70386,40.41486],[-7.67123,40.40104],[-7.66288,40.3971]]},"properties":{"osm_type":"way","osm_id":1230357890,"country":"PT","name":"Sabugueiro - Seia","operator":"E-REDES","wikidata":null,"wikipedia":null}},{"type":"Feature","geometry":{"type":"LineString","coordinates":[[-7.71174,40.42271],[-7.70743,40.41818],[-7.70723,40.41476],[-7.69435,40.3997],[-7.68741,40.39809]]},"properties":{"osm_type":"way","osm_id":1230357891,"country":"PT","name":"Desterro - Seia","operator":"E-REDES","wikidata":null,"wikipedia":null}},{"type":"Feature","geometry":{"type":"LineString","coordinates":[[-7.16931,38.88718],[-7.17077,38.89095]]},"properties":{"osm_type":"way","osm_id":1230373505,"country":"PT","name":null,"operator":"E-REDES","wikidata":null,"wikipedia":null}},{"type":"Feature","geometry":{"type":"LineString","coordinates":[[-7.16918,38.88731],[-7.18818,38.9059],[-7.22024,38.95206],[-7.25961,39.00651],[-7.28679,39.07496],[-7.29429,39.10222],[-7.2985,39.10639]]},"properties":{"osm_type":"way","osm_id":1230385580,"country":"PT","name":null,"operator":"E-REDES","wikidata":null,"wikipedia":null}},{"type":"Feature","geometry":{"type":"LineString","coordinates":[[-7.81451,39.56689],[-7.81593,39.5664],[-7.81442,39.56548],[-7.81278,39.56515]]},"properties":{"osm_type":"way","osm_id":1230385581,"country":"PT","name":"Central Pracana - Pracana (Grupo I/II)","operator":"E-REDES","wikidata":null,"wikipedia":null}},{"type":"Feature","geometry":{"type":"LineString","coordinates":[[-7.80566,39.56045],[-7.81449,39.56697]]},"properties":{"osm_type":"way","osm_id":1230385583,"country":"PT","name":"Falagueira (REN) - Pracana","operator":"E-REDES","wikidata":null,"wikipedia":null}},{"type":"Feature","geometry":{"type":"LineString","coordinates":[[-7.91252,39.85555],[-7.90886,39.85547],[-7.90537,39.85281],[-7.90408,39.84624],[-7.9096,39.81644],[-7.90623,39.78738],[-7.90114,39.76403],[-7.89525,39.73253],[-7.89636,39.72159]]},"properties":{"osm_type":"way","osm_id":1230385584,"country":"PT","name":"Vale Serrão - Cabeço da Rainha (PRE)","operator":"E-REDES","wikidata":null,"wikipedia":null}},{"type":"Feature","geometry":{"type":"LineString","coordinates":[[-7.50623,39.82602],[-7.50596,39.82584]]},"properties":{"osm_type":"way","osm_id":1230385585,"country":"PT","name":null,"operator":"E-REDES","wikidata":null,"wikipedia":null}},{"type":"Feature","geometry":{"type":"LineString","coordinates":[[-7.17391,38.88902],[-7.16936,38.88714]]},"properties":{"osm_type":"way","osm_id":1230435889,"country":"PT","name":null,"operator":"E-REDES","wikidata":null,"wikipedia":null}},{"type":"Feature","geometry":{"type":"LineString","coordinates":[[-7.754,39.52206],[-7.80584,39.5604]]},"properties":{"osm_type":"way","osm_id":1230435892,"country":"PT","name":null,"operator":"E-REDES","wikidata":null,"wikipedia":null}},{"type":"Feature","geometry":{"type":"LineString","coordinates":[[-8.79876,38.97811],[-8.79885,38.97797]]},"properties":{"osm_type":"way","osm_id":1230435896,"country":"PT","name":null,"operator":"E-REDES","wikidata":null,"wikipedia":null}},{"type":"Feature","geometry":{"type":"LineString","coordinates":[[-7.5081,39.82704],[-7.51021,39.82793],[-7.51134,39.8276],[-7.51943,39.82154],[-7.52334,39.82137],[-7.54553,39.81687],[-7.59584,39.80301],[-7.69321,39.70886]]},"properties":{"osm_type":"way","osm_id":1230594523,"country":"PT","name":"Pracana - Castelo Branco","operator":"E-REDES","wikidata":null,"wikipedia":null}},{"type":"Feature","geometry":{"type":"LineString","coordinates":[[-7.67295,39.674],[-7.67274,39.67401]]},"properties":{"osm_type":"way","osm_id":1230594524,"country":"PT","name":null,"operator":"E-REDES","wikidata":null,"wikipedia":null}},{"type":"Feature","geometry":{"type":"LineString","coordinates":[[-7.69474,39.7016],[-7.58296,39.8007],[-7.52051,39.82179]]},"properties":{"osm_type":"way","osm_id":1230594525,"country":"PT","name":null,"operator":"E-REDES","wikidata":null,"wikipedia":null}},{"type":"Feature","geometry":{"type":"LineString","coordinates":[[-8.32974,39.54617],[-8.32773,39.54564]]},"properties":{"osm_type":"way","osm_id":1230732231,"country":"PT","name":null,"operator":"E-REDES","wikidata":null,"wikipedia":null}},{"type":"Feature","geometry":{"type":"LineString","coordinates":[[-9.19118,38.79549],[-9.19093,38.79553]]},"properties":{"osm_type":"way","osm_id":1231134341,"country":"PT","name":null,"operator":"E-REDES","wikidata":null,"wikipedia":null}},{"type":"Feature","geometry":{"type":"LineString","coordinates":[[-9.36346,38.76057],[-9.36559,38.76215],[-9.36797,38.76067],[-9.37351,38.75959]]},"properties":{"osm_type":"way","osm_id":1231134346,"country":"PT","name":"Capa Rota","operator":"E-REDES","wikidata":null,"wikipedia":null}},{"type":"Feature","geometry":{"type":"LineString","coordinates":[[-9.17598,38.77607],[-9.1736,38.77705]]},"properties":{"osm_type":"way","osm_id":1231400146,"country":"PT","name":null,"operator":"E-REDES","wikidata":null,"wikipedia":null}},{"type":"Feature","geometry":{"type":"LineString","coordinates":[[-9.186,38.77103],[-9.18789,38.76893]]},"properties":{"osm_type":"way","osm_id":1231400147,"country":"PT","name":null,"operator":"E-REDES","wikidata":null,"wikipedia":null}},{"type":"Feature","geometry":{"type":"LineString","coordinates":[[-9.18088,38.65741],[-9.18186,38.66031],[-9.17772,38.66434],[-9.17475,38.66513]]},"properties":{"osm_type":"way","osm_id":1231576058,"country":"PT","name":null,"operator":"E-REDES","wikidata":null,"wikipedia":null}},{"type":"Feature","geometry":{"type":"LineString","coordinates":[[-7.47285,37.18457],[-7.47526,37.18603],[-7.54543,37.19259],[-7.56919,37.18319]]},"properties":{"osm_type":"way","osm_id":1231579381,"country":"PT","name":null,"operator":"E-REDES","wikidata":null,"wikipedia":null}},{"type":"Feature","geometry":{"type":"LineString","coordinates":[[-8.0995,38.05898],[-8.09968,38.05917]]},"properties":{"osm_type":"way","osm_id":1231579382,"country":"PT","name":null,"operator":"E-REDES","wikidata":null,"wikipedia":null}},{"type":"Feature","geometry":{"type":"LineString","coordinates":[[-8.10096,37.88199],[-8.10075,37.89195],[-8.08899,37.94046],[-8.0985,37.98859],[-8.10281,38.00368],[-8.10384,38.00482],[-8.10442,38.00929],[-8.10642,38.01627],[-8.10804,38.01645],[-8.1093,38.0183],[-8.10757,38.02026],[-8.11016,38.03089],[-8.11101,38.0332],[-8.11491,38.03626],[-8.12644,38.05488]]},"properties":{"osm_type":"way","osm_id":1231584816,"country":"PT","name":null,"operator":"E-REDES","wikidata":null,"wikipedia":null}},{"type":"Feature","geometry":{"type":"LineString","coordinates":[[-7.57394,38.33525],[-7.57417,38.33506]]},"properties":{"osm_type":"way","osm_id":1231659706,"country":"PT","name":null,"operator":"E-REDES","wikidata":null,"wikipedia":null}},{"type":"Feature","geometry":{"type":"LineString","coordinates":[[-7.57413,38.3353],[-7.57417,38.33506]]},"properties":{"osm_type":"way","osm_id":1231659707,"country":"PT","name":null,"operator":"E-REDES","wikidata":null,"wikipedia":null}},{"type":"Feature","geometry":{"type":"LineString","coordinates":[[-8.05776,38.0617],[-8.05764,38.06072]]},"properties":{"osm_type":"way","osm_id":1231772495,"country":"PT","name":null,"operator":"E-REDES","wikidata":null,"wikipedia":null}},{"type":"Feature","geometry":{"type":"LineString","coordinates":[[-8.08991,38.05817],[-8.09072,38.05724],[-8.09297,38.05679]]},"properties":{"osm_type":"way","osm_id":1231772496,"country":"PT","name":null,"operator":"E-REDES","wikidata":null,"wikipedia":null}},{"type":"Feature","geometry":{"type":"LineString","coordinates":[[-8.09992,38.0593],[-8.10012,38.05975],[-8.09854,38.06054],[-8.09642,38.05886],[-8.08991,38.05817]]},"properties":{"osm_type":"way","osm_id":1231772497,"country":"PT","name":null,"operator":"E-REDES","wikidata":null,"wikipedia":null}},{"type":"Feature","geometry":{"type":"LineString","coordinates":[[-7.62658,38.10745],[-7.62661,38.10918]]},"properties":{"osm_type":"way","osm_id":1231772499,"country":"PT","name":null,"operator":"E-REDES","wikidata":null,"wikipedia":null}},{"type":"Feature","geometry":{"type":"LineString","coordinates":[[-8.69353,37.15091],[-8.69832,37.14714],[-8.70046,37.14385],[-8.70125,37.14055],[-8.70223,37.1198],[-8.70094,37.11611]]},"properties":{"osm_type":"way","osm_id":1232033623,"country":"PT","name":"PS Bensafrim - Lagos","operator":"E-REDES","wikidata":null,"wikipedia":null}},{"type":"Feature","geometry":{"type":"LineString","coordinates":[[-8.69891,37.15291],[-8.69353,37.15091]]},"properties":{"osm_type":"way","osm_id":1232033624,"country":"PT","name":null,"operator":"E-REDES","wikidata":null,"wikipedia":null}},{"type":"Feature","geometry":{"type":"LineString","coordinates":[[-8.69957,37.1531],[-8.69891,37.15291]]},"properties":{"osm_type":"way","osm_id":1232033625,"country":"PT","name":null,"operator":"E-REDES","wikidata":null,"wikipedia":null}},{"type":"Feature","geometry":{"type":"LineString","coordinates":[[-8.69953,37.15318],[-8.69891,37.15291]]},"properties":{"osm_type":"way","osm_id":1232033626,"country":"PT","name":null,"operator":"E-REDES","wikidata":null,"wikipedia":null}},{"type":"Feature","geometry":{"type":"LineString","coordinates":[[-8.71155,37.15819],[-8.71207,37.16157],[-8.71578,37.16702],[-8.71723,37.16747],[-8.7207,37.16706],[-8.72567,37.16801],[-8.72908,37.1702],[-8.73977,37.17196],[-8.74419,37.17115],[-8.74991,37.17083],[-8.75524,37.16703],[-8.78082,37.16063],[-8.79207,37.15113],[-8.79491,37.14993]]},"properties":{"osm_type":"way","osm_id":1232033627,"country":"PT","name":"PE Barão S. João - PS Bensafrim","operator":"E-REDES","wikidata":null,"wikipedia":null}},{"type":"Feature","geometry":{"type":"LineString","coordinates":[[-8.70834,37.16069],[-8.70942,37.1598]]},"properties":{"osm_type":"way","osm_id":1232033629,"country":"PT","name":null,"operator":"E-REDES","wikidata":null,"wikipedia":null}},{"type":"Feature","geometry":{"type":"LineString","coordinates":[[-8.70841,37.16074],[-8.70942,37.1598]]},"properties":{"osm_type":"way","osm_id":1232033630,"country":"PT","name":null,"operator":"E-REDES","wikidata":null,"wikipedia":null}},{"type":"Feature","geometry":{"type":"LineString","coordinates":[[-8.71146,37.15805],[-8.71147,37.15819]]},"properties":{"osm_type":"way","osm_id":1232033631,"country":"PT","name":"Portimão (REN) - PS Bensafrim","operator":"E-REDES","wikidata":null,"wikipedia":null}},{"type":"Feature","geometry":{"type":"LineString","coordinates":[[-8.71154,37.15805],[-8.71155,37.15819]]},"properties":{"osm_type":"way","osm_id":1232033632,"country":"PT","name":"PE Barão S. João - PS Bensafrim","operator":"E-REDES","wikidata":null,"wikipedia":null}},{"type":"Feature","geometry":{"type":"LineString","coordinates":[[-8.71048,37.15887],[-8.70942,37.1598]]},"properties":{"osm_type":"way","osm_id":1232033633,"country":"PT","name":null,"operator":"E-REDES","wikidata":null,"wikipedia":null}},{"type":"Feature","geometry":{"type":"LineString","coordinates":[[-8.71121,37.15805],[-8.71048,37.15887]]},"properties":{"osm_type":"way","osm_id":1232033634,"country":"PT","name":null,"operator":"E-REDES","wikidata":null,"wikipedia":null}},{"type":"Feature","geometry":{"type":"LineString","coordinates":[[-8.71128,37.15805],[-8.71048,37.15887]]},"properties":{"osm_type":"way","osm_id":1232033635,"country":"PT","name":"Porto de Lagos - PS Bensafrim","operator":"E-REDES","wikidata":null,"wikipedia":null}},{"type":"Feature","geometry":{"type":"LineString","coordinates":[[-8.53216,37.17761],[-8.53218,37.17781]]},"properties":{"osm_type":"way","osm_id":1232033636,"country":"PT","name":"Portimão (REN) - Porto Lagos I","operator":"E-REDES","wikidata":null,"wikipedia":null}},{"type":"Feature","geometry":{"type":"LineString","coordinates":[[-7.58124,37.20274],[-7.56791,37.21018],[-7.56329,37.21576],[-7.56079,37.2202],[-7.55726,37.22291],[-7.52604,37.25988],[-7.50486,37.27009],[-7.50254,37.26871],[-7.4901,37.26478],[-7.4796,37.26091]]},"properties":{"osm_type":"way","osm_id":1232033639,"country":"PT","name":null,"operator":"E-REDES","wikidata":null,"wikipedia":null}},{"type":"Feature","geometry":{"type":"LineString","coordinates":[[-8.75049,37.90642],[-8.75009,37.91306],[-8.7492,37.91731]]},"properties":{"osm_type":"way","osm_id":1232167005,"country":"PT","name":"GAS (ETA Morgavel)","operator":"E-REDES","wikidata":null,"wikipedia":null}},{"type":"Feature","geometry":{"type":"LineString","coordinates":[[-8.57065,40.77413],[-8.57334,40.7743]]},"properties":{"osm_type":"way","osm_id":1233300977,"country":"PT","name":"Avanca - Enerpulp / ECE","operator":"E-REDES","wikidata":null,"wikipedia":null}},{"type":"Feature","geometry":{"type":"LineString","coordinates":[[-8.47761,40.74523],[-8.4776,40.74522]]},"properties":{"osm_type":"way","osm_id":1234489690,"country":"PT","name":null,"operator":"E-REDES","wikidata":null,"wikipedia":null}},{"type":"Feature","geometry":{"type":"LineString","coordinates":[[-8.47763,40.74534],[-8.47762,40.74533]]},"properties":{"osm_type":"way","osm_id":1234489691,"country":"PT","name":null,"operator":"E-REDES","wikidata":null,"wikipedia":null}},{"type":"Feature","geometry":{"type":"LineString","coordinates":[[-8.47746,40.74536],[-8.47768,40.74533]]},"properties":{"osm_type":"way","osm_id":1234489704,"country":"PT","name":null,"operator":"E-REDES","wikidata":null,"wikipedia":null}},{"type":"Feature","geometry":{"type":"LineString","coordinates":[[-8.47745,40.74525],[-8.47766,40.74522]]},"properties":{"osm_type":"way","osm_id":1234489705,"country":"PT","name":null,"operator":"E-REDES","wikidata":null,"wikipedia":null}},{"type":"Feature","geometry":{"type":"LineString","coordinates":[[-7.16914,38.88714],[-7.16899,38.88705]]},"properties":{"osm_type":"way","osm_id":1234491584,"country":"PT","name":null,"operator":"E-REDES","wikidata":null,"wikipedia":null}},{"type":"Feature","geometry":{"type":"LineString","coordinates":[[-7.169,38.88726],[-7.16886,38.88717]]},"properties":{"osm_type":"way","osm_id":1234491585,"country":"PT","name":null,"operator":"E-REDES","wikidata":null,"wikipedia":null}},{"type":"Feature","geometry":{"type":"LineString","coordinates":[[-7.16911,38.88713],[-7.16912,38.88713]]},"properties":{"osm_type":"way","osm_id":1234492471,"country":"PT","name":null,"operator":"E-REDES","wikidata":null,"wikipedia":null}},{"type":"Feature","geometry":{"type":"LineString","coordinates":[[-7.16898,38.88725],[-7.16897,38.88724]]},"properties":{"osm_type":"way","osm_id":1234492472,"country":"PT","name":null,"operator":"E-REDES","wikidata":null,"wikipedia":null}},{"type":"Feature","geometry":{"type":"LineString","coordinates":[[-8.35096,41.36482],[-8.35074,41.36528]]},"properties":{"osm_type":"way","osm_id":1252017433,"country":"PT","name":"Caniços - S. Martinho do Campo","operator":"E-REDES","wikidata":null,"wikipedia":null}},{"type":"Feature","geometry":{"type":"LineString","coordinates":[[-8.3681,41.34056],[-8.35096,41.36482]]},"properties":{"osm_type":"way","osm_id":1252017434,"country":"PT","name":"Caniços - S. Martinho do Campo","operator":"E-REDES","wikidata":null,"wikipedia":null}},{"type":"Feature","geometry":{"type":"LineString","coordinates":[[-8.19092,40.55329],[-8.1886,40.54077],[-8.18721,40.5367],[-8.18506,40.53255],[-8.17817,40.52455],[-8.16847,40.50639],[-8.15913,40.49882],[-8.14608,40.49176],[-8.12888,40.47406],[-8.12497,40.47082],[-8.08775,40.44778],[-8.08434,40.44256],[-8.08321,40.44226],[-8.0828,40.44025],[-8.07742,40.4285],[-8.07454,40.4242],[-8.06198,40.41453],[-8.05948,40.41068],[-8.04814,40.37669],[-8.04778,40.37355],[-8.04838,40.36823],[-8.04795,40.36601],[-8.04882,40.36331],[-8.04859,40.35757],[-8.04455,40.34894],[-8.02974,40.34287],[-8.02475,40.33711],[-8.02044,40.33562],[-8.01623,40.33549],[-8.01369,40.33308]]},"properties":{"osm_type":"way","osm_id":1252143752,"country":"PT","name":"Caramulo - Tábua","operator":"Energetix","wikidata":null,"wikipedia":null}},{"type":"Feature","geometry":{"type":"LineString","coordinates":[[-8.3268,39.54567],[-8.32743,39.54413]]},"properties":{"osm_type":"way","osm_id":1252638877,"country":"PT","name":null,"operator":"REN","wikidata":null,"wikipedia":null}},{"type":"Feature","geometry":{"type":"LineString","coordinates":[[-8.32661,39.54561],[-8.32724,39.54407]]},"properties":{"osm_type":"way","osm_id":1252638878,"country":"PT","name":null,"operator":"REN","wikidata":null,"wikipedia":null}},{"type":"Feature","geometry":{"type":"LineString","coordinates":[[-8.32751,39.5458],[-8.32786,39.54493]]},"properties":{"osm_type":"way","osm_id":1252638879,"country":"PT","name":null,"operator":"REN","wikidata":null,"wikipedia":null}},{"type":"Feature","geometry":{"type":"LineString","coordinates":[[-8.32759,39.54582],[-8.32794,39.54495]]},"properties":{"osm_type":"way","osm_id":1252638880,"country":"PT","name":null,"operator":"REN","wikidata":null,"wikipedia":null}},{"type":"Feature","geometry":{"type":"LineString","coordinates":[[-17.0677,32.76514],[-17.06954,32.76738],[-17.06449,32.77379],[-17.05546,32.77547],[-17.04904,32.77969]]},"properties":{"osm_type":"way","osm_id":1252837344,"country":"PT","name":null,"operator":null,"wikidata":null,"wikipedia":null}},{"type":"Feature","geometry":{"type":"LineString","coordinates":[[-7.90599,38.57618],[-7.90612,38.57627]]},"properties":{"osm_type":"way","osm_id":1253079308,"country":"PT","name":null,"operator":"E-REDES","wikidata":null,"wikipedia":null}},{"type":"Feature","geometry":{"type":"LineString","coordinates":[[-7.90588,38.57628],[-7.906,38.57637]]},"properties":{"osm_type":"way","osm_id":1253079309,"country":"PT","name":null,"operator":"E-REDES","wikidata":null,"wikipedia":null}},{"type":"Feature","geometry":{"type":"LineString","coordinates":[[-8.53236,37.17755],[-8.53262,37.17752]]},"properties":{"osm_type":"way","osm_id":1253336196,"country":"PT","name":null,"operator":"E-REDES","wikidata":null,"wikipedia":null}},{"type":"Feature","geometry":{"type":"LineString","coordinates":[[-8.51386,37.19682],[-8.5138,37.19696]]},"properties":{"osm_type":"way","osm_id":1253415732,"country":"PT","name":null,"operator":"Goldiport Solar Lda","wikidata":null,"wikipedia":null}},{"type":"Feature","geometry":{"type":"LineString","coordinates":[[-8.51443,37.19826],[-8.51474,37.19865]]},"properties":{"osm_type":"way","osm_id":1253415735,"country":"PT","name":null,"operator":"REN","wikidata":null,"wikipedia":null}},{"type":"Feature","geometry":{"type":"LineString","coordinates":[[-8.51433,37.19831],[-8.51463,37.1987]]},"properties":{"osm_type":"way","osm_id":1253415736,"country":"PT","name":null,"operator":"REN","wikidata":null,"wikipedia":null}},{"type":"Feature","geometry":{"type":"LineString","coordinates":[[-8.51454,37.19821],[-8.51484,37.19859]]},"properties":{"osm_type":"way","osm_id":1253415737,"country":"PT","name":null,"operator":"REN","wikidata":null,"wikipedia":null}},{"type":"Feature","geometry":{"type":"LineString","coordinates":[[-8.51464,37.19815],[-8.51495,37.19854]]},"properties":{"osm_type":"way","osm_id":1253415738,"country":"PT","name":null,"operator":"REN","wikidata":null,"wikipedia":null}},{"type":"Feature","geometry":{"type":"LineString","coordinates":[[-8.51475,37.1981],[-8.51505,37.19849]]},"properties":{"osm_type":"way","osm_id":1253415739,"country":"PT","name":null,"operator":"REN","wikidata":null,"wikipedia":null}},{"type":"Feature","geometry":{"type":"LineString","coordinates":[[-8.5148,37.19798],[-8.51516,37.19844]]},"properties":{"osm_type":"way","osm_id":1253415740,"country":"PT","name":null,"operator":"REN","wikidata":null,"wikipedia":null}},{"type":"Feature","geometry":{"type":"LineString","coordinates":[[-8.51521,37.19776],[-8.51558,37.19823]]},"properties":{"osm_type":"way","osm_id":1253415741,"country":"PT","name":null,"operator":"REN","wikidata":null,"wikipedia":null}},{"type":"Feature","geometry":{"type":"LineString","coordinates":[[-8.5138,37.19696],[-8.51521,37.19776]]},"properties":{"osm_type":"way","osm_id":1253415742,"country":"PT","name":"Morgado de Argue - Portimão","operator":"REN","wikidata":null,"wikipedia":null}},{"type":"Feature","geometry":{"type":"LineString","coordinates":[[-8.51538,37.19779],[-8.51568,37.19817]]},"properties":{"osm_type":"way","osm_id":1253415743,"country":"PT","name":null,"operator":"REN","wikidata":null,"wikipedia":null}},{"type":"Feature","geometry":{"type":"LineString","coordinates":[[-8.51548,37.19774],[-8.51578,37.19812]]},"properties":{"osm_type":"way","osm_id":1253415744,"country":"PT","name":null,"operator":"REN","wikidata":null,"wikipedia":null}},{"type":"Feature","geometry":{"type":"LineString","coordinates":[[-8.51558,37.19768],[-8.51589,37.19807]]},"properties":{"osm_type":"way","osm_id":1253415745,"country":"PT","name":null,"operator":"REN","wikidata":null,"wikipedia":null}},{"type":"Feature","geometry":{"type":"LineString","coordinates":[[-8.51568,37.19763],[-8.51599,37.19802]]},"properties":{"osm_type":"way","osm_id":1253415746,"country":"PT","name":null,"operator":"REN","wikidata":null,"wikipedia":null}},{"type":"Feature","geometry":{"type":"LineString","coordinates":[[-8.51619,37.19822],[-8.51619,37.19822]]},"properties":{"osm_type":"way","osm_id":1253415747,"country":"PT","name":null,"operator":"REN","wikidata":null,"wikipedia":null}},{"type":"Feature","geometry":{"type":"LineString","coordinates":[[-8.51608,37.19829],[-8.51609,37.19829]]},"properties":{"osm_type":"way","osm_id":1253415748,"country":"PT","name":null,"operator":"REN","wikidata":null,"wikipedia":null}},{"type":"Feature","geometry":{"type":"LineString","coordinates":[[-8.51586,37.19839],[-8.51586,37.19837]]},"properties":{"osm_type":"way","osm_id":1253415749,"country":"PT","name":null,"operator":"REN","wikidata":null,"wikipedia":null}},{"type":"Feature","geometry":{"type":"LineString","coordinates":[[-8.51568,37.19817],[-8.5159,37.19842]]},"properties":{"osm_type":"way","osm_id":1253415752,"country":"PT","name":null,"operator":"REN","wikidata":null,"wikipedia":null}},{"type":"Feature","geometry":{"type":"LineString","coordinates":[[-8.51589,37.19807],[-8.5161,37.19831]]},"properties":{"osm_type":"way","osm_id":1253415753,"country":"PT","name":null,"operator":"REN","wikidata":null,"wikipedia":null}},{"type":"Feature","geometry":{"type":"LineString","coordinates":[[-8.51599,37.19802],[-8.51622,37.19825]]},"properties":{"osm_type":"way","osm_id":1253415754,"country":"PT","name":null,"operator":"REN","wikidata":null,"wikipedia":null}},{"type":"Feature","geometry":{"type":"LineString","coordinates":[[-8.51622,37.19825],[-8.51619,37.19822]]},"properties":{"osm_type":"way","osm_id":1253415755,"country":"PT","name":null,"operator":"REN","wikidata":null,"wikipedia":null}},{"type":"Feature","geometry":{"type":"LineString","coordinates":[[-8.5161,37.19831],[-8.51609,37.19829]]},"properties":{"osm_type":"way","osm_id":1253415756,"country":"PT","name":null,"operator":"REN","wikidata":null,"wikipedia":null}},{"type":"Feature","geometry":{"type":"LineString","coordinates":[[-8.51565,37.19845],[-8.51571,37.19852]]},"properties":{"osm_type":"way","osm_id":1253415757,"country":"PT","name":null,"operator":"REN","wikidata":null,"wikipedia":null}},{"type":"Feature","geometry":{"type":"LineString","coordinates":[[-8.51586,37.19837],[-8.5159,37.19842]]},"properties":{"osm_type":"way","osm_id":1253415758,"country":"PT","name":null,"operator":"REN","wikidata":null,"wikipedia":null}},{"type":"Feature","geometry":{"type":"LineString","coordinates":[[-8.51711,37.19876],[-8.51671,37.199],[-8.5161,37.19831]]},"properties":{"osm_type":"way","osm_id":1253415759,"country":"PT","name":null,"operator":"REN","wikidata":null,"wikipedia":null}},{"type":"Feature","geometry":{"type":"LineString","coordinates":[[-8.51698,37.1986],[-8.51622,37.19825]]},"properties":{"osm_type":"way","osm_id":1253415760,"country":"PT","name":null,"operator":"REN","wikidata":null,"wikipedia":null}},{"type":"Feature","geometry":{"type":"LineString","coordinates":[[-8.5159,37.19842],[-8.51679,37.19952]]},"properties":{"osm_type":"way","osm_id":1253415763,"country":"PT","name":null,"operator":"REN","wikidata":null,"wikipedia":null}},{"type":"Feature","geometry":{"type":"LineString","coordinates":[[-8.51571,37.19852],[-8.51659,37.19962]]},"properties":{"osm_type":"way","osm_id":1253415764,"country":"PT","name":null,"operator":"REN","wikidata":null,"wikipedia":null}},{"type":"Feature","geometry":{"type":"LineString","coordinates":[[-8.51579,37.1988],[-8.51619,37.19859]]},"properties":{"osm_type":"way","osm_id":1253415765,"country":"PT","name":null,"operator":"REN","wikidata":null,"wikipedia":null}},{"type":"Feature","geometry":{"type":"LineString","coordinates":[[-8.51639,37.19955],[-8.51681,37.19934]]},"properties":{"osm_type":"way","osm_id":1253415766,"country":"PT","name":null,"operator":"REN","wikidata":null,"wikipedia":null}},{"type":"Feature","geometry":{"type":"LineString","coordinates":[[-8.51429,37.19833],[-8.51573,37.19761]]},"properties":{"osm_type":"way","osm_id":1253415767,"country":"PT","name":null,"operator":"REN","wikidata":null,"wikipedia":null}},{"type":"Feature","geometry":{"type":"LineString","coordinates":[[-8.51436,37.19841],[-8.51579,37.19769]]},"properties":{"osm_type":"way","osm_id":1253415768,"country":"PT","name":null,"operator":"REN","wikidata":null,"wikipedia":null}},{"type":"Feature","geometry":{"type":"LineString","coordinates":[[-8.51452,37.19866],[-8.51596,37.19793]]},"properties":{"osm_type":"way","osm_id":1253415769,"country":"PT","name":null,"operator":"REN","wikidata":null,"wikipedia":null}},{"type":"Feature","geometry":{"type":"LineString","coordinates":[[-8.51505,37.19849],[-8.5153,37.19945]]},"properties":{"osm_type":"way","osm_id":1253415779,"country":"PT","name":"Sines - Portimão 2","operator":"REN","wikidata":null,"wikipedia":null}},{"type":"Feature","geometry":{"type":"LineString","coordinates":[[-8.51495,37.19854],[-8.5153,37.19945]]},"properties":{"osm_type":"way","osm_id":1253415780,"country":"PT","name":"Saboia - Portimão","operator":"REN","wikidata":null,"wikipedia":null}},{"type":"Feature","geometry":{"type":"LineString","coordinates":[[-8.51496,37.19922],[-8.51484,37.19859]]},"properties":{"osm_type":"way","osm_id":1253415781,"country":"PT","name":"Portimão - Tunes 2","operator":"REN","wikidata":null,"wikipedia":null}},{"type":"Feature","geometry":{"type":"LineString","coordinates":[[-8.51496,37.19922],[-8.51474,37.19865]]},"properties":{"osm_type":"way","osm_id":1253415782,"country":"PT","name":"Portimão - Tunes 1","operator":"REN","wikidata":null,"wikipedia":null}},{"type":"Feature","geometry":{"type":"LineString","coordinates":[[-8.51731,37.19892],[-8.51689,37.19839]]},"properties":{"osm_type":"way","osm_id":1253415792,"country":"PT","name":null,"operator":"REN","wikidata":null,"wikipedia":null}},{"type":"Feature","geometry":{"type":"LineString","coordinates":[[-8.51738,37.19887],[-8.51696,37.19835]]},"properties":{"osm_type":"way","osm_id":1253415793,"country":"PT","name":null,"operator":"REN","wikidata":null,"wikipedia":null}},{"type":"Feature","geometry":{"type":"LineString","coordinates":[[-8.5172,37.19856],[-8.51778,37.19838]]},"properties":{"osm_type":"way","osm_id":1253415794,"country":"PT","name":null,"operator":"E-REDES","wikidata":null,"wikipedia":null}},{"type":"Feature","geometry":{"type":"LineString","coordinates":[[-8.51711,37.19846],[-8.51778,37.19838]]},"properties":{"osm_type":"way","osm_id":1253415795,"country":"PT","name":"Portimão (REN) - Porto Lagos I","operator":"E-REDES","wikidata":null,"wikipedia":null}},{"type":"Feature","geometry":{"type":"LineString","coordinates":[[-8.25936,37.2561],[-8.25938,37.25614]]},"properties":{"osm_type":"way","osm_id":1253415798,"country":"PT","name":null,"operator":"E-REDES","wikidata":null,"wikipedia":null}},{"type":"Feature","geometry":{"type":"LineString","coordinates":[[-7.22169,40.62254],[-7.23043,40.62681],[-7.24375,40.64288],[-7.25218,40.64774],[-7.26394,40.65357],[-7.27399,40.65965],[-7.29957,40.66765],[-7.31442,40.67148],[-7.32201,40.6691],[-7.33096,40.66945],[-7.33597,40.67132],[-7.33807,40.6716]]},"properties":{"osm_type":"way","osm_id":1254931290,"country":"PT","name":null,"operator":"EDP Renováveis","wikidata":null,"wikipedia":null}},{"type":"Feature","geometry":{"type":"LineString","coordinates":[[-7.02945,40.81724],[-7.02956,40.81731]]},"properties":{"osm_type":"way","osm_id":1254931303,"country":"PT","name":null,"operator":"E-REDES","wikidata":null,"wikipedia":null}},{"type":"Feature","geometry":{"type":"LineString","coordinates":[[-7.55371,39.82831],[-7.55367,39.82847]]},"properties":{"osm_type":"way","osm_id":1255725833,"country":"PT","name":null,"operator":"REN","wikidata":null,"wikipedia":null}},{"type":"Feature","geometry":{"type":"LineString","coordinates":[[-7.5539,39.82865],[-7.5531,39.82852]]},"properties":{"osm_type":"way","osm_id":1255725834,"country":"PT","name":null,"operator":"REN","wikidata":null,"wikipedia":null}},{"type":"Feature","geometry":{"type":"LineString","coordinates":[[-7.55393,39.82851],[-7.55313,39.82838]]},"properties":{"osm_type":"way","osm_id":1255725835,"country":"PT","name":null,"operator":"REN","wikidata":null,"wikipedia":null}},{"type":"Feature","geometry":{"type":"LineString","coordinates":[[-7.55412,39.82837],[-7.55404,39.82866]]},"properties":{"osm_type":"way","osm_id":1255725836,"country":"PT","name":null,"operator":"REN","wikidata":null,"wikipedia":null}},{"type":"Feature","geometry":{"type":"LineString","coordinates":[[-7.55409,39.82818],[-7.55407,39.82816]]},"properties":{"osm_type":"way","osm_id":1255725837,"country":"PT","name":null,"operator":"REN","wikidata":null,"wikipedia":null}},{"type":"Feature","geometry":{"type":"LineString","coordinates":[[-7.55371,39.82814],[-7.5537,39.82811]]},"properties":{"osm_type":"way","osm_id":1255725838,"country":"PT","name":null,"operator":"REN","wikidata":null,"wikipedia":null}},{"type":"Feature","geometry":{"type":"LineString","coordinates":[[-7.55371,39.82806],[-7.55371,39.82831]]},"properties":{"osm_type":"way","osm_id":1255725839,"country":"PT","name":null,"operator":"REN","wikidata":null,"wikipedia":null}},{"type":"Feature","geometry":{"type":"LineString","coordinates":[[-7.55408,39.82812],[-7.55412,39.82837]]},"properties":{"osm_type":"way","osm_id":1255725840,"country":"PT","name":null,"operator":"REN","wikidata":null,"wikipedia":null}},{"type":"Feature","geometry":{"type":"LineString","coordinates":[[-7.55301,39.82886],[-7.55316,39.82828]]},"properties":{"osm_type":"way","osm_id":1255725843,"country":"PT","name":null,"operator":"REN","wikidata":null,"wikipedia":null}},{"type":"Feature","geometry":{"type":"LineString","coordinates":[[-7.55381,39.82898],[-7.55396,39.82843]]},"properties":{"osm_type":"way","osm_id":1255725844,"country":"PT","name":null,"operator":"REN","wikidata":null,"wikipedia":null}},{"type":"Feature","geometry":{"type":"LineString","coordinates":[[-7.55283,39.82847],[-7.55412,39.82868]]},"properties":{"osm_type":"way","osm_id":1255725845,"country":"PT","name":null,"operator":"REN","wikidata":null,"wikipedia":null}},{"type":"Feature","geometry":{"type":"LineString","coordinates":[[-7.55411,39.82757],[-7.55398,39.82803]]},"properties":{"osm_type":"way","osm_id":1255725851,"country":"PT","name":null,"operator":"REN","wikidata":null,"wikipedia":null}},{"type":"Feature","geometry":{"type":"LineString","coordinates":[[-7.55361,39.82797],[-7.55373,39.82751]]},"properties":{"osm_type":"way","osm_id":1255725852,"country":"PT","name":null,"operator":"REN","wikidata":null,"wikipedia":null}},{"type":"Feature","geometry":{"type":"LineString","coordinates":[[-7.55323,39.82791],[-7.55336,39.82745]]},"properties":{"osm_type":"way","osm_id":1255725853,"country":"PT","name":null,"operator":"REN","wikidata":null,"wikipedia":null}},{"type":"Feature","geometry":{"type":"LineString","coordinates":[[-7.55438,39.82774],[-7.55304,39.82752]]},"properties":{"osm_type":"way","osm_id":1255725854,"country":"PT","name":null,"operator":"REN","wikidata":null,"wikipedia":null}},{"type":"Feature","geometry":{"type":"LineString","coordinates":[[-7.55427,39.82807],[-7.55294,39.82786]]},"properties":{"osm_type":"way","osm_id":1255725863,"country":"PT","name":null,"operator":"REN","wikidata":null,"wikipedia":null}},{"type":"Feature","geometry":{"type":"LineString","coordinates":[[-7.5543,39.82798],[-7.55296,39.82776]]},"properties":{"osm_type":"way","osm_id":1255725864,"country":"PT","name":null,"operator":"REN","wikidata":null,"wikipedia":null}},{"type":"Feature","geometry":{"type":"LineString","coordinates":[[-7.55311,39.8274],[-7.55295,39.828]]},"properties":{"osm_type":"way","osm_id":1255725865,"country":"PT","name":null,"operator":"REN","wikidata":null,"wikipedia":null}},{"type":"Feature","geometry":{"type":"LineString","coordinates":[[-7.55323,39.82742],[-7.5531,39.82802]]},"properties":{"osm_type":"way","osm_id":1255725866,"country":"PT","name":null,"operator":"REN","wikidata":null,"wikipedia":null}},{"type":"Feature","geometry":{"type":"LineString","coordinates":[[-7.5537,39.82811],[-7.55386,39.82753]]},"properties":{"osm_type":"way","osm_id":1255725867,"country":"PT","name":null,"operator":"REN","wikidata":null,"wikipedia":null}},{"type":"Feature","geometry":{"type":"LineString","coordinates":[[-7.55423,39.82759],[-7.55407,39.82816]]},"properties":{"osm_type":"way","osm_id":1255725868,"country":"PT","name":null,"operator":"REN","wikidata":null,"wikipedia":null}},{"type":"Feature","geometry":{"type":"LineString","coordinates":[[-7.55231,39.82822],[-7.55254,39.82825]]},"properties":{"osm_type":"way","osm_id":1255725880,"country":"PT","name":null,"operator":"REN","wikidata":null,"wikipedia":null}},{"type":"Feature","geometry":{"type":"LineString","coordinates":[[-7.55252,39.82832],[-7.55229,39.82829]]},"properties":{"osm_type":"way","osm_id":1255725881,"country":"PT","name":null,"operator":"REN","wikidata":null,"wikipedia":null}},{"type":"Feature","geometry":{"type":"LineString","coordinates":[[-7.55227,39.82835],[-7.5525,39.82839]]},"properties":{"osm_type":"way","osm_id":1255725882,"country":"PT","name":null,"operator":"REN","wikidata":null,"wikipedia":null}},{"type":"Feature","geometry":{"type":"LineString","coordinates":[[-7.55235,39.82867],[-7.55246,39.82821]]},"properties":{"osm_type":"way","osm_id":1255725883,"country":"PT","name":null,"operator":"REN","wikidata":null,"wikipedia":null}},{"type":"Feature","geometry":{"type":"LineString","coordinates":[[-7.55226,39.82865],[-7.55238,39.82819]]},"properties":{"osm_type":"way","osm_id":1255725884,"country":"PT","name":null,"operator":"REN","wikidata":null,"wikipedia":null}},{"type":"Feature","geometry":{"type":"LineString","coordinates":[[-8.29496,40.01709],[-8.29489,40.0171]]},"properties":{"osm_type":"way","osm_id":1255760550,"country":"PT","name":null,"operator":"Nadara","wikidata":null,"wikipedia":null}},{"type":"Feature","geometry":{"type":"LineString","coordinates":[[-7.81127,41.55151],[-7.81077,41.55226]]},"properties":{"osm_type":"way","osm_id":1256077892,"country":"PT","name":"Ribeira de Pena - Vieira do Minho 1","operator":"REN","wikidata":null,"wikipedia":null}},{"type":"Feature","geometry":{"type":"LineString","coordinates":[[-7.81106,41.55141],[-7.81077,41.55226]]},"properties":{"osm_type":"way","osm_id":1256077893,"country":"PT","name":"Ribeira de Pena - Vieira do Minho 2","operator":"REN","wikidata":null,"wikipedia":null}},{"type":"Feature","geometry":{"type":"LineString","coordinates":[[-6.68753,41.20768],[-6.68163,41.20789],[-6.68037,41.20888],[-6.67856,41.20951],[-6.67731,41.20889],[-6.677,41.20796],[-6.67771,41.20706],[-6.67823,41.2072]]},"properties":{"osm_type":"way","osm_id":1256556437,"country":"PT","name":"Lagoaça - Aldeadávila","operator":"Red Eléctrica de España","wikidata":null,"wikipedia":null}},{"type":"Feature","geometry":{"type":"LineString","coordinates":[[-8.79044,39.6506],[-8.7917,39.64724],[-8.79005,39.6452],[-8.78268,39.63962],[-8.76852,39.62627],[-8.75288,39.61718],[-8.74032,39.61795],[-8.72125,39.6169],[-8.70586,39.6134],[-8.7034,39.61181],[-8.69671,39.61217],[-8.69225,39.61328],[-8.68437,39.61228],[-8.66104,39.59246],[-8.64383,39.58959],[-8.62013,39.58386],[-8.58405,39.58137],[-8.55145,39.55677],[-8.54958,39.55422],[-8.4738,39.51125],[-8.43911,39.50585],[-8.43364,39.50682],[-8.42692,39.50996],[-8.42322,39.51],[-8.41825,39.50706],[-8.40296,39.50778],[-8.38993,39.50968],[-8.36408,39.51095],[-8.35328,39.5101],[-8.34216,39.50677],[-8.31593,39.50506],[-8.23764,39.4934],[-8.22367,39.49464],[-8.20689,39.49529],[-8.18283,39.49543],[-8.17959,39.49354],[-8.15786,39.49313],[-8.14899,39.49232],[-8.12023,39.46698],[-8.11747,39.4657],[-8.11531,39.46636]]},"properties":{"osm_type":"way","osm_id":1256744854,"country":"PT","name":"Batalha - Pego","operator":"REN","wikidata":null,"wikipedia":null}},{"type":"Feature","geometry":{"type":"LineString","coordinates":[[-8.19811,41.87714],[-8.20434,41.87471],[-8.20872,41.86968]]},"properties":{"osm_type":"way","osm_id":1256744856,"country":"PT","name":"Alto Lindoso - Cartelle","operator":"REN","wikidata":null,"wikipedia":null}},{"type":"Feature","geometry":{"type":"LineString","coordinates":[[-6.35335,41.38361],[-6.35338,41.38332]]},"properties":{"osm_type":"way","osm_id":1257038453,"country":"PT","name":"Picote - Lagoaça 2","operator":"REN","wikidata":null,"wikipedia":null}},{"type":"Feature","geometry":{"type":"LineString","coordinates":[[-6.35335,41.38361],[-6.35321,41.38334]]},"properties":{"osm_type":"way","osm_id":1257038454,"country":"PT","name":"Picote - Mogadouro","operator":"REN","wikidata":null,"wikipedia":null}},{"type":"Feature","geometry":{"type":"LineString","coordinates":[[-6.35377,41.38388],[-6.35374,41.38327]]},"properties":{"osm_type":"way","osm_id":1257038456,"country":"PT","name":"Miranda - Picote 2","operator":"REN","wikidata":null,"wikipedia":null}},{"type":"Feature","geometry":{"type":"LineString","coordinates":[[-6.35377,41.38388],[-6.3527,41.38498]]},"properties":{"osm_type":"way","osm_id":1257038457,"country":"PT","name":"Miranda - Picote 1&2","operator":"REN","wikidata":null,"wikipedia":null}},{"type":"Feature","geometry":{"type":"LineString","coordinates":[[-9.238,38.77834],[-9.23821,38.77874]]},"properties":{"osm_type":"way","osm_id":1257038460,"country":"PT","name":null,"operator":"REN","wikidata":null,"wikipedia":null}},{"type":"Feature","geometry":{"type":"LineString","coordinates":[[-8.32718,39.54555],[-8.32809,39.54587]]},"properties":{"osm_type":"way","osm_id":1257228058,"country":"PT","name":"Penela - Zêzere 2","operator":"REN","wikidata":null,"wikipedia":null}},{"type":"Feature","geometry":{"type":"LineString","coordinates":[[-8.19092,40.55339],[-8.19092,40.55329]]},"properties":{"osm_type":"way","osm_id":1257228060,"country":"PT","name":null,"operator":"Energetix","wikidata":null,"wikipedia":null}},{"type":"Feature","geometry":{"type":"LineString","coordinates":[[-7.37324,41.16108],[-7.37826,41.16144]]},"properties":{"osm_type":"way","osm_id":1257263764,"country":"PT","name":"Valeira - Armamar 1","operator":"REN","wikidata":null,"wikipedia":null}},{"type":"Feature","geometry":{"type":"LineString","coordinates":[[-7.37325,41.16123],[-7.37826,41.16144]]},"properties":{"osm_type":"way","osm_id":1257263765,"country":"PT","name":"Valeira - Armamar 2","operator":"REN","wikidata":null,"wikipedia":null}},{"type":"Feature","geometry":{"type":"LineString","coordinates":[[-8.71146,37.15788],[-8.71146,37.15765]]},"properties":{"osm_type":"way","osm_id":1257715109,"country":"PT","name":null,"operator":"E-REDES","wikidata":null,"wikipedia":null}},{"type":"Feature","geometry":{"type":"LineString","coordinates":[[-8.71128,37.15788],[-8.71128,37.15765]]},"properties":{"osm_type":"way","osm_id":1257715110,"country":"PT","name":null,"operator":"E-REDES","wikidata":null,"wikipedia":null}},{"type":"Feature","geometry":{"type":"LineString","coordinates":[[-7.75712,41.1382],[-7.7403,41.13456]]},"properties":{"osm_type":"way","osm_id":1257912686,"country":"PT","name":"Armamar - Valdigem 1","operator":"REN","wikidata":null,"wikipedia":null}},{"type":"Feature","geometry":{"type":"LineString","coordinates":[[-7.81319,39.53606],[-7.80409,39.54079],[-7.80293,39.54257]]},"properties":{"osm_type":"way","osm_id":1257912699,"country":"PT","name":"Fratel - Falagueira","operator":"REN","wikidata":null,"wikipedia":null}},{"type":"Feature","geometry":{"type":"LineString","coordinates":[[-8.41389,38.01717],[-8.413,38.01696]]},"properties":{"osm_type":"way","osm_id":1257912713,"country":"PT","name":"Sines - Ermidas Sado","operator":"REN","wikidata":null,"wikipedia":null}},{"type":"Feature","geometry":{"type":"LineString","coordinates":[[-7.87037,37.19059],[-7.86479,37.19641],[-7.85606,37.19702],[-7.84995,37.19474],[-7.8317,37.17256],[-7.82914,37.16797],[-7.82651,37.16802],[-7.81549,37.18412],[-7.81031,37.19319],[-7.80083,37.19623],[-7.79524,37.20338],[-7.79508,37.21175],[-7.79228,37.21615],[-7.75237,37.22863],[-7.73172,37.24057],[-7.72905,37.24541],[-7.72888,37.26393],[-7.73649,37.29215],[-7.75409,37.31287],[-7.76089,37.33574],[-7.76482,37.34343]]},"properties":{"osm_type":"way","osm_id":1257937660,"country":"PT","name":"Tavira - Estoi 3 & Tavira 1","operator":"REN","wikidata":null,"wikipedia":null}},{"type":"Feature","geometry":{"type":"LineString","coordinates":[[-7.80301,39.54262],[-7.80282,39.54264]]},"properties":{"osm_type":"way","osm_id":1258312486,"country":"PT","name":null,"operator":"Energias de Portugal","wikidata":null,"wikipedia":null}},{"type":"Feature","geometry":{"type":"LineString","coordinates":[[-7.80302,39.54274],[-7.80283,39.54275]]},"properties":{"osm_type":"way","osm_id":1258312487,"country":"PT","name":null,"operator":"Energias de Portugal","wikidata":null,"wikipedia":null}},{"type":"Feature","geometry":{"type":"LineString","coordinates":[[-7.80304,39.54285],[-7.80284,39.54286]]},"properties":{"osm_type":"way","osm_id":1258312488,"country":"PT","name":null,"operator":"Energias de Portugal","wikidata":null,"wikipedia":null}},{"type":"Feature","geometry":{"type":"LineString","coordinates":[[-7.80294,39.54263],[-7.80301,39.54262]]},"properties":{"osm_type":"way","osm_id":1258312489,"country":"PT","name":null,"operator":"Energias de Portugal","wikidata":null,"wikipedia":null}},{"type":"Feature","geometry":{"type":"LineString","coordinates":[[-7.80295,39.54274],[-7.80302,39.54274]]},"properties":{"osm_type":"way","osm_id":1258312490,"country":"PT","name":null,"operator":"Energias de Portugal","wikidata":null,"wikipedia":null}},{"type":"Feature","geometry":{"type":"LineString","coordinates":[[-7.80296,39.54285],[-7.80304,39.54285]]},"properties":{"osm_type":"way","osm_id":1258312491,"country":"PT","name":null,"operator":"Energias de Portugal","wikidata":null,"wikipedia":null}},{"type":"Feature","geometry":{"type":"LineString","coordinates":[[-7.80292,39.54246],[-7.80297,39.54291]]},"properties":{"osm_type":"way","osm_id":1258312495,"country":"PT","name":null,"operator":"Energias de Portugal","wikidata":null,"wikipedia":null}},{"type":"Feature","geometry":{"type":"LineString","coordinates":[[-7.803,39.54251],[-7.80285,39.54252]]},"properties":{"osm_type":"way","osm_id":1258312496,"country":"PT","name":null,"operator":"Energias de Portugal","wikidata":null,"wikipedia":null}},{"type":"Feature","geometry":{"type":"LineString","coordinates":[[-7.73992,41.14979],[-7.7437,41.14905],[-7.74712,41.14642],[-7.77326,41.15035],[-7.79037,41.15112],[-7.8052,41.14191],[-7.81958,41.14313],[-7.86583,41.14326],[-7.89124,41.11591],[-7.898,41.11157],[-7.91324,41.10723],[-7.93661,41.09698],[-7.98473,41.10258],[-8.00558,41.10056],[-8.04086,41.08524],[-8.0472,41.08452],[-8.05949,41.08493],[-8.09889,41.08503],[-8.1091,41.08456],[-8.12039,41.08602]]},"properties":{"osm_type":"way","osm_id":1300187295,"country":"PT","name":null,"operator":null,"wikidata":null,"wikipedia":null}},{"type":"Feature","geometry":{"type":"LineString","coordinates":[[-7.70916,39.59156],[-7.71106,39.59194],[-7.70669,39.59395],[-7.70515,39.59556],[-7.69688,39.60676],[-7.66712,39.61465],[-7.65611,39.6263],[-7.65314,39.63404],[-7.65752,39.65095],[-7.66201,39.65448],[-7.66424,39.65743],[-7.66699,39.6591],[-7.66846,39.66081]]},"properties":{"osm_type":"way","osm_id":1317943198,"country":"PT","name":"PC Velada - Rodão Power","operator":"E-REDES","wikidata":null,"wikipedia":null}},{"type":"Feature","geometry":{"type":"LineString","coordinates":[[-9.23826,38.77779],[-9.23826,38.77777]]},"properties":{"osm_type":"way","osm_id":1319907674,"country":"PT","name":null,"operator":"REN","wikidata":null,"wikipedia":null}},{"type":"Feature","geometry":{"type":"LineString","coordinates":[[-9.23984,38.77837],[-9.23946,38.77767]]},"properties":{"osm_type":"way","osm_id":1319907693,"country":"PT","name":null,"operator":"REN","wikidata":null,"wikipedia":null}},{"type":"Feature","geometry":{"type":"LineString","coordinates":[[-9.2391,38.7775],[-9.23909,38.77747]]},"properties":{"osm_type":"way","osm_id":1319907695,"country":"PT","name":null,"operator":"REN","wikidata":null,"wikipedia":null}},{"type":"Feature","geometry":{"type":"LineString","coordinates":[[-9.23886,38.77758],[-9.23886,38.77755]]},"properties":{"osm_type":"way","osm_id":1319907696,"country":"PT","name":null,"operator":"REN","wikidata":null,"wikipedia":null}},{"type":"Feature","geometry":{"type":"LineString","coordinates":[[-9.23836,38.77797],[-9.23821,38.77772]]},"properties":{"osm_type":"way","osm_id":1319907697,"country":"PT","name":null,"operator":"REN","wikidata":null,"wikipedia":null}},{"type":"Feature","geometry":{"type":"LineString","coordinates":[[-9.23895,38.77775],[-9.23886,38.77757]]},"properties":{"osm_type":"way","osm_id":1319907705,"country":"PT","name":null,"operator":"REN","wikidata":null,"wikipedia":null}},{"type":"Feature","geometry":{"type":"LineString","coordinates":[[-9.23918,38.77768],[-9.23909,38.77749]]},"properties":{"osm_type":"way","osm_id":1319907706,"country":"PT","name":null,"operator":"REN","wikidata":null,"wikipedia":null}},{"type":"Feature","geometry":{"type":"LineString","coordinates":[[-9.2393,38.77738],[-9.23932,38.77744]]},"properties":{"osm_type":"way","osm_id":1319907709,"country":"PT","name":null,"operator":"REN","wikidata":null,"wikipedia":null}},{"type":"Feature","geometry":{"type":"LineString","coordinates":[[-9.23952,38.77728],[-9.23954,38.77736]]},"properties":{"osm_type":"way","osm_id":1319907710,"country":"PT","name":null,"operator":"REN","wikidata":null,"wikipedia":null}},{"type":"Feature","geometry":{"type":"LineString","coordinates":[[-9.23941,38.7776],[-9.23926,38.77731]]},"properties":{"osm_type":"way","osm_id":1319907711,"country":"PT","name":null,"operator":"REN","wikidata":null,"wikipedia":null}},{"type":"Feature","geometry":{"type":"LineString","coordinates":[[-9.23963,38.77753],[-9.23948,38.77724]]},"properties":{"osm_type":"way","osm_id":1319907712,"country":"PT","name":null,"operator":"REN","wikidata":null,"wikipedia":null}},{"type":"Feature","geometry":{"type":"LineString","coordinates":[[-9.23974,38.77722],[-9.23977,38.77729]]},"properties":{"osm_type":"way","osm_id":1319907713,"country":"PT","name":null,"operator":"REN","wikidata":null,"wikipedia":null}},{"type":"Feature","geometry":{"type":"LineString","coordinates":[[-9.23792,38.77886],[-9.23762,38.77832]]},"properties":{"osm_type":"way","osm_id":1319907714,"country":"PT","name":null,"operator":"REN","wikidata":null,"wikipedia":null}},{"type":"Feature","geometry":{"type":"LineString","coordinates":[[-9.23808,38.77881],[-9.23778,38.77827]]},"properties":{"osm_type":"way","osm_id":1319907715,"country":"PT","name":null,"operator":"REN","wikidata":null,"wikipedia":null}},{"type":"Feature","geometry":{"type":"LineString","coordinates":[[-9.23837,38.77866],[-9.2381,38.77816]]},"properties":{"osm_type":"way","osm_id":1319907716,"country":"PT","name":null,"operator":"REN","wikidata":null,"wikipedia":null}},{"type":"Feature","geometry":{"type":"LineString","coordinates":[[-9.23854,38.77863],[-9.23832,38.77824]]},"properties":{"osm_type":"way","osm_id":1319907717,"country":"PT","name":null,"operator":"REN","wikidata":null,"wikipedia":null}},{"type":"Feature","geometry":{"type":"LineString","coordinates":[[-9.23764,38.77855],[-9.23939,38.77796]]},"properties":{"osm_type":"way","osm_id":1319907719,"country":"PT","name":null,"operator":"REN","wikidata":null,"wikipedia":null}},{"type":"Feature","geometry":{"type":"LineString","coordinates":[[-9.24025,38.77794],[-9.23892,38.7784]]},"properties":{"osm_type":"way","osm_id":1319907720,"country":"PT","name":null,"operator":"REN","wikidata":null,"wikipedia":null}},{"type":"Feature","geometry":{"type":"LineString","coordinates":[[-9.24039,38.77819],[-9.23904,38.77863]]},"properties":{"osm_type":"way","osm_id":1319907721,"country":"PT","name":null,"operator":"REN","wikidata":null,"wikipedia":null}},{"type":"Feature","geometry":{"type":"LineString","coordinates":[[-9.23968,38.77761],[-9.24042,38.77847],[-9.2399,38.77753]]},"properties":{"osm_type":"way","osm_id":1319907722,"country":"PT","name":null,"operator":"REN","wikidata":null,"wikipedia":null}},{"type":"Feature","geometry":{"type":"LineString","coordinates":[[-9.23887,38.77758],[-9.23886,38.77755]]},"properties":{"osm_type":"way","osm_id":1319907723,"country":"PT","name":null,"operator":"REN","wikidata":null,"wikipedia":null}},{"type":"Feature","geometry":{"type":"LineString","coordinates":[[-9.2391,38.7775],[-9.23909,38.77747]]},"properties":{"osm_type":"way","osm_id":1319907724,"country":"PT","name":null,"operator":"REN","wikidata":null,"wikipedia":null}},{"type":"Feature","geometry":{"type":"LineString","coordinates":[[-9.2393,38.77838],[-9.23882,38.77747]]},"properties":{"osm_type":"way","osm_id":1319907725,"country":"PT","name":null,"operator":"REN","wikidata":null,"wikipedia":null}},{"type":"Feature","geometry":{"type":"LineString","coordinates":[[-9.2403,38.7783],[-9.2397,38.77716]]},"properties":{"osm_type":"way","osm_id":1319907726,"country":"PT","name":null,"operator":"REN","wikidata":null,"wikipedia":null}},{"type":"Feature","geometry":{"type":"LineString","coordinates":[[-9.16582,38.78036],[-9.16574,38.78036]]},"properties":{"osm_type":"way","osm_id":1320101129,"country":"PT","name":null,"operator":"E-REDES","wikidata":null,"wikipedia":null}},{"type":"Feature","geometry":{"type":"LineString","coordinates":[[-9.1665,38.7812],[-9.16595,38.78089]]},"properties":{"osm_type":"way","osm_id":1320101130,"country":"PT","name":null,"operator":"E-REDES","wikidata":null,"wikipedia":null}},{"type":"Feature","geometry":{"type":"LineString","coordinates":[[-9.1665,38.7812],[-9.16595,38.78094]]},"properties":{"osm_type":"way","osm_id":1320101131,"country":"PT","name":null,"operator":"E-REDES","wikidata":null,"wikipedia":null}},{"type":"Feature","geometry":{"type":"LineString","coordinates":[[-9.16615,38.78075],[-9.16597,38.78067]]},"properties":{"osm_type":"way","osm_id":1320101132,"country":"PT","name":"Alto Mira (REN) - Casal S. Brás II","operator":"E-REDES","wikidata":null,"wikipedia":null}},{"type":"Feature","geometry":{"type":"LineString","coordinates":[[-9.16615,38.78075],[-9.16596,38.78078]]},"properties":{"osm_type":"way","osm_id":1320101133,"country":"PT","name":"Carriche - Casal S. Brás","operator":"E-REDES","wikidata":null,"wikipedia":null}},{"type":"Feature","geometry":{"type":"LineString","coordinates":[[-9.16573,38.78095],[-9.16585,38.77974]]},"properties":{"osm_type":"way","osm_id":1320101134,"country":"PT","name":null,"operator":"E-REDES","wikidata":null,"wikipedia":null}},{"type":"Feature","geometry":{"type":"LineString","coordinates":[[-9.16581,38.78096],[-9.16594,38.77975]]},"properties":{"osm_type":"way","osm_id":1320101135,"country":"PT","name":null,"operator":"E-REDES","wikidata":null,"wikipedia":null}},{"type":"Feature","geometry":{"type":"LineString","coordinates":[[-9.16577,38.78093],[-9.16595,38.78094]]},"properties":{"osm_type":"way","osm_id":1320101136,"country":"PT","name":null,"operator":"E-REDES","wikidata":null,"wikipedia":null}},{"type":"Feature","geometry":{"type":"LineString","coordinates":[[-9.16578,38.78087],[-9.16595,38.78089]]},"properties":{"osm_type":"way","osm_id":1320101137,"country":"PT","name":null,"operator":"E-REDES","wikidata":null,"wikipedia":null}},{"type":"Feature","geometry":{"type":"LineString","coordinates":[[-9.16578,38.78082],[-9.16596,38.78083]]},"properties":{"osm_type":"way","osm_id":1320101138,"country":"PT","name":null,"operator":"E-REDES","wikidata":null,"wikipedia":null}},{"type":"Feature","geometry":{"type":"LineString","coordinates":[[-9.16579,38.78077],[-9.16596,38.78078]]},"properties":{"osm_type":"way","osm_id":1320101139,"country":"PT","name":null,"operator":"E-REDES","wikidata":null,"wikipedia":null}},{"type":"Feature","geometry":{"type":"LineString","coordinates":[[-9.16579,38.78071],[-9.16597,38.78072]]},"properties":{"osm_type":"way","osm_id":1320101140,"country":"PT","name":null,"operator":"E-REDES","wikidata":null,"wikipedia":null}},{"type":"Feature","geometry":{"type":"LineString","coordinates":[[-9.1658,38.78066],[-9.16597,38.78067]]},"properties":{"osm_type":"way","osm_id":1320101141,"country":"PT","name":null,"operator":"E-REDES","wikidata":null,"wikipedia":null}},{"type":"Feature","geometry":{"type":"LineString","coordinates":[[-9.1658,38.78061],[-9.16598,38.78062]]},"properties":{"osm_type":"way","osm_id":1320101142,"country":"PT","name":null,"operator":"E-REDES","wikidata":null,"wikipedia":null}},{"type":"Feature","geometry":{"type":"LineString","coordinates":[[-9.16581,38.78055],[-9.16599,38.78056]]},"properties":{"osm_type":"way","osm_id":1320101143,"country":"PT","name":null,"operator":"E-REDES","wikidata":null,"wikipedia":null}},{"type":"Feature","geometry":{"type":"LineString","coordinates":[[-9.16581,38.7805],[-9.16599,38.78051]]},"properties":{"osm_type":"way","osm_id":1320101144,"country":"PT","name":null,"operator":"E-REDES","wikidata":null,"wikipedia":null}},{"type":"Feature","geometry":{"type":"LineString","coordinates":[[-9.16582,38.78044],[-9.166,38.78046]]},"properties":{"osm_type":"way","osm_id":1320101145,"country":"PT","name":null,"operator":"E-REDES","wikidata":null,"wikipedia":null}},{"type":"Feature","geometry":{"type":"LineString","coordinates":[[-9.16584,38.78028],[-9.16601,38.78029]]},"properties":{"osm_type":"way","osm_id":1320101146,"country":"PT","name":null,"operator":"E-REDES","wikidata":null,"wikipedia":null}},{"type":"Feature","geometry":{"type":"LineString","coordinates":[[-9.16584,38.78023],[-9.16602,38.78024]]},"properties":{"osm_type":"way","osm_id":1320101147,"country":"PT","name":null,"operator":"E-REDES","wikidata":null,"wikipedia":null}},{"type":"Feature","geometry":{"type":"LineString","coordinates":[[-9.16602,38.78019],[-9.16585,38.78018]]},"properties":{"osm_type":"way","osm_id":1320101148,"country":"PT","name":null,"operator":"E-REDES","wikidata":null,"wikipedia":null}},{"type":"Feature","geometry":{"type":"LineString","coordinates":[[-9.16603,38.78013],[-9.16586,38.78012]]},"properties":{"osm_type":"way","osm_id":1320101149,"country":"PT","name":null,"operator":"E-REDES","wikidata":null,"wikipedia":null}},{"type":"Feature","geometry":{"type":"LineString","coordinates":[[-9.16604,38.78008],[-9.16586,38.78007]]},"properties":{"osm_type":"way","osm_id":1320101150,"country":"PT","name":null,"operator":"E-REDES","wikidata":null,"wikipedia":null}},{"type":"Feature","geometry":{"type":"LineString","coordinates":[[-9.16604,38.78003],[-9.16587,38.78001]]},"properties":{"osm_type":"way","osm_id":1320101151,"country":"PT","name":null,"operator":"E-REDES","wikidata":null,"wikipedia":null}},{"type":"Feature","geometry":{"type":"LineString","coordinates":[[-9.16607,38.77978],[-9.16589,38.77977]]},"properties":{"osm_type":"way","osm_id":1320101152,"country":"PT","name":null,"operator":"E-REDES","wikidata":null,"wikipedia":null}},{"type":"Feature","geometry":{"type":"LineString","coordinates":[[-9.16589,38.77982],[-9.16606,38.77984]]},"properties":{"osm_type":"way","osm_id":1320101153,"country":"PT","name":null,"operator":"E-REDES","wikidata":null,"wikipedia":null}},{"type":"Feature","geometry":{"type":"LineString","coordinates":[[-9.16606,38.77989],[-9.16588,38.77988]]},"properties":{"osm_type":"way","osm_id":1320101154,"country":"PT","name":null,"operator":"E-REDES","wikidata":null,"wikipedia":null}},{"type":"Feature","geometry":{"type":"LineString","coordinates":[[-9.16605,38.77994],[-9.16587,38.77993]]},"properties":{"osm_type":"way","osm_id":1320101155,"country":"PT","name":null,"operator":"E-REDES","wikidata":null,"wikipedia":null}},{"type":"Feature","geometry":{"type":"LineString","coordinates":[[-9.16633,38.78018],[-9.16637,38.78018]]},"properties":{"osm_type":"way","osm_id":1320101156,"country":"PT","name":null,"operator":"REN","wikidata":null,"wikipedia":null}},{"type":"Feature","geometry":{"type":"LineString","coordinates":[[-9.16628,38.7806],[-9.16632,38.78061]]},"properties":{"osm_type":"way","osm_id":1320101157,"country":"PT","name":null,"operator":"REN","wikidata":null,"wikipedia":null}},{"type":"Feature","geometry":{"type":"LineString","coordinates":[[-9.1663,38.78047],[-9.16634,38.78047]]},"properties":{"osm_type":"way","osm_id":1320101158,"country":"PT","name":null,"operator":"REN","wikidata":null,"wikipedia":null}},{"type":"Feature","geometry":{"type":"LineString","coordinates":[[-9.16631,38.78032],[-9.16635,38.78033]]},"properties":{"osm_type":"way","osm_id":1320101159,"country":"PT","name":null,"operator":"REN","wikidata":null,"wikipedia":null}},{"type":"Feature","geometry":{"type":"LineString","coordinates":[[-9.16619,38.78021],[-9.16636,38.78018]]},"properties":{"osm_type":"way","osm_id":1320101160,"country":"PT","name":null,"operator":"REN","wikidata":null,"wikipedia":null}},{"type":"Feature","geometry":{"type":"LineString","coordinates":[[-9.16601,38.78029],[-9.16634,38.78032]]},"properties":{"osm_type":"way","osm_id":1320101161,"country":"PT","name":null,"operator":"E-REDES","wikidata":null,"wikipedia":null}},{"type":"Feature","geometry":{"type":"LineString","coordinates":[[-9.166,38.78046],[-9.16633,38.78047]]},"properties":{"osm_type":"way","osm_id":1320101162,"country":"PT","name":null,"operator":"E-REDES","wikidata":null,"wikipedia":null}},{"type":"Feature","geometry":{"type":"LineString","coordinates":[[-9.16599,38.78051],[-9.16631,38.78061]]},"properties":{"osm_type":"way","osm_id":1320101163,"country":"PT","name":null,"operator":"E-REDES","wikidata":null,"wikipedia":null}},{"type":"Feature","geometry":{"type":"LineString","coordinates":[[-9.16642,38.78018],[-9.16637,38.78018]]},"properties":{"osm_type":"way","osm_id":1320101176,"country":"PT","name":null,"operator":"REN","wikidata":null,"wikipedia":null}},{"type":"Feature","geometry":{"type":"LineString","coordinates":[[-9.16641,38.78033],[-9.16635,38.78033]]},"properties":{"osm_type":"way","osm_id":1320101177,"country":"PT","name":null,"operator":"REN","wikidata":null,"wikipedia":null}},{"type":"Feature","geometry":{"type":"LineString","coordinates":[[-9.1664,38.78047],[-9.16634,38.78047]]},"properties":{"osm_type":"way","osm_id":1320101178,"country":"PT","name":null,"operator":"REN","wikidata":null,"wikipedia":null}},{"type":"Feature","geometry":{"type":"LineString","coordinates":[[-9.16638,38.78062],[-9.16632,38.78061]]},"properties":{"osm_type":"way","osm_id":1320101179,"country":"PT","name":null,"operator":"REN","wikidata":null,"wikipedia":null}},{"type":"Feature","geometry":{"type":"LineString","coordinates":[[-9.16636,38.78018],[-9.16656,38.78019]]},"properties":{"osm_type":"way","osm_id":1320101180,"country":"PT","name":null,"operator":"REN","wikidata":null,"wikipedia":null}},{"type":"Feature","geometry":{"type":"LineString","coordinates":[[-9.16634,38.78032],[-9.16655,38.78034]]},"properties":{"osm_type":"way","osm_id":1320101181,"country":"PT","name":null,"operator":"REN","wikidata":null,"wikipedia":null}},{"type":"Feature","geometry":{"type":"LineString","coordinates":[[-9.16633,38.78047],[-9.16653,38.78048]]},"properties":{"osm_type":"way","osm_id":1320101182,"country":"PT","name":null,"operator":"REN","wikidata":null,"wikipedia":null}},{"type":"Feature","geometry":{"type":"LineString","coordinates":[[-9.16631,38.78061],[-9.16652,38.78062]]},"properties":{"osm_type":"way","osm_id":1320101183,"country":"PT","name":null,"operator":"REN","wikidata":null,"wikipedia":null}},{"type":"Feature","geometry":{"type":"LineString","coordinates":[[-8.34787,37.76133],[-8.35357,37.7759],[-8.35401,37.78359],[-8.34902,37.80131],[-8.33804,37.81685],[-8.32989,37.83129],[-8.3306,37.8401],[-8.32923,37.84735],[-8.32483,37.85639],[-8.32327,37.85801],[-8.31874,37.86762],[-8.31485,37.87311],[-8.31211,37.87525],[-8.30762,37.87581],[-8.30307,37.87526],[-8.29919,37.87737],[-8.29757,37.88023],[-8.2943,37.88298],[-8.28662,37.88663],[-8.28312,37.88999],[-8.27762,37.90297],[-8.27602,37.90907],[-8.27515,37.92209],[-8.27367,37.92916],[-8.26651,37.93575],[-8.25028,37.94477],[-8.24571,37.94653],[-8.24315,37.94853],[-8.2329,37.95246],[-8.23068,37.95433],[-8.20398,37.96828],[-8.19677,37.97357],[-8.18743,37.9764],[-8.18579,37.9778],[-8.18367,37.97841],[-8.18252,37.97969],[-8.15987,37.99109],[-8.14833,37.99065],[-8.14328,37.99257],[-8.13161,37.99973],[-8.12152,38.0038],[-8.11977,38.00634],[-8.12142,38.0223],[-8.12456,38.02559],[-8.13508,38.03154],[-8.13751,38.03696],[-8.13718,38.03889],[-8.13601,38.04055],[-8.12864,38.04762],[-8.12732,38.0509]]},"properties":{"osm_type":"way","osm_id":1323054980,"country":"PT","name":"Ferreira do Alentejo - Panóias 1&2","operator":"REN","wikidata":null,"wikipedia":null}},{"type":"Feature","geometry":{"type":"LineString","coordinates":[[-7.27713,40.15104],[-7.27851,40.15119],[-7.28193,40.14792],[-7.28144,40.14479],[-7.27974,40.14184],[-7.27257,40.1362],[-7.26884,40.13414],[-7.26737,40.13257]]},"properties":{"osm_type":"way","osm_id":1323460919,"country":"PT","name":null,"operator":"Pentagab","wikidata":null,"wikipedia":null}},{"type":"Feature","geometry":{"type":"LineString","coordinates":[[-7.26622,40.13273],[-7.26555,40.13273],[-7.2655,40.13322],[-7.26643,40.13401],[-7.26857,40.13439],[-7.27906,40.14186],[-7.2893,40.14507],[-7.29714,40.14975],[-7.299,40.1538],[-7.30377,40.15825],[-7.32335,40.16799],[-7.32633,40.16891],[-7.333,40.17392],[-7.34477,40.18058],[-7.34886,40.18166],[-7.35628,40.18693],[-7.36439,40.18791],[-7.37232,40.18614],[-7.37855,40.18777],[-7.42859,40.18834],[-7.44311,40.19745],[-7.45362,40.19944],[-7.46451,40.20879],[-7.46453,40.21862],[-7.46578,40.22],[-7.46751,40.22378],[-7.47188,40.22778],[-7.47432,40.23278],[-7.47687,40.23411]]},"properties":{"osm_type":"way","osm_id":1323460920,"country":"PT","name":"Nave da Mata - Ferro","operator":"REN","wikidata":null,"wikipedia":null}},{"type":"Feature","geometry":{"type":"LineString","coordinates":[[-8.29217,40.9579],[-8.29589,40.95774],[-8.34904,40.9818],[-8.36556,40.98193],[-8.37013,40.9836],[-8.38656,40.99616],[-8.41639,41.00592],[-8.43059,41.00873],[-8.43371,41.00883],[-8.43814,41.00836],[-8.44001,41.00723],[-8.44049,41.00629],[-8.44145,41.00092],[-8.44089,40.99506],[-8.44342,40.98938],[-8.45237,40.98452],[-8.46097,40.98464],[-8.4649,40.98246],[-8.46567,40.98131],[-8.4652,40.97825],[-8.46321,40.97514],[-8.46309,40.9726],[-8.46493,40.96925],[-8.46666,40.96747],[-8.46711,40.96496],[-8.46669,40.96367],[-8.46555,40.96325],[-8.45928,40.96264],[-8.45783,40.96133],[-8.45773,40.96024],[-8.45864,40.95919],[-8.45927,40.95955]]},"properties":{"osm_type":"way","osm_id":1328440612,"country":"PT","name":"Feira - Ribeira de Pena","operator":"REN","wikidata":null,"wikipedia":null}},{"type":"Feature","geometry":{"type":"LineString","coordinates":[[-8.31508,38.26663],[-8.31507,38.267],[-8.32045,38.26608]]},"properties":{"osm_type":"way","osm_id":1329765776,"country":"PT","name":null,"operator":"E-REDES","wikidata":null,"wikipedia":null}},{"type":"Feature","geometry":{"type":"LineString","coordinates":[[-8.77536,37.91574],[-8.77698,37.91679],[-8.78143,37.92318],[-8.77946,37.92632],[-8.77901,37.9293],[-8.78042,37.93225]]},"properties":{"osm_type":"way","osm_id":1330199178,"country":"PT","name":null,"operator":"E-REDES","wikidata":null,"wikipedia":null}},{"type":"Feature","geometry":{"type":"LineString","coordinates":[[-8.13258,41.0816],[-8.13713,41.08731],[-8.14607,41.08869],[-8.14801,41.09126],[-8.14731,41.0924],[-8.14317,41.09292],[-8.13996,41.09522],[-8.13725,41.10018],[-8.13652,41.10587],[-8.13454,41.11149],[-8.12884,41.11523],[-8.12622,41.11899],[-8.12466,41.12862],[-8.12037,41.13188],[-8.1197,41.13353],[-8.11677,41.13713],[-8.11505,41.13767],[-8.11259,41.1377],[-8.10955,41.13921],[-8.10776,41.14203],[-8.10855,41.14426],[-8.11158,41.14629],[-8.11816,41.14784],[-8.1207,41.14998],[-8.12168,41.15528],[-8.12005,41.16236],[-8.11849,41.16444],[-8.1081,41.16821],[-8.10582,41.17112],[-8.1034,41.18247],[-8.09237,41.19117],[-8.08053,41.19288],[-8.07563,41.19475],[-8.06188,41.20871],[-8.05823,41.20968],[-8.04759,41.20766],[-8.04383,41.20779],[-8.03981,41.20982],[-8.03152,41.22129],[-8.02785,41.22793],[-8.0204,41.23295],[-8.01156,41.24251],[-8.01052,41.2449],[-8.0162,41.26156],[-8.01599,41.26371],[-8.01718,41.26963],[-8.01144,41.28672],[-8.01374,41.29167],[-8.01284,41.29454],[-8.01687,41.30134],[-8.01717,41.30271],[-8.01134,41.31196],[-8.01084,41.31648],[-8.01015,41.31723],[-8.00423,41.31948],[-7.99316,41.32291],[-7.97468,41.34267],[-7.97421,41.36085],[-7.97229,41.36747],[-7.96462,41.37891],[-7.95314,41.38466],[-7.94283,41.38628],[-7.93926,41.38743],[-7.93352,41.39561],[-7.92904,41.39839],[-7.91977,41.40089],[-7.91643,41.39918],[-7.91048,41.39944],[-7.90779,41.40262],[-7.90079,41.40499],[-7.89693,41.40901],[-7.89837,41.41497],[-7.89628,41.41768],[-7.89565,41.42213],[-7.89244,41.42782],[-7.88938,41.43791],[-7.87708,41.4647],[-7.87427,41.4784],[-7.87075,41.48176],[-7.86498,41.49095],[-7.86884,41.51901],[-7.86667,41.52658],[-7.86202,41.52944],[-7.85314,41.53752],[-7.83578,41.5498],[-7.82921,41.55311],[-7.82045,41.55446],[-7.8126,41.55472],[-7.81117,41.55452],[-7.81129,41.55207]]},"properties":{"osm_type":"way","osm_id":1331113529,"country":"PT","name":"Feira - Ribeira de Pena","operator":"REN","wikidata":null,"wikipedia":null}},{"type":"Feature","geometry":{"type":"LineString","coordinates":[[-9.21037,38.79769],[-9.2141,38.79918],[-9.21668,38.7989],[-9.21955,38.79696],[-9.22385,38.7868]]},"properties":{"osm_type":"way","osm_id":1331134164,"country":"PT","name":"Carriche - Casal S. Brás","operator":"E-REDES","wikidata":null,"wikipedia":null}},{"type":"Feature","geometry":{"type":"LineString","coordinates":[[-9.21749,38.79047],[-9.21347,38.79519],[-9.21179,38.79838],[-9.21037,38.79769]]},"properties":{"osm_type":"way","osm_id":1331134165,"country":"PT","name":"Alto Mira (REN) - Casal S. Brás II","operator":"E-REDES","wikidata":null,"wikipedia":null}},{"type":"Feature","geometry":{"type":"LineString","coordinates":[[-9.20636,38.79451],[-9.20851,38.79678],[-9.21037,38.79769]]},"properties":{"osm_type":"way","osm_id":1331134166,"country":"PT","name":null,"operator":"E-REDES","wikidata":null,"wikipedia":null}},{"type":"Feature","geometry":{"type":"LineString","coordinates":[[-7.7289,41.57103],[-7.72814,41.57099]]},"properties":{"osm_type":"way","osm_id":1331402452,"country":"PT","name":"Alto Tâmega - Gouvães 2","operator":"REN","wikidata":null,"wikipedia":null}},{"type":"Feature","geometry":{"type":"LineString","coordinates":[[-7.72885,41.57122],[-7.72814,41.57099]]},"properties":{"osm_type":"way","osm_id":1331402453,"country":"PT","name":"Alto Tâmega - Gouvães 1","operator":"REN","wikidata":null,"wikipedia":null}},{"type":"Feature","geometry":{"type":"LineString","coordinates":[[-7.75827,41.1385],[-7.75828,41.13849]]},"properties":{"osm_type":"way","osm_id":1333730682,"country":"PT","name":null,"operator":"REN","wikidata":null,"wikipedia":null}},{"type":"Feature","geometry":{"type":"LineString","coordinates":[[-7.75796,41.13844],[-7.75832,41.13851]]},"properties":{"osm_type":"way","osm_id":1333730683,"country":"PT","name":null,"operator":"REN","wikidata":null,"wikipedia":null}},{"type":"Feature","geometry":{"type":"LineString","coordinates":[[-7.75823,41.13849],[-7.75828,41.13849]]},"properties":{"osm_type":"way","osm_id":1333730684,"country":"PT","name":null,"operator":"REN","wikidata":null,"wikipedia":null}},{"type":"Feature","geometry":{"type":"LineString","coordinates":[[-7.75833,41.13866],[-7.75825,41.13863]]},"properties":{"osm_type":"way","osm_id":1333730685,"country":"PT","name":null,"operator":"REN","wikidata":null,"wikipedia":null}},{"type":"Feature","geometry":{"type":"LineString","coordinates":[[-7.75828,41.13885],[-7.7582,41.13882]]},"properties":{"osm_type":"way","osm_id":1333730686,"country":"PT","name":null,"operator":"REN","wikidata":null,"wikipedia":null}},{"type":"Feature","geometry":{"type":"LineString","coordinates":[[-7.75822,41.13911],[-7.75814,41.13907]]},"properties":{"osm_type":"way","osm_id":1333730687,"country":"PT","name":null,"operator":"REN","wikidata":null,"wikipedia":null}},{"type":"Feature","geometry":{"type":"LineString","coordinates":[[-7.7581,41.13909],[-7.75814,41.13907]]},"properties":{"osm_type":"way","osm_id":1333730688,"country":"PT","name":null,"operator":"REN","wikidata":null,"wikipedia":null}},{"type":"Feature","geometry":{"type":"LineString","coordinates":[[-7.75816,41.13884],[-7.7582,41.13882]]},"properties":{"osm_type":"way","osm_id":1333730689,"country":"PT","name":null,"operator":"REN","wikidata":null,"wikipedia":null}},{"type":"Feature","geometry":{"type":"LineString","coordinates":[[-7.75822,41.13863],[-7.75825,41.13863]]},"properties":{"osm_type":"way","osm_id":1333730690,"country":"PT","name":null,"operator":"REN","wikidata":null,"wikipedia":null}},{"type":"Feature","geometry":{"type":"LineString","coordinates":[[-7.75844,41.13886],[-7.75824,41.13884]]},"properties":{"osm_type":"way","osm_id":1333730694,"country":"PT","name":null,"operator":"REN","wikidata":null,"wikipedia":null}},{"type":"Feature","geometry":{"type":"LineString","coordinates":[[-7.75838,41.13912],[-7.75818,41.13911]]},"properties":{"osm_type":"way","osm_id":1333730695,"country":"PT","name":null,"operator":"REN","wikidata":null,"wikipedia":null}},{"type":"Feature","geometry":{"type":"LineString","coordinates":[[-7.75848,41.13871],[-7.75829,41.13864]]},"properties":{"osm_type":"way","osm_id":1333730696,"country":"PT","name":null,"operator":"REN","wikidata":null,"wikipedia":null}},{"type":"Feature","geometry":{"type":"LineString","coordinates":[[-7.75837,41.13918],[-7.75863,41.1392]]},"properties":{"osm_type":"way","osm_id":1333730697,"country":"PT","name":null,"operator":"REN","wikidata":null,"wikipedia":null}},{"type":"Feature","geometry":{"type":"LineString","coordinates":[[-7.75839,41.13907],[-7.75865,41.1391]]},"properties":{"osm_type":"way","osm_id":1333730698,"country":"PT","name":null,"operator":"REN","wikidata":null,"wikipedia":null}},{"type":"Feature","geometry":{"type":"LineString","coordinates":[[-7.75841,41.13902],[-7.75867,41.13904]]},"properties":{"osm_type":"way","osm_id":1333730699,"country":"PT","name":null,"operator":"REN","wikidata":null,"wikipedia":null}},{"type":"Feature","geometry":{"type":"LineString","coordinates":[[-7.75842,41.13896],[-7.75868,41.13899]]},"properties":{"osm_type":"way","osm_id":1333730700,"country":"PT","name":null,"operator":"REN","wikidata":null,"wikipedia":null}},{"type":"Feature","geometry":{"type":"LineString","coordinates":[[-7.75843,41.13891],[-7.75869,41.13894]]},"properties":{"osm_type":"way","osm_id":1333730701,"country":"PT","name":null,"operator":"REN","wikidata":null,"wikipedia":null}},{"type":"Feature","geometry":{"type":"LineString","coordinates":[[-7.75845,41.1388],[-7.75872,41.13883]]},"properties":{"osm_type":"way","osm_id":1333730702,"country":"PT","name":null,"operator":"REN","wikidata":null,"wikipedia":null}},{"type":"Feature","geometry":{"type":"LineString","coordinates":[[-7.75845,41.13937],[-7.75822,41.13935]]},"properties":{"osm_type":"way","osm_id":1333730706,"country":"PT","name":null,"operator":"REN","wikidata":null,"wikipedia":null}},{"type":"Feature","geometry":{"type":"LineString","coordinates":[[-7.75842,41.13861],[-7.75827,41.1393]]},"properties":{"osm_type":"way","osm_id":1333730707,"country":"PT","name":null,"operator":"REN","wikidata":null,"wikipedia":null}},{"type":"Feature","geometry":{"type":"LineString","coordinates":[[-7.75842,41.13932],[-7.75857,41.13862]]},"properties":{"osm_type":"way","osm_id":1333730708,"country":"PT","name":null,"operator":"REN","wikidata":null,"wikipedia":null}},{"type":"Feature","geometry":{"type":"LineString","coordinates":[[-7.75744,41.13938],[-7.75799,41.13946]]},"properties":{"osm_type":"way","osm_id":1333730714,"country":"PT","name":null,"operator":"REN","wikidata":null,"wikipedia":null}},{"type":"Feature","geometry":{"type":"LineString","coordinates":[[-7.75741,41.13951],[-7.75796,41.13958]]},"properties":{"osm_type":"way","osm_id":1333730715,"country":"PT","name":null,"operator":"REN","wikidata":null,"wikipedia":null}},{"type":"Feature","geometry":{"type":"LineString","coordinates":[[-7.75738,41.13964],[-7.75793,41.13971]]},"properties":{"osm_type":"way","osm_id":1333730716,"country":"PT","name":null,"operator":"REN","wikidata":null,"wikipedia":null}},{"type":"Feature","geometry":{"type":"LineString","coordinates":[[-7.75793,41.13857],[-7.75829,41.13864]]},"properties":{"osm_type":"way","osm_id":1333730717,"country":"PT","name":null,"operator":"REN","wikidata":null,"wikipedia":null}},{"type":"Feature","geometry":{"type":"LineString","coordinates":[[-7.75832,41.13851],[-7.75709,41.13833]]},"properties":{"osm_type":"way","osm_id":1333730718,"country":"PT","name":null,"operator":"REN","wikidata":null,"wikipedia":null}},{"type":"Feature","geometry":{"type":"LineString","coordinates":[[-7.75774,41.13801],[-7.75829,41.13806]]},"properties":{"osm_type":"way","osm_id":1333730719,"country":"PT","name":null,"operator":"REN","wikidata":null,"wikipedia":null}},{"type":"Feature","geometry":{"type":"LineString","coordinates":[[-7.75777,41.13787],[-7.75832,41.13792]]},"properties":{"osm_type":"way","osm_id":1333730720,"country":"PT","name":null,"operator":"REN","wikidata":null,"wikipedia":null}},{"type":"Feature","geometry":{"type":"LineString","coordinates":[[-7.75771,41.13814],[-7.75715,41.13807]]},"properties":{"osm_type":"way","osm_id":1333730721,"country":"PT","name":null,"operator":"REN","wikidata":null,"wikipedia":null}},{"type":"Feature","geometry":{"type":"LineString","coordinates":[[-7.75768,41.13827],[-7.75712,41.1382]]},"properties":{"osm_type":"way","osm_id":1333730722,"country":"PT","name":null,"operator":"REN","wikidata":null,"wikipedia":null}},{"type":"Feature","geometry":{"type":"LineString","coordinates":[[-7.75755,41.13973],[-7.75799,41.13768]]},"properties":{"osm_type":"way","osm_id":1333730730,"country":"PT","name":null,"operator":"REN","wikidata":null,"wikipedia":null}},{"type":"Feature","geometry":{"type":"LineString","coordinates":[[-8.32757,39.54465],[-8.3276,39.54466]]},"properties":{"osm_type":"way","osm_id":1333781938,"country":"PT","name":null,"operator":"REN","wikidata":null,"wikipedia":null}},{"type":"Feature","geometry":{"type":"LineString","coordinates":[[-8.32753,39.54507],[-8.32747,39.54507]]},"properties":{"osm_type":"way","osm_id":1333781939,"country":"PT","name":null,"operator":"REN","wikidata":null,"wikipedia":null}},{"type":"Feature","geometry":{"type":"LineString","coordinates":[[-8.32735,39.54546],[-8.3273,39.54546]]},"properties":{"osm_type":"way","osm_id":1333781940,"country":"PT","name":null,"operator":"REN","wikidata":null,"wikipedia":null}},{"type":"Feature","geometry":{"type":"LineString","coordinates":[[-8.32717,39.54541],[-8.3273,39.54546]]},"properties":{"osm_type":"way","osm_id":1333781941,"country":"PT","name":null,"operator":"REN","wikidata":null,"wikipedia":null}},{"type":"Feature","geometry":{"type":"LineString","coordinates":[[-8.32733,39.54502],[-8.32747,39.54507]]},"properties":{"osm_type":"way","osm_id":1333781942,"country":"PT","name":null,"operator":"REN","wikidata":null,"wikipedia":null}},{"type":"Feature","geometry":{"type":"LineString","coordinates":[[-8.32761,39.54439],[-8.32772,39.54442]]},"properties":{"osm_type":"way","osm_id":1333781943,"country":"PT","name":null,"operator":"REN","wikidata":null,"wikipedia":null}},{"type":"Feature","geometry":{"type":"LineString","coordinates":[[-8.32832,39.54521],[-8.32744,39.54491]]},"properties":{"osm_type":"way","osm_id":1333781945,"country":"PT","name":"Santarém - Zêzere 2","operator":"REN","wikidata":null,"wikipedia":null}},{"type":"Feature","geometry":{"type":"LineString","coordinates":[[-8.32734,39.54516],[-8.32694,39.54508]]},"properties":{"osm_type":"way","osm_id":1333781946,"country":"PT","name":null,"operator":"REN","wikidata":null,"wikipedia":null}},{"type":"Feature","geometry":{"type":"LineString","coordinates":[[-8.32673,39.54559],[-8.32713,39.54568]]},"properties":{"osm_type":"way","osm_id":1333781947,"country":"PT","name":null,"operator":"REN","wikidata":null,"wikipedia":null}},{"type":"Feature","geometry":{"type":"LineString","coordinates":[[-8.32678,39.54546],[-8.32718,39.54555]]},"properties":{"osm_type":"way","osm_id":1333781948,"country":"PT","name":null,"operator":"REN","wikidata":null,"wikipedia":null}},{"type":"Feature","geometry":{"type":"LineString","coordinates":[[-8.32683,39.54533],[-8.32723,39.54542]]},"properties":{"osm_type":"way","osm_id":1333781949,"country":"PT","name":null,"operator":"REN","wikidata":null,"wikipedia":null}},{"type":"Feature","geometry":{"type":"LineString","coordinates":[[-8.32728,39.54529],[-8.32689,39.54521]]},"properties":{"osm_type":"way","osm_id":1333781950,"country":"PT","name":null,"operator":"REN","wikidata":null,"wikipedia":null}},{"type":"Feature","geometry":{"type":"LineString","coordinates":[[-8.32832,39.54521],[-8.32734,39.54516]]},"properties":{"osm_type":"way","osm_id":1333781951,"country":"PT","name":"Santarém - Zêzere 1","operator":"REN","wikidata":null,"wikipedia":null}},{"type":"Feature","geometry":{"type":"LineString","coordinates":[[-8.32699,39.54495],[-8.32739,39.54504]]},"properties":{"osm_type":"way","osm_id":1333781952,"country":"PT","name":null,"operator":"REN","wikidata":null,"wikipedia":null}},{"type":"Feature","geometry":{"type":"LineString","coordinates":[[-8.32744,39.54491],[-8.32705,39.54482]]},"properties":{"osm_type":"way","osm_id":1333781953,"country":"PT","name":null,"operator":"REN","wikidata":null,"wikipedia":null}},{"type":"Feature","geometry":{"type":"LineString","coordinates":[[-8.32749,39.54478],[-8.3271,39.54469]]},"properties":{"osm_type":"way","osm_id":1333781954,"country":"PT","name":null,"operator":"REN","wikidata":null,"wikipedia":null}},{"type":"Feature","geometry":{"type":"LineString","coordinates":[[-8.32715,39.54457],[-8.32767,39.54467]]},"properties":{"osm_type":"way","osm_id":1333781955,"country":"PT","name":null,"operator":"REN","wikidata":null,"wikipedia":null}},{"type":"Feature","geometry":{"type":"LineString","coordinates":[[-8.32765,39.5444],[-8.32726,39.54431]]},"properties":{"osm_type":"way","osm_id":1333781956,"country":"PT","name":null,"operator":"REN","wikidata":null,"wikipedia":null}},{"type":"Feature","geometry":{"type":"LineString","coordinates":[[-8.32731,39.54418],[-8.3277,39.54427]]},"properties":{"osm_type":"way","osm_id":1333781957,"country":"PT","name":null,"operator":"REN","wikidata":null,"wikipedia":null}},{"type":"Feature","geometry":{"type":"LineString","coordinates":[[-8.32776,39.54558],[-8.32723,39.54542]]},"properties":{"osm_type":"way","osm_id":1333781958,"country":"PT","name":null,"operator":"REN","wikidata":null,"wikipedia":null}},{"type":"Feature","geometry":{"type":"LineString","coordinates":[[-8.32739,39.54504],[-8.32792,39.54518]]},"properties":{"osm_type":"way","osm_id":1333781959,"country":"PT","name":null,"operator":"REN","wikidata":null,"wikipedia":null}},{"type":"Feature","geometry":{"type":"LineString","coordinates":[[-8.32768,39.54499],[-8.32797,39.54506]]},"properties":{"osm_type":"way","osm_id":1333781960,"country":"PT","name":null,"operator":"REN","wikidata":null,"wikipedia":null}},{"type":"Feature","geometry":{"type":"LineString","coordinates":[[-8.32771,39.54493],[-8.32799,39.545]]},"properties":{"osm_type":"way","osm_id":1333781961,"country":"PT","name":null,"operator":"REN","wikidata":null,"wikipedia":null}},{"type":"Feature","geometry":{"type":"LineString","coordinates":[[-8.32747,39.5457],[-8.32769,39.54576]]},"properties":{"osm_type":"way","osm_id":1333781962,"country":"PT","name":null,"operator":"REN","wikidata":null,"wikipedia":null}},{"type":"Feature","geometry":{"type":"LineString","coordinates":[[-8.3274,39.54576],[-8.32766,39.54581]]},"properties":{"osm_type":"way","osm_id":1333781963,"country":"PT","name":null,"operator":"REN","wikidata":null,"wikipedia":null}},{"type":"Feature","geometry":{"type":"LineString","coordinates":[[-8.20785,41.86744],[-8.20871,41.86864]]},"properties":{"osm_type":"way","osm_id":1334301381,"country":"PT","name":null,"operator":"REN","wikidata":null,"wikipedia":null}},{"type":"Feature","geometry":{"type":"LineString","coordinates":[[-8.2079,41.8675],[-8.20876,41.8687]]},"properties":{"osm_type":"way","osm_id":1334301382,"country":"PT","name":null,"operator":"REN","wikidata":null,"wikipedia":null}},{"type":"Feature","geometry":{"type":"LineString","coordinates":[[-8.20766,41.8676],[-8.20852,41.8688]]},"properties":{"osm_type":"way","osm_id":1334301383,"country":"PT","name":null,"operator":"REN","wikidata":null,"wikipedia":null}},{"type":"Feature","geometry":{"type":"LineString","coordinates":[[-8.20815,41.86764],[-8.20767,41.86783]]},"properties":{"osm_type":"way","osm_id":1334301384,"country":"PT","name":null,"operator":"REN","wikidata":null,"wikipedia":null}},{"type":"Feature","geometry":{"type":"LineString","coordinates":[[-8.20873,41.86845],[-8.20826,41.86864]]},"properties":{"osm_type":"way","osm_id":1334301385,"country":"PT","name":null,"operator":"REN","wikidata":null,"wikipedia":null}},{"type":"Feature","geometry":{"type":"LineString","coordinates":[[-8.41246,38.01707],[-8.41247,38.01692]]},"properties":{"osm_type":"way","osm_id":1334316795,"country":"PT","name":null,"operator":"Infraestruturas de Portugal","wikidata":null,"wikipedia":null}},{"type":"Feature","geometry":{"type":"LineString","coordinates":[[-8.41228,38.01691],[-8.4126,38.01693]]},"properties":{"osm_type":"way","osm_id":1334316796,"country":"PT","name":null,"operator":"Infraestruturas de Portugal","wikidata":null,"wikipedia":null}},{"type":"Feature","geometry":{"type":"LineString","coordinates":[[-8.41226,38.01706],[-8.41259,38.01707]]},"properties":{"osm_type":"way","osm_id":1334316797,"country":"PT","name":null,"operator":"Infraestruturas de Portugal","wikidata":null,"wikipedia":null}},{"type":"Feature","geometry":{"type":"LineString","coordinates":[[-8.4126,38.01693],[-8.41279,38.01696]]},"properties":{"osm_type":"way","osm_id":1334316798,"country":"PT","name":null,"operator":"REN","wikidata":null,"wikipedia":null}},{"type":"Feature","geometry":{"type":"LineString","coordinates":[[-8.41259,38.01707],[-8.41278,38.01705]]},"properties":{"osm_type":"way","osm_id":1334316799,"country":"PT","name":null,"operator":"REN","wikidata":null,"wikipedia":null}},{"type":"Feature","geometry":{"type":"LineString","coordinates":[[-8.41279,38.01695],[-8.413,38.01696]]},"properties":{"osm_type":"way","osm_id":1334316800,"country":"PT","name":null,"operator":"REN","wikidata":null,"wikipedia":null}},{"type":"Feature","geometry":{"type":"LineString","coordinates":[[-8.41278,38.01705],[-8.41299,38.01706]]},"properties":{"osm_type":"way","osm_id":1334316801,"country":"PT","name":null,"operator":"REN","wikidata":null,"wikipedia":null}},{"type":"Feature","geometry":{"type":"LineString","coordinates":[[-8.41277,38.0171],[-8.41279,38.01689]]},"properties":{"osm_type":"way","osm_id":1334316802,"country":"PT","name":null,"operator":"REN","wikidata":null,"wikipedia":null}},{"type":"Feature","geometry":{"type":"LineString","coordinates":[[-7.81175,41.55149],[-7.81085,41.55106]]},"properties":{"osm_type":"way","osm_id":1335029308,"country":"PT","name":null,"operator":"REN","wikidata":null,"wikipedia":null}},{"type":"Feature","geometry":{"type":"LineString","coordinates":[[-7.81238,41.55074],[-7.81146,41.5503]]},"properties":{"osm_type":"way","osm_id":1335029309,"country":"PT","name":null,"operator":"REN","wikidata":null,"wikipedia":null}},{"type":"Feature","geometry":{"type":"LineString","coordinates":[[-7.81086,41.55131],[-7.81178,41.5502]]},"properties":{"osm_type":"way","osm_id":1335029310,"country":"PT","name":null,"operator":"REN","wikidata":null,"wikipedia":null}},{"type":"Feature","geometry":{"type":"LineString","coordinates":[[-7.81106,41.55141],[-7.81199,41.5503]]},"properties":{"osm_type":"way","osm_id":1335029311,"country":"PT","name":null,"operator":"REN","wikidata":null,"wikipedia":null}},{"type":"Feature","geometry":{"type":"LineString","coordinates":[[-7.81127,41.55151],[-7.8122,41.5504]]},"properties":{"osm_type":"way","osm_id":1335029312,"country":"PT","name":null,"operator":"REN","wikidata":null,"wikipedia":null}},{"type":"Feature","geometry":{"type":"LineString","coordinates":[[-7.81241,41.5505],[-7.81148,41.55161]]},"properties":{"osm_type":"way","osm_id":1335029313,"country":"PT","name":null,"operator":"REN","wikidata":null,"wikipedia":null}},{"type":"Feature","geometry":{"type":"LineString","coordinates":[[-8.19709,40.3363],[-8.19711,40.33634]]},"properties":{"osm_type":"way","osm_id":1335090125,"country":"PT","name":null,"operator":"E-REDES","wikidata":null,"wikipedia":null}},{"type":"Feature","geometry":{"type":"LineString","coordinates":[[-8.19711,40.33634],[-8.19719,40.33649]]},"properties":{"osm_type":"way","osm_id":1335090126,"country":"PT","name":null,"operator":"E-REDES","wikidata":null,"wikipedia":null}},{"type":"Feature","geometry":{"type":"LineString","coordinates":[[-8.55938,40.78468],[-8.56292,40.7837]]},"properties":{"osm_type":"way","osm_id":1335131744,"country":"PT","name":"Estarreja (REN) - CUF","operator":"E-REDES","wikidata":null,"wikipedia":null}},{"type":"Feature","geometry":{"type":"LineString","coordinates":[[-8.55537,40.78569],[-8.55938,40.78468]]},"properties":{"osm_type":"way","osm_id":1335131745,"country":"PT","name":"Estarreja (REN) - CUF","operator":"E-REDES","wikidata":null,"wikipedia":null}},{"type":"Feature","geometry":{"type":"LineString","coordinates":[[-8.56173,40.78208],[-8.56275,40.77994]]},"properties":{"osm_type":"way","osm_id":1335131746,"country":"PT","name":"Estarreja (REN) - Beduído","operator":"E-REDES","wikidata":null,"wikipedia":null}},{"type":"Feature","geometry":{"type":"LineString","coordinates":[[-8.55591,40.7855],[-8.56173,40.78208]]},"properties":{"osm_type":"way","osm_id":1335131747,"country":"PT","name":"Estarreja (REN) - Beduído","operator":"E-REDES","wikidata":null,"wikipedia":null}},{"type":"Feature","geometry":{"type":"LineString","coordinates":[[-8.56079,40.77874],[-8.5617,40.77611]]},"properties":{"osm_type":"way","osm_id":1335131748,"country":"PT","name":"Estarreja (REN) - C.P. Salreu I","operator":"E-REDES","wikidata":null,"wikipedia":null}},{"type":"Feature","geometry":{"type":"LineString","coordinates":[[-8.56089,40.77754],[-8.56175,40.77523]]},"properties":{"osm_type":"way","osm_id":1335131749,"country":"PT","name":"Estarreja (REN) - C.P. Salreu II","operator":"E-REDES","wikidata":null,"wikipedia":null}},{"type":"Feature","geometry":{"type":"LineString","coordinates":[[-8.55529,40.78545],[-8.55893,40.78299],[-8.56089,40.77754]]},"properties":{"osm_type":"way","osm_id":1335131750,"country":"PT","name":"Estarreja (REN) - C.P. Salreu II","operator":"E-REDES","wikidata":null,"wikipedia":null}},{"type":"Feature","geometry":{"type":"LineString","coordinates":[[-8.55531,40.78551],[-8.55901,40.78355],[-8.56079,40.77874]]},"properties":{"osm_type":"way","osm_id":1335131751,"country":"PT","name":"Estarreja (REN) - C.P. Salreu I","operator":"E-REDES","wikidata":null,"wikipedia":null}},{"type":"Feature","geometry":{"type":"LineString","coordinates":[[-7.26689,40.13256],[-7.26655,40.13257]]},"properties":{"osm_type":"way","osm_id":1338672230,"country":"PT","name":null,"operator":"Pentagab","wikidata":null,"wikipedia":null}},{"type":"Feature","geometry":{"type":"LineString","coordinates":[[-7.26656,40.13292],[-7.26654,40.13247]]},"properties":{"osm_type":"way","osm_id":1338672231,"country":"PT","name":null,"operator":"Pentagab","wikidata":null,"wikipedia":null}},{"type":"Feature","geometry":{"type":"LineString","coordinates":[[-7.26622,40.13273],[-7.26655,40.13272]]},"properties":{"osm_type":"way","osm_id":1338672232,"country":"PT","name":null,"operator":"Pentagab","wikidata":null,"wikipedia":null}},{"type":"Feature","geometry":{"type":"LineString","coordinates":[[-7.85961,41.73877],[-7.85971,41.7387]]},"properties":{"osm_type":"way","osm_id":1338720709,"country":"PT","name":null,"operator":"REN","wikidata":null,"wikipedia":null}},{"type":"Feature","geometry":{"type":"LineString","coordinates":[[-7.85959,41.73887],[-7.85907,41.73846]]},"properties":{"osm_type":"way","osm_id":1338720710,"country":"PT","name":null,"operator":"REN","wikidata":null,"wikipedia":null}},{"type":"Feature","geometry":{"type":"LineString","coordinates":[[-7.85929,41.73838],[-7.85906,41.73855]]},"properties":{"osm_type":"way","osm_id":1338720714,"country":"PT","name":null,"operator":"REN","wikidata":null,"wikipedia":null}},{"type":"Feature","geometry":{"type":"LineString","coordinates":[[-7.85916,41.73863],[-7.8594,41.73846]]},"properties":{"osm_type":"way","osm_id":1338720715,"country":"PT","name":null,"operator":"REN","wikidata":null,"wikipedia":null}},{"type":"Feature","geometry":{"type":"LineString","coordinates":[[-7.85947,41.73887],[-7.85971,41.7387]]},"properties":{"osm_type":"way","osm_id":1338720716,"country":"PT","name":null,"operator":"REN","wikidata":null,"wikipedia":null}},{"type":"Feature","geometry":{"type":"LineString","coordinates":[[-16.87246,32.66175],[-16.86863,32.66686],[-16.87031,32.67653],[-16.87161,32.69039],[-16.87038,32.70111],[-16.87081,32.70323]]},"properties":{"osm_type":"way","osm_id":1340613136,"country":"PT","name":null,"operator":"EEM","wikidata":null,"wikipedia":null}},{"type":"Feature","geometry":{"type":"LineString","coordinates":[[-7.16915,38.88715],[-7.16911,38.88713]]},"properties":{"osm_type":"way","osm_id":1343575281,"country":"PT","name":null,"operator":"E-REDES","wikidata":null,"wikipedia":null}},{"type":"Feature","geometry":{"type":"LineString","coordinates":[[-7.16902,38.88728],[-7.16898,38.88725]]},"properties":{"osm_type":"way","osm_id":1343575282,"country":"PT","name":null,"operator":"E-REDES","wikidata":null,"wikipedia":null}},{"type":"Feature","geometry":{"type":"LineString","coordinates":[[-7.16927,38.88722],[-7.16914,38.88714]]},"properties":{"osm_type":"way","osm_id":1343575283,"country":"PT","name":null,"operator":"E-REDES","wikidata":null,"wikipedia":null}},{"type":"Feature","geometry":{"type":"LineString","coordinates":[[-7.16914,38.88735],[-7.169,38.88726]]},"properties":{"osm_type":"way","osm_id":1343575284,"country":"PT","name":null,"operator":"E-REDES","wikidata":null,"wikipedia":null}},{"type":"Feature","geometry":{"type":"LineString","coordinates":[[-8.47778,40.74545],[-8.47773,40.74513]]},"properties":{"osm_type":"way","osm_id":1343575299,"country":"PT","name":null,"operator":"E-REDES","wikidata":null,"wikipedia":null}},{"type":"Feature","geometry":{"type":"LineString","coordinates":[[-8.47765,40.74517],[-8.47783,40.74514]]},"properties":{"osm_type":"way","osm_id":1343575301,"country":"PT","name":"Albergaria - Vista Alegre","operator":"E-REDES","wikidata":null,"wikipedia":null}},{"type":"Feature","geometry":{"type":"LineString","coordinates":[[-7.5054,37.27367],[-7.50528,37.27362]]},"properties":{"osm_type":"way","osm_id":1344776464,"country":"PT","name":null,"operator":"Águas do Algarve","wikidata":null,"wikipedia":null}},{"type":"Feature","geometry":{"type":"LineString","coordinates":[[-7.50523,37.2737],[-7.50529,37.27359]]},"properties":{"osm_type":"way","osm_id":1344776465,"country":"PT","name":null,"operator":"Águas do Algarve","wikidata":null,"wikipedia":null}},{"type":"Feature","geometry":{"type":"LineString","coordinates":[[-7.50515,37.27363],[-7.50428,37.27339]]},"properties":{"osm_type":"way","osm_id":1344776466,"country":"PT","name":null,"operator":"E-REDES","wikidata":null,"wikipedia":null}},{"type":"Feature","geometry":{"type":"LineString","coordinates":[[-16.87227,32.66083],[-16.86785,32.66322],[-16.86572,32.66338],[-16.85549,32.6621],[-16.84828,32.66166],[-16.84262,32.66189],[-16.83711,32.65995],[-16.8341,32.65968],[-16.82849,32.66072]]},"properties":{"osm_type":"way","osm_id":1351916307,"country":"PT","name":null,"operator":"EEM","wikidata":null,"wikipedia":null}},{"type":"Feature","geometry":{"type":"LineString","coordinates":[[-16.87208,32.66122],[-16.86895,32.66315],[-16.8612,32.66479],[-16.82909,32.67966],[-16.81514,32.68568],[-16.7822,32.70741],[-16.7689,32.7125]]},"properties":{"osm_type":"way","osm_id":1351916310,"country":"PT","name":null,"operator":"EEM","wikidata":null,"wikipedia":null}},{"type":"Feature","geometry":{"type":"LineString","coordinates":[[-16.82839,32.6608],[-16.83717,32.66544]]},"properties":{"osm_type":"way","osm_id":1351954451,"country":"PT","name":null,"operator":null,"wikidata":null,"wikipedia":null}},{"type":"Feature","geometry":{"type":"LineString","coordinates":[[-8.4811,41.35827],[-8.48109,41.35824]]},"properties":{"osm_type":"way","osm_id":1353023225,"country":"PT","name":null,"operator":"E-REDES","wikidata":null,"wikipedia":null}},{"type":"Feature","geometry":{"type":"LineString","coordinates":[[-8.48123,41.35822],[-8.48123,41.3582]]},"properties":{"osm_type":"way","osm_id":1353023226,"country":"PT","name":null,"operator":"E-REDES","wikidata":null,"wikipedia":null}},{"type":"Feature","geometry":{"type":"LineString","coordinates":[[-8.48117,41.35837],[-8.48109,41.35825]]},"properties":{"osm_type":"way","osm_id":1353023227,"country":"PT","name":null,"operator":"E-REDES","wikidata":null,"wikipedia":null}},{"type":"Feature","geometry":{"type":"LineString","coordinates":[[-8.4813,41.35833],[-8.48122,41.35821]]},"properties":{"osm_type":"way","osm_id":1353023228,"country":"PT","name":null,"operator":"E-REDES","wikidata":null,"wikipedia":null}},{"type":"Feature","geometry":{"type":"LineString","coordinates":[[-8.48136,41.35816],[-8.48132,41.35805]]},"properties":{"osm_type":"way","osm_id":1353023229,"country":"PT","name":null,"operator":"E-REDES","wikidata":null,"wikipedia":null}},{"type":"Feature","geometry":{"type":"LineString","coordinates":[[-8.15168,37.8787],[-8.15165,37.8787]]},"properties":{"osm_type":"way","osm_id":1353405848,"country":"PT","name":null,"operator":"E-REDES","wikidata":null,"wikipedia":null}},{"type":"Feature","geometry":{"type":"LineString","coordinates":[[-8.15166,37.87878],[-8.15164,37.87877]]},"properties":{"osm_type":"way","osm_id":1353405849,"country":"PT","name":null,"operator":"E-REDES","wikidata":null,"wikipedia":null}},{"type":"Feature","geometry":{"type":"LineString","coordinates":[[-8.15167,37.87874],[-8.15169,37.87867]]},"properties":{"osm_type":"way","osm_id":1353405850,"country":"PT","name":null,"operator":"E-REDES","wikidata":null,"wikipedia":null}},{"type":"Feature","geometry":{"type":"LineString","coordinates":[[-8.15165,37.87881],[-8.15167,37.87874]]},"properties":{"osm_type":"way","osm_id":1353405851,"country":"PT","name":null,"operator":"E-REDES","wikidata":null,"wikipedia":null}},{"type":"Feature","geometry":{"type":"LineString","coordinates":[[-8.15162,37.87868],[-8.15165,37.8787]]},"properties":{"osm_type":"way","osm_id":1353405852,"country":"PT","name":null,"operator":"E-REDES","wikidata":null,"wikipedia":null}},{"type":"Feature","geometry":{"type":"LineString","coordinates":[[-8.1516,37.87876],[-8.15164,37.87877]]},"properties":{"osm_type":"way","osm_id":1353405853,"country":"PT","name":null,"operator":"E-REDES","wikidata":null,"wikipedia":null}},{"type":"Feature","geometry":{"type":"LineString","coordinates":[[-8.15165,37.87869],[-8.15149,37.87863]]},"properties":{"osm_type":"way","osm_id":1353405855,"country":"PT","name":null,"operator":"E-REDES","wikidata":null,"wikipedia":null}},{"type":"Feature","geometry":{"type":"LineString","coordinates":[[-8.15163,37.87877],[-8.15147,37.87873]]},"properties":{"osm_type":"way","osm_id":1353405856,"country":"PT","name":null,"operator":"E-REDES","wikidata":null,"wikipedia":null}},{"type":"Feature","geometry":{"type":"LineString","coordinates":[[-9.19121,38.7956],[-9.19146,38.79541]]},"properties":{"osm_type":"way","osm_id":1393947080,"country":"PT","name":null,"operator":"E-REDES","wikidata":null,"wikipedia":null}},{"type":"Feature","geometry":{"type":"LineString","coordinates":[[-9.19146,38.79541],[-9.19118,38.79549]]},"properties":{"osm_type":"way","osm_id":1393947081,"country":"PT","name":null,"operator":"E-REDES","wikidata":null,"wikipedia":null}},{"type":"Feature","geometry":{"type":"LineString","coordinates":[[-9.19097,38.79553],[-9.19094,38.79553]]},"properties":{"osm_type":"way","osm_id":1393947082,"country":"PT","name":null,"operator":"E-REDES","wikidata":null,"wikipedia":null}},{"type":"Feature","geometry":{"type":"LineString","coordinates":[[-9.19098,38.79562],[-9.19097,38.79562]]},"properties":{"osm_type":"way","osm_id":1393947083,"country":"PT","name":null,"operator":"E-REDES","wikidata":null,"wikipedia":null}},{"type":"Feature","geometry":{"type":"LineString","coordinates":[[-9.19136,38.79358],[-9.19241,38.7952]]},"properties":{"osm_type":"way","osm_id":1394006715,"country":"PT","name":null,"operator":"E-REDES","wikidata":null,"wikipedia":null}},{"type":"Feature","geometry":{"type":"LineString","coordinates":[[-9.19262,38.79569],[-9.19136,38.79358]]},"properties":{"osm_type":"way","osm_id":1394006716,"country":"PT","name":null,"operator":"E-REDES","wikidata":null,"wikipedia":null}},{"type":"Feature","geometry":{"type":"LineString","coordinates":[[-9.19241,38.7952],[-9.19262,38.79569]]},"properties":{"osm_type":"way","osm_id":1394006717,"country":"PT","name":null,"operator":"E-REDES","wikidata":null,"wikipedia":null}},{"type":"Feature","geometry":{"type":"LineString","coordinates":[[-8.61482,39.49412],[-8.61486,39.49421]]},"properties":{"osm_type":"way","osm_id":1394019124,"country":"PT","name":null,"operator":"E-REDES","wikidata":null,"wikipedia":null}},{"type":"Feature","geometry":{"type":"LineString","coordinates":[[-8.61476,39.49414],[-8.61474,39.49395]]},"properties":{"osm_type":"way","osm_id":1394019125,"country":"PT","name":null,"operator":"E-REDES","wikidata":null,"wikipedia":null}},{"type":"Feature","geometry":{"type":"LineString","coordinates":[[-8.77518,37.91578],[-8.77536,37.91574]]},"properties":{"osm_type":"way","osm_id":1395618183,"country":"PT","name":null,"operator":"E-REDES","wikidata":null,"wikipedia":null}},{"type":"Feature","geometry":{"type":"LineString","coordinates":[[-8.77517,37.91571],[-8.77536,37.91574]]},"properties":{"osm_type":"way","osm_id":1395618184,"country":"PT","name":"PS Morgavel - Central Térmica de Sines","operator":"E-REDES","wikidata":null,"wikipedia":null}},{"type":"Feature","geometry":{"type":"LineString","coordinates":[[-8.51707,37.1984],[-8.5177,37.19826]]},"properties":{"osm_type":"way","osm_id":1395783946,"country":"PT","name":"Portimão (REN) - Porto de Lagos II","operator":"E-REDES","wikidata":null,"wikipedia":null}},{"type":"Feature","geometry":{"type":"LineString","coordinates":[[-7.72796,40.37973],[-7.728,40.37973]]},"properties":{"osm_type":"way","osm_id":1396062878,"country":"PT","name":null,"operator":"Energias de Portugal","wikidata":null,"wikipedia":null}},{"type":"Feature","geometry":{"type":"LineString","coordinates":[[-7.72799,40.37966],[-7.72801,40.37965]]},"properties":{"osm_type":"way","osm_id":1396062879,"country":"PT","name":null,"operator":"Energias de Portugal","wikidata":null,"wikipedia":null}},{"type":"Feature","geometry":{"type":"LineString","coordinates":[[-7.72796,40.37966],[-7.72799,40.37966]]},"properties":{"osm_type":"way","osm_id":1396062880,"country":"PT","name":null,"operator":"Energias de Portugal","wikidata":null,"wikipedia":null}},{"type":"Feature","geometry":{"type":"LineString","coordinates":[[-7.72801,40.37965],[-7.72806,40.37962]]},"properties":{"osm_type":"way","osm_id":1396062881,"country":"PT","name":null,"operator":"Energias de Portugal","wikidata":null,"wikipedia":null}},{"type":"Feature","geometry":{"type":"LineString","coordinates":[[-7.728,40.37973],[-7.72807,40.37971]]},"properties":{"osm_type":"way","osm_id":1396062882,"country":"PT","name":null,"operator":"Energias de Portugal","wikidata":null,"wikipedia":null}},{"type":"Feature","geometry":{"type":"LineString","coordinates":[[-7.72796,40.37962],[-7.72797,40.37976]]},"properties":{"osm_type":"way","osm_id":1396062884,"country":"PT","name":null,"operator":"Energias de Portugal","wikidata":null,"wikipedia":null}},{"type":"Feature","geometry":{"type":"LineString","coordinates":[[-8.96785,39.12525],[-8.96748,39.12446],[-8.96206,39.11983],[-8.96004,39.11651],[-8.95862,39.11273],[-8.95658,39.11203],[-8.95324,39.10904],[-8.94566,39.10831],[-8.94166,39.10635],[-8.93812,39.10102],[-8.93481,39.09792],[-8.93194,39.09625],[-8.92857,39.09038],[-8.92865,39.08685],[-8.9323,39.0732],[-8.93464,39.06979],[-8.93823,39.06599],[-8.93932,39.06374],[-8.94048,39.0574],[-8.94425,39.04734],[-8.94093,39.03671]]},"properties":{"osm_type":"way","osm_id":1412788615,"country":"PT","name":"CF Carregado - Carregado","operator":"REN","wikidata":null,"wikipedia":null}},{"type":"Feature","geometry":{"type":"LineString","coordinates":[[-7.73001,41.57133],[-7.73056,41.57175]]},"properties":{"osm_type":"way","osm_id":1414150986,"country":"PT","name":"Central do Alto Tâmega - PC Alto Tâmega","operator":"Iberdrola","wikidata":null,"wikipedia":null}},{"type":"Feature","geometry":{"type":"LineString","coordinates":[[-8.29455,42.00958],[-8.29471,42.0098]]},"properties":{"osm_type":"way","osm_id":1414509586,"country":"PT","name":null,"operator":"Finerge","wikidata":null,"wikipedia":null}},{"type":"Feature","geometry":{"type":"LineString","coordinates":[[-8.29449,42.0096],[-8.29471,42.0098]]},"properties":{"osm_type":"way","osm_id":1414509587,"country":"PT","name":null,"operator":"Finerge","wikidata":null,"wikipedia":null}},{"type":"Feature","geometry":{"type":"LineString","coordinates":[[-16.96658,32.64894],[-16.96632,32.65332],[-16.98405,32.65952],[-16.9952,32.66438],[-17.04457,32.67607],[-17.05971,32.68553],[-17.0749,32.69954],[-17.0766,32.70885],[-17.06902,32.72069],[-17.06639,32.72359],[-17.06485,32.73321],[-17.0622,32.7359]]},"properties":{"osm_type":"way","osm_id":1415727519,"country":"PT","name":null,"operator":"EEM","wikidata":null,"wikipedia":null}},{"type":"Feature","geometry":{"type":"LineString","coordinates":[[-8.20251,41.86933],[-8.20267,41.86916]]},"properties":{"osm_type":"way","osm_id":1416194947,"country":"PT","name":null,"operator":"Energias de Portugal","wikidata":null,"wikipedia":null}},{"type":"Feature","geometry":{"type":"LineString","coordinates":[[-8.20288,41.86951],[-8.20302,41.86935]]},"properties":{"osm_type":"way","osm_id":1416194948,"country":"PT","name":null,"operator":"Energias de Portugal","wikidata":null,"wikipedia":null}},{"type":"Feature","geometry":{"type":"LineString","coordinates":[[-8.20255,41.86958],[-8.20232,41.86953]]},"properties":{"osm_type":"way","osm_id":1416194952,"country":"PT","name":null,"operator":"Energias de Portugal","wikidata":null,"wikipedia":null}},{"type":"Feature","geometry":{"type":"LineString","coordinates":[[-8.20255,41.86958],[-8.20269,41.86972]]},"properties":{"osm_type":"way","osm_id":1416194953,"country":"PT","name":null,"operator":"Energias de Portugal","wikidata":null,"wikipedia":null}},{"type":"Feature","geometry":{"type":"LineString","coordinates":[[-8.0574,41.4287],[-8.05754,41.4287]]},"properties":{"osm_type":"way","osm_id":1416348548,"country":"PT","name":null,"operator":"E-REDES","wikidata":null,"wikipedia":null}},{"type":"Feature","geometry":{"type":"LineString","coordinates":[[-8.05743,41.4287],[-8.05743,41.42876]]},"properties":{"osm_type":"way","osm_id":1416348549,"country":"PT","name":null,"operator":"E-REDES","wikidata":null,"wikipedia":null}},{"type":"Feature","geometry":{"type":"LineString","coordinates":[[-8.05751,41.42863],[-8.05751,41.42876]]},"properties":{"osm_type":"way","osm_id":1416348550,"country":"PT","name":null,"operator":"E-REDES","wikidata":null,"wikipedia":null}},{"type":"Feature","geometry":{"type":"LineString","coordinates":[[-8.05751,41.42853],[-8.05751,41.42863]]},"properties":{"osm_type":"way","osm_id":1416348551,"country":"PT","name":null,"operator":"Finerge","wikidata":null,"wikipedia":null}},{"type":"Feature","geometry":{"type":"LineString","coordinates":[[-7.88295,39.80779],[-7.88312,39.80748]]},"properties":{"osm_type":"way","osm_id":1416378664,"country":"PT","name":null,"operator":"Generventos do Pinhal Interior - Energias Renováveis, S. A.","wikidata":null,"wikipedia":null}},{"type":"Feature","geometry":{"type":"LineString","coordinates":[[-7.88295,39.80779],[-7.88323,39.80754]]},"properties":{"osm_type":"way","osm_id":1416378665,"country":"PT","name":null,"operator":"Generventos do Pinhal Interior - Energias Renováveis, S. A.","wikidata":null,"wikipedia":null}},{"type":"Feature","geometry":{"type":"LineString","coordinates":[[-7.88367,39.80722],[-7.88346,39.80709]]},"properties":{"osm_type":"way","osm_id":1416380144,"country":"PT","name":null,"operator":"Generventos do Pinhal Interior - Energias Renováveis, S. A.","wikidata":null,"wikipedia":null}},{"type":"Feature","geometry":{"type":"LineString","coordinates":[[-7.88342,39.80757],[-7.88304,39.80733]]},"properties":{"osm_type":"way","osm_id":1416380147,"country":"PT","name":null,"operator":"Generventos do Pinhal Interior - Energias Renováveis, S. A.","wikidata":null,"wikipedia":null}},{"type":"Feature","geometry":{"type":"LineString","coordinates":[[-7.88342,39.80737],[-7.88341,39.80739]]},"properties":{"osm_type":"way","osm_id":1416380148,"country":"PT","name":null,"operator":"Generventos do Pinhal Interior - Energias Renováveis, S. A.","wikidata":null,"wikipedia":null}},{"type":"Feature","geometry":{"type":"LineString","coordinates":[[-7.88332,39.8073],[-7.88331,39.80732]]},"properties":{"osm_type":"way","osm_id":1416380149,"country":"PT","name":null,"operator":"Generventos do Pinhal Interior - Energias Renováveis, S. A.","wikidata":null,"wikipedia":null}},{"type":"Feature","geometry":{"type":"LineString","coordinates":[[-7.88347,39.80716],[-7.88329,39.80733]]},"properties":{"osm_type":"way","osm_id":1416380151,"country":"PT","name":null,"operator":"Generventos do Pinhal Interior - Energias Renováveis, S. A.","wikidata":null,"wikipedia":null}},{"type":"Feature","geometry":{"type":"LineString","coordinates":[[-7.88358,39.80723],[-7.88339,39.8074]]},"properties":{"osm_type":"way","osm_id":1416380152,"country":"PT","name":null,"operator":"Generventos do Pinhal Interior - Energias Renováveis, S. A.","wikidata":null,"wikipedia":null}},{"type":"Feature","geometry":{"type":"LineString","coordinates":[[-7.88374,39.80707],[-7.88358,39.80723]]},"properties":{"osm_type":"way","osm_id":1416380158,"country":"PT","name":null,"operator":"Generventos do Pinhal Interior - Energias Renováveis, S. A.","wikidata":null,"wikipedia":null}},{"type":"Feature","geometry":{"type":"LineString","coordinates":[[-8.43579,41.36307],[-8.43592,41.36304]]},"properties":{"osm_type":"way","osm_id":1421045616,"country":"PT","name":null,"operator":"E-REDES","wikidata":null,"wikipedia":null}},{"type":"Feature","geometry":{"type":"LineString","coordinates":[[-8.4358,41.36309],[-8.43575,41.36296]]},"properties":{"osm_type":"way","osm_id":1421045617,"country":"PT","name":null,"operator":"E-REDES","wikidata":null,"wikipedia":null}},{"type":"Feature","geometry":{"type":"LineString","coordinates":[[-7.53269,39.66428],[-7.53148,39.66391]]},"properties":{"osm_type":"way","osm_id":1421152418,"country":"PT","name":null,"operator":null,"wikidata":null,"wikipedia":null}},{"type":"Feature","geometry":{"type":"LineString","coordinates":[[-7.5314,39.66384],[-7.52554,39.65846],[-7.49326,39.63507],[-7.48046,39.62915]]},"properties":{"osm_type":"way","osm_id":1421152419,"country":"PT","name":null,"operator":null,"wikidata":null,"wikipedia":null}},{"type":"Feature","geometry":{"type":"LineString","coordinates":[[-8.19948,40.34038],[-8.19965,40.34009]]},"properties":{"osm_type":"way","osm_id":1421268563,"country":"PT","name":null,"operator":"Energias de Portugal","wikidata":null,"wikipedia":null}},{"type":"Feature","geometry":{"type":"LineString","coordinates":[[-8.19965,40.34044],[-8.19982,40.34015]]},"properties":{"osm_type":"way","osm_id":1421268564,"country":"PT","name":null,"operator":"Energias de Portugal","wikidata":null,"wikipedia":null}},{"type":"Feature","geometry":{"type":"LineString","coordinates":[[-8.19995,40.34046],[-8.19943,40.34029]]},"properties":{"osm_type":"way","osm_id":1421268565,"country":"PT","name":null,"operator":"Energias de Portugal","wikidata":null,"wikipedia":null}},{"type":"Feature","geometry":{"type":"LineString","coordinates":[[-7.73121,41.57381],[-7.73108,41.57382]]},"properties":{"osm_type":"way","osm_id":1421833206,"country":"PT","name":"Central do Alto Tâmega - PC Alto Tâmega","operator":"Iberdrola","wikidata":null,"wikipedia":null}},{"type":"Feature","geometry":{"type":"LineString","coordinates":[[-7.7314,41.5739],[-7.73127,41.57392]]},"properties":{"osm_type":"way","osm_id":1421833207,"country":"PT","name":"Central do Alto Tâmega - PC Alto Tâmega","operator":"Iberdrola","wikidata":null,"wikipedia":null}},{"type":"Feature","geometry":{"type":"LineString","coordinates":[[-7.73056,41.57175],[-7.7313,41.57401]]},"properties":{"osm_type":"way","osm_id":1421833208,"country":"PT","name":"Central do Alto Tâmega - PC Alto Tâmega","operator":"Iberdrola","wikidata":null,"wikipedia":null}},{"type":"Feature","geometry":{"type":"LineString","coordinates":[[-7.73056,41.57175],[-7.73111,41.57392]]},"properties":{"osm_type":"way","osm_id":1421833209,"country":"PT","name":"Central do Alto Tâmega - PC Alto Tâmega","operator":"Iberdrola","wikidata":null,"wikipedia":null}},{"type":"Feature","geometry":{"type":"LineString","coordinates":[[-7.72935,41.57111],[-7.73001,41.57133]]},"properties":{"osm_type":"way","osm_id":1421833210,"country":"PT","name":"Central do Alto Tâmega - PC Alto Tâmega","operator":"Iberdrola","wikidata":null,"wikipedia":null}},{"type":"Feature","geometry":{"type":"LineString","coordinates":[[-7.7289,41.57103],[-7.72935,41.57111]]},"properties":{"osm_type":"way","osm_id":1421833211,"country":"PT","name":null,"operator":"Iberdrola","wikidata":null,"wikipedia":null}},{"type":"Feature","geometry":{"type":"LineString","coordinates":[[-7.7293,41.57129],[-7.73001,41.57133]]},"properties":{"osm_type":"way","osm_id":1421833212,"country":"PT","name":"Central do Alto Tâmega - PC Alto Tâmega","operator":"Iberdrola","wikidata":null,"wikipedia":null}},{"type":"Feature","geometry":{"type":"LineString","coordinates":[[-7.72885,41.57122],[-7.7293,41.57129]]},"properties":{"osm_type":"way","osm_id":1421833213,"country":"PT","name":null,"operator":"Iberdrola","wikidata":null,"wikipedia":null}},{"type":"Feature","geometry":{"type":"LineString","coordinates":[[-8.19685,40.34025],[-8.19666,40.34012]]},"properties":{"osm_type":"way","osm_id":1421891811,"country":"PT","name":null,"operator":"Energias de Portugal","wikidata":null,"wikipedia":null}},{"type":"Feature","geometry":{"type":"LineString","coordinates":[[-8.19685,40.34025],[-8.19685,40.34025]]},"properties":{"osm_type":"way","osm_id":1421891812,"country":"PT","name":null,"operator":"Energias de Portugal","wikidata":null,"wikipedia":null}},{"type":"Feature","geometry":{"type":"LineString","coordinates":[[-8.19685,40.34025],[-8.19704,40.34036]]},"properties":{"osm_type":"way","osm_id":1421891813,"country":"PT","name":null,"operator":"Energias de Portugal","wikidata":null,"wikipedia":null}},{"type":"Feature","geometry":{"type":"LineString","coordinates":[[-8.19683,40.34021],[-8.19685,40.34025]]},"properties":{"osm_type":"way","osm_id":1421891814,"country":"PT","name":null,"operator":"Energias de Portugal","wikidata":null,"wikipedia":null}},{"type":"Feature","geometry":{"type":"LineString","coordinates":[[-6.47215,41.30172],[-6.47286,41.302]]},"properties":{"osm_type":"way","osm_id":1422999026,"country":"PT","name":null,"operator":"Movhera","wikidata":null,"wikipedia":null}},{"type":"Feature","geometry":{"type":"LineString","coordinates":[[-6.47223,41.3016],[-6.47295,41.30188]]},"properties":{"osm_type":"way","osm_id":1422999027,"country":"PT","name":null,"operator":"Movhera","wikidata":null,"wikipedia":null}},{"type":"Feature","geometry":{"type":"LineString","coordinates":[[-6.47232,41.30148],[-6.47303,41.30176]]},"properties":{"osm_type":"way","osm_id":1422999028,"country":"PT","name":null,"operator":"Movhera","wikidata":null,"wikipedia":null}},{"type":"Feature","geometry":{"type":"LineString","coordinates":[[-8.31922,39.54254],[-8.31923,39.54253]]},"properties":{"osm_type":"way","osm_id":1425673118,"country":"PT","name":null,"operator":"Energias de Portugal","wikidata":null,"wikipedia":null}},{"type":"Feature","geometry":{"type":"LineString","coordinates":[[-8.3193,39.54265],[-8.31932,39.54263]]},"properties":{"osm_type":"way","osm_id":1425673119,"country":"PT","name":null,"operator":"Energias de Portugal","wikidata":null,"wikipedia":null}},{"type":"Feature","geometry":{"type":"LineString","coordinates":[[-8.3194,39.54277],[-8.31941,39.54276]]},"properties":{"osm_type":"way","osm_id":1425673120,"country":"PT","name":null,"operator":"Energias de Portugal","wikidata":null,"wikipedia":null}},{"type":"Feature","geometry":{"type":"LineString","coordinates":[[-7.42675,41.21582],[-7.42675,41.21573]]},"properties":{"osm_type":"way","osm_id":1426204588,"country":"PT","name":null,"operator":"Movhera","wikidata":null,"wikipedia":null}},{"type":"Feature","geometry":{"type":"LineString","coordinates":[[-6.26654,41.48863],[-6.26651,41.48863]]},"properties":{"osm_type":"way","osm_id":1426257481,"country":"PT","name":null,"operator":"Movhera","wikidata":null,"wikipedia":null}},{"type":"Feature","geometry":{"type":"LineString","coordinates":[[-6.2661,41.48856],[-6.26676,41.48866]]},"properties":{"osm_type":"way","osm_id":1426257482,"country":"PT","name":null,"operator":"Movhera","wikidata":null,"wikipedia":null}},{"type":"Feature","geometry":{"type":"LineString","coordinates":[[-6.26601,41.48848],[-6.26596,41.4886]]},"properties":{"osm_type":"way","osm_id":1426257484,"country":"PT","name":null,"operator":"Movhera","wikidata":null,"wikipedia":null}},{"type":"Feature","geometry":{"type":"LineString","coordinates":[[-6.26578,41.48844],[-6.26574,41.48857]]},"properties":{"osm_type":"way","osm_id":1426257485,"country":"PT","name":null,"operator":"Movhera","wikidata":null,"wikipedia":null}},{"type":"Feature","geometry":{"type":"LineString","coordinates":[[-6.26554,41.48841],[-6.26552,41.48853]]},"properties":{"osm_type":"way","osm_id":1426257486,"country":"PT","name":null,"operator":"Movhera","wikidata":null,"wikipedia":null}},{"type":"Feature","geometry":{"type":"LineString","coordinates":[[-6.26544,41.48833],[-6.2668,41.48853]]},"properties":{"osm_type":"way","osm_id":1426257487,"country":"PT","name":null,"operator":"Movhera","wikidata":null,"wikipedia":null}},{"type":"Feature","geometry":{"type":"LineString","coordinates":[[-6.26556,41.48834],[-6.26554,41.48841]]},"properties":{"osm_type":"way","osm_id":1426257488,"country":"PT","name":null,"operator":"Movhera","wikidata":null,"wikipedia":null}},{"type":"Feature","geometry":{"type":"LineString","coordinates":[[-6.26579,41.48838],[-6.26578,41.48844]]},"properties":{"osm_type":"way","osm_id":1426257489,"country":"PT","name":null,"operator":"Movhera","wikidata":null,"wikipedia":null}},{"type":"Feature","geometry":{"type":"LineString","coordinates":[[-6.26602,41.48841],[-6.26601,41.48848]]},"properties":{"osm_type":"way","osm_id":1426257490,"country":"PT","name":null,"operator":"Movhera","wikidata":null,"wikipedia":null}},{"type":"Feature","geometry":{"type":"LineString","coordinates":[[-7.01469,41.22819],[-7.01466,41.22822]]},"properties":{"osm_type":"way","osm_id":1426731849,"country":"PT","name":null,"operator":"Movhera","wikidata":null,"wikipedia":null}},{"type":"Feature","geometry":{"type":"LineString","coordinates":[[-7.01472,41.22814],[-7.01474,41.22811]]},"properties":{"osm_type":"way","osm_id":1426731851,"country":"PT","name":null,"operator":"Movhera","wikidata":null,"wikipedia":null}},{"type":"Feature","geometry":{"type":"LineString","coordinates":[[-7.01474,41.22811],[-7.01487,41.22795]]},"properties":{"osm_type":"way","osm_id":1426731853,"country":"PT","name":null,"operator":"Movhera","wikidata":null,"wikipedia":null}},{"type":"Feature","geometry":{"type":"LineString","coordinates":[[-7.01466,41.22822],[-7.01454,41.22839]]},"properties":{"osm_type":"way","osm_id":1426731854,"country":"PT","name":null,"operator":"Movhera","wikidata":null,"wikipedia":null}},{"type":"Feature","geometry":{"type":"LineString","coordinates":[[-7.01494,41.22786],[-7.01511,41.22763]]},"properties":{"osm_type":"way","osm_id":1426731856,"country":"PT","name":null,"operator":"Movhera","wikidata":null,"wikipedia":null}},{"type":"Feature","geometry":{"type":"LineString","coordinates":[[-7.01454,41.22839],[-7.01494,41.22786]]},"properties":{"osm_type":"way","osm_id":1426731857,"country":"PT","name":null,"operator":"Movhera","wikidata":null,"wikipedia":null}},{"type":"Feature","geometry":{"type":"LineString","coordinates":[[-7.09448,41.20328],[-7.09445,41.20325]]},"properties":{"osm_type":"way","osm_id":1426930256,"country":"PT","name":null,"operator":"Movhera","wikidata":null,"wikipedia":null}},{"type":"Feature","geometry":{"type":"LineString","coordinates":[[-7.09434,41.20334],[-7.09445,41.2033]]},"properties":{"osm_type":"way","osm_id":1426930257,"country":"PT","name":null,"operator":"Movhera","wikidata":null,"wikipedia":null}},{"type":"Feature","geometry":{"type":"LineString","coordinates":[[-7.09452,41.20326],[-7.09461,41.20319]]},"properties":{"osm_type":"way","osm_id":1426930258,"country":"PT","name":null,"operator":"Movhera","wikidata":null,"wikipedia":null}},{"type":"Feature","geometry":{"type":"LineString","coordinates":[[-7.09445,41.2033],[-7.09452,41.20326]]},"properties":{"osm_type":"way","osm_id":1426930259,"country":"PT","name":null,"operator":"Movhera","wikidata":null,"wikipedia":null}},{"type":"Feature","geometry":{"type":"LineString","coordinates":[[-8.32178,40.74196],[-8.32166,40.74203]]},"properties":{"osm_type":"way","osm_id":1427510375,"country":"PT","name":null,"operator":"Energias de Portugal","wikidata":null,"wikipedia":null}},{"type":"Feature","geometry":{"type":"LineString","coordinates":[[-7.37238,41.15982],[-7.38207,41.15685],[-7.38501,41.1533],[-7.40626,41.14047],[-7.50246,41.11728],[-7.55118,41.11307]]},"properties":{"osm_type":"way","osm_id":1427613445,"country":"PT","name":null,"operator":"Energias de Portugal","wikidata":null,"wikipedia":null}},{"type":"Feature","geometry":{"type":"LineString","coordinates":[[-7.37313,41.16135],[-7.37313,41.16146]]},"properties":{"osm_type":"way","osm_id":1427613461,"country":"PT","name":null,"operator":"Energias de Portugal","wikidata":null,"wikipedia":null}},{"type":"Feature","geometry":{"type":"LineString","coordinates":[[-7.37313,41.1614],[-7.37314,41.16153]]},"properties":{"osm_type":"way","osm_id":1427613462,"country":"PT","name":null,"operator":"Energias de Portugal","wikidata":null,"wikipedia":null}},{"type":"Feature","geometry":{"type":"LineString","coordinates":[[-7.37286,41.16109],[-7.37311,41.16109]]},"properties":{"osm_type":"way","osm_id":1427613463,"country":"PT","name":null,"operator":"Energias de Portugal","wikidata":null,"wikipedia":null}},{"type":"Feature","geometry":{"type":"LineString","coordinates":[[-7.37286,41.16124],[-7.37312,41.16123]]},"properties":{"osm_type":"way","osm_id":1427613464,"country":"PT","name":null,"operator":"Energias de Portugal","wikidata":null,"wikipedia":null}},{"type":"Feature","geometry":{"type":"LineString","coordinates":[[-7.37308,41.16056],[-7.37312,41.16116]]},"properties":{"osm_type":"way","osm_id":1427613465,"country":"PT","name":null,"operator":"Energias de Portugal","wikidata":null,"wikipedia":null}},{"type":"Feature","geometry":{"type":"LineString","coordinates":[[-7.37292,41.16064],[-7.37309,41.16063]]},"properties":{"osm_type":"way","osm_id":1427613466,"country":"PT","name":null,"operator":"Energias de Portugal","wikidata":null,"wikipedia":null}},{"type":"Feature","geometry":{"type":"LineString","coordinates":[[-7.37294,41.16079],[-7.3731,41.16078]]},"properties":{"osm_type":"way","osm_id":1427613467,"country":"PT","name":null,"operator":"Energias de Portugal","wikidata":null,"wikipedia":null}},{"type":"Feature","geometry":{"type":"LineString","coordinates":[[-7.37294,41.16094],[-7.3731,41.16093]]},"properties":{"osm_type":"way","osm_id":1427613468,"country":"PT","name":null,"operator":"Energias de Portugal","wikidata":null,"wikipedia":null}},{"type":"Feature","geometry":{"type":"LineString","coordinates":[[-7.37277,41.16064],[-7.37281,41.16064]]},"properties":{"osm_type":"way","osm_id":1427613469,"country":"PT","name":null,"operator":"Energias de Portugal","wikidata":null,"wikipedia":null}},{"type":"Feature","geometry":{"type":"LineString","coordinates":[[-7.37278,41.16079],[-7.37282,41.16079]]},"properties":{"osm_type":"way","osm_id":1427613470,"country":"PT","name":null,"operator":"Energias de Portugal","wikidata":null,"wikipedia":null}},{"type":"Feature","geometry":{"type":"LineString","coordinates":[[-7.37278,41.16094],[-7.37283,41.16094]]},"properties":{"osm_type":"way","osm_id":1427613471,"country":"PT","name":null,"operator":"Energias de Portugal","wikidata":null,"wikipedia":null}},{"type":"Feature","geometry":{"type":"LineString","coordinates":[[-7.37281,41.16124],[-7.37325,41.16123]]},"properties":{"osm_type":"way","osm_id":1427613473,"country":"PT","name":null,"operator":"Energias de Portugal","wikidata":null,"wikipedia":null}},{"type":"Feature","geometry":{"type":"LineString","coordinates":[[-7.3728,41.1611],[-7.37324,41.16108]]},"properties":{"osm_type":"way","osm_id":1427613474,"country":"PT","name":null,"operator":"Energias de Portugal","wikidata":null,"wikipedia":null}},{"type":"Feature","geometry":{"type":"LineString","coordinates":[[-7.37299,41.16094],[-7.37279,41.16094]]},"properties":{"osm_type":"way","osm_id":1427613475,"country":"PT","name":null,"operator":"Energias de Portugal","wikidata":null,"wikipedia":null}},{"type":"Feature","geometry":{"type":"LineString","coordinates":[[-7.37298,41.16079],[-7.37279,41.16079]]},"properties":{"osm_type":"way","osm_id":1427613476,"country":"PT","name":null,"operator":"Energias de Portugal","wikidata":null,"wikipedia":null}},{"type":"Feature","geometry":{"type":"LineString","coordinates":[[-7.37297,41.16064],[-7.37278,41.16064]]},"properties":{"osm_type":"way","osm_id":1427613477,"country":"PT","name":null,"operator":"Energias de Portugal","wikidata":null,"wikipedia":null}},{"type":"Feature","geometry":{"type":"LineString","coordinates":[[-7.85927,41.73839],[-7.85928,41.73839]]},"properties":{"osm_type":"way","osm_id":1427709845,"country":"PT","name":null,"operator":"REN","wikidata":null,"wikipedia":null}},{"type":"Feature","geometry":{"type":"LineString","coordinates":[[-7.85938,41.73847],[-7.85938,41.73847]]},"properties":{"osm_type":"way","osm_id":1427709846,"country":"PT","name":null,"operator":"REN","wikidata":null,"wikipedia":null}},{"type":"Feature","geometry":{"type":"LineString","coordinates":[[-7.33565,40.54232],[-7.3358,40.54223]]},"properties":{"osm_type":"way","osm_id":1427733984,"country":"PT","name":null,"operator":"Energias de Portugal","wikidata":null,"wikipedia":null}},{"type":"Feature","geometry":{"type":"LineString","coordinates":[[-7.68733,40.39807],[-7.68741,40.39809]]},"properties":{"osm_type":"way","osm_id":1427742383,"country":"PT","name":null,"operator":"Energias de Portugal","wikidata":null,"wikipedia":null}},{"type":"Feature","geometry":{"type":"LineString","coordinates":[[-7.68736,40.39795],[-7.68737,40.39795]]},"properties":{"osm_type":"way","osm_id":1427742386,"country":"PT","name":null,"operator":"Energias de Portugal","wikidata":null,"wikipedia":null}},{"type":"Feature","geometry":{"type":"LineString","coordinates":[[-7.6873,40.39814],[-7.68739,40.3979]]},"properties":{"osm_type":"way","osm_id":1427742387,"country":"PT","name":null,"operator":"Energias de Portugal","wikidata":null,"wikipedia":null}},{"type":"Feature","geometry":{"type":"LineString","coordinates":[[-7.81288,39.56514],[-7.81287,39.5651]]},"properties":{"osm_type":"way","osm_id":1428400122,"country":"PT","name":null,"operator":"Energias de Portugal","wikidata":null,"wikipedia":null}},{"type":"Feature","geometry":{"type":"LineString","coordinates":[[-7.81278,39.56515],[-7.81277,39.56511]]},"properties":{"osm_type":"way","osm_id":1428400123,"country":"PT","name":null,"operator":"Energias de Portugal","wikidata":null,"wikipedia":null}},{"type":"Feature","geometry":{"type":"LineString","coordinates":[[-7.66279,40.39708],[-7.66293,40.39701]]},"properties":{"osm_type":"way","osm_id":1428802485,"country":"PT","name":null,"operator":"E-REDES","wikidata":null,"wikipedia":null}},{"type":"Feature","geometry":{"type":"LineString","coordinates":[[-7.66275,40.39696],[-7.66288,40.3971]]},"properties":{"osm_type":"way","osm_id":1428802486,"country":"PT","name":null,"operator":"E-REDES","wikidata":null,"wikipedia":null}},{"type":"Feature","geometry":{"type":"LineString","coordinates":[[-8.35422,41.81213],[-8.35409,41.81213]]},"properties":{"osm_type":"way","osm_id":1428862025,"country":"PT","name":null,"operator":"Energias de Portugal","wikidata":null,"wikipedia":null}},{"type":"Feature","geometry":{"type":"LineString","coordinates":[[-7.77587,41.14066],[-7.77557,41.14043]]},"properties":{"osm_type":"way","osm_id":1428869714,"country":"PT","name":null,"operator":"Energias de Portugal","wikidata":null,"wikipedia":null}},{"type":"Feature","geometry":{"type":"LineString","coordinates":[[-7.77596,41.14065],[-7.7756,41.14036]]},"properties":{"osm_type":"way","osm_id":1428869715,"country":"PT","name":null,"operator":"Energias de Portugal","wikidata":null,"wikipedia":null}},{"type":"Feature","geometry":{"type":"LineString","coordinates":[[-7.77548,41.14055],[-7.77546,41.14061]]},"properties":{"osm_type":"way","osm_id":1428869721,"country":"PT","name":null,"operator":"Energias de Portugal","wikidata":null,"wikipedia":null}},{"type":"Feature","geometry":{"type":"LineString","coordinates":[[-17.05862,32.77507],[-17.06427,32.77521],[-17.08132,32.77813]]},"properties":{"osm_type":"way","osm_id":1429778084,"country":"PT","name":null,"operator":null,"wikidata":null,"wikipedia":null}},{"type":"Feature","geometry":{"type":"LineString","coordinates":[[-7.81782,40.07961],[-7.81826,40.07962]]},"properties":{"osm_type":"way","osm_id":1431368429,"country":"PT","name":null,"operator":"E-REDES","wikidata":null,"wikipedia":null}},{"type":"Feature","geometry":{"type":"LineString","coordinates":[[-7.81826,40.07958],[-7.81783,40.07956]]},"properties":{"osm_type":"way","osm_id":1431368430,"country":"PT","name":null,"operator":"E-REDES","wikidata":null,"wikipedia":null}},{"type":"Feature","geometry":{"type":"LineString","coordinates":[[-7.81786,40.07954],[-7.81785,40.07963]]},"properties":{"osm_type":"way","osm_id":1431368432,"country":"PT","name":null,"operator":"E-REDES","wikidata":null,"wikipedia":null}},{"type":"Feature","geometry":{"type":"LineString","coordinates":[[-7.81792,40.07954],[-7.81791,40.07963]]},"properties":{"osm_type":"way","osm_id":1431368433,"country":"PT","name":null,"operator":"E-REDES","wikidata":null,"wikipedia":null}},{"type":"Feature","geometry":{"type":"LineString","coordinates":[[-7.81817,40.07955],[-7.81817,40.07964]]},"properties":{"osm_type":"way","osm_id":1431368434,"country":"PT","name":null,"operator":"E-REDES","wikidata":null,"wikipedia":null}},{"type":"Feature","geometry":{"type":"LineString","coordinates":[[-7.81785,40.07969],[-7.81785,40.07969]]},"properties":{"osm_type":"way","osm_id":1431368435,"country":"PT","name":null,"operator":"E-REDES","wikidata":null,"wikipedia":null}},{"type":"Feature","geometry":{"type":"LineString","coordinates":[[-7.81797,40.07969],[-7.81797,40.07969]]},"properties":{"osm_type":"way","osm_id":1431368436,"country":"PT","name":null,"operator":"E-REDES","wikidata":null,"wikipedia":null}},{"type":"Feature","geometry":{"type":"LineString","coordinates":[[-7.8181,40.0797],[-7.8181,40.0797]]},"properties":{"osm_type":"way","osm_id":1431368437,"country":"PT","name":null,"operator":"E-REDES","wikidata":null,"wikipedia":null}},{"type":"Feature","geometry":{"type":"LineString","coordinates":[[-7.81822,40.0797],[-7.81823,40.0797]]},"properties":{"osm_type":"way","osm_id":1431368438,"country":"PT","name":null,"operator":"E-REDES","wikidata":null,"wikipedia":null}},{"type":"Feature","geometry":{"type":"LineString","coordinates":[[-7.81785,40.07971],[-7.81785,40.07963]]},"properties":{"osm_type":"way","osm_id":1431368439,"country":"PT","name":null,"operator":"E-REDES","wikidata":null,"wikipedia":null}},{"type":"Feature","geometry":{"type":"LineString","coordinates":[[-7.81797,40.07972],[-7.81798,40.07964]]},"properties":{"osm_type":"way","osm_id":1431368440,"country":"PT","name":null,"operator":"E-REDES","wikidata":null,"wikipedia":null}},{"type":"Feature","geometry":{"type":"LineString","coordinates":[[-7.81809,40.07972],[-7.8181,40.07964]]},"properties":{"osm_type":"way","osm_id":1431368441,"country":"PT","name":null,"operator":"E-REDES","wikidata":null,"wikipedia":null}},{"type":"Feature","geometry":{"type":"LineString","coordinates":[[-7.81823,40.07965],[-7.81822,40.07972]]},"properties":{"osm_type":"way","osm_id":1431368442,"country":"PT","name":null,"operator":"E-REDES","wikidata":null,"wikipedia":null}},{"type":"Feature","geometry":{"type":"LineString","coordinates":[[-8.41198,38.01695],[-8.41175,38.01694]]},"properties":{"osm_type":"way","osm_id":1432580998,"country":"PT","name":null,"operator":"Infraestruturas de Portugal","wikidata":null,"wikipedia":null}},{"type":"Feature","geometry":{"type":"LineString","coordinates":[[-8.41224,38.01691],[-8.41228,38.01691]]},"properties":{"osm_type":"way","osm_id":1432580999,"country":"PT","name":null,"operator":"Infraestruturas de Portugal","wikidata":null,"wikipedia":null}},{"type":"Feature","geometry":{"type":"LineString","coordinates":[[-8.41222,38.01706],[-8.41226,38.01706]]},"properties":{"osm_type":"way","osm_id":1432581000,"country":"PT","name":null,"operator":"Infraestruturas de Portugal","wikidata":null,"wikipedia":null}},{"type":"Feature","geometry":{"type":"LineString","coordinates":[[-8.41223,38.01701],[-8.41198,38.01695]]},"properties":{"osm_type":"way","osm_id":1432581001,"country":"PT","name":null,"operator":"Infraestruturas de Portugal","wikidata":null,"wikipedia":null}},{"type":"Feature","geometry":{"type":"LineString","coordinates":[[-8.41225,38.01687],[-8.41198,38.01695]]},"properties":{"osm_type":"way","osm_id":1432581002,"country":"PT","name":null,"operator":"Infraestruturas de Portugal","wikidata":null,"wikipedia":null}},{"type":"Feature","geometry":{"type":"LineString","coordinates":[[-8.20302,41.86935],[-8.20332,41.86902]]},"properties":{"osm_type":"way","osm_id":1432584146,"country":"PT","name":null,"operator":"Energias de Portugal","wikidata":null,"wikipedia":null}},{"type":"Feature","geometry":{"type":"LineString","coordinates":[[-8.20269,41.86972],[-8.20288,41.86951]]},"properties":{"osm_type":"way","osm_id":1432584147,"country":"PT","name":null,"operator":"Energias de Portugal","wikidata":null,"wikipedia":null}},{"type":"Feature","geometry":{"type":"LineString","coordinates":[[-8.20267,41.86916],[-8.20297,41.86884]]},"properties":{"osm_type":"way","osm_id":1432584148,"country":"PT","name":null,"operator":"Energias de Portugal","wikidata":null,"wikipedia":null}},{"type":"Feature","geometry":{"type":"LineString","coordinates":[[-8.20232,41.86953],[-8.20251,41.86933]]},"properties":{"osm_type":"way","osm_id":1432584149,"country":"PT","name":null,"operator":"Energias de Portugal","wikidata":null,"wikipedia":null}},{"type":"Feature","geometry":{"type":"LineString","coordinates":[[-8.20296,41.86942],[-8.20259,41.86924]]},"properties":{"osm_type":"way","osm_id":1432584152,"country":"PT","name":null,"operator":"Energias de Portugal","wikidata":null,"wikipedia":null}},{"type":"Feature","geometry":{"type":"LineString","coordinates":[[-8.20758,41.86786],[-8.20767,41.86783]]},"properties":{"osm_type":"way","osm_id":1432584153,"country":"PT","name":null,"operator":"REN","wikidata":null,"wikipedia":null}},{"type":"Feature","geometry":{"type":"LineString","coordinates":[[-8.20817,41.86866],[-8.20826,41.86864]]},"properties":{"osm_type":"way","osm_id":1432584154,"country":"PT","name":null,"operator":"REN","wikidata":null,"wikipedia":null}},{"type":"Feature","geometry":{"type":"LineString","coordinates":[[-6.68459,41.20757],[-6.68515,41.20862]]},"properties":{"osm_type":"way","osm_id":1432621805,"country":"PT","name":null,"operator":"Red Eléctrica de España","wikidata":null,"wikipedia":null}},{"type":"Feature","geometry":{"type":"LineString","coordinates":[[-6.68459,41.20757],[-6.68496,41.20865]]},"properties":{"osm_type":"way","osm_id":1432621806,"country":"PT","name":null,"operator":"Red Eléctrica de España","wikidata":null,"wikipedia":null}},{"type":"Feature","geometry":{"type":"LineString","coordinates":[[-6.68678,41.20812],[-6.6869,41.20848]]},"properties":{"osm_type":"way","osm_id":1432621807,"country":"PT","name":null,"operator":"Red Eléctrica de España","wikidata":null,"wikipedia":null}},{"type":"Feature","geometry":{"type":"LineString","coordinates":[[-6.68678,41.20812],[-6.68671,41.20848]]},"properties":{"osm_type":"way","osm_id":1432621808,"country":"PT","name":null,"operator":"Red Eléctrica de España","wikidata":null,"wikipedia":null}},{"type":"Feature","geometry":{"type":"LineString","coordinates":[[-6.69627,41.20331],[-6.68748,41.20849]]},"properties":{"osm_type":"way","osm_id":1432621809,"country":"PT","name":"Pocinho - Aldeadávila 1","operator":"Red Eléctrica de España","wikidata":null,"wikipedia":null}},{"type":"Feature","geometry":{"type":"LineString","coordinates":[[-6.69637,41.20359],[-6.68767,41.20849]]},"properties":{"osm_type":"way","osm_id":1432621810,"country":"PT","name":"Pocinho - Aldeadávila 2","operator":"Red Eléctrica de España","wikidata":null,"wikipedia":null}},{"type":"Feature","geometry":{"type":"LineString","coordinates":[[-6.6871,41.20891],[-6.68611,41.20987]]},"properties":{"osm_type":"way","osm_id":1432621811,"country":"PT","name":null,"operator":"Red Eléctrica de España","wikidata":null,"wikipedia":null}},{"type":"Feature","geometry":{"type":"LineString","coordinates":[[-6.6873,41.20891],[-6.68611,41.20987]]},"properties":{"osm_type":"way","osm_id":1432621812,"country":"PT","name":null,"operator":"Red Eléctrica de España","wikidata":null,"wikipedia":null}},{"type":"Feature","geometry":{"type":"LineString","coordinates":[[-7.69917,37.38258],[-7.69956,37.38244]]},"properties":{"osm_type":"way","osm_id":1432623111,"country":"PT","name":null,"operator":"WElink Energy/Solara4","wikidata":null,"wikipedia":null}},{"type":"Feature","geometry":{"type":"LineString","coordinates":[[-7.69907,37.3824],[-7.69986,37.3821]]},"properties":{"osm_type":"way","osm_id":1432623112,"country":"PT","name":null,"operator":"WElink Energy/Solara4","wikidata":null,"wikipedia":null}},{"type":"Feature","geometry":{"type":"LineString","coordinates":[[-7.69961,37.38253],[-7.6994,37.38216]]},"properties":{"osm_type":"way","osm_id":1432623113,"country":"PT","name":null,"operator":"WElink Energy/Solara4","wikidata":null,"wikipedia":null}},{"type":"Feature","geometry":{"type":"LineString","coordinates":[[-7.6561,41.08201],[-7.65585,41.08216]]},"properties":{"osm_type":"way","osm_id":1432652595,"country":"PT","name":null,"operator":"Finerge","wikidata":null,"wikipedia":null}},{"type":"Feature","geometry":{"type":"LineString","coordinates":[[-7.65544,41.08203],[-7.65552,41.0821]]},"properties":{"osm_type":"way","osm_id":1432654338,"country":"PT","name":null,"operator":"Finerge","wikidata":null,"wikipedia":null}},{"type":"Feature","geometry":{"type":"LineString","coordinates":[[-7.65532,41.08173],[-7.65558,41.08186]]},"properties":{"osm_type":"way","osm_id":1432654340,"country":"PT","name":null,"operator":"Finerge","wikidata":null,"wikipedia":null}},{"type":"Feature","geometry":{"type":"LineString","coordinates":[[-7.5458,41.06375],[-7.54853,41.0651],[-7.58286,41.07669],[-7.58731,41.07658],[-7.60466,41.07903],[-7.635,41.08185],[-7.65532,41.08173]]},"properties":{"osm_type":"way","osm_id":1432654341,"country":"PT","name":null,"operator":"Finerge","wikidata":null,"wikipedia":null}},{"type":"Feature","geometry":{"type":"LineString","coordinates":[[-7.65532,41.08173],[-7.65544,41.08203]]},"properties":{"osm_type":"way","osm_id":1432654347,"country":"PT","name":null,"operator":"Finerge","wikidata":null,"wikipedia":null}},{"type":"Feature","geometry":{"type":"LineString","coordinates":[[-7.65603,41.08205],[-7.65617,41.08219]]},"properties":{"osm_type":"way","osm_id":1432654349,"country":"PT","name":null,"operator":"Finerge","wikidata":null,"wikipedia":null}},{"type":"Feature","geometry":{"type":"LineString","coordinates":[[-7.65578,41.08204],[-7.65589,41.08214]]},"properties":{"osm_type":"way","osm_id":1432654350,"country":"PT","name":null,"operator":"Finerge","wikidata":null,"wikipedia":null}},{"type":"Feature","geometry":{"type":"LineString","coordinates":[[-7.65592,41.08195],[-7.65603,41.08205]]},"properties":{"osm_type":"way","osm_id":1432654351,"country":"PT","name":null,"operator":"Finerge","wikidata":null,"wikipedia":null}},{"type":"Feature","geometry":{"type":"LineString","coordinates":[[-8.35055,41.36528],[-8.35053,41.36536]]},"properties":{"osm_type":"way","osm_id":1433173922,"country":"PT","name":"Riba d'Ave (REN) - S. Martinho do Campo","operator":"E-REDES","wikidata":null,"wikipedia":null}},{"type":"Feature","geometry":{"type":"LineString","coordinates":[[-6.18872,41.57423],[-6.18905,41.5756]]},"properties":{"osm_type":"way","osm_id":1435158521,"country":"PT","name":null,"operator":"Red Eléctrica de España","wikidata":null,"wikipedia":null}},{"type":"Feature","geometry":{"type":"LineString","coordinates":[[-25.50705,37.80172],[-25.50722,37.80293],[-25.51227,37.80782],[-25.51401,37.81136],[-25.51705,37.813]]},"properties":{"osm_type":"way","osm_id":1436966548,"country":"PT","name":"Pico Vermelho - Foros","operator":"Eletricidade dos Açores","wikidata":null,"wikipedia":null}},{"type":"Feature","geometry":{"type":"LineString","coordinates":[[-25.50722,37.80293],[-25.50699,37.80315]]},"properties":{"osm_type":"way","osm_id":1436993314,"country":"PT","name":"Pico Vermelho - Foros","operator":"Eletricidade dos Açores","wikidata":null,"wikipedia":null}},{"type":"Feature","geometry":{"type":"LineString","coordinates":[[-25.49073,37.77956],[-25.4907,37.77956]]},"properties":{"osm_type":"way","osm_id":1436994756,"country":"PT","name":null,"operator":"Sociedade Geotérmica dos Açores","wikidata":null,"wikipedia":null}},{"type":"Feature","geometry":{"type":"LineString","coordinates":[[-25.49074,37.77962],[-25.49072,37.77962]]},"properties":{"osm_type":"way","osm_id":1436994757,"country":"PT","name":null,"operator":"Sociedade Geotérmica dos Açores","wikidata":null,"wikipedia":null}},{"type":"Feature","geometry":{"type":"LineString","coordinates":[[-25.49066,37.77957],[-25.49093,37.77952]]},"properties":{"osm_type":"way","osm_id":1436994758,"country":"PT","name":null,"operator":"Sociedade Geotérmica dos Açores","wikidata":null,"wikipedia":null}},{"type":"Feature","geometry":{"type":"LineString","coordinates":[[-25.49068,37.77963],[-25.49095,37.77958]]},"properties":{"osm_type":"way","osm_id":1436994759,"country":"PT","name":null,"operator":"Sociedade Geotérmica dos Açores","wikidata":null,"wikipedia":null}},{"type":"Feature","geometry":{"type":"LineString","coordinates":[[-25.49096,37.7796],[-25.49093,37.77949]]},"properties":{"osm_type":"way","osm_id":1436994760,"country":"PT","name":null,"operator":"Sociedade Geotérmica dos Açores","wikidata":null,"wikipedia":null}},{"type":"Feature","geometry":{"type":"LineString","coordinates":[[-25.49065,37.77957],[-25.4907,37.77956]]},"properties":{"osm_type":"way","osm_id":1436994763,"country":"PT","name":null,"operator":"Sociedade Geotérmica dos Açores","wikidata":null,"wikipedia":null}},{"type":"Feature","geometry":{"type":"LineString","coordinates":[[-25.49067,37.77963],[-25.49072,37.77962]]},"properties":{"osm_type":"way","osm_id":1436994764,"country":"PT","name":null,"operator":"Sociedade Geotérmica dos Açores","wikidata":null,"wikipedia":null}},{"type":"Feature","geometry":{"type":"LineString","coordinates":[[-25.49067,37.77965],[-25.49065,37.77955]]},"properties":{"osm_type":"way","osm_id":1436994765,"country":"PT","name":null,"operator":"Sociedade Geotérmica dos Açores","wikidata":null,"wikipedia":null}},{"type":"Feature","geometry":{"type":"LineString","coordinates":[[-31.14171,39.47008],[-31.1418,39.46991]]},"properties":{"osm_type":"way","osm_id":1442200313,"country":"PT","name":null,"operator":"Eletricidade dos Açores","wikidata":null,"wikipedia":null}},{"type":"Feature","geometry":{"type":"LineString","coordinates":[[-31.14198,39.46981],[-31.14192,39.46991]]},"properties":{"osm_type":"way","osm_id":1442200314,"country":"PT","name":null,"operator":"Eletricidade dos Açores","wikidata":null,"wikipedia":null}},{"type":"Feature","geometry":{"type":"LineString","coordinates":[[-31.14243,39.46968],[-31.1413,39.46836],[-31.13997,39.46498],[-31.14429,39.46117]]},"properties":{"osm_type":"way","osm_id":1442201929,"country":"PT","name":"Além Fazenda - Santa Cruz I","operator":"Eletricidade dos Açores","wikidata":null,"wikipedia":null}},{"type":"Feature","geometry":{"type":"LineString","coordinates":[[-31.14228,39.46967],[-31.14118,39.46845],[-31.1396,39.46494],[-31.1441,39.4612]]},"properties":{"osm_type":"way","osm_id":1442201930,"country":"PT","name":"Além Fazenda - Santa Cruz II","operator":"Eletricidade dos Açores","wikidata":null,"wikipedia":null}},{"type":"Feature","geometry":{"type":"LineString","coordinates":[[-31.19415,39.3876],[-31.18741,39.39098],[-31.18702,39.39717],[-31.19269,39.40462],[-31.18479,39.42363],[-31.18276,39.43587],[-31.17872,39.442],[-31.16226,39.44937],[-31.1443,39.46094]]},"properties":{"osm_type":"way","osm_id":1442204251,"country":"PT","name":"Lajes - Santa Cruz I","operator":"Eletricidade dos Açores","wikidata":null,"wikipedia":null}},{"type":"Feature","geometry":{"type":"LineString","coordinates":[[-31.14405,39.4611],[-31.14407,39.46097]]},"properties":{"osm_type":"way","osm_id":1442206613,"country":"PT","name":null,"operator":"Eletricidade dos Açores","wikidata":null,"wikipedia":null}},{"type":"Feature","geometry":{"type":"LineString","coordinates":[[-7.0949,40.33969],[-7.095,40.33954]]},"properties":{"osm_type":"way","osm_id":1442673880,"country":"PT","name":null,"operator":"E-REDES","wikidata":null,"wikipedia":null}},{"type":"Feature","geometry":{"type":"LineString","coordinates":[[-7.73963,41.62079],[-7.73971,41.6209]]},"properties":{"osm_type":"way","osm_id":1444557556,"country":"PT","name":null,"operator":"RP GLOBAL PORTUGAL","wikidata":null,"wikipedia":null}},{"type":"Feature","geometry":{"type":"LineString","coordinates":[[-8.11372,40.65281],[-8.11357,40.65279]]},"properties":{"osm_type":"way","osm_id":1444686531,"country":"PT","name":null,"operator":"E-REDES","wikidata":null,"wikipedia":null}},{"type":"Feature","geometry":{"type":"LineString","coordinates":[[-8.11371,40.65292],[-8.11356,40.65291]]},"properties":{"osm_type":"way","osm_id":1444686532,"country":"PT","name":null,"operator":"E-REDES","wikidata":null,"wikipedia":null}},{"type":"Feature","geometry":{"type":"LineString","coordinates":[[-8.11369,40.65304],[-8.11355,40.65302]]},"properties":{"osm_type":"way","osm_id":1444686533,"country":"PT","name":null,"operator":"E-REDES","wikidata":null,"wikipedia":null}},{"type":"Feature","geometry":{"type":"LineString","coordinates":[[-8.11364,40.65306],[-8.11369,40.65277]]},"properties":{"osm_type":"way","osm_id":1444686534,"country":"PT","name":null,"operator":"E-REDES","wikidata":null,"wikipedia":null}},{"type":"Feature","geometry":{"type":"LineString","coordinates":[[-8.11429,40.65286],[-8.11404,40.65284]]},"properties":{"osm_type":"way","osm_id":1444686540,"country":"PT","name":null,"operator":"Generg Ventos do Caramulo - Energias Renováveis, S. A.","wikidata":null,"wikipedia":null}},{"type":"Feature","geometry":{"type":"LineString","coordinates":[[-8.11403,40.65295],[-8.11425,40.65297]]},"properties":{"osm_type":"way","osm_id":1444686541,"country":"PT","name":null,"operator":"Generg Ventos do Caramulo - Energias Renováveis, S. A.","wikidata":null,"wikipedia":null}},{"type":"Feature","geometry":{"type":"LineString","coordinates":[[-8.11425,40.65309],[-8.11401,40.65307]]},"properties":{"osm_type":"way","osm_id":1444686542,"country":"PT","name":null,"operator":"Generg Ventos do Caramulo - Energias Renováveis, S. A.","wikidata":null,"wikipedia":null}},{"type":"Feature","geometry":{"type":"LineString","coordinates":[[-8.11372,40.65281],[-8.11404,40.65284]]},"properties":{"osm_type":"way","osm_id":1444686543,"country":"PT","name":null,"operator":"Generg Ventos do Caramulo - Energias Renováveis, S. A.","wikidata":null,"wikipedia":null}},{"type":"Feature","geometry":{"type":"LineString","coordinates":[[-8.11403,40.65295],[-8.11371,40.65292]]},"properties":{"osm_type":"way","osm_id":1444686544,"country":"PT","name":null,"operator":"Generg Ventos do Caramulo - Energias Renováveis, S. A.","wikidata":null,"wikipedia":null}},{"type":"Feature","geometry":{"type":"LineString","coordinates":[[-8.11369,40.65304],[-8.11401,40.65307]]},"properties":{"osm_type":"way","osm_id":1444686545,"country":"PT","name":null,"operator":"Generg Ventos do Caramulo - Energias Renováveis, S. A.","wikidata":null,"wikipedia":null}},{"type":"Feature","geometry":{"type":"LineString","coordinates":[[-7.10002,40.30823],[-7.10008,40.30818]]},"properties":{"osm_type":"way","osm_id":1444693301,"country":"PT","name":null,"operator":"Lestenergia","wikidata":null,"wikipedia":null}},{"type":"Feature","geometry":{"type":"LineString","coordinates":[[-7.10007,40.30827],[-7.10014,40.30823]]},"properties":{"osm_type":"way","osm_id":1444693302,"country":"PT","name":null,"operator":"Lestenergia","wikidata":null,"wikipedia":null}},{"type":"Feature","geometry":{"type":"LineString","coordinates":[[-7.10014,40.30823],[-7.10054,40.30791]]},"properties":{"osm_type":"way","osm_id":1444693304,"country":"PT","name":null,"operator":"Lestenergia","wikidata":null,"wikipedia":null}},{"type":"Feature","geometry":{"type":"LineString","coordinates":[[-7.81493,39.5671],[-7.81491,39.5671]]},"properties":{"osm_type":"way","osm_id":1457335662,"country":"PT","name":null,"operator":"E-REDES","wikidata":null,"wikipedia":null}},{"type":"Feature","geometry":{"type":"LineString","coordinates":[[-7.81474,39.56716],[-7.81494,39.56709]]},"properties":{"osm_type":"way","osm_id":1457335663,"country":"PT","name":null,"operator":"E-REDES","wikidata":null,"wikipedia":null}},{"type":"Feature","geometry":{"type":"LineString","coordinates":[[-7.81504,39.56714],[-7.81482,39.56725]]},"properties":{"osm_type":"way","osm_id":1457335665,"country":"PT","name":null,"operator":"E-REDES","wikidata":null,"wikipedia":null}},{"type":"Feature","geometry":{"type":"LineString","coordinates":[[-8.34787,37.76133],[-8.34625,37.76163],[-8.34575,37.76069],[-8.34548,37.75789],[-8.34608,37.75468]]},"properties":{"osm_type":"way","osm_id":1462907235,"country":"PT","name":null,"operator":"REN","wikidata":null,"wikipedia":null}},{"type":"Feature","geometry":{"type":"LineString","coordinates":[[-8.34787,37.76133],[-8.34739,37.76004]]},"properties":{"osm_type":"way","osm_id":1462907237,"country":"PT","name":null,"operator":"REN","wikidata":null,"wikipedia":null}},{"type":"Feature","geometry":{"type":"LineString","coordinates":[[-8.59265,41.67888],[-8.59222,41.67939],[-8.59217,41.68557],[-8.58914,41.69189],[-8.5907,41.7044],[-8.58908,41.70769],[-8.58481,41.71008],[-8.57372,41.71118],[-8.57153,41.71071],[-8.56616,41.7112],[-8.56087,41.71262],[-8.55894,41.71214],[-8.55799,41.71027],[-8.55304,41.7072],[-8.55159,41.70332],[-8.54592,41.69694],[-8.5434,41.69535],[-8.53915,41.69521],[-8.53351,41.69818],[-8.52909,41.70804],[-8.52356,41.71137],[-8.52201,41.71483],[-8.52007,41.71594],[-8.49479,41.72025],[-8.488,41.721],[-8.46893,41.72714],[-8.4545,41.73617],[-8.44391,41.73943],[-8.43701,41.74473],[-8.43015,41.75118],[-8.40969,41.76861],[-8.39868,41.77252],[-8.38613,41.77592],[-8.37745,41.78174],[-8.37324,41.78613],[-8.37435,41.79052],[-8.3722,41.79373],[-8.37422,41.80901],[-8.37358,41.81535],[-8.36311,41.82653],[-8.36033,41.83158],[-8.35983,41.836],[-8.362,41.84465],[-8.37964,41.86693],[-8.39572,41.882],[-8.40117,41.88781],[-8.40381,41.88942],[-8.40718,41.89065],[-8.40952,41.89381],[-8.41124,41.89757],[-8.41452,41.90052],[-8.42533,41.91499],[-8.42606,41.91924],[-8.42269,41.92361],[-8.42463,41.93617],[-8.4212,41.94553],[-8.41863,41.95778],[-8.41692,41.97361],[-8.41544,41.97522],[-8.41085,41.97722],[-8.39954,41.97694],[-8.396,41.97848],[-8.39231,41.98636],[-8.38884,41.99068],[-8.38606,41.99231],[-8.37291,41.99336],[-8.36816,41.99411],[-8.35035,41.99178],[-8.33753,41.9965],[-8.33498,42.00001],[-8.338,42.00541],[-8.34309,42.01079],[-8.33953,42.02054],[-8.34622,42.02988],[-8.35216,42.03167],[-8.35283,42.03431],[-8.35244,42.03747],[-8.3492,42.04295],[-8.3474,42.04913],[-8.34092,42.06161],[-8.33736,42.07475],[-8.33459,42.08247],[-8.3388,42.08696]]},"properties":{"osm_type":"way","osm_id":1462950853,"country":"PT","name":"Ponte de Lima - Fontefría","operator":"REN","wikidata":null,"wikipedia":null}},{"type":"Feature","geometry":{"type":"LineString","coordinates":[[-9.31853,39.32727],[-9.31836,39.3272]]},"properties":{"osm_type":"way","osm_id":1473373535,"country":"PT","name":null,"operator":"E-REDES","wikidata":null,"wikipedia":null}},{"type":"Feature","geometry":{"type":"LineString","coordinates":[[-9.31853,39.32718],[-9.31836,39.3272]]},"properties":{"osm_type":"way","osm_id":1473373536,"country":"PT","name":null,"operator":"E-REDES","wikidata":null,"wikipedia":null}},{"type":"Feature","geometry":{"type":"LineString","coordinates":[[-9.31853,39.32736],[-9.31837,39.3274]]},"properties":{"osm_type":"way","osm_id":1473373537,"country":"PT","name":null,"operator":"E-REDES","wikidata":null,"wikipedia":null}},{"type":"Feature","geometry":{"type":"LineString","coordinates":[[-9.31854,39.32742],[-9.31837,39.3274]]},"properties":{"osm_type":"way","osm_id":1473373538,"country":"PT","name":null,"operator":"E-REDES","wikidata":null,"wikipedia":null}},{"type":"Feature","geometry":{"type":"LineString","coordinates":[[-9.31853,39.32709],[-9.31834,39.32709]]},"properties":{"osm_type":"way","osm_id":1475569890,"country":"PT","name":null,"operator":"E-REDES","wikidata":null,"wikipedia":null}},{"type":"Feature","geometry":{"type":"LineString","coordinates":[[-16.8863,32.80955],[-16.88558,32.80742],[-16.8863,32.804],[-16.88627,32.80007],[-16.88472,32.7964],[-16.88264,32.79354],[-16.87408,32.78859],[-16.87138,32.78301],[-16.86398,32.77302],[-16.85666,32.76933],[-16.85183,32.76812],[-16.84831,32.76588],[-16.84537,32.76209],[-16.83894,32.7445],[-16.83082,32.71425],[-16.82846,32.71241],[-16.82185,32.71159],[-16.8108,32.71367],[-16.80284,32.71796],[-16.7948,32.7176],[-16.7911,32.71664],[-16.77795,32.71513],[-16.76901,32.71257]]},"properties":{"osm_type":"way","osm_id":1482064079,"country":"PT","name":null,"operator":"EEM","wikidata":null,"wikipedia":null}},{"type":"Feature","geometry":{"type":"LineString","coordinates":[[-7.37312,41.16116],[-7.37313,41.1614]]},"properties":{"osm_type":"way","osm_id":1482571561,"country":"PT","name":null,"operator":"Energias de Portugal","wikidata":null,"wikipedia":null}},{"type":"Feature","geometry":{"type":"LineString","coordinates":[[-8.48093,41.3581],[-8.48143,41.35794]]},"properties":{"osm_type":"way","osm_id":1483941866,"country":"PT","name":null,"operator":"E-REDES","wikidata":null,"wikipedia":null}},{"type":"Feature","geometry":{"type":"LineString","coordinates":[[-8.48095,41.35814],[-8.48146,41.35797]]},"properties":{"osm_type":"way","osm_id":1483941867,"country":"PT","name":null,"operator":"E-REDES","wikidata":null,"wikipedia":null}},{"type":"Feature","geometry":{"type":"LineString","coordinates":[[-8.4815,41.3582],[-8.48097,41.35837]]},"properties":{"osm_type":"way","osm_id":1483941868,"country":"PT","name":null,"operator":"E-REDES","wikidata":null,"wikipedia":null}},{"type":"Feature","geometry":{"type":"LineString","coordinates":[[-8.41668,41.25321],[-8.41678,41.25327]]},"properties":{"osm_type":"way","osm_id":1484272385,"country":"PT","name":null,"operator":"E-REDES","wikidata":null,"wikipedia":null}},{"type":"Feature","geometry":{"type":"LineString","coordinates":[[-8.41679,41.25311],[-8.41689,41.25317]]},"properties":{"osm_type":"way","osm_id":1484272386,"country":"PT","name":null,"operator":"E-REDES","wikidata":null,"wikipedia":null}},{"type":"Feature","geometry":{"type":"LineString","coordinates":[[-8.19475,42.15394],[-8.19389,42.15384]]},"properties":{"osm_type":"way","osm_id":1484377767,"country":"PT","name":null,"operator":null,"wikidata":null,"wikipedia":null}},{"type":"Feature","geometry":{"type":"LineString","coordinates":[[-8.19439,42.15371],[-8.19392,42.15374]]},"properties":{"osm_type":"way","osm_id":1484377768,"country":"PT","name":null,"operator":null,"wikidata":null,"wikipedia":null}},{"type":"Feature","geometry":{"type":"LineString","coordinates":[[-17.06449,32.77379],[-17.06427,32.77521]]},"properties":{"osm_type":"way","osm_id":1487334015,"country":"PT","name":null,"operator":null,"wikidata":null,"wikipedia":null}},{"type":"Feature","geometry":{"type":"LineString","coordinates":[[-8.51729,37.19867],[-8.51711,37.19876]]},"properties":{"osm_type":"way","osm_id":1488704956,"country":"PT","name":null,"operator":"E-REDES","wikidata":null,"wikipedia":null}},{"type":"Feature","geometry":{"type":"LineString","coordinates":[[-8.51716,37.19851],[-8.51698,37.1986]]},"properties":{"osm_type":"way","osm_id":1488704957,"country":"PT","name":null,"operator":"E-REDES","wikidata":null,"wikipedia":null}},{"type":"Feature","geometry":{"type":"LineString","coordinates":[[-8.51703,37.19835],[-8.51685,37.19844]]},"properties":{"osm_type":"way","osm_id":1488704958,"country":"PT","name":null,"operator":"E-REDES","wikidata":null,"wikipedia":null}},{"type":"Feature","geometry":{"type":"LineString","coordinates":[[-7.62661,38.10918],[-7.62658,38.10745]]},"properties":{"osm_type":"way","osm_id":1488807348,"country":"PT","name":null,"operator":"E-REDES","wikidata":null,"wikipedia":null}},{"type":"Feature","geometry":{"type":"LineString","coordinates":[[-9.17472,38.66522],[-9.17458,38.66491]]},"properties":{"osm_type":"way","osm_id":1488807371,"country":"PT","name":null,"operator":"E-REDES","wikidata":null,"wikipedia":null}},{"type":"Feature","geometry":{"type":"LineString","coordinates":[[-9.17456,38.66515],[-9.17446,38.66493]]},"properties":{"osm_type":"way","osm_id":1488807372,"country":"PT","name":null,"operator":"E-REDES","wikidata":null,"wikipedia":null}},{"type":"Feature","geometry":{"type":"LineString","coordinates":[[-9.17442,38.66499],[-9.17466,38.66492]]},"properties":{"osm_type":"way","osm_id":1488807373,"country":"PT","name":null,"operator":"E-REDES","wikidata":null,"wikipedia":null}},{"type":"Feature","geometry":{"type":"LineString","coordinates":[[-9.17447,38.66509],[-9.1747,38.66503]]},"properties":{"osm_type":"way","osm_id":1488807374,"country":"PT","name":null,"operator":"E-REDES","wikidata":null,"wikipedia":null}},{"type":"Feature","geometry":{"type":"LineString","coordinates":[[-9.2393,38.77738],[-9.23913,38.77717]]},"properties":{"osm_type":"way","osm_id":1489235760,"country":"PT","name":null,"operator":"REN","wikidata":null,"wikipedia":null}},{"type":"Feature","geometry":{"type":"LineString","coordinates":[[-9.23924,38.77697],[-9.23932,38.7771]]},"properties":{"osm_type":"way","osm_id":1489235761,"country":"PT","name":null,"operator":"REN","wikidata":null,"wikipedia":null}},{"type":"Feature","geometry":{"type":"LineString","coordinates":[[-9.23918,38.77699],[-9.23926,38.77712]]},"properties":{"osm_type":"way","osm_id":1489235762,"country":"PT","name":null,"operator":"REN","wikidata":null,"wikipedia":null}},{"type":"Feature","geometry":{"type":"LineString","coordinates":[[-9.23912,38.77701],[-9.23919,38.77715]]},"properties":{"osm_type":"way","osm_id":1489235763,"country":"PT","name":null,"operator":"REN","wikidata":null,"wikipedia":null}},{"type":"Feature","geometry":{"type":"LineString","coordinates":[[-9.23937,38.77692],[-9.23945,38.77706]]},"properties":{"osm_type":"way","osm_id":1489235764,"country":"PT","name":null,"operator":"REN","wikidata":null,"wikipedia":null}},{"type":"Feature","geometry":{"type":"LineString","coordinates":[[-9.23944,38.7769],[-9.23951,38.77704]]},"properties":{"osm_type":"way","osm_id":1489235765,"country":"PT","name":null,"operator":"REN","wikidata":null,"wikipedia":null}},{"type":"Feature","geometry":{"type":"LineString","coordinates":[[-9.2395,38.77688],[-9.23957,38.77702]]},"properties":{"osm_type":"way","osm_id":1489235766,"country":"PT","name":null,"operator":"REN","wikidata":null,"wikipedia":null}},{"type":"Feature","geometry":{"type":"LineString","coordinates":[[-9.23869,38.77707],[-9.23881,38.77727]]},"properties":{"osm_type":"way","osm_id":1489235767,"country":"PT","name":null,"operator":"REN","wikidata":null,"wikipedia":null}},{"type":"Feature","geometry":{"type":"LineString","coordinates":[[-9.23867,38.77716],[-9.23875,38.7773]]},"properties":{"osm_type":"way","osm_id":1489235768,"country":"PT","name":null,"operator":"REN","wikidata":null,"wikipedia":null}},{"type":"Feature","geometry":{"type":"LineString","coordinates":[[-9.23876,38.77704],[-9.23887,38.77725]]},"properties":{"osm_type":"way","osm_id":1489235769,"country":"PT","name":null,"operator":"REN","wikidata":null,"wikipedia":null}},{"type":"Feature","geometry":{"type":"LineString","coordinates":[[-9.23882,38.77702],[-9.23894,38.77723]]},"properties":{"osm_type":"way","osm_id":1489235770,"country":"PT","name":null,"operator":"REN","wikidata":null,"wikipedia":null}},{"type":"Feature","geometry":{"type":"LineString","coordinates":[[-9.23849,38.77738],[-9.23838,38.77717]]},"properties":{"osm_type":"way","osm_id":1489235771,"country":"PT","name":null,"operator":"REN","wikidata":null,"wikipedia":null}},{"type":"Feature","geometry":{"type":"LineString","coordinates":[[-9.23844,38.77715],[-9.23856,38.77736]]},"properties":{"osm_type":"way","osm_id":1489235772,"country":"PT","name":null,"operator":"REN","wikidata":null,"wikipedia":null}},{"type":"Feature","geometry":{"type":"LineString","coordinates":[[-9.2385,38.77713],[-9.23862,38.77734]]},"properties":{"osm_type":"way","osm_id":1489235773,"country":"PT","name":null,"operator":"REN","wikidata":null,"wikipedia":null}},{"type":"Feature","geometry":{"type":"LineString","coordinates":[[-9.23829,38.77729],[-9.23837,38.77742]]},"properties":{"osm_type":"way","osm_id":1489235774,"country":"PT","name":null,"operator":"REN","wikidata":null,"wikipedia":null}},{"type":"Feature","geometry":{"type":"LineString","coordinates":[[-9.23819,38.77724],[-9.2383,38.77745]]},"properties":{"osm_type":"way","osm_id":1489235775,"country":"PT","name":null,"operator":"REN","wikidata":null,"wikipedia":null}},{"type":"Feature","geometry":{"type":"LineString","coordinates":[[-9.23812,38.77726],[-9.23824,38.77747]]},"properties":{"osm_type":"way","osm_id":1489235776,"country":"PT","name":null,"operator":"REN","wikidata":null,"wikipedia":null}},{"type":"Feature","geometry":{"type":"LineString","coordinates":[[-9.23797,38.77739],[-9.23805,38.77753]]},"properties":{"osm_type":"way","osm_id":1489235777,"country":"PT","name":null,"operator":"REN","wikidata":null,"wikipedia":null}},{"type":"Feature","geometry":{"type":"LineString","coordinates":[[-9.23799,38.77755],[-9.23788,38.77735]]},"properties":{"osm_type":"way","osm_id":1489235778,"country":"PT","name":null,"operator":"REN","wikidata":null,"wikipedia":null}},{"type":"Feature","geometry":{"type":"LineString","coordinates":[[-9.23792,38.77757],[-9.23782,38.77737]]},"properties":{"osm_type":"way","osm_id":1489235779,"country":"PT","name":null,"operator":"REN","wikidata":null,"wikipedia":null}},{"type":"Feature","geometry":{"type":"LineString","coordinates":[[-9.23974,38.77722],[-9.23964,38.77699]]},"properties":{"osm_type":"way","osm_id":1489235782,"country":"PT","name":null,"operator":"REN","wikidata":null,"wikipedia":null}},{"type":"Feature","geometry":{"type":"LineString","coordinates":[[-9.23817,38.77762],[-9.23811,38.77751]]},"properties":{"osm_type":"way","osm_id":1489235784,"country":"PT","name":null,"operator":"REN","wikidata":null,"wikipedia":null}},{"type":"Feature","geometry":{"type":"LineString","coordinates":[[-7.81485,39.56733],[-7.81446,39.56688]]},"properties":{"osm_type":"way","osm_id":1489272308,"country":"PT","name":null,"operator":"E-REDES","wikidata":null,"wikipedia":null}},{"type":"Feature","geometry":{"type":"LineString","coordinates":[[-7.52026,39.82195],[-7.52046,39.82196]]},"properties":{"osm_type":"way","osm_id":1489457917,"country":"PT","name":null,"operator":"E-REDES","wikidata":null,"wikipedia":null}},{"type":"Feature","geometry":{"type":"LineString","coordinates":[[-7.52026,39.82186],[-7.52045,39.82185]]},"properties":{"osm_type":"way","osm_id":1489457918,"country":"PT","name":null,"operator":"E-REDES","wikidata":null,"wikipedia":null}},{"type":"Feature","geometry":{"type":"LineString","coordinates":[[-7.5517,39.82827],[-7.53258,39.82377],[-7.52086,39.8218]]},"properties":{"osm_type":"way","osm_id":1489461783,"country":"PT","name":"Castelo Branco (REN) - Talagueira II","operator":"E-REDES","wikidata":null,"wikipedia":null}},{"type":"Feature","geometry":{"type":"LineString","coordinates":[[-8.17844,39.48742],[-8.17864,39.48749]]},"properties":{"osm_type":"way","osm_id":1489497876,"country":"PT","name":null,"operator":"E-REDES","wikidata":null,"wikipedia":null}},{"type":"Feature","geometry":{"type":"LineString","coordinates":[[-8.17841,39.48748],[-8.17861,39.48755]]},"properties":{"osm_type":"way","osm_id":1489497877,"country":"PT","name":null,"operator":"E-REDES","wikidata":null,"wikipedia":null}},{"type":"Feature","geometry":{"type":"LineString","coordinates":[[-8.17835,39.48761],[-8.17855,39.48767]]},"properties":{"osm_type":"way","osm_id":1489497878,"country":"PT","name":null,"operator":"E-REDES","wikidata":null,"wikipedia":null}},{"type":"Feature","geometry":{"type":"LineString","coordinates":[[-8.17832,39.48767],[-8.17852,39.48773]]},"properties":{"osm_type":"way","osm_id":1489497879,"country":"PT","name":null,"operator":"E-REDES","wikidata":null,"wikipedia":null}},{"type":"Feature","geometry":{"type":"LineString","coordinates":[[-8.1784,39.48773],[-8.17855,39.48744]]},"properties":{"osm_type":"way","osm_id":1489497880,"country":"PT","name":null,"operator":"E-REDES","wikidata":null,"wikipedia":null}},{"type":"Feature","geometry":{"type":"LineString","coordinates":[[-8.17864,39.48749],[-8.17875,39.48752]]},"properties":{"osm_type":"way","osm_id":1489497881,"country":"PT","name":"Olho de Boi - Ponte de Sôr","operator":"E-REDES","wikidata":null,"wikipedia":null}},{"type":"Feature","geometry":{"type":"LineString","coordinates":[[-8.17872,39.48763],[-8.17874,39.48765]]},"properties":{"osm_type":"way","osm_id":1489497882,"country":"PT","name":null,"operator":"E-REDES","wikidata":null,"wikipedia":null}},{"type":"Feature","geometry":{"type":"LineString","coordinates":[[-8.17876,39.48765],[-8.17861,39.48755]]},"properties":{"osm_type":"way","osm_id":1489497883,"country":"PT","name":null,"operator":"E-REDES","wikidata":null,"wikipedia":null}},{"type":"Feature","geometry":{"type":"LineString","coordinates":[[-8.17869,39.4877],[-8.17871,39.4877]]},"properties":{"osm_type":"way","osm_id":1489497884,"country":"PT","name":null,"operator":"E-REDES","wikidata":null,"wikipedia":null}},{"type":"Feature","geometry":{"type":"LineString","coordinates":[[-8.17873,39.48771],[-8.17855,39.48767]]},"properties":{"osm_type":"way","osm_id":1489497885,"country":"PT","name":null,"operator":"E-REDES","wikidata":null,"wikipedia":null}},{"type":"Feature","geometry":{"type":"LineString","coordinates":[[-8.39383,40.83542],[-8.39403,40.83548]]},"properties":{"osm_type":"way","osm_id":1490340124,"country":"PT","name":null,"operator":"E-REDES","wikidata":null,"wikipedia":null}},{"type":"Feature","geometry":{"type":"LineString","coordinates":[[-8.39387,40.83535],[-8.39406,40.83542]]},"properties":{"osm_type":"way","osm_id":1490340125,"country":"PT","name":null,"operator":"E-REDES","wikidata":null,"wikipedia":null}},{"type":"Feature","geometry":{"type":"LineString","coordinates":[[-8.39385,40.83539],[-8.39404,40.83545]]},"properties":{"osm_type":"way","osm_id":1490340126,"country":"PT","name":null,"operator":"E-REDES","wikidata":null,"wikipedia":null}},{"type":"Feature","geometry":{"type":"LineString","coordinates":[[-8.39381,40.83545],[-8.39402,40.8355]]},"properties":{"osm_type":"way","osm_id":1490340127,"country":"PT","name":null,"operator":"E-REDES","wikidata":null,"wikipedia":null}},{"type":"Feature","geometry":{"type":"LineString","coordinates":[[-8.39379,40.8355],[-8.39347,40.83538]]},"properties":{"osm_type":"way","osm_id":1490340128,"country":"PT","name":"Vale de Cambra - Albergaria","operator":"E-REDES","wikidata":null,"wikipedia":null}},{"type":"Feature","geometry":{"type":"LineString","coordinates":[[-8.39342,40.83547],[-8.39374,40.8356]]},"properties":{"osm_type":"way","osm_id":1490340129,"country":"PT","name":"Candal e Coelheira (PRE) - Vale de Cambra","operator":"E-REDES","wikidata":null,"wikipedia":null}},{"type":"Feature","geometry":{"type":"LineString","coordinates":[[-8.39397,40.8356],[-8.39376,40.83555]]},"properties":{"osm_type":"way","osm_id":1490340131,"country":"PT","name":null,"operator":"E-REDES","wikidata":null,"wikipedia":null}},{"type":"Feature","geometry":{"type":"LineString","coordinates":[[-8.43569,41.36364],[-8.43543,41.36369]]},"properties":{"osm_type":"way","osm_id":1491032275,"country":"PT","name":null,"operator":"E-REDES","wikidata":null,"wikipedia":null}},{"type":"Feature","geometry":{"type":"LineString","coordinates":[[-8.1932,42.1541],[-8.19331,42.15358]]},"properties":{"osm_type":"way","osm_id":1491070160,"country":"PT","name":null,"operator":null,"wikidata":null,"wikipedia":null}},{"type":"Feature","geometry":{"type":"LineString","coordinates":[[-8.19313,42.15352],[-8.19301,42.15407]]},"properties":{"osm_type":"way","osm_id":1491070161,"country":"PT","name":null,"operator":null,"wikidata":null,"wikipedia":null}},{"type":"Feature","geometry":{"type":"LineString","coordinates":[[-8.19359,42.15361],[-8.19304,42.15355]]},"properties":{"osm_type":"way","osm_id":1491070162,"country":"PT","name":null,"operator":null,"wikidata":null,"wikipedia":null}},{"type":"Feature","geometry":{"type":"LineString","coordinates":[[-8.1934,42.15412],[-8.19352,42.15357]]},"properties":{"osm_type":"way","osm_id":1491070163,"country":"PT","name":null,"operator":null,"wikidata":null,"wikipedia":null}},{"type":"Feature","geometry":{"type":"LineString","coordinates":[[-8.19279,42.1536],[-8.19392,42.15374]]},"properties":{"osm_type":"way","osm_id":1491070173,"country":"PT","name":null,"operator":null,"wikidata":null,"wikipedia":null}},{"type":"Feature","geometry":{"type":"LineString","coordinates":[[-8.19277,42.15369],[-8.19389,42.15384]]},"properties":{"osm_type":"way","osm_id":1491070174,"country":"PT","name":null,"operator":null,"wikidata":null,"wikipedia":null}},{"type":"Feature","geometry":{"type":"LineString","coordinates":[[-8.19285,42.154],[-8.19383,42.15413]]},"properties":{"osm_type":"way","osm_id":1491070175,"country":"PT","name":null,"operator":null,"wikidata":null,"wikipedia":null}},{"type":"Feature","geometry":{"type":"LineString","coordinates":[[-8.19273,42.15388],[-8.19385,42.15403]]},"properties":{"osm_type":"way","osm_id":1491070176,"country":"PT","name":null,"operator":null,"wikidata":null,"wikipedia":null}},{"type":"Feature","geometry":{"type":"LineString","coordinates":[[-8.19275,42.15379],[-8.19387,42.15393]]},"properties":{"osm_type":"way","osm_id":1491070177,"country":"PT","name":null,"operator":null,"wikidata":null,"wikipedia":null}},{"type":"Feature","geometry":{"type":"LineString","coordinates":[[-17.01952,32.74235],[-17.01723,32.74178]]},"properties":{"osm_type":"way","osm_id":1491480787,"country":"PT","name":null,"operator":null,"wikidata":null,"wikipedia":null}},{"type":"Feature","geometry":{"type":"LineString","coordinates":[[-6.80558,41.04325],[-6.80634,41.04554]]},"properties":{"osm_type":"way","osm_id":1493624955,"country":"PT","name":null,"operator":null,"wikidata":null,"wikipedia":null}},{"type":"Feature","geometry":{"type":"LineString","coordinates":[[-6.80401,41.04333],[-6.80568,41.04329]]},"properties":{"osm_type":"way","osm_id":1493626609,"country":"PT","name":null,"operator":null,"wikidata":null,"wikipedia":null}},{"type":"Feature","geometry":{"type":"LineString","coordinates":[[-6.80405,41.0345],[-6.80325,41.0345]]},"properties":{"osm_type":"way","osm_id":1493704827,"country":"PT","name":null,"operator":null,"wikidata":null,"wikipedia":null}},{"type":"Feature","geometry":{"type":"LineString","coordinates":[[-8.96797,39.12541],[-8.96785,39.12525]]},"properties":{"osm_type":"way","osm_id":1494612193,"country":"PT","name":null,"operator":"Iberdrola","wikidata":null,"wikipedia":null}},{"type":"Feature","geometry":{"type":"LineString","coordinates":[[-7.81129,41.55207],[-7.81148,41.55161]]},"properties":{"osm_type":"way","osm_id":1494747541,"country":"PT","name":"Feira - Ribeira de Pena","operator":"REN","wikidata":null,"wikipedia":null}},{"type":"Feature","geometry":{"type":"LineString","coordinates":[[-7.77233,37.35026],[-7.78437,37.3576],[-7.78693,37.35832],[-7.82243,37.3671],[-7.84935,37.36606],[-7.88821,37.37921],[-7.89758,37.3801],[-7.91303,37.37638],[-7.96079,37.37917]]},"properties":{"osm_type":"way","osm_id":1495039757,"country":"PT","name":"Panóias - Tavira","operator":"REN","wikidata":null,"wikipedia":null}},{"type":"Feature","geometry":{"type":"LineString","coordinates":[[-9.22489,39.30851],[-9.22494,39.30845]]},"properties":{"osm_type":"way","osm_id":1495182562,"country":"PT","name":null,"operator":"EDP Renováveis","wikidata":null,"wikipedia":null}},{"type":"Feature","geometry":{"type":"LineString","coordinates":[[-8.77507,37.91578],[-8.77518,37.91578]]},"properties":{"osm_type":"way","osm_id":1495273262,"country":"PT","name":null,"operator":"E-REDES","wikidata":null,"wikipedia":null}},{"type":"Feature","geometry":{"type":"LineString","coordinates":[[-8.77507,37.91571],[-8.77517,37.91571]]},"properties":{"osm_type":"way","osm_id":1495273264,"country":"PT","name":null,"operator":"E-REDES","wikidata":null,"wikipedia":null}},{"type":"Feature","geometry":{"type":"LineString","coordinates":[[-8.77485,37.91578],[-8.77507,37.91578]]},"properties":{"osm_type":"way","osm_id":1495273265,"country":"PT","name":null,"operator":"RWE Renewables Iberia","wikidata":null,"wikipedia":null}},{"type":"Feature","geometry":{"type":"LineString","coordinates":[[-8.77507,37.91568],[-8.77508,37.91581]]},"properties":{"osm_type":"way","osm_id":1495273266,"country":"PT","name":null,"operator":"E-REDES","wikidata":null,"wikipedia":null}},{"type":"Feature","geometry":{"type":"LineString","coordinates":[[-8.53551,41.55241],[-8.53557,41.55245]]},"properties":{"osm_type":"way","osm_id":1495720635,"country":"PT","name":null,"operator":"E-REDES","wikidata":null,"wikipedia":null}},{"type":"Feature","geometry":{"type":"LineString","coordinates":[[-8.53573,41.55222],[-8.53579,41.55226]]},"properties":{"osm_type":"way","osm_id":1495720636,"country":"PT","name":null,"operator":"E-REDES","wikidata":null,"wikipedia":null}},{"type":"Feature","geometry":{"type":"LineString","coordinates":[[-8.53556,41.55236],[-8.53562,41.5524]]},"properties":{"osm_type":"way","osm_id":1495720637,"country":"PT","name":null,"operator":"E-REDES","wikidata":null,"wikipedia":null}},{"type":"Feature","geometry":{"type":"LineString","coordinates":[[-8.53604,41.55271],[-8.53619,41.55259]]},"properties":{"osm_type":"way","osm_id":1495720650,"country":"PT","name":null,"operator":"E-REDES","wikidata":null,"wikipedia":null}},{"type":"Feature","geometry":{"type":"LineString","coordinates":[[-8.53583,41.55253],[-8.53591,41.55251]]},"properties":{"osm_type":"way","osm_id":1495720651,"country":"PT","name":null,"operator":"E-REDES","wikidata":null,"wikipedia":null}},{"type":"Feature","geometry":{"type":"LineString","coordinates":[[-8.53599,41.5524],[-8.53608,41.55238]]},"properties":{"osm_type":"way","osm_id":1495720652,"country":"PT","name":null,"operator":"E-REDES","wikidata":null,"wikipedia":null}},{"type":"Feature","geometry":{"type":"LineString","coordinates":[[-8.53598,41.55239],[-8.53599,41.5524]]},"properties":{"osm_type":"way","osm_id":1495720653,"country":"PT","name":null,"operator":"E-REDES","wikidata":null,"wikipedia":null}},{"type":"Feature","geometry":{"type":"LineString","coordinates":[[-8.53581,41.55252],[-8.53583,41.55253]]},"properties":{"osm_type":"way","osm_id":1495720654,"country":"PT","name":null,"operator":"E-REDES","wikidata":null,"wikipedia":null}},{"type":"Feature","geometry":{"type":"LineString","coordinates":[[-8.53562,41.5524],[-8.53584,41.55254]]},"properties":{"osm_type":"way","osm_id":1495720655,"country":"PT","name":null,"operator":"E-REDES","wikidata":null,"wikipedia":null}},{"type":"Feature","geometry":{"type":"LineString","coordinates":[[-8.53579,41.55226],[-8.536,41.55241]]},"properties":{"osm_type":"way","osm_id":1495720657,"country":"PT","name":null,"operator":"E-REDES","wikidata":null,"wikipedia":null}},{"type":"Feature","geometry":{"type":"LineString","coordinates":[[-8.53585,41.55222],[-8.53572,41.55213]]},"properties":{"osm_type":"way","osm_id":1495720659,"country":"PT","name":null,"operator":"E-REDES","wikidata":null,"wikipedia":null}},{"type":"Feature","geometry":{"type":"LineString","coordinates":[[-8.53557,41.55245],[-8.53569,41.55253]]},"properties":{"osm_type":"way","osm_id":1495720660,"country":"PT","name":null,"operator":"E-REDES","wikidata":null,"wikipedia":null}},{"type":"Feature","geometry":{"type":"LineString","coordinates":[[-8.53582,41.55215],[-8.53549,41.55243]]},"properties":{"osm_type":"way","osm_id":1495720663,"country":"PT","name":null,"operator":"E-REDES","wikidata":null,"wikipedia":null}},{"type":"Feature","geometry":{"type":"LineString","coordinates":[[-8.54463,41.54608],[-8.54463,41.54597]]},"properties":{"osm_type":"way","osm_id":1495720664,"country":"PT","name":null,"operator":"Águas do Norte","wikidata":null,"wikipedia":null}},{"type":"Feature","geometry":{"type":"LineString","coordinates":[[-8.54454,41.54608],[-8.54454,41.54596]]},"properties":{"osm_type":"way","osm_id":1495720665,"country":"PT","name":null,"operator":"Águas do Norte","wikidata":null,"wikipedia":null}},{"type":"Feature","geometry":{"type":"LineString","coordinates":[[-8.54435,41.54608],[-8.54435,41.54599]]},"properties":{"osm_type":"way","osm_id":1495720666,"country":"PT","name":null,"operator":"Águas do Norte","wikidata":null,"wikipedia":null}},{"type":"Feature","geometry":{"type":"LineString","coordinates":[[-8.54442,41.54608],[-8.54442,41.54599]]},"properties":{"osm_type":"way","osm_id":1495720667,"country":"PT","name":null,"operator":"Águas do Norte","wikidata":null,"wikipedia":null}},{"type":"Feature","geometry":{"type":"LineString","coordinates":[[-8.54431,41.54608],[-8.54466,41.54608]]},"properties":{"osm_type":"way","osm_id":1495720668,"country":"PT","name":null,"operator":"Águas do Norte","wikidata":null,"wikipedia":null}},{"type":"Feature","geometry":{"type":"LineString","coordinates":[[-9.17679,38.64775],[-9.17681,38.64773]]},"properties":{"osm_type":"way","osm_id":1495954287,"country":"PT","name":null,"operator":"E-REDES","wikidata":null,"wikipedia":null}},{"type":"Feature","geometry":{"type":"LineString","coordinates":[[-9.1769,38.64781],[-9.17692,38.6478]]},"properties":{"osm_type":"way","osm_id":1495954288,"country":"PT","name":null,"operator":"E-REDES","wikidata":null,"wikipedia":null}},{"type":"Feature","geometry":{"type":"LineString","coordinates":[[-9.18031,38.65571],[-9.18088,38.65741]]},"properties":{"osm_type":"way","osm_id":1495954289,"country":"PT","name":null,"operator":"E-REDES","wikidata":null,"wikipedia":null}},{"type":"Feature","geometry":{"type":"LineString","coordinates":[[-9.17654,38.64792],[-9.17632,38.64819]]},"properties":{"osm_type":"way","osm_id":1495954290,"country":"PT","name":null,"operator":"E-REDES","wikidata":null,"wikipedia":null}},{"type":"Feature","geometry":{"type":"LineString","coordinates":[[-9.17683,38.64771],[-9.17663,38.64791]]},"properties":{"osm_type":"way","osm_id":1495954296,"country":"PT","name":null,"operator":"E-REDES","wikidata":null,"wikipedia":null}},{"type":"Feature","geometry":{"type":"LineString","coordinates":[[-9.17667,38.64761],[-9.17647,38.64781]]},"properties":{"osm_type":"way","osm_id":1495954297,"country":"PT","name":null,"operator":"E-REDES","wikidata":null,"wikipedia":null}},{"type":"Feature","geometry":{"type":"LineString","coordinates":[[-9.17661,38.64757],[-9.17637,38.64782]]},"properties":{"osm_type":"way","osm_id":1495954298,"country":"PT","name":null,"operator":"E-REDES","wikidata":null,"wikipedia":null}},{"type":"Feature","geometry":{"type":"LineString","coordinates":[[-9.17656,38.64754],[-9.17636,38.64775]]},"properties":{"osm_type":"way","osm_id":1495954299,"country":"PT","name":null,"operator":"E-REDES","wikidata":null,"wikipedia":null}},{"type":"Feature","geometry":{"type":"LineString","coordinates":[[-9.17678,38.64767],[-9.17654,38.64792]]},"properties":{"osm_type":"way","osm_id":1495954300,"country":"PT","name":null,"operator":"E-REDES","wikidata":null,"wikipedia":null}},{"type":"Feature","geometry":{"type":"LineString","coordinates":[[-9.17669,38.64794],[-9.17689,38.64774]]},"properties":{"osm_type":"way","osm_id":1495954301,"country":"PT","name":null,"operator":"E-REDES","wikidata":null,"wikipedia":null}},{"type":"Feature","geometry":{"type":"LineString","coordinates":[[-9.17674,38.64797],[-9.17694,38.64777]]},"properties":{"osm_type":"way","osm_id":1495954302,"country":"PT","name":null,"operator":"E-REDES","wikidata":null,"wikipedia":null}},{"type":"Feature","geometry":{"type":"LineString","coordinates":[[-9.1768,38.64801],[-9.177,38.6478]]},"properties":{"osm_type":"way","osm_id":1495954303,"country":"PT","name":null,"operator":"E-REDES","wikidata":null,"wikipedia":null}},{"type":"Feature","geometry":{"type":"LineString","coordinates":[[-8.69537,37.10458],[-8.69531,37.10448]]},"properties":{"osm_type":"way","osm_id":1496265451,"country":"PT","name":null,"operator":"E-REDES","wikidata":null,"wikipedia":null}},{"type":"Feature","geometry":{"type":"LineString","coordinates":[[-8.69522,37.10471],[-8.69527,37.10477]]},"properties":{"osm_type":"way","osm_id":1496265453,"country":"PT","name":null,"operator":"E-REDES","wikidata":null,"wikipedia":null}},{"type":"Feature","geometry":{"type":"LineString","coordinates":[[-8.69536,37.10465],[-8.6954,37.10471]]},"properties":{"osm_type":"way","osm_id":1496265454,"country":"PT","name":null,"operator":"E-REDES","wikidata":null,"wikipedia":null}},{"type":"Feature","geometry":{"type":"LineString","coordinates":[[-8.69528,37.10479],[-8.69527,37.10477]]},"properties":{"osm_type":"way","osm_id":1496265455,"country":"PT","name":null,"operator":"E-REDES","wikidata":null,"wikipedia":null}},{"type":"Feature","geometry":{"type":"LineString","coordinates":[[-8.69541,37.10473],[-8.6954,37.10471]]},"properties":{"osm_type":"way","osm_id":1496265456,"country":"PT","name":null,"operator":"E-REDES","wikidata":null,"wikipedia":null}},{"type":"Feature","geometry":{"type":"LineString","coordinates":[[-8.69534,37.10488],[-8.69526,37.10476]]},"properties":{"osm_type":"way","osm_id":1496265459,"country":"PT","name":null,"operator":"E-REDES","wikidata":null,"wikipedia":null}},{"type":"Feature","geometry":{"type":"LineString","coordinates":[[-8.69553,37.1048],[-8.69573,37.10507]]},"properties":{"osm_type":"way","osm_id":1496265460,"country":"PT","name":"PS Bensafrim - Lagos","operator":"E-REDES","wikidata":null,"wikipedia":null}},{"type":"Feature","geometry":{"type":"LineString","coordinates":[[-8.6956,37.10477],[-8.69573,37.10507]]},"properties":{"osm_type":"way","osm_id":1496265461,"country":"PT","name":"Lagos - Picos Verdes","operator":"E-REDES","wikidata":null,"wikipedia":null}},{"type":"Feature","geometry":{"type":"LineString","coordinates":[[-8.69547,37.10482],[-8.6954,37.1047]]},"properties":{"osm_type":"way","osm_id":1496265462,"country":"PT","name":null,"operator":"E-REDES","wikidata":null,"wikipedia":null}},{"type":"Feature","geometry":{"type":"LineString","coordinates":[[-8.69526,37.10494],[-8.69571,37.10476]]},"properties":{"osm_type":"way","osm_id":1496265464,"country":"PT","name":null,"operator":"E-REDES","wikidata":null,"wikipedia":null}},{"type":"Feature","geometry":{"type":"LineString","coordinates":[[-7.76004,41.29248],[-7.76024,41.29228]]},"properties":{"osm_type":"way","osm_id":1496290822,"country":"PT","name":null,"operator":"E-REDES","wikidata":null,"wikipedia":null}},{"type":"Feature","geometry":{"type":"LineString","coordinates":[[-7.75999,41.29245],[-7.76018,41.29224]]},"properties":{"osm_type":"way","osm_id":1496290823,"country":"PT","name":null,"operator":"E-REDES","wikidata":null,"wikipedia":null}},{"type":"Feature","geometry":{"type":"LineString","coordinates":[[-7.75993,41.29242],[-7.76012,41.29221]]},"properties":{"osm_type":"way","osm_id":1496290824,"country":"PT","name":null,"operator":"E-REDES","wikidata":null,"wikipedia":null}},{"type":"Feature","geometry":{"type":"LineString","coordinates":[[-7.75982,41.29236],[-7.76001,41.29215]]},"properties":{"osm_type":"way","osm_id":1496290825,"country":"PT","name":null,"operator":"E-REDES","wikidata":null,"wikipedia":null}},{"type":"Feature","geometry":{"type":"LineString","coordinates":[[-7.75976,41.29233],[-7.75995,41.29211]]},"properties":{"osm_type":"way","osm_id":1496290826,"country":"PT","name":null,"operator":"E-REDES","wikidata":null,"wikipedia":null}},{"type":"Feature","geometry":{"type":"LineString","coordinates":[[-7.7597,41.2923],[-7.75961,41.2924]]},"properties":{"osm_type":"way","osm_id":1496290827,"country":"PT","name":null,"operator":"E-REDES","wikidata":null,"wikipedia":null}},{"type":"Feature","geometry":{"type":"LineString","coordinates":[[-7.76054,41.29208],[-7.76024,41.29228]]},"properties":{"osm_type":"way","osm_id":1496291832,"country":"PT","name":null,"operator":"E-REDES","wikidata":null,"wikipedia":null}},{"type":"Feature","geometry":{"type":"LineString","coordinates":[[-7.76038,41.29213],[-7.7602,41.29202]]},"properties":{"osm_type":"way","osm_id":1496291835,"country":"PT","name":null,"operator":"E-REDES","wikidata":null,"wikipedia":null}},{"type":"Feature","geometry":{"type":"LineString","coordinates":[[-7.75996,41.29211],[-7.76002,41.29211]]},"properties":{"osm_type":"way","osm_id":1496291836,"country":"PT","name":null,"operator":"E-REDES","wikidata":null,"wikipedia":null}},{"type":"Feature","geometry":{"type":"LineString","coordinates":[[-7.76019,41.29224],[-7.76026,41.29225]]},"properties":{"osm_type":"way","osm_id":1496291837,"country":"PT","name":null,"operator":"E-REDES","wikidata":null,"wikipedia":null}},{"type":"Feature","geometry":{"type":"LineString","coordinates":[[-7.75993,41.29214],[-7.75996,41.29211]]},"properties":{"osm_type":"way","osm_id":1496291838,"country":"PT","name":null,"operator":"E-REDES","wikidata":null,"wikipedia":null}},{"type":"Feature","geometry":{"type":"LineString","coordinates":[[-7.76016,41.29226],[-7.76019,41.29224]]},"properties":{"osm_type":"way","osm_id":1496291839,"country":"PT","name":null,"operator":"E-REDES","wikidata":null,"wikipedia":null}},{"type":"Feature","geometry":{"type":"LineString","coordinates":[[-7.76008,41.29258],[-7.75962,41.29233]]},"properties":{"osm_type":"way","osm_id":1496292719,"country":"PT","name":null,"operator":"E-REDES","wikidata":null,"wikipedia":null}},{"type":"Feature","geometry":{"type":"LineString","coordinates":[[-7.76018,41.29248],[-7.75971,41.29223]]},"properties":{"osm_type":"way","osm_id":1496292720,"country":"PT","name":null,"operator":"E-REDES","wikidata":null,"wikipedia":null}},{"type":"Feature","geometry":{"type":"LineString","coordinates":[[-7.79359,41.28767],[-7.76054,41.29208]]},"properties":{"osm_type":"way","osm_id":1496292721,"country":"PT","name":null,"operator":"E-REDES","wikidata":null,"wikipedia":null}},{"type":"Feature","geometry":{"type":"LineString","coordinates":[[-8.90969,37.07936],[-8.90961,37.07937]]},"properties":{"osm_type":"way","osm_id":1496298259,"country":"PT","name":null,"operator":"E-REDES","wikidata":null,"wikipedia":null}},{"type":"Feature","geometry":{"type":"LineString","coordinates":[[-8.90964,37.07945],[-8.90964,37.07942]]},"properties":{"osm_type":"way","osm_id":1496298260,"country":"PT","name":null,"operator":"E-REDES","wikidata":null,"wikipedia":null}},{"type":"Feature","geometry":{"type":"LineString","coordinates":[[-8.90965,37.07956],[-8.90964,37.07945]]},"properties":{"osm_type":"way","osm_id":1496298261,"country":"PT","name":null,"operator":"E-REDES","wikidata":null,"wikipedia":null}},{"type":"Feature","geometry":{"type":"LineString","coordinates":[[-8.90965,37.0795],[-8.90966,37.07965]]},"properties":{"osm_type":"way","osm_id":1496298262,"country":"PT","name":null,"operator":"E-REDES","wikidata":null,"wikipedia":null}},{"type":"Feature","geometry":{"type":"LineString","coordinates":[[-8.50974,41.1042],[-8.5094,41.10402]]},"properties":{"osm_type":"way","osm_id":1496980396,"country":"PT","name":null,"operator":"E-REDES","wikidata":null,"wikipedia":null}},{"type":"Feature","geometry":{"type":"LineString","coordinates":[[-8.50934,41.10425],[-8.5093,41.10422]]},"properties":{"osm_type":"way","osm_id":1496980406,"country":"PT","name":null,"operator":"E-REDES","wikidata":null,"wikipedia":null}},{"type":"Feature","geometry":{"type":"LineString","coordinates":[[-8.50969,41.10426],[-8.5096,41.10428]]},"properties":{"osm_type":"way","osm_id":1496980407,"country":"PT","name":null,"operator":"E-REDES","wikidata":null,"wikipedia":null}},{"type":"Feature","geometry":{"type":"LineString","coordinates":[[-8.50953,41.1044],[-8.50943,41.10442]]},"properties":{"osm_type":"way","osm_id":1496980408,"country":"PT","name":null,"operator":"E-REDES","wikidata":null,"wikipedia":null}},{"type":"Feature","geometry":{"type":"LineString","coordinates":[[-8.50954,41.10441],[-8.50953,41.1044]]},"properties":{"osm_type":"way","osm_id":1496980409,"country":"PT","name":null,"operator":"E-REDES","wikidata":null,"wikipedia":null}},{"type":"Feature","geometry":{"type":"LineString","coordinates":[[-8.50971,41.10427],[-8.50969,41.10426]]},"properties":{"osm_type":"way","osm_id":1496980410,"country":"PT","name":null,"operator":"E-REDES","wikidata":null,"wikipedia":null}},{"type":"Feature","geometry":{"type":"LineString","coordinates":[[-8.50979,41.10449],[-8.50985,41.10454]]},"properties":{"osm_type":"way","osm_id":1496980411,"country":"PT","name":null,"operator":"E-REDES","wikidata":null,"wikipedia":null}},{"type":"Feature","geometry":{"type":"LineString","coordinates":[[-8.50967,41.1045],[-8.50951,41.10439]]},"properties":{"osm_type":"way","osm_id":1496980412,"country":"PT","name":null,"operator":"E-REDES","wikidata":null,"wikipedia":null}},{"type":"Feature","geometry":{"type":"LineString","coordinates":[[-8.5099,41.10431],[-8.50974,41.1042]]},"properties":{"osm_type":"way","osm_id":1496980413,"country":"PT","name":null,"operator":"E-REDES","wikidata":null,"wikipedia":null}},{"type":"Feature","geometry":{"type":"LineString","coordinates":[[-8.50984,41.10436],[-8.50968,41.10425]]},"properties":{"osm_type":"way","osm_id":1496980414,"country":"PT","name":null,"operator":"E-REDES","wikidata":null,"wikipedia":null}},{"type":"Feature","geometry":{"type":"LineString","coordinates":[[-8.50999,41.10433],[-8.5097,41.10456]]},"properties":{"osm_type":"way","osm_id":1496980415,"country":"PT","name":null,"operator":"E-REDES","wikidata":null,"wikipedia":null}},{"type":"Feature","geometry":{"type":"LineString","coordinates":[[-8.5099,41.1044],[-8.50984,41.10436]]},"properties":{"osm_type":"way","osm_id":1496980416,"country":"PT","name":null,"operator":"E-REDES","wikidata":null,"wikipedia":null}},{"type":"Feature","geometry":{"type":"LineString","coordinates":[[-8.50996,41.10436],[-8.5099,41.10431]]},"properties":{"osm_type":"way","osm_id":1496980417,"country":"PT","name":null,"operator":"E-REDES","wikidata":null,"wikipedia":null}},{"type":"Feature","geometry":{"type":"LineString","coordinates":[[-7.67707,41.03465],[-7.67707,41.03483]]},"properties":{"osm_type":"way","osm_id":1497096635,"country":"PT","name":null,"operator":"Sonnedix","wikidata":null,"wikipedia":null}},{"type":"Feature","geometry":{"type":"LineString","coordinates":[[-7.67707,41.03483],[-7.67871,41.0368],[-7.6855,41.03806],[-7.68844,41.03936],[-7.69553,41.04793],[-7.69596,41.05631],[-7.69857,41.06907],[-7.70491,41.073],[-7.70961,41.07444],[-7.71683,41.08432],[-7.72309,41.09093],[-7.72323,41.09242],[-7.72451,41.09401],[-7.729,41.09656],[-7.73295,41.09949],[-7.73841,41.10626],[-7.74221,41.11986],[-7.74138,41.12309],[-7.7426,41.1246],[-7.74632,41.12593],[-7.74934,41.12784],[-7.7548,41.13371],[-7.75909,41.13568],[-7.75959,41.1376],[-7.75832,41.13792]]},"properties":{"osm_type":"way","osm_id":1497096636,"country":"PT","name":"Douro Solar - Valdigem","operator":"REN","wikidata":null,"wikipedia":null}},{"type":"Feature","geometry":{"type":"LineString","coordinates":[[-8.45283,41.15659],[-8.45029,41.15556],[-8.40985,41.13338],[-8.35153,41.05382],[-8.34557,41.02523],[-8.3446,41.01407],[-8.34581,41.00988],[-8.35189,40.99075],[-8.36606,40.95643],[-8.39928,40.90044],[-8.4198,40.86472],[-8.42404,40.86113]]},"properties":{"osm_type":"way","osm_id":1497200646,"country":"PT","name":"Recarei - Feira 2","operator":"REN","wikidata":null,"wikipedia":null}},{"type":"Feature","geometry":{"type":"LineString","coordinates":[[-9.23785,38.77752],[-9.23765,38.77757]]},"properties":{"osm_type":"way","osm_id":1497471946,"country":"PT","name":null,"operator":"REN","wikidata":null,"wikipedia":null}},{"type":"Feature","geometry":{"type":"LineString","coordinates":[[-9.23787,38.77751],[-9.2376,38.77749]]},"properties":{"osm_type":"way","osm_id":1497471948,"country":"PT","name":null,"operator":"REN","wikidata":null,"wikipedia":null}},{"type":"Feature","geometry":{"type":"LineString","coordinates":[[-8.51713,37.19882],[-8.51708,37.19883]]},"properties":{"osm_type":"way","osm_id":1497502269,"country":"PT","name":null,"operator":"REN","wikidata":null,"wikipedia":null}},{"type":"Feature","geometry":{"type":"LineString","coordinates":[[-8.51728,37.19875],[-8.51713,37.19882]]},"properties":{"osm_type":"way","osm_id":1497502270,"country":"PT","name":null,"operator":"REN","wikidata":null,"wikipedia":null}},{"type":"Feature","geometry":{"type":"LineString","coordinates":[[-7.75824,41.13952],[-7.75828,41.13936]]},"properties":{"osm_type":"way","osm_id":1497531547,"country":"PT","name":null,"operator":"REN","wikidata":null,"wikipedia":null}},{"type":"Feature","geometry":{"type":"LineString","coordinates":[[-7.75841,41.13937],[-7.75842,41.13932]]},"properties":{"osm_type":"way","osm_id":1497531548,"country":"PT","name":null,"operator":"REN","wikidata":null,"wikipedia":null}},{"type":"Feature","geometry":{"type":"LineString","coordinates":[[-8.32774,39.545],[-8.32774,39.545]]},"properties":{"osm_type":"way","osm_id":1497532774,"country":"PT","name":null,"operator":"REN","wikidata":null,"wikipedia":null}},{"type":"Feature","geometry":{"type":"LineString","coordinates":[[-7.55295,39.828],[-7.55293,39.82804]]},"properties":{"osm_type":"way","osm_id":1497537766,"country":"PT","name":null,"operator":"REN","wikidata":null,"wikipedia":null}},{"type":"Feature","geometry":{"type":"LineString","coordinates":[[-7.5531,39.82802],[-7.55309,39.82807]]},"properties":{"osm_type":"way","osm_id":1497537767,"country":"PT","name":null,"operator":"REN","wikidata":null,"wikipedia":null}},{"type":"Feature","geometry":{"type":"LineString","coordinates":[[-9.23952,38.77728],[-9.23943,38.77714]]},"properties":{"osm_type":"way","osm_id":1497648138,"country":"PT","name":null,"operator":"REN","wikidata":null,"wikipedia":null}},{"type":"Feature","geometry":{"type":"LineString","coordinates":[[-8.76192,41.88427],[-8.76172,41.88386]]},"properties":{"osm_type":"way","osm_id":1497930333,"country":"PT","name":"PC Orbacém - Valença / France","operator":"E-REDES","wikidata":null,"wikipedia":null}},{"type":"Feature","geometry":{"type":"LineString","coordinates":[[-8.53222,37.17882],[-8.53218,37.17781]]},"properties":{"osm_type":"way","osm_id":1497978653,"country":"PT","name":null,"operator":"E-REDES","wikidata":null,"wikipedia":null}},{"type":"Feature","geometry":{"type":"LineString","coordinates":[[-7.97709,39.01515],[-7.98054,39.01661],[-7.98258,39.01361],[-7.98202,39.00955],[-7.92033,38.99137],[-7.84993,38.9612],[-7.82435,38.94703],[-7.8036,38.93932]]},"properties":{"osm_type":"way","osm_id":1498071315,"country":"PT","name":"Maranhão - Alcáçova","operator":"E-REDES","wikidata":null,"wikipedia":null}},{"type":"Feature","geometry":{"type":"LineString","coordinates":[[-7.57253,37.18591],[-7.5725,37.18592]]},"properties":{"osm_type":"way","osm_id":1498323618,"country":"PT","name":null,"operator":"E-REDES","wikidata":null,"wikipedia":null}},{"type":"Feature","geometry":{"type":"LineString","coordinates":[[-7.57254,37.18594],[-7.57252,37.18588]]},"properties":{"osm_type":"way","osm_id":1498323619,"country":"PT","name":null,"operator":"E-REDES","wikidata":null,"wikipedia":null}},{"type":"Feature","geometry":{"type":"LineString","coordinates":[[-7.5725,37.18592],[-7.57227,37.18595]]},"properties":{"osm_type":"way","osm_id":1498323620,"country":"PT","name":null,"operator":"E-REDES","wikidata":null,"wikipedia":null}},{"type":"Feature","geometry":{"type":"LineString","coordinates":[[-7.57236,37.18588],[-7.57226,37.18589]]},"properties":{"osm_type":"way","osm_id":1498323621,"country":"PT","name":null,"operator":"E-REDES","wikidata":null,"wikipedia":null}},{"type":"Feature","geometry":{"type":"LineString","coordinates":[[-7.57241,37.18608],[-7.5723,37.18609]]},"properties":{"osm_type":"way","osm_id":1498323622,"country":"PT","name":null,"operator":"E-REDES","wikidata":null,"wikipedia":null}},{"type":"Feature","geometry":{"type":"LineString","coordinates":[[-7.57242,37.18614],[-7.57231,37.18615]]},"properties":{"osm_type":"way","osm_id":1498323623,"country":"PT","name":null,"operator":"E-REDES","wikidata":null,"wikipedia":null}},{"type":"Feature","geometry":{"type":"LineString","coordinates":[[-7.57243,37.18616],[-7.57236,37.18585]]},"properties":{"osm_type":"way","osm_id":1498323624,"country":"PT","name":null,"operator":"E-REDES","wikidata":null,"wikipedia":null}},{"type":"Feature","geometry":{"type":"LineString","coordinates":[[-7.5723,37.18609],[-7.57206,37.18622]]},"properties":{"osm_type":"way","osm_id":1498323625,"country":"PT","name":null,"operator":"E-REDES","wikidata":null,"wikipedia":null}},{"type":"Feature","geometry":{"type":"LineString","coordinates":[[-7.57231,37.18615],[-7.57206,37.18622]]},"properties":{"osm_type":"way","osm_id":1498323626,"country":"PT","name":null,"operator":"E-REDES","wikidata":null,"wikipedia":null}},{"type":"Feature","geometry":{"type":"LineString","coordinates":[[-7.57227,37.18595],[-7.57205,37.18604]]},"properties":{"osm_type":"way","osm_id":1498323627,"country":"PT","name":"Tavira (REN) - Conceição","operator":"E-REDES","wikidata":null,"wikipedia":null}},{"type":"Feature","geometry":{"type":"LineString","coordinates":[[-7.57226,37.18589],[-7.57207,37.18597]]},"properties":{"osm_type":"way","osm_id":1498323628,"country":"PT","name":null,"operator":"E-REDES","wikidata":null,"wikipedia":null}},{"type":"Feature","geometry":{"type":"LineString","coordinates":[[-7.99788,39.48154],[-7.9979,39.4816]]},"properties":{"osm_type":"way","osm_id":1498340557,"country":"PT","name":null,"operator":"E-REDES","wikidata":null,"wikipedia":null}},{"type":"Feature","geometry":{"type":"LineString","coordinates":[[-7.99795,39.48153],[-7.99797,39.48158]]},"properties":{"osm_type":"way","osm_id":1498340558,"country":"PT","name":null,"operator":"E-REDES","wikidata":null,"wikipedia":null}},{"type":"Feature","geometry":{"type":"LineString","coordinates":[[-7.99802,39.48151],[-7.99804,39.48157]]},"properties":{"osm_type":"way","osm_id":1498340559,"country":"PT","name":null,"operator":"E-REDES","wikidata":null,"wikipedia":null}},{"type":"Feature","geometry":{"type":"LineString","coordinates":[[-7.99739,39.48157],[-7.99744,39.48172]]},"properties":{"osm_type":"way","osm_id":1498340560,"country":"PT","name":null,"operator":"E-REDES","wikidata":null,"wikipedia":null}},{"type":"Feature","geometry":{"type":"LineString","coordinates":[[-7.99751,39.48171],[-7.99745,39.48155]]},"properties":{"osm_type":"way","osm_id":1498340561,"country":"PT","name":null,"operator":"E-REDES","wikidata":null,"wikipedia":null}},{"type":"Feature","geometry":{"type":"LineString","coordinates":[[-7.99752,39.48154],[-7.99757,39.4817]]},"properties":{"osm_type":"way","osm_id":1498340562,"country":"PT","name":null,"operator":"E-REDES","wikidata":null,"wikipedia":null}},{"type":"Feature","geometry":{"type":"LineString","coordinates":[[-7.99764,39.48169],[-7.99759,39.48153]]},"properties":{"osm_type":"way","osm_id":1498340563,"country":"PT","name":null,"operator":"E-REDES","wikidata":null,"wikipedia":null}},{"type":"Feature","geometry":{"type":"LineString","coordinates":[[-7.99771,39.48167],[-7.99766,39.48152]]},"properties":{"osm_type":"way","osm_id":1498340564,"country":"PT","name":null,"operator":"E-REDES","wikidata":null,"wikipedia":null}},{"type":"Feature","geometry":{"type":"LineString","coordinates":[[-7.99773,39.4815],[-7.99778,39.48166]]},"properties":{"osm_type":"way","osm_id":1498340565,"country":"PT","name":null,"operator":"E-REDES","wikidata":null,"wikipedia":null}},{"type":"Feature","geometry":{"type":"LineString","coordinates":[[-7.9978,39.48149],[-7.99785,39.48165]]},"properties":{"osm_type":"way","osm_id":1498340566,"country":"PT","name":null,"operator":"E-REDES","wikidata":null,"wikipedia":null}},{"type":"Feature","geometry":{"type":"LineString","coordinates":[[-7.99787,39.48148],[-7.99792,39.48164]]},"properties":{"osm_type":"way","osm_id":1498340567,"country":"PT","name":null,"operator":"E-REDES","wikidata":null,"wikipedia":null}},{"type":"Feature","geometry":{"type":"LineString","coordinates":[[-7.99793,39.48147],[-7.99798,39.48162]]},"properties":{"osm_type":"way","osm_id":1498340568,"country":"PT","name":null,"operator":"E-REDES","wikidata":null,"wikipedia":null}},{"type":"Feature","geometry":{"type":"LineString","coordinates":[[-7.998,39.48146],[-7.99805,39.48161]]},"properties":{"osm_type":"way","osm_id":1498340569,"country":"PT","name":null,"operator":"E-REDES","wikidata":null,"wikipedia":null}},{"type":"Feature","geometry":{"type":"LineString","coordinates":[[-7.99809,39.4815],[-7.99811,39.48156]]},"properties":{"osm_type":"way","osm_id":1498340570,"country":"PT","name":null,"operator":"E-REDES","wikidata":null,"wikipedia":null}},{"type":"Feature","geometry":{"type":"LineString","coordinates":[[-7.99816,39.48149],[-7.99814,39.48143]]},"properties":{"osm_type":"way","osm_id":1498340571,"country":"PT","name":null,"operator":"E-REDES","wikidata":null,"wikipedia":null}},{"type":"Feature","geometry":{"type":"LineString","coordinates":[[-7.99807,39.48144],[-7.99812,39.4816]]},"properties":{"osm_type":"way","osm_id":1498340572,"country":"PT","name":null,"operator":"E-REDES","wikidata":null,"wikipedia":null}},{"type":"Feature","geometry":{"type":"LineString","coordinates":[[-7.99818,39.48145],[-7.99736,39.4816]]},"properties":{"osm_type":"way","osm_id":1498340574,"country":"PT","name":null,"operator":"E-REDES","wikidata":null,"wikipedia":null}},{"type":"Feature","geometry":{"type":"LineString","coordinates":[[-7.9982,39.48151],[-7.99738,39.48166]]},"properties":{"osm_type":"way","osm_id":1498340575,"country":"PT","name":null,"operator":"E-REDES","wikidata":null,"wikipedia":null}},{"type":"Feature","geometry":{"type":"LineString","coordinates":[[-7.99805,39.48161],[-8.00065,39.48471],[-8.00517,39.48597]]},"properties":{"osm_type":"way","osm_id":1498340584,"country":"PT","name":null,"operator":null,"wikidata":null,"wikipedia":null}},{"type":"Feature","geometry":{"type":"LineString","coordinates":[[-7.9983,39.4814],[-7.9983,39.48138]]},"properties":{"osm_type":"way","osm_id":1498340643,"country":"PT","name":null,"operator":null,"wikidata":null,"wikipedia":null}},{"type":"Feature","geometry":{"type":"LineString","coordinates":[[-7.99832,39.48147],[-7.99832,39.48145]]},"properties":{"osm_type":"way","osm_id":1498340644,"country":"PT","name":null,"operator":null,"wikidata":null,"wikipedia":null}},{"type":"Feature","geometry":{"type":"LineString","coordinates":[[-8.35084,41.36533],[-8.35023,41.36511]]},"properties":{"osm_type":"way","osm_id":1498345702,"country":"PT","name":null,"operator":"E-REDES","wikidata":null,"wikipedia":null}},{"type":"Feature","geometry":{"type":"LineString","coordinates":[[-8.35083,41.36536],[-8.35021,41.36514]]},"properties":{"osm_type":"way","osm_id":1498345703,"country":"PT","name":null,"operator":"E-REDES","wikidata":null,"wikipedia":null}},{"type":"Feature","geometry":{"type":"LineString","coordinates":[[-8.35054,41.36515],[-8.35055,41.36513]]},"properties":{"osm_type":"way","osm_id":1498345707,"country":"PT","name":null,"operator":"E-REDES","wikidata":null,"wikipedia":null}},{"type":"Feature","geometry":{"type":"LineString","coordinates":[[-8.35038,41.36509],[-8.35039,41.36507]]},"properties":{"osm_type":"way","osm_id":1498345708,"country":"PT","name":null,"operator":"E-REDES","wikidata":null,"wikipedia":null}},{"type":"Feature","geometry":{"type":"LineString","coordinates":[[-8.35044,41.36509],[-8.35035,41.36505]]},"properties":{"osm_type":"way","osm_id":1498345709,"country":"PT","name":null,"operator":"E-REDES","wikidata":null,"wikipedia":null}},{"type":"Feature","geometry":{"type":"LineString","coordinates":[[-8.35059,41.36514],[-8.35051,41.36511]]},"properties":{"osm_type":"way","osm_id":1498345710,"country":"PT","name":null,"operator":"E-REDES","wikidata":null,"wikipedia":null}},{"type":"Feature","geometry":{"type":"LineString","coordinates":[[-8.00553,40.7399],[-8.00529,40.73975]]},"properties":{"osm_type":"way","osm_id":1498351546,"country":"PT","name":"Bodiosa (REN) - Gumiei","operator":"E-REDES","wikidata":null,"wikipedia":null}},{"type":"Feature","geometry":{"type":"LineString","coordinates":[[-9.17747,38.64733],[-9.177,38.6478]]},"properties":{"osm_type":"way","osm_id":1498355732,"country":"PT","name":"Fernão Ferro - Sobreda","operator":"E-REDES","wikidata":null,"wikipedia":null}},{"type":"Feature","geometry":{"type":"LineString","coordinates":[[-8.47804,40.74523],[-8.47767,40.74527]]},"properties":{"osm_type":"way","osm_id":1498355777,"country":"PT","name":"Estarreja (REN) - Albergaria","operator":"E-REDES","wikidata":null,"wikipedia":null}},{"type":"Feature","geometry":{"type":"LineString","coordinates":[[-8.47807,40.74538],[-8.47769,40.74538]]},"properties":{"osm_type":"way","osm_id":1498355778,"country":"PT","name":"Vale de Cambra - Albergaria","operator":"E-REDES","wikidata":null,"wikipedia":null}},{"type":"Feature","geometry":{"type":"LineString","coordinates":[[-8.47774,40.74521],[-8.4776,40.74522]]},"properties":{"osm_type":"way","osm_id":1498355779,"country":"PT","name":null,"operator":"E-REDES","wikidata":null,"wikipedia":null}},{"type":"Feature","geometry":{"type":"LineString","coordinates":[[-8.47776,40.74532],[-8.47762,40.74533]]},"properties":{"osm_type":"way","osm_id":1498355780,"country":"PT","name":null,"operator":"E-REDES","wikidata":null,"wikipedia":null}},{"type":"Feature","geometry":{"type":"LineString","coordinates":[[-8.47768,40.74544],[-8.47778,40.74543]]},"properties":{"osm_type":"way","osm_id":1498355782,"country":"PT","name":null,"operator":"E-REDES","wikidata":null,"wikipedia":null}},{"type":"Feature","geometry":{"type":"LineString","coordinates":[[-7.98798,41.60355],[-7.98809,41.60362]]},"properties":{"osm_type":"way","osm_id":1499019229,"country":"PT","name":null,"operator":"Finerge","wikidata":null,"wikipedia":null}},{"type":"Feature","geometry":{"type":"LineString","coordinates":[[-7.89514,41.71402],[-7.89516,41.71407]]},"properties":{"osm_type":"way","osm_id":1499019231,"country":"PT","name":null,"operator":"E-REDES","wikidata":null,"wikipedia":null}},{"type":"Feature","geometry":{"type":"LineString","coordinates":[[-8.76176,41.88432],[-8.76163,41.88438]]},"properties":{"osm_type":"way","osm_id":1499070301,"country":"PT","name":null,"operator":"E-REDES","wikidata":null,"wikipedia":null}},{"type":"Feature","geometry":{"type":"LineString","coordinates":[[-8.76191,41.88438],[-8.76185,41.8843]]},"properties":{"osm_type":"way","osm_id":1499070302,"country":"PT","name":null,"operator":"E-REDES","wikidata":null,"wikipedia":null}},{"type":"Feature","geometry":{"type":"LineString","coordinates":[[-8.76198,41.88434],[-8.76192,41.88427]]},"properties":{"osm_type":"way","osm_id":1499070303,"country":"PT","name":null,"operator":"E-REDES","wikidata":null,"wikipedia":null}},{"type":"Feature","geometry":{"type":"LineString","coordinates":[[-8.76211,41.88429],[-8.76205,41.88421]]},"properties":{"osm_type":"way","osm_id":1499070304,"country":"PT","name":null,"operator":"E-REDES","wikidata":null,"wikipedia":null}},{"type":"Feature","geometry":{"type":"LineString","coordinates":[[-8.76213,41.88428],[-8.76187,41.88439]]},"properties":{"osm_type":"way","osm_id":1499070305,"country":"PT","name":null,"operator":"E-REDES","wikidata":null,"wikipedia":null}},{"type":"Feature","geometry":{"type":"LineString","coordinates":[[-8.76163,41.88438],[-8.76159,41.88439]]},"properties":{"osm_type":"way","osm_id":1499071686,"country":"PT","name":null,"operator":"E-REDES","wikidata":null,"wikipedia":null}},{"type":"Feature","geometry":{"type":"LineString","coordinates":[[-7.65625,41.03468],[-7.65638,41.03469]]},"properties":{"osm_type":"way","osm_id":1499097083,"country":"PT","name":null,"operator":"Finerge","wikidata":null,"wikipedia":null}},{"type":"Feature","geometry":{"type":"LineString","coordinates":[[-8.53225,37.17741],[-8.53225,37.17748]]},"properties":{"osm_type":"way","osm_id":1499111062,"country":"PT","name":null,"operator":"E-REDES","wikidata":null,"wikipedia":null}},{"type":"Feature","geometry":{"type":"LineString","coordinates":[[-8.53248,37.1773],[-8.53231,37.17731]]},"properties":{"osm_type":"way","osm_id":1499111065,"country":"PT","name":null,"operator":"E-REDES","wikidata":null,"wikipedia":null}},{"type":"Feature","geometry":{"type":"LineString","coordinates":[[-8.53248,37.17736],[-8.53231,37.17736]]},"properties":{"osm_type":"way","osm_id":1499111066,"country":"PT","name":null,"operator":"E-REDES","wikidata":null,"wikipedia":null}},{"type":"Feature","geometry":{"type":"LineString","coordinates":[[-8.71128,37.15754],[-8.71128,37.15765]]},"properties":{"osm_type":"way","osm_id":1499112889,"country":"PT","name":null,"operator":"Hyperion Renewables","wikidata":null,"wikipedia":null}},{"type":"Feature","geometry":{"type":"LineString","coordinates":[[-8.71146,37.15754],[-8.71146,37.15765]]},"properties":{"osm_type":"way","osm_id":1499112890,"country":"PT","name":null,"operator":"Hyperion Renewables","wikidata":null,"wikipedia":null}},{"type":"Feature","geometry":{"type":"LineString","coordinates":[[-8.71121,37.15796],[-8.71121,37.15805]]},"properties":{"osm_type":"way","osm_id":1499112893,"country":"PT","name":null,"operator":"E-REDES","wikidata":null,"wikipedia":null}},{"type":"Feature","geometry":{"type":"LineString","coordinates":[[-8.71154,37.15796],[-8.71154,37.15805]]},"properties":{"osm_type":"way","osm_id":1499112894,"country":"PT","name":null,"operator":"E-REDES","wikidata":null,"wikipedia":null}},{"type":"Feature","geometry":{"type":"LineString","coordinates":[[-8.71128,37.15805],[-8.71128,37.15788]]},"properties":{"osm_type":"way","osm_id":1499112895,"country":"PT","name":null,"operator":"E-REDES","wikidata":null,"wikipedia":null}},{"type":"Feature","geometry":{"type":"LineString","coordinates":[[-8.71146,37.15805],[-8.71146,37.15788]]},"properties":{"osm_type":"way","osm_id":1499112896,"country":"PT","name":null,"operator":"E-REDES","wikidata":null,"wikipedia":null}},{"type":"Feature","geometry":{"type":"LineString","coordinates":[[-8.71156,37.15796],[-8.71118,37.15796]]},"properties":{"osm_type":"way","osm_id":1499112897,"country":"PT","name":null,"operator":"E-REDES","wikidata":null,"wikipedia":null}},{"type":"Feature","geometry":{"type":"LineString","coordinates":[[-8.76617,37.73543],[-8.76619,37.73543]]},"properties":{"osm_type":"way","osm_id":1499121081,"country":"PT","name":null,"operator":"E-REDES","wikidata":null,"wikipedia":null}},{"type":"Feature","geometry":{"type":"LineString","coordinates":[[-8.7662,37.73553],[-8.76623,37.73553]]},"properties":{"osm_type":"way","osm_id":1499121082,"country":"PT","name":null,"operator":"E-REDES","wikidata":null,"wikipedia":null}},{"type":"Feature","geometry":{"type":"LineString","coordinates":[[-8.76606,37.73545],[-8.7662,37.73542]]},"properties":{"osm_type":"way","osm_id":1499121083,"country":"PT","name":null,"operator":"E-REDES","wikidata":null,"wikipedia":null}},{"type":"Feature","geometry":{"type":"LineString","coordinates":[[-8.7661,37.73556],[-8.76624,37.73552]]},"properties":{"osm_type":"way","osm_id":1499121084,"country":"PT","name":null,"operator":"E-REDES","wikidata":null,"wikipedia":null}},{"type":"Feature","geometry":{"type":"LineString","coordinates":[[-8.7661,37.73564],[-8.76601,37.73544]]},"properties":{"osm_type":"way","osm_id":1499121087,"country":"PT","name":null,"operator":"E-REDES","wikidata":null,"wikipedia":null}},{"type":"Feature","geometry":{"type":"LineString","coordinates":[[-7.5739,38.33532],[-7.57394,38.33525]]},"properties":{"osm_type":"way","osm_id":1499126362,"country":"PT","name":null,"operator":"E-REDES","wikidata":null,"wikipedia":null}},{"type":"Feature","geometry":{"type":"LineString","coordinates":[[-7.57409,38.33538],[-7.57413,38.3353]]},"properties":{"osm_type":"way","osm_id":1499126363,"country":"PT","name":null,"operator":"E-REDES","wikidata":null,"wikipedia":null}},{"type":"Feature","geometry":{"type":"LineString","coordinates":[[-7.57415,38.33556],[-7.57422,38.33542]]},"properties":{"osm_type":"way","osm_id":1499126364,"country":"PT","name":null,"operator":"Empresa de Desenvolvimento e Infraestruturas do Alqueva","wikidata":null,"wikipedia":null}},{"type":"Feature","geometry":{"type":"LineString","coordinates":[[-7.57409,38.33554],[-7.57416,38.3354]]},"properties":{"osm_type":"way","osm_id":1499126365,"country":"PT","name":null,"operator":"Empresa de Desenvolvimento e Infraestruturas do Alqueva","wikidata":null,"wikipedia":null}},{"type":"Feature","geometry":{"type":"LineString","coordinates":[[-7.57376,38.33545],[-7.57384,38.3353]]},"properties":{"osm_type":"way","osm_id":1499126366,"country":"PT","name":null,"operator":"Empresa de Desenvolvimento e Infraestruturas do Alqueva","wikidata":null,"wikipedia":null}},{"type":"Feature","geometry":{"type":"LineString","coordinates":[[-7.5737,38.33543],[-7.57377,38.33528]]},"properties":{"osm_type":"way","osm_id":1499126367,"country":"PT","name":null,"operator":"Empresa de Desenvolvimento e Infraestruturas do Alqueva","wikidata":null,"wikipedia":null}},{"type":"Feature","geometry":{"type":"LineString","coordinates":[[-7.57425,38.33543],[-7.57374,38.33527]]},"properties":{"osm_type":"way","osm_id":1499126368,"country":"PT","name":null,"operator":"E-REDES","wikidata":null,"wikipedia":null}},{"type":"Feature","geometry":{"type":"LineString","coordinates":[[-8.31523,38.26663],[-8.31515,38.2664]]},"properties":{"osm_type":"way","osm_id":1499130854,"country":"PT","name":null,"operator":"E-REDES","wikidata":null,"wikipedia":null}},{"type":"Feature","geometry":{"type":"LineString","coordinates":[[-8.31532,38.26646],[-8.31504,38.26652]]},"properties":{"osm_type":"way","osm_id":1499130855,"country":"PT","name":null,"operator":"E-REDES","wikidata":null,"wikipedia":null}},{"type":"Feature","geometry":{"type":"LineString","coordinates":[[-8.31501,38.26646],[-8.3153,38.2664]]},"properties":{"osm_type":"way","osm_id":1499130856,"country":"PT","name":null,"operator":"E-REDES","wikidata":null,"wikipedia":null}},{"type":"Feature","geometry":{"type":"LineString","coordinates":[[-8.31535,38.26657],[-8.31508,38.26663]]},"properties":{"osm_type":"way","osm_id":1499130858,"country":"PT","name":null,"operator":"E-REDES","wikidata":null,"wikipedia":null}},{"type":"Feature","geometry":{"type":"LineString","coordinates":[[-8.31534,38.26652],[-8.31506,38.26658]]},"properties":{"osm_type":"way","osm_id":1499130859,"country":"PT","name":null,"operator":"E-REDES","wikidata":null,"wikipedia":null}},{"type":"Feature","geometry":{"type":"LineString","coordinates":[[-7.28884,39.11482],[-7.28877,39.11498]]},"properties":{"osm_type":"way","osm_id":1499138525,"country":"PT","name":null,"operator":"E-REDES","wikidata":null,"wikipedia":null}},{"type":"Feature","geometry":{"type":"LineString","coordinates":[[-7.28884,39.11482],[-7.28872,39.11494]]},"properties":{"osm_type":"way","osm_id":1499138526,"country":"PT","name":null,"operator":"E-REDES","wikidata":null,"wikipedia":null}},{"type":"Feature","geometry":{"type":"LineString","coordinates":[[-8.32348,39.54217],[-8.32335,39.54221]]},"properties":{"osm_type":"way","osm_id":1499313528,"country":"PT","name":null,"operator":"E-REDES","wikidata":null,"wikipedia":null}},{"type":"Feature","geometry":{"type":"LineString","coordinates":[[-8.32351,39.54222],[-8.32337,39.54226]]},"properties":{"osm_type":"way","osm_id":1499313529,"country":"PT","name":null,"operator":"E-REDES","wikidata":null,"wikipedia":null}},{"type":"Feature","geometry":{"type":"LineString","coordinates":[[-7.53997,39.66442],[-7.53369,39.66462]]},"properties":{"osm_type":"way","osm_id":1499349269,"country":"PT","name":null,"operator":null,"wikidata":null,"wikipedia":null}},{"type":"Feature","geometry":{"type":"LineString","coordinates":[[-7.53982,39.66408],[-7.53366,39.66441]]},"properties":{"osm_type":"way","osm_id":1499349270,"country":"PT","name":null,"operator":null,"wikidata":null,"wikipedia":null}},{"type":"Feature","geometry":{"type":"LineString","coordinates":[[-7.5398,39.66334],[-7.53359,39.66398]]},"properties":{"osm_type":"way","osm_id":1499349271,"country":"PT","name":null,"operator":null,"wikidata":null,"wikipedia":null}},{"type":"Feature","geometry":{"type":"LineString","coordinates":[[-7.53974,39.66366],[-7.53362,39.6642]]},"properties":{"osm_type":"way","osm_id":1499349272,"country":"PT","name":null,"operator":null,"wikidata":null,"wikipedia":null}},{"type":"Feature","geometry":{"type":"LineString","coordinates":[[-6.80632,41.0433],[-6.80626,41.04331]]},"properties":{"osm_type":"way","osm_id":1499464583,"country":"PT","name":null,"operator":null,"wikidata":null,"wikipedia":null}},{"type":"Feature","geometry":{"type":"LineString","coordinates":[[-6.80641,41.04328],[-6.80711,41.04313]]},"properties":{"osm_type":"way","osm_id":1499464584,"country":"PT","name":null,"operator":"Red Eléctrica de España","wikidata":null,"wikipedia":null}},{"type":"Feature","geometry":{"type":"LineString","coordinates":[[-6.80654,41.04301],[-6.80704,41.04434]]},"properties":{"osm_type":"way","osm_id":1499464589,"country":"PT","name":null,"operator":"Red Eléctrica de España","wikidata":null,"wikipedia":null}},{"type":"Feature","geometry":{"type":"LineString","coordinates":[[-6.80625,41.04331],[-6.80641,41.04328]]},"properties":{"osm_type":"way","osm_id":1499464596,"country":"PT","name":null,"operator":null,"wikidata":null,"wikipedia":null}},{"type":"Feature","geometry":{"type":"LineString","coordinates":[[-7.08287,40.82424],[-7.08281,40.82425]]},"properties":{"osm_type":"way","osm_id":1499465834,"country":"PT","name":null,"operator":"HIDROERG","wikidata":null,"wikipedia":null}},{"type":"Feature","geometry":{"type":"LineString","coordinates":[[-7.36703,40.54683],[-7.36691,40.54681]]},"properties":{"osm_type":"way","osm_id":1499466293,"country":"PT","name":null,"operator":"Engie","wikidata":null,"wikipedia":null}},{"type":"Feature","geometry":{"type":"LineString","coordinates":[[-8.56838,40.73754],[-8.56829,40.73738]]},"properties":{"osm_type":"way","osm_id":1499472422,"country":"PT","name":null,"operator":"Infraestruturas de Portugal","wikidata":null,"wikipedia":null}},{"type":"Feature","geometry":{"type":"LineString","coordinates":[[-8.56844,40.73751],[-8.56835,40.73736]]},"properties":{"osm_type":"way","osm_id":1499472423,"country":"PT","name":null,"operator":"Infraestruturas de Portugal","wikidata":null,"wikipedia":null}},{"type":"Feature","geometry":{"type":"LineString","coordinates":[[-8.56851,40.73749],[-8.56841,40.73734]]},"properties":{"osm_type":"way","osm_id":1499472424,"country":"PT","name":null,"operator":"Infraestruturas de Portugal","wikidata":null,"wikipedia":null}},{"type":"Feature","geometry":{"type":"LineString","coordinates":[[-8.56815,40.73749],[-8.56846,40.73738]]},"properties":{"osm_type":"way","osm_id":1499472425,"country":"PT","name":null,"operator":"Infraestruturas de Portugal","wikidata":null,"wikipedia":null}},{"type":"Feature","geometry":{"type":"LineString","coordinates":[[-8.56812,40.73744],[-8.56844,40.73733]]},"properties":{"osm_type":"way","osm_id":1499472426,"country":"PT","name":null,"operator":"Infraestruturas de Portugal","wikidata":null,"wikipedia":null}},{"type":"Feature","geometry":{"type":"LineString","coordinates":[[-8.07373,40.87299],[-8.07365,40.87304]]},"properties":{"osm_type":"way","osm_id":1499549200,"country":"PT","name":null,"operator":"Nadara","wikidata":null,"wikipedia":null}},{"type":"Feature","geometry":{"type":"LineString","coordinates":[[-7.96293,40.92042],[-7.96285,40.92049]]},"properties":{"osm_type":"way","osm_id":1499550056,"country":"PT","name":null,"operator":"RP GLOBAL PORTUGAL","wikidata":null,"wikipedia":null}},{"type":"Feature","geometry":{"type":"LineString","coordinates":[[-8.28872,40.02172],[-8.2888,40.02176]]},"properties":{"osm_type":"way","osm_id":1499568536,"country":"PT","name":null,"operator":"EDP Renováveis","wikidata":null,"wikipedia":null}},{"type":"Feature","geometry":{"type":"LineString","coordinates":[[-7.7962,40.07748],[-7.79633,40.07756]]},"properties":{"osm_type":"way","osm_id":1499570629,"country":"PT","name":null,"operator":"Hidroeléctrica do Zêzere","wikidata":null,"wikipedia":null}},{"type":"Feature","geometry":{"type":"LineString","coordinates":[[-8.779,37.21221],[-8.77895,37.21222]]},"properties":{"osm_type":"way","osm_id":1499686373,"country":"PT","name":null,"operator":"E-REDES","wikidata":null,"wikipedia":null}},{"type":"Feature","geometry":{"type":"LineString","coordinates":[[-8.77933,37.21227],[-8.7791,37.21228]]},"properties":{"osm_type":"way","osm_id":1499686378,"country":"PT","name":null,"operator":"E-REDES","wikidata":null,"wikipedia":null}},{"type":"Feature","geometry":{"type":"LineString","coordinates":[[-8.77933,37.21219],[-8.779,37.21221]]},"properties":{"osm_type":"way","osm_id":1499686379,"country":"PT","name":null,"operator":"E-REDES","wikidata":null,"wikipedia":null}},{"type":"Feature","geometry":{"type":"LineString","coordinates":[[-8.7793,37.212],[-8.77907,37.21202]]},"properties":{"osm_type":"way","osm_id":1499686380,"country":"PT","name":null,"operator":"E-REDES","wikidata":null,"wikipedia":null}},{"type":"Feature","geometry":{"type":"LineString","coordinates":[[-8.77931,37.21207],[-8.77897,37.21209]]},"properties":{"osm_type":"way","osm_id":1499686381,"country":"PT","name":null,"operator":"E-REDES","wikidata":null,"wikipedia":null}},{"type":"Feature","geometry":{"type":"LineString","coordinates":[[-8.7791,37.2123],[-8.77907,37.21198]]},"properties":{"osm_type":"way","osm_id":1499686382,"country":"PT","name":null,"operator":"E-REDES","wikidata":null,"wikipedia":null}},{"type":"Feature","geometry":{"type":"LineString","coordinates":[[-6.67823,41.2072],[-6.67883,41.20749]]},"properties":{"osm_type":"way","osm_id":1499739509,"country":"PT","name":null,"operator":"Red Eléctrica de España","wikidata":null,"wikipedia":null}},{"type":"Feature","geometry":{"type":"LineString","coordinates":[[-6.67896,41.20734],[-6.67839,41.20703]]},"properties":{"osm_type":"way","osm_id":1499739510,"country":"PT","name":null,"operator":"Red Eléctrica de España","wikidata":null,"wikipedia":null}},{"type":"Feature","geometry":{"type":"LineString","coordinates":[[-6.67818,41.20628],[-6.67871,41.2067]]},"properties":{"osm_type":"way","osm_id":1499739511,"country":"PT","name":null,"operator":"Red Eléctrica de España","wikidata":null,"wikipedia":null}},{"type":"Feature","geometry":{"type":"LineString","coordinates":[[-6.67887,41.20653],[-6.67818,41.20628]]},"properties":{"osm_type":"way","osm_id":1499739512,"country":"PT","name":null,"operator":"Red Eléctrica de España","wikidata":null,"wikipedia":null}},{"type":"Feature","geometry":{"type":"LineString","coordinates":[[-7.11757,41.70628],[-7.11758,41.7063]]},"properties":{"osm_type":"way","osm_id":1499741567,"country":"PT","name":null,"operator":"Aquila Capital","wikidata":null,"wikipedia":null}},{"type":"Feature","geometry":{"type":"LineString","coordinates":[[-7.11765,41.70625],[-7.11754,41.70629]]},"properties":{"osm_type":"way","osm_id":1499741568,"country":"PT","name":null,"operator":"Aquila Capital","wikidata":null,"wikipedia":null}},{"type":"Feature","geometry":{"type":"LineString","coordinates":[[-7.47888,37.26045],[-7.47888,37.26048]]},"properties":{"osm_type":"way","osm_id":1499774244,"country":"PT","name":null,"operator":"E-REDES","wikidata":null,"wikipedia":null}},{"type":"Feature","geometry":{"type":"LineString","coordinates":[[-7.47892,37.26047],[-7.47884,37.26049]]},"properties":{"osm_type":"way","osm_id":1499774245,"country":"PT","name":null,"operator":"E-REDES","wikidata":null,"wikipedia":null}},{"type":"Feature","geometry":{"type":"LineString","coordinates":[[-7.47888,37.26045],[-7.47882,37.26027]]},"properties":{"osm_type":"way","osm_id":1499774246,"country":"PT","name":null,"operator":"E-REDES","wikidata":null,"wikipedia":null}},{"type":"Feature","geometry":{"type":"LineString","coordinates":[[-7.4789,37.26025],[-7.47895,37.26042]]},"properties":{"osm_type":"way","osm_id":1499774247,"country":"PT","name":null,"operator":"E-REDES","wikidata":null,"wikipedia":null}},{"type":"Feature","geometry":{"type":"LineString","coordinates":[[-7.47896,37.26034],[-7.4788,37.26037]]},"properties":{"osm_type":"way","osm_id":1499774248,"country":"PT","name":null,"operator":"E-REDES","wikidata":null,"wikipedia":null}},{"type":"Feature","geometry":{"type":"LineString","coordinates":[[-7.8323,40.55243],[-7.83214,40.55243]]},"properties":{"osm_type":"way","osm_id":1499850084,"country":"PT","name":null,"operator":"E-REDES","wikidata":null,"wikipedia":null}},{"type":"Feature","geometry":{"type":"LineString","coordinates":[[-7.83218,40.55243],[-7.83218,40.5525]]},"properties":{"osm_type":"way","osm_id":1499850085,"country":"PT","name":null,"operator":"E-REDES","wikidata":null,"wikipedia":null}},{"type":"Feature","geometry":{"type":"LineString","coordinates":[[-7.83226,40.5525],[-7.83226,40.55233]]},"properties":{"osm_type":"way","osm_id":1499850086,"country":"PT","name":null,"operator":"E-REDES","wikidata":null,"wikipedia":null}},{"type":"Feature","geometry":{"type":"LineString","coordinates":[[-9.16602,38.78024],[-9.16619,38.78021]]},"properties":{"osm_type":"way","osm_id":1499993757,"country":"PT","name":null,"operator":"E-REDES","wikidata":null,"wikipedia":null}},{"type":"Feature","geometry":{"type":"LineString","coordinates":[[-9.17075,38.79998],[-9.16951,38.79813]]},"properties":{"osm_type":"way","osm_id":1500096993,"country":"PT","name":"Fanhões - Carriche 2","operator":"REN","wikidata":null,"wikipedia":null}},{"type":"Feature","geometry":{"type":"LineString","coordinates":[[-9.17075,38.79998],[-9.16951,38.79813]]},"properties":{"osm_type":"way","osm_id":1500096994,"country":"PT","name":"Fanhões - Alto de Mira 3 / Carriche","operator":"REN","wikidata":null,"wikipedia":null}},{"type":"Feature","geometry":{"type":"LineString","coordinates":[[-9.17275,38.80077],[-9.17075,38.79998]]},"properties":{"osm_type":"way","osm_id":1500096995,"country":"PT","name":"Fanhões - Carriche 2","operator":"REN","wikidata":null,"wikipedia":null}},{"type":"Feature","geometry":{"type":"LineString","coordinates":[[-9.17386,38.80097],[-9.17275,38.80077]]},"properties":{"osm_type":"way","osm_id":1500096996,"country":"PT","name":null,"operator":"REN","wikidata":null,"wikipedia":null}},{"type":"Feature","geometry":{"type":"LineString","coordinates":[[-8.29475,40.02138],[-8.2938,40.02215],[-8.29188,40.0223],[-8.28977,40.02224],[-8.2888,40.02176]]},"properties":{"osm_type":"way","osm_id":1502560069,"country":"PT","name":null,"operator":"EDP Renováveis","wikidata":null,"wikipedia":null}},{"type":"Feature","geometry":{"type":"LineString","coordinates":[[-8.28277,40.04455],[-8.28298,40.04455]]},"properties":{"osm_type":"way","osm_id":1502561575,"country":"PT","name":null,"operator":"E-REDES","wikidata":null,"wikipedia":null}},{"type":"Feature","geometry":{"type":"LineString","coordinates":[[-8.28292,40.04447],[-8.2829,40.04447]]},"properties":{"osm_type":"way","osm_id":1502561577,"country":"PT","name":null,"operator":"EDP Renováveis","wikidata":null,"wikipedia":null}},{"type":"Feature","geometry":{"type":"LineString","coordinates":[[-8.28296,40.04447],[-8.28292,40.04447]]},"properties":{"osm_type":"way","osm_id":1502561578,"country":"PT","name":null,"operator":"EDP Renováveis","wikidata":null,"wikipedia":null}},{"type":"Feature","geometry":{"type":"LineString","coordinates":[[-8.28279,40.04463],[-8.28275,40.04487]]},"properties":{"osm_type":"way","osm_id":1502566274,"country":"PT","name":"Miranda do Corvo - PC Vila Nova","operator":"E-REDES","wikidata":null,"wikipedia":null}},{"type":"Feature","geometry":{"type":"LineString","coordinates":[[-8.28289,40.04488],[-8.28287,40.04463]]},"properties":{"osm_type":"way","osm_id":1502566275,"country":"PT","name":"PC Vila Nova - Penela (REN)","operator":"E-REDES","wikidata":null,"wikipedia":null}},{"type":"Feature","geometry":{"type":"LineString","coordinates":[[-8.24876,40.29756],[-8.24887,40.29756]]},"properties":{"osm_type":"way","osm_id":1502798471,"country":"PT","name":null,"operator":"E-REDES","wikidata":null,"wikipedia":null}},{"type":"Feature","geometry":{"type":"LineString","coordinates":[[-8.24876,40.29749],[-8.24887,40.29749]]},"properties":{"osm_type":"way","osm_id":1502798472,"country":"PT","name":null,"operator":"E-REDES","wikidata":null,"wikipedia":null}},{"type":"Feature","geometry":{"type":"LineString","coordinates":[[-8.24876,40.29758],[-8.24876,40.29747]]},"properties":{"osm_type":"way","osm_id":1502798473,"country":"PT","name":null,"operator":"E-REDES","wikidata":null,"wikipedia":null}},{"type":"Feature","geometry":{"type":"LineString","coordinates":[[-8.24855,40.2975],[-8.24876,40.29749]]},"properties":{"osm_type":"way","osm_id":1502798474,"country":"PT","name":null,"operator":"Aquila Capital","wikidata":null,"wikipedia":null}},{"type":"Feature","geometry":{"type":"LineString","coordinates":[[-7.22056,38.83316],[-7.21973,38.84039],[-7.2227,38.85054],[-7.22089,38.85287],[-7.22467,38.85727],[-7.22703,38.86531],[-7.22084,38.88058],[-7.21772,38.88289],[-7.20952,38.88494],[-7.20315,38.88751],[-7.18425,38.8873],[-7.1815,38.88818],[-7.17903,38.88835],[-7.16959,38.88715]]},"properties":{"osm_type":"way","osm_id":1515693694,"country":"PT","name":null,"operator":"Central Solar de Alcaide, Lda.","wikidata":null,"wikipedia":null}},{"type":"Feature","geometry":{"type":"LineString","coordinates":[[-7.76108,41.27953],[-7.76045,41.29173],[-7.76001,41.29215]]},"properties":{"osm_type":"way","osm_id":1524117462,"country":"PT","name":"Varosa - Telheira","operator":"E-REDES","wikidata":null,"wikipedia":null}},{"type":"Feature","geometry":{"type":"LineString","coordinates":[[-8.53078,41.08629],[-8.5307,41.0863]]},"properties":{"osm_type":"way","osm_id":1527855458,"country":"PT","name":null,"operator":"E-REDES","wikidata":null,"wikipedia":null}},{"type":"Feature","geometry":{"type":"LineString","coordinates":[[-8.53082,41.08618],[-8.53075,41.0862]]},"properties":{"osm_type":"way","osm_id":1527855459,"country":"PT","name":null,"operator":"E-REDES","wikidata":null,"wikipedia":null}},{"type":"Feature","geometry":{"type":"LineString","coordinates":[[-8.53084,41.08623],[-8.53076,41.08624]]},"properties":{"osm_type":"way","osm_id":1527855460,"country":"PT","name":null,"operator":"E-REDES","wikidata":null,"wikipedia":null}},{"type":"Feature","geometry":{"type":"LineString","coordinates":[[-8.53078,41.08631],[-8.53073,41.08617]]},"properties":{"osm_type":"way","osm_id":1527855461,"country":"PT","name":null,"operator":"E-REDES","wikidata":null,"wikipedia":null}},{"type":"Feature","geometry":{"type":"LineString","coordinates":[[-8.53041,41.0867],[-8.53027,41.08672]]},"properties":{"osm_type":"way","osm_id":1527856647,"country":"PT","name":null,"operator":"Barbosa & Almeida","wikidata":null,"wikipedia":null}},{"type":"Feature","geometry":{"type":"LineString","coordinates":[[-8.53049,41.08669],[-8.53028,41.08677]]},"properties":{"osm_type":"way","osm_id":1527856648,"country":"PT","name":null,"operator":"Barbosa & Almeida","wikidata":null,"wikipedia":null}},{"type":"Feature","geometry":{"type":"LineString","coordinates":[[-8.53043,41.08678],[-8.5304,41.08668]]},"properties":{"osm_type":"way","osm_id":1527856649,"country":"PT","name":null,"operator":"E-REDES","wikidata":null,"wikipedia":null}},{"type":"Feature","geometry":{"type":"LineString","coordinates":[[-7.99732,39.48172],[-7.99732,39.48168]]},"properties":{"osm_type":"way","osm_id":1527888782,"country":"PT","name":null,"operator":"E-REDES","wikidata":null,"wikipedia":null}},{"type":"Feature","geometry":{"type":"LineString","coordinates":[[-8.17767,39.05338],[-8.17762,39.0534]]},"properties":{"osm_type":"way","osm_id":1527905327,"country":"PT","name":null,"operator":"E-REDES","wikidata":null,"wikipedia":null}},{"type":"Feature","geometry":{"type":"LineString","coordinates":[[-7.93474,40.90397],[-7.93481,40.90395]]},"properties":{"osm_type":"way","osm_id":1527927496,"country":"PT","name":null,"operator":"E-REDES","wikidata":null,"wikipedia":null}},{"type":"Feature","geometry":{"type":"LineString","coordinates":[[-8.67501,38.02509],[-8.67163,38.02571],[-8.66631,38.02885],[-8.66229,38.03051],[-8.66101,38.03437],[-8.6579,38.03884],[-8.6556,38.03943],[-8.65265,38.05062],[-8.64951,38.05222],[-8.64519,38.05361],[-8.6297,38.06754],[-8.62839,38.07291],[-8.62581,38.0757],[-8.62328,38.08133],[-8.61236,38.10931],[-8.60788,38.1132],[-8.60712,38.1179],[-8.60836,38.12236],[-8.60471,38.12632],[-8.60402,38.12883],[-8.59902,38.13705],[-8.59793,38.13992],[-8.59622,38.14161],[-8.58567,38.15897],[-8.58196,38.16391],[-8.5817,38.16576],[-8.57774,38.17439],[-8.57793,38.17598]]},"properties":{"osm_type":"way","osm_id":1527934837,"country":"PT","name":"Santiago - Arregota Nova","operator":"E-REDES","wikidata":null,"wikipedia":null}},{"type":"Feature","geometry":{"type":"LineString","coordinates":[[-8.57793,38.17598],[-8.57793,38.17617]]},"properties":{"osm_type":"way","osm_id":1527934838,"country":"PT","name":null,"operator":"E-REDES","wikidata":null,"wikipedia":null}},{"type":"Feature","geometry":{"type":"LineString","coordinates":[[-8.57793,38.17617],[-8.57793,38.17619]]},"properties":{"osm_type":"way","osm_id":1527934839,"country":"PT","name":null,"operator":"E-REDES","wikidata":null,"wikipedia":null}},{"type":"Feature","geometry":{"type":"LineString","coordinates":[[-8.57797,38.17619],[-8.57789,38.17619]]},"properties":{"osm_type":"way","osm_id":1527934840,"country":"PT","name":null,"operator":"E-REDES","wikidata":null,"wikipedia":null}},{"type":"Feature","geometry":{"type":"LineString","coordinates":[[-9.24086,38.76875],[-9.24087,38.76884]]},"properties":{"osm_type":"way","osm_id":1527954556,"country":"PT","name":null,"operator":"E-REDES","wikidata":null,"wikipedia":null}},{"type":"Feature","geometry":{"type":"LineString","coordinates":[[-9.24076,38.76886],[-9.24067,38.76887]]},"properties":{"osm_type":"way","osm_id":1527954557,"country":"PT","name":null,"operator":"E-REDES","wikidata":null,"wikipedia":null}},{"type":"Feature","geometry":{"type":"LineString","coordinates":[[-8.15282,41.57826],[-8.15268,41.57826]]},"properties":{"osm_type":"way","osm_id":1527983444,"country":"PT","name":null,"operator":"Energias de Portugal","wikidata":null,"wikipedia":null}},{"type":"Feature","geometry":{"type":"LineString","coordinates":[[-8.15281,41.57831],[-8.15268,41.5783]]},"properties":{"osm_type":"way","osm_id":1527983445,"country":"PT","name":null,"operator":"Energias de Portugal","wikidata":null,"wikipedia":null}},{"type":"Feature","geometry":{"type":"LineString","coordinates":[[-8.15274,41.57833],[-8.15276,41.5782]]},"properties":{"osm_type":"way","osm_id":1527983448,"country":"PT","name":null,"operator":"Energias de Portugal","wikidata":null,"wikipedia":null}},{"type":"Feature","geometry":{"type":"LineString","coordinates":[[-7.77547,41.14058],[-7.77547,41.14058]]},"properties":{"osm_type":"way","osm_id":1528148913,"country":"PT","name":null,"operator":"Energias de Portugal","wikidata":null,"wikipedia":null}},{"type":"Feature","geometry":{"type":"LineString","coordinates":[[-7.77544,41.14064],[-7.77584,41.14072]]},"properties":{"osm_type":"way","osm_id":1528148915,"country":"PT","name":null,"operator":"Energias de Portugal","wikidata":null,"wikipedia":null}},{"type":"Feature","geometry":{"type":"LineString","coordinates":[[-7.77547,41.14058],[-7.77583,41.14068]]},"properties":{"osm_type":"way","osm_id":1528148916,"country":"PT","name":null,"operator":"Energias de Portugal","wikidata":null,"wikipedia":null}},{"type":"Feature","geometry":{"type":"LineString","coordinates":[[-7.77547,41.14058],[-7.77547,41.14058]]},"properties":{"osm_type":"way","osm_id":1528148917,"country":"PT","name":null,"operator":"Energias de Portugal","wikidata":null,"wikipedia":null}},{"type":"Feature","geometry":{"type":"LineString","coordinates":[[-7.77545,41.14065],[-7.77544,41.14064]]},"properties":{"osm_type":"way","osm_id":1528148918,"country":"PT","name":null,"operator":"Energias de Portugal","wikidata":null,"wikipedia":null}},{"type":"Feature","geometry":{"type":"LineString","coordinates":[[-8.27032,41.85905],[-8.2703,41.85897]]},"properties":{"osm_type":"way","osm_id":1528156388,"country":"PT","name":null,"operator":"E-REDES","wikidata":null,"wikipedia":null}},{"type":"Feature","geometry":{"type":"LineString","coordinates":[[-16.99364,32.69368],[-16.99298,32.69289],[-16.99119,32.69345],[-16.98186,32.69899],[-16.9784,32.70253],[-16.97095,32.71296]]},"properties":{"osm_type":"way","osm_id":1531321220,"country":"PT","name":null,"operator":null,"wikidata":null,"wikipedia":null}},{"type":"Feature","geometry":{"type":"LineString","coordinates":[[-7.75923,41.1389],[-7.75869,41.13894]]},"properties":{"osm_type":"way","osm_id":1533239015,"country":"PT","name":"PC Ribabelide - Valdigem (REN)","operator":"E-REDES","wikidata":null,"wikipedia":null}},{"type":"Feature","geometry":{"type":"LineString","coordinates":[[-7.75895,41.139],[-7.75868,41.13899]]},"properties":{"osm_type":"way","osm_id":1533239016,"country":"PT","name":"Valdigem (REN) - Varosa II","operator":"E-REDES","wikidata":null,"wikipedia":null}},{"type":"Feature","geometry":{"type":"LineString","coordinates":[[-7.75867,41.13904],[-7.75893,41.13906]]},"properties":{"osm_type":"way","osm_id":1533239017,"country":"PT","name":"Valdigem (REN) - Varosa I","operator":"E-REDES","wikidata":null,"wikipedia":null}},{"type":"Feature","geometry":{"type":"LineString","coordinates":[[-7.7589,41.13912],[-7.75865,41.1391]]},"properties":{"osm_type":"way","osm_id":1533239019,"country":"PT","name":null,"operator":"E-REDES","wikidata":null,"wikipedia":null}},{"type":"Feature","geometry":{"type":"LineString","coordinates":[[-7.76012,41.29221],[-7.76037,41.29199]]},"properties":{"osm_type":"way","osm_id":1533239020,"country":"PT","name":"Valdigem (REN) - Telheira","operator":"E-REDES","wikidata":null,"wikipedia":null}},{"type":"Feature","geometry":{"type":"LineString","coordinates":[[-7.75894,41.13931],[-7.75863,41.1392]]},"properties":{"osm_type":"way","osm_id":1533239021,"country":"PT","name":"Valdigem (REN) - Telheira","operator":"E-REDES","wikidata":null,"wikipedia":null}},{"type":"Feature","geometry":{"type":"LineString","coordinates":[[-7.57377,38.33528],[-7.57381,38.33521]]},"properties":{"osm_type":"way","osm_id":1533526401,"country":"PT","name":null,"operator":"E-REDES","wikidata":null,"wikipedia":null}},{"type":"Feature","geometry":{"type":"LineString","coordinates":[[-9.25509,38.77188],[-9.25641,38.77134],[-9.26107,38.7677]]},"properties":{"osm_type":"way","osm_id":1533531989,"country":"PT","name":null,"operator":null,"wikidata":null,"wikipedia":null}},{"type":"Feature","geometry":{"type":"LineString","coordinates":[[-8.56827,40.7765],[-8.56821,40.77663]]},"properties":{"osm_type":"way","osm_id":1537798856,"country":"PT","name":null,"operator":"CUF","wikidata":null,"wikipedia":null}},{"type":"Feature","geometry":{"type":"LineString","coordinates":[[-8.56812,40.77664],[-8.56823,40.77639]]},"properties":{"osm_type":"way","osm_id":1537798857,"country":"PT","name":null,"operator":"CUF","wikidata":null,"wikipedia":null}},{"type":"Feature","geometry":{"type":"LineString","coordinates":[[-8.56815,40.77648],[-8.56848,40.77655]]},"properties":{"osm_type":"way","osm_id":1537798858,"country":"PT","name":null,"operator":"CUF","wikidata":null,"wikipedia":null}},{"type":"Feature","geometry":{"type":"LineString","coordinates":[[-8.56848,40.77655],[-8.56857,40.77661]]},"properties":{"osm_type":"way","osm_id":1537798859,"country":"PT","name":null,"operator":"CUF","wikidata":null,"wikipedia":null}},{"type":"Feature","geometry":{"type":"LineString","coordinates":[[-8.41765,41.36618],[-8.4175,41.36624]]},"properties":{"osm_type":"way","osm_id":1553394796,"country":"PT","name":null,"operator":"Casfil","wikidata":null,"wikipedia":null}},{"type":"Feature","geometry":{"type":"LineString","coordinates":[[-7.94241,41.74244],[-7.93795,41.74193],[-7.92281,41.75578],[-7.85639,41.77782],[-7.84566,41.78012],[-7.84297,41.78222]]},"properties":{"osm_type":"way","osm_id":1561396764,"country":"PT","name":null,"operator":"EML Renewables, S. A.","wikidata":null,"wikipedia":null}},{"type":"Feature","geometry":{"type":"LineString","coordinates":[[-9.0481,39.28197],[-9.04083,39.27296],[-9.0256,39.2582],[-9.00665,39.25052],[-8.98964,39.23958]]},"properties":{"osm_type":"way","osm_id":1561451144,"country":"PT","name":null,"operator":"E-REDES","wikidata":null,"wikipedia":null}},{"type":"Feature","geometry":{"type":"LineString","coordinates":[[-8.17415,37.87998],[-8.17588,37.88085],[-8.17591,37.88154]]},"properties":{"osm_type":"way","osm_id":1561472311,"country":"PT","name":null,"operator":null,"wikidata":null,"wikipedia":null}},{"type":"Feature","geometry":{"type":"LineString","coordinates":[[-8.15095,37.8729],[-8.15235,37.87187]]},"properties":{"osm_type":"way","osm_id":1561472312,"country":"PT","name":null,"operator":null,"wikidata":null,"wikipedia":null}},{"type":"Feature","geometry":{"type":"LineString","coordinates":[[-8.15393,37.87045],[-8.15377,37.8669],[-8.15518,37.86505],[-8.15767,37.86304],[-8.16695,37.86494],[-8.17369,37.87391],[-8.17922,37.87931]]},"properties":{"osm_type":"way","osm_id":1561472315,"country":"PT","name":null,"operator":null,"wikidata":null,"wikipedia":null}}]}