{"type":"FeatureCollection","features":[{"type":"Feature","geometry":{"type":"Point","coordinates":[-9.2633,39.0959]},"properties":{"osm_type":"node","osm_id":287251243,"country":"PT","name":null,"operator":null,"wikidata":null,"wikipedia":null}},{"type":"Feature","geometry":{"type":"Point","coordinates":[-7.9398,41.45974]},"properties":{"osm_type":"node","osm_id":288197169,"country":"PT","name":null,"operator":null,"wikidata":null,"wikipedia":null}},{"type":"Feature","geometry":{"type":"Point","coordinates":[-7.93848,41.46399]},"properties":{"osm_type":"node","osm_id":288356763,"country":"PT","name":null,"operator":null,"wikidata":null,"wikipedia":null}},{"type":"Feature","geometry":{"type":"Point","coordinates":[-7.93744,41.44603]},"properties":{"osm_type":"node","osm_id":288356814,"country":"PT","name":null,"operator":null,"wikidata":null,"wikipedia":null}},{"type":"Feature","geometry":{"type":"Point","coordinates":[-7.93864,41.44337]},"properties":{"osm_type":"node","osm_id":288356819,"country":"PT","name":null,"operator":null,"wikidata":null,"wikipedia":null}},{"type":"Feature","geometry":{"type":"Point","coordinates":[-8.47218,41.10453]},"properties":{"osm_type":"node","osm_id":324175278,"country":"PT","name":null,"operator":null,"wikidata":null,"wikipedia":null}},{"type":"Feature","geometry":{"type":"Point","coordinates":[-8.45893,41.11259]},"properties":{"osm_type":"node","osm_id":324175600,"country":"PT","name":null,"operator":null,"wikidata":null,"wikipedia":null}},{"type":"Feature","geometry":{"type":"Point","coordinates":[-8.45791,41.11443]},"properties":{"osm_type":"node","osm_id":324175602,"country":"PT","name":null,"operator":null,"wikidata":null,"wikipedia":null}},{"type":"Feature","geometry":{"type":"Point","coordinates":[-8.43805,41.12773]},"properties":{"osm_type":"node","osm_id":324176194,"country":"PT","name":null,"operator":null,"wikidata":null,"wikipedia":null}},{"type":"Feature","geometry":{"type":"Point","coordinates":[-8.43337,41.12897]},"properties":{"osm_type":"node","osm_id":324176205,"country":"PT","name":null,"operator":null,"wikidata":null,"wikipedia":null}},{"type":"Feature","geometry":{"type":"Point","coordinates":[-8.37046,41.15931]},"properties":{"osm_type":"node","osm_id":324178442,"country":"PT","name":null,"operator":null,"wikidata":null,"wikipedia":null}},{"type":"Feature","geometry":{"type":"Point","coordinates":[-17.03437,32.74693]},"properties":{"osm_type":"node","osm_id":338765297,"country":"PT","name":null,"operator":null,"wikidata":null,"wikipedia":null}},{"type":"Feature","geometry":{"type":"Point","coordinates":[-17.02283,32.75426]},"properties":{"osm_type":"node","osm_id":350556900,"country":"PT","name":null,"operator":null,"wikidata":null,"wikipedia":null}},{"type":"Feature","geometry":{"type":"Point","coordinates":[-17.02621,32.75326]},"properties":{"osm_type":"node","osm_id":350556935,"country":"PT","name":null,"operator":null,"wikidata":null,"wikipedia":null}},{"type":"Feature","geometry":{"type":"Point","coordinates":[-16.86188,32.74411]},"properties":{"osm_type":"node","osm_id":443673816,"country":"PT","name":"madre da Levada do Castelejo","operator":null,"wikidata":null,"wikipedia":null}},{"type":"Feature","geometry":{"type":"Point","coordinates":[-8.8541,39.84791]},"properties":{"osm_type":"node","osm_id":600899801,"country":"PT","name":null,"operator":null,"wikidata":null,"wikipedia":null}},{"type":"Feature","geometry":{"type":"Point","coordinates":[-8.62172,40.86344]},"properties":{"osm_type":"node","osm_id":917841112,"country":"PT","name":null,"operator":null,"wikidata":null,"wikipedia":null}},{"type":"Feature","geometry":{"type":"Point","coordinates":[-7.66055,37.34119]},"properties":{"osm_type":"node","osm_id":922457347,"country":"PT","name":null,"operator":null,"wikidata":null,"wikipedia":null}},{"type":"Feature","geometry":{"type":"Point","coordinates":[-7.7083,37.13019]},"properties":{"osm_type":"node","osm_id":924124608,"country":"PT","name":"Descarga de Superfície","operator":null,"wikidata":null,"wikipedia":null}},{"type":"Feature","geometry":{"type":"Point","coordinates":[-7.62272,37.3422]},"properties":{"osm_type":"node","osm_id":960205530,"country":"PT","name":"Monte dos Fortes","operator":null,"wikidata":null,"wikipedia":null}},{"type":"Feature","geometry":{"type":"Point","coordinates":[-25.51826,37.82072]},"properties":{"osm_type":"node","osm_id":1018635356,"country":"PT","name":null,"operator":null,"wikidata":null,"wikipedia":null}},{"type":"Feature","geometry":{"type":"Point","coordinates":[-8.30086,41.51658]},"properties":{"osm_type":"node","osm_id":1089042909,"country":"PT","name":null,"operator":null,"wikidata":null,"wikipedia":null}},{"type":"Feature","geometry":{"type":"Point","coordinates":[-8.28866,41.52699]},"properties":{"osm_type":"node","osm_id":1089043045,"country":"PT","name":null,"operator":null,"wikidata":null,"wikipedia":null}},{"type":"Feature","geometry":{"type":"Point","coordinates":[-8.38154,41.41256]},"properties":{"osm_type":"node","osm_id":1089125386,"country":"PT","name":null,"operator":null,"wikidata":null,"wikipedia":null}},{"type":"Feature","geometry":{"type":"Point","coordinates":[-7.90312,39.91657]},"properties":{"osm_type":"node","osm_id":1108271794,"country":"PT","name":"Açude da Lameira","operator":null,"wikidata":null,"wikipedia":null}},{"type":"Feature","geometry":{"type":"Point","coordinates":[-7.80777,40.34721]},"properties":{"osm_type":"node","osm_id":1119654225,"country":"PT","name":null,"operator":null,"wikidata":null,"wikipedia":null}},{"type":"Feature","geometry":{"type":"Point","coordinates":[-7.73594,40.3787]},"properties":{"osm_type":"node","osm_id":1119654569,"country":"PT","name":null,"operator":null,"wikidata":null,"wikipedia":null}},{"type":"Feature","geometry":{"type":"Point","coordinates":[-7.85698,40.3182]},"properties":{"osm_type":"node","osm_id":1119656936,"country":"PT","name":null,"operator":null,"wikidata":null,"wikipedia":null}},{"type":"Feature","geometry":{"type":"Point","coordinates":[-7.83038,40.33436]},"properties":{"osm_type":"node","osm_id":1119657097,"country":"PT","name":null,"operator":null,"wikidata":null,"wikipedia":null}},{"type":"Feature","geometry":{"type":"Point","coordinates":[-25.45954,37.7766]},"properties":{"osm_type":"node","osm_id":1123821858,"country":"PT","name":null,"operator":null,"wikidata":null,"wikipedia":null}},{"type":"Feature","geometry":{"type":"Point","coordinates":[-25.45992,37.77574]},"properties":{"osm_type":"node","osm_id":1123823231,"country":"PT","name":null,"operator":null,"wikidata":null,"wikipedia":null}},{"type":"Feature","geometry":{"type":"Point","coordinates":[-16.87138,32.73333]},"properties":{"osm_type":"node","osm_id":1207137720,"country":"PT","name":"Madre","operator":null,"wikidata":null,"wikipedia":null}},{"type":"Feature","geometry":{"type":"Point","coordinates":[-16.88845,32.73242]},"properties":{"osm_type":"node","osm_id":1207137746,"country":"PT","name":null,"operator":null,"wikidata":null,"wikipedia":null}},{"type":"Feature","geometry":{"type":"Point","coordinates":[-8.27814,37.24003]},"properties":{"osm_type":"node","osm_id":1224611798,"country":"PT","name":null,"operator":null,"wikidata":null,"wikipedia":null}},{"type":"Feature","geometry":{"type":"Point","coordinates":[-8.27718,37.23702]},"properties":{"osm_type":"node","osm_id":1224612067,"country":"PT","name":null,"operator":null,"wikidata":null,"wikipedia":null}},{"type":"Feature","geometry":{"type":"Point","coordinates":[-8.56078,41.36303]},"properties":{"osm_type":"node","osm_id":1225191497,"country":"PT","name":null,"operator":null,"wikidata":null,"wikipedia":null}},{"type":"Feature","geometry":{"type":"Point","coordinates":[-17.15799,32.82911]},"properties":{"osm_type":"node","osm_id":1233066762,"country":"PT","name":null,"operator":null,"wikidata":null,"wikipedia":null}},{"type":"Feature","geometry":{"type":"Point","coordinates":[-7.55772,40.3573]},"properties":{"osm_type":"node","osm_id":1363025327,"country":"PT","name":null,"operator":null,"wikidata":null,"wikipedia":null}},{"type":"Feature","geometry":{"type":"Point","coordinates":[-17.08698,32.69648]},"properties":{"osm_type":"node","osm_id":1367617758,"country":"PT","name":null,"operator":null,"wikidata":null,"wikipedia":null}},{"type":"Feature","geometry":{"type":"Point","coordinates":[-17.08338,32.72019]},"properties":{"osm_type":"node","osm_id":1367617769,"country":"PT","name":"Madre da Levada Nova","operator":null,"wikidata":null,"wikipedia":null}},{"type":"Feature","geometry":{"type":"Point","coordinates":[-17.08661,32.70571]},"properties":{"osm_type":"node","osm_id":1367617846,"country":"PT","name":null,"operator":null,"wikidata":null,"wikipedia":null}},{"type":"Feature","geometry":{"type":"Point","coordinates":[-16.96039,32.68065]},"properties":{"osm_type":"node","osm_id":1380989370,"country":"PT","name":"Madre Lv dos Piornais","operator":null,"wikidata":null,"wikipedia":null}},{"type":"Feature","geometry":{"type":"Point","coordinates":[-8.40074,41.14884]},"properties":{"osm_type":"node","osm_id":1397498126,"country":"PT","name":null,"operator":null,"wikidata":null,"wikipedia":null}},{"type":"Feature","geometry":{"type":"Point","coordinates":[-8.53382,39.47773]},"properties":{"osm_type":"node","osm_id":1399818332,"country":"PT","name":null,"operator":null,"wikidata":null,"wikipedia":null}},{"type":"Feature","geometry":{"type":"Point","coordinates":[-8.29002,41.22429]},"properties":{"osm_type":"node","osm_id":1401036235,"country":"PT","name":null,"operator":null,"wikidata":null,"wikipedia":null}},{"type":"Feature","geometry":{"type":"Point","coordinates":[-8.38728,41.15041]},"properties":{"osm_type":"node","osm_id":1417924495,"country":"PT","name":null,"operator":null,"wikidata":null,"wikipedia":null}},{"type":"Feature","geometry":{"type":"Point","coordinates":[-9.39112,38.94516]},"properties":{"osm_type":"node","osm_id":1424667783,"country":"PT","name":null,"operator":null,"wikidata":null,"wikipedia":null}},{"type":"Feature","geometry":{"type":"Point","coordinates":[-16.88613,32.73501]},"properties":{"osm_type":"node","osm_id":1427035709,"country":"PT","name":null,"operator":null,"wikidata":null,"wikipedia":null}},{"type":"Feature","geometry":{"type":"Point","coordinates":[-8.39064,38.00178]},"properties":{"osm_type":"node","osm_id":1474954098,"country":"PT","name":null,"operator":null,"wikidata":null,"wikipedia":null}},{"type":"Feature","geometry":{"type":"Point","coordinates":[-16.97793,32.81276]},"properties":{"osm_type":"node","osm_id":1480084167,"country":"PT","name":null,"operator":null,"wikidata":null,"wikipedia":null}},{"type":"Feature","geometry":{"type":"Point","coordinates":[-8.49559,40.81175]},"properties":{"osm_type":"node","osm_id":1559435221,"country":"PT","name":null,"operator":null,"wikidata":null,"wikipedia":null}},{"type":"Feature","geometry":{"type":"Point","coordinates":[-8.48278,40.82102]},"properties":{"osm_type":"node","osm_id":1559435300,"country":"PT","name":null,"operator":null,"wikidata":null,"wikipedia":null}},{"type":"Feature","geometry":{"type":"Point","coordinates":[-17.0162,32.7518]},"properties":{"osm_type":"node","osm_id":1577459496,"country":"PT","name":null,"operator":null,"wikidata":null,"wikipedia":null}},{"type":"Feature","geometry":{"type":"Point","coordinates":[-8.63939,40.95394]},"properties":{"osm_type":"node","osm_id":1645700584,"country":"PT","name":null,"operator":null,"wikidata":null,"wikipedia":null}},{"type":"Feature","geometry":{"type":"Point","coordinates":[-8.22076,41.40311]},"properties":{"osm_type":"node","osm_id":1683590329,"country":"PT","name":null,"operator":null,"wikidata":null,"wikipedia":null}},{"type":"Feature","geometry":{"type":"Point","coordinates":[-8.21194,41.39856]},"properties":{"osm_type":"node","osm_id":1683590336,"country":"PT","name":"Vau","operator":null,"wikidata":null,"wikipedia":null}},{"type":"Feature","geometry":{"type":"Point","coordinates":[-8.21046,41.4026]},"properties":{"osm_type":"node","osm_id":1683594097,"country":"PT","name":null,"operator":null,"wikidata":null,"wikipedia":null}},{"type":"Feature","geometry":{"type":"Point","coordinates":[-8.01897,41.54329]},"properties":{"osm_type":"node","osm_id":1684617733,"country":"PT","name":null,"operator":null,"wikidata":null,"wikipedia":null}},{"type":"Feature","geometry":{"type":"Point","coordinates":[-7.03579,38.9394]},"properties":{"osm_type":"node","osm_id":1693228628,"country":"PT","name":null,"operator":null,"wikidata":null,"wikipedia":null}},{"type":"Feature","geometry":{"type":"Point","coordinates":[-7.94845,41.39761]},"properties":{"osm_type":"node","osm_id":1695952090,"country":"PT","name":null,"operator":null,"wikidata":null,"wikipedia":null}},{"type":"Feature","geometry":{"type":"Point","coordinates":[-8.6204,40.86537]},"properties":{"osm_type":"node","osm_id":1698688833,"country":"PT","name":null,"operator":null,"wikidata":null,"wikipedia":null}},{"type":"Feature","geometry":{"type":"Point","coordinates":[-8.63254,37.23002]},"properties":{"osm_type":"node","osm_id":1699903043,"country":"PT","name":null,"operator":null,"wikidata":null,"wikipedia":null}},{"type":"Feature","geometry":{"type":"Point","coordinates":[-7.96274,38.23672]},"properties":{"osm_type":"node","osm_id":1701778065,"country":"PT","name":null,"operator":null,"wikidata":null,"wikipedia":null}},{"type":"Feature","geometry":{"type":"Point","coordinates":[-7.92885,38.21699]},"properties":{"osm_type":"node","osm_id":1701778067,"country":"PT","name":null,"operator":null,"wikidata":null,"wikipedia":null}},{"type":"Feature","geometry":{"type":"Point","coordinates":[-7.90134,38.18143]},"properties":{"osm_type":"node","osm_id":1701778430,"country":"PT","name":null,"operator":null,"wikidata":null,"wikipedia":null}},{"type":"Feature","geometry":{"type":"Point","coordinates":[-7.92627,38.15619]},"properties":{"osm_type":"node","osm_id":1701778828,"country":"PT","name":null,"operator":null,"wikidata":null,"wikipedia":null}},{"type":"Feature","geometry":{"type":"Point","coordinates":[-9.026,39.57791]},"properties":{"osm_type":"node","osm_id":1704349911,"country":"PT","name":null,"operator":null,"wikidata":null,"wikipedia":null}},{"type":"Feature","geometry":{"type":"Point","coordinates":[-9.12581,38.8873]},"properties":{"osm_type":"node","osm_id":1707670288,"country":"PT","name":null,"operator":null,"wikidata":null,"wikipedia":null}},{"type":"Feature","geometry":{"type":"Point","coordinates":[-7.76147,38.37838]},"properties":{"osm_type":"node","osm_id":1711534765,"country":"PT","name":null,"operator":null,"wikidata":null,"wikipedia":null}},{"type":"Feature","geometry":{"type":"Point","coordinates":[-7.73528,38.37561]},"properties":{"osm_type":"node","osm_id":1711535084,"country":"PT","name":null,"operator":null,"wikidata":null,"wikipedia":null}},{"type":"Feature","geometry":{"type":"Point","coordinates":[-7.76833,38.38138]},"properties":{"osm_type":"node","osm_id":1711535090,"country":"PT","name":null,"operator":null,"wikidata":null,"wikipedia":null}},{"type":"Feature","geometry":{"type":"Point","coordinates":[-7.79007,38.39342]},"properties":{"osm_type":"node","osm_id":1711545158,"country":"PT","name":null,"operator":null,"wikidata":null,"wikipedia":null}},{"type":"Feature","geometry":{"type":"Point","coordinates":[-7.80451,38.41916]},"properties":{"osm_type":"node","osm_id":1711545252,"country":"PT","name":null,"operator":null,"wikidata":null,"wikipedia":null}},{"type":"Feature","geometry":{"type":"Point","coordinates":[-6.87386,41.54427]},"properties":{"osm_type":"node","osm_id":1746146241,"country":"PT","name":null,"operator":null,"wikidata":null,"wikipedia":null}},{"type":"Feature","geometry":{"type":"Point","coordinates":[-6.87989,41.53365]},"properties":{"osm_type":"node","osm_id":1746146297,"country":"PT","name":null,"operator":null,"wikidata":null,"wikipedia":null}},{"type":"Feature","geometry":{"type":"Point","coordinates":[-6.87817,41.53477]},"properties":{"osm_type":"node","osm_id":1746146353,"country":"PT","name":null,"operator":null,"wikidata":null,"wikipedia":null}},{"type":"Feature","geometry":{"type":"Point","coordinates":[-6.86914,41.55607]},"properties":{"osm_type":"node","osm_id":1746146370,"country":"PT","name":null,"operator":null,"wikidata":null,"wikipedia":null}},{"type":"Feature","geometry":{"type":"Point","coordinates":[-6.87358,41.54642]},"properties":{"osm_type":"node","osm_id":1746146412,"country":"PT","name":null,"operator":null,"wikidata":null,"wikipedia":null}},{"type":"Feature","geometry":{"type":"Point","coordinates":[-6.87671,41.54015]},"properties":{"osm_type":"node","osm_id":1746146499,"country":"PT","name":"Açude de Coelheinhos","operator":null,"wikidata":null,"wikipedia":null}},{"type":"Feature","geometry":{"type":"Point","coordinates":[-8.13495,38.15204]},"properties":{"osm_type":"node","osm_id":1752699066,"country":"PT","name":null,"operator":null,"wikidata":null,"wikipedia":null}},{"type":"Feature","geometry":{"type":"Point","coordinates":[-8.71082,37.54514]},"properties":{"osm_type":"node","osm_id":1756661162,"country":"PT","name":null,"operator":null,"wikidata":null,"wikipedia":null}},{"type":"Feature","geometry":{"type":"Point","coordinates":[-7.45014,41.39001]},"properties":{"osm_type":"node","osm_id":1801116585,"country":"PT","name":null,"operator":null,"wikidata":null,"wikipedia":null}},{"type":"Feature","geometry":{"type":"Point","coordinates":[-16.92934,32.72591]},"properties":{"osm_type":"node","osm_id":1803847330,"country":"PT","name":null,"operator":null,"wikidata":null,"wikipedia":null}},{"type":"Feature","geometry":{"type":"Point","coordinates":[-7.82697,41.8201]},"properties":{"osm_type":"node","osm_id":1819829787,"country":"PT","name":null,"operator":null,"wikidata":null,"wikipedia":null}},{"type":"Feature","geometry":{"type":"Point","coordinates":[-8.51507,41.40403]},"properties":{"osm_type":"node","osm_id":1822198173,"country":"PT","name":null,"operator":null,"wikidata":null,"wikipedia":null}},{"type":"Feature","geometry":{"type":"Point","coordinates":[-8.50999,41.40984]},"properties":{"osm_type":"node","osm_id":1822198520,"country":"PT","name":null,"operator":null,"wikidata":null,"wikipedia":null}},{"type":"Feature","geometry":{"type":"Point","coordinates":[-8.5097,41.40987]},"properties":{"osm_type":"node","osm_id":1822198530,"country":"PT","name":null,"operator":null,"wikidata":null,"wikipedia":null}},{"type":"Feature","geometry":{"type":"Point","coordinates":[-8.1978,37.18006]},"properties":{"osm_type":"node","osm_id":1854610732,"country":"PT","name":"Açude da Estacada","operator":null,"wikidata":null,"wikipedia":null}},{"type":"Feature","geometry":{"type":"Point","coordinates":[-28.05156,38.67999]},"properties":{"osm_type":"node","osm_id":1860225425,"country":"PT","name":null,"operator":null,"wikidata":null,"wikipedia":null}},{"type":"Feature","geometry":{"type":"Point","coordinates":[-8.8621,39.86221]},"properties":{"osm_type":"node","osm_id":1864359621,"country":"PT","name":null,"operator":null,"wikidata":null,"wikipedia":null}},{"type":"Feature","geometry":{"type":"Point","coordinates":[-8.1879,37.97028]},"properties":{"osm_type":"node","osm_id":1865583724,"country":"PT","name":null,"operator":null,"wikidata":null,"wikipedia":null}},{"type":"Feature","geometry":{"type":"Point","coordinates":[-16.81861,32.71554]},"properties":{"osm_type":"node","osm_id":1867197619,"country":"PT","name":"Madre da Levada Nova","operator":null,"wikidata":null,"wikipedia":null}},{"type":"Feature","geometry":{"type":"Point","coordinates":[-7.88593,40.26626]},"properties":{"osm_type":"node","osm_id":1915360444,"country":"PT","name":null,"operator":null,"wikidata":null,"wikipedia":null}},{"type":"Feature","geometry":{"type":"Point","coordinates":[-7.88727,40.26079]},"properties":{"osm_type":"node","osm_id":1915396744,"country":"PT","name":null,"operator":null,"wikidata":null,"wikipedia":null}},{"type":"Feature","geometry":{"type":"Point","coordinates":[-7.88951,40.26745]},"properties":{"osm_type":"node","osm_id":1915421694,"country":"PT","name":null,"operator":null,"wikidata":null,"wikipedia":null}},{"type":"Feature","geometry":{"type":"Point","coordinates":[-9.25871,38.75408]},"properties":{"osm_type":"node","osm_id":1918476350,"country":"PT","name":null,"operator":null,"wikidata":null,"wikipedia":null}},{"type":"Feature","geometry":{"type":"Point","coordinates":[-7.86089,39.47231]},"properties":{"osm_type":"node","osm_id":1924073059,"country":"PT","name":null,"operator":null,"wikidata":null,"wikipedia":null}},{"type":"Feature","geometry":{"type":"Point","coordinates":[-7.95612,38.10508]},"properties":{"osm_type":"node","osm_id":1942543813,"country":"PT","name":null,"operator":null,"wikidata":null,"wikipedia":null}},{"type":"Feature","geometry":{"type":"Point","coordinates":[-7.79158,41.82901]},"properties":{"osm_type":"node","osm_id":1943577156,"country":"PT","name":null,"operator":null,"wikidata":null,"wikipedia":null}},{"type":"Feature","geometry":{"type":"Point","coordinates":[-8.17377,37.96023]},"properties":{"osm_type":"node","osm_id":1953895491,"country":"PT","name":null,"operator":null,"wikidata":null,"wikipedia":null}},{"type":"Feature","geometry":{"type":"Point","coordinates":[-7.17876,40.25828]},"properties":{"osm_type":"node","osm_id":1960156468,"country":"PT","name":null,"operator":null,"wikidata":null,"wikipedia":null}},{"type":"Feature","geometry":{"type":"Point","coordinates":[-8.42012,41.36866]},"properties":{"osm_type":"node","osm_id":1962018801,"country":"PT","name":null,"operator":null,"wikidata":null,"wikipedia":null}},{"type":"Feature","geometry":{"type":"Point","coordinates":[-8.40471,41.38193]},"properties":{"osm_type":"node","osm_id":1962019488,"country":"PT","name":null,"operator":null,"wikidata":null,"wikipedia":null}},{"type":"Feature","geometry":{"type":"Point","coordinates":[-8.56782,41.42674]},"properties":{"osm_type":"node","osm_id":1962022020,"country":"PT","name":null,"operator":null,"wikidata":null,"wikipedia":null}},{"type":"Feature","geometry":{"type":"Point","coordinates":[-8.5399,41.45808]},"properties":{"osm_type":"node","osm_id":1962022754,"country":"PT","name":null,"operator":null,"wikidata":null,"wikipedia":null}},{"type":"Feature","geometry":{"type":"Point","coordinates":[-9.18496,38.94017]},"properties":{"osm_type":"node","osm_id":1973646682,"country":"PT","name":null,"operator":null,"wikidata":null,"wikipedia":null}},{"type":"Feature","geometry":{"type":"Point","coordinates":[-8.17004,41.43743]},"properties":{"osm_type":"node","osm_id":1974011492,"country":"PT","name":null,"operator":null,"wikidata":null,"wikipedia":null}},{"type":"Feature","geometry":{"type":"Point","coordinates":[-17.17698,32.83119]},"properties":{"osm_type":"node","osm_id":1979948904,"country":"PT","name":null,"operator":null,"wikidata":null,"wikipedia":null}},{"type":"Feature","geometry":{"type":"Point","coordinates":[-16.93686,32.79572]},"properties":{"osm_type":"node","osm_id":1993834375,"country":"PT","name":"madre da Levada do Rei","operator":null,"wikidata":null,"wikipedia":null}},{"type":"Feature","geometry":{"type":"Point","coordinates":[-9.22952,38.76116]},"properties":{"osm_type":"node","osm_id":1996093930,"country":"PT","name":null,"operator":null,"wikidata":null,"wikipedia":null}},{"type":"Feature","geometry":{"type":"Point","coordinates":[-9.22961,38.76191]},"properties":{"osm_type":"node","osm_id":1996093933,"country":"PT","name":null,"operator":null,"wikidata":null,"wikipedia":null}},{"type":"Feature","geometry":{"type":"Point","coordinates":[-9.22985,38.76251]},"properties":{"osm_type":"node","osm_id":1996093977,"country":"PT","name":null,"operator":null,"wikidata":null,"wikipedia":null}},{"type":"Feature","geometry":{"type":"Point","coordinates":[-9.22978,38.76221]},"properties":{"osm_type":"node","osm_id":1996093981,"country":"PT","name":null,"operator":null,"wikidata":null,"wikipedia":null}},{"type":"Feature","geometry":{"type":"Point","coordinates":[-9.2299,38.76235]},"properties":{"osm_type":"node","osm_id":1996093984,"country":"PT","name":null,"operator":null,"wikidata":null,"wikipedia":null}},{"type":"Feature","geometry":{"type":"Point","coordinates":[-9.22965,38.76211]},"properties":{"osm_type":"node","osm_id":1996094034,"country":"PT","name":null,"operator":null,"wikidata":null,"wikipedia":null}},{"type":"Feature","geometry":{"type":"Point","coordinates":[-8.60553,41.33903]},"properties":{"osm_type":"node","osm_id":2006144942,"country":"PT","name":null,"operator":null,"wikidata":null,"wikipedia":null}},{"type":"Feature","geometry":{"type":"Point","coordinates":[-8.63304,41.3427]},"properties":{"osm_type":"node","osm_id":2006145001,"country":"PT","name":null,"operator":null,"wikidata":null,"wikipedia":null}},{"type":"Feature","geometry":{"type":"Point","coordinates":[-8.63422,41.34704]},"properties":{"osm_type":"node","osm_id":2006145089,"country":"PT","name":null,"operator":null,"wikidata":null,"wikipedia":null}},{"type":"Feature","geometry":{"type":"Point","coordinates":[-16.91935,32.78714]},"properties":{"osm_type":"node","osm_id":2006418939,"country":"PT","name":"Madre da Levada Santana (ou da Silveira)","operator":null,"wikidata":null,"wikipedia":null}},{"type":"Feature","geometry":{"type":"Point","coordinates":[-8.04707,38.06944]},"properties":{"osm_type":"node","osm_id":2008329942,"country":"PT","name":null,"operator":null,"wikidata":null,"wikipedia":null}},{"type":"Feature","geometry":{"type":"Point","coordinates":[-8.06814,37.95757]},"properties":{"osm_type":"node","osm_id":2008950593,"country":"PT","name":null,"operator":null,"wikidata":null,"wikipedia":null}},{"type":"Feature","geometry":{"type":"Point","coordinates":[-16.89237,32.79073]},"properties":{"osm_type":"node","osm_id":2012786559,"country":"PT","name":"Madre","operator":null,"wikidata":null,"wikipedia":null}},{"type":"Feature","geometry":{"type":"Point","coordinates":[-8.46768,40.72461]},"properties":{"osm_type":"node","osm_id":2027199928,"country":"PT","name":null,"operator":null,"wikidata":null,"wikipedia":null}},{"type":"Feature","geometry":{"type":"Point","coordinates":[-8.45342,40.76265]},"properties":{"osm_type":"node","osm_id":2027245088,"country":"PT","name":null,"operator":null,"wikidata":null,"wikipedia":null}},{"type":"Feature","geometry":{"type":"Point","coordinates":[-7.81415,41.03694]},"properties":{"osm_type":"node","osm_id":2058918070,"country":"PT","name":null,"operator":null,"wikidata":null,"wikipedia":null}},{"type":"Feature","geometry":{"type":"Point","coordinates":[-8.41445,41.14254]},"properties":{"osm_type":"node","osm_id":2065731784,"country":"PT","name":null,"operator":null,"wikidata":null,"wikipedia":null}},{"type":"Feature","geometry":{"type":"Point","coordinates":[-8.1717,40.99852]},"properties":{"osm_type":"node","osm_id":2133050749,"country":"PT","name":"Açude Ponte da Balsa","operator":null,"wikidata":null,"wikipedia":null}},{"type":"Feature","geometry":{"type":"Point","coordinates":[-17.12519,32.76869]},"properties":{"osm_type":"node","osm_id":2173880432,"country":"PT","name":"Madre da Levada Vinte e Cinco Fontes","operator":null,"wikidata":null,"wikipedia":null}},{"type":"Feature","geometry":{"type":"Point","coordinates":[-8.37354,41.56735]},"properties":{"osm_type":"node","osm_id":2179074428,"country":"PT","name":null,"operator":null,"wikidata":null,"wikipedia":null}},{"type":"Feature","geometry":{"type":"Point","coordinates":[-8.37348,41.56733]},"properties":{"osm_type":"node","osm_id":2179636062,"country":"PT","name":null,"operator":null,"wikidata":null,"wikipedia":null}},{"type":"Feature","geometry":{"type":"Point","coordinates":[-8.37359,41.56736]},"properties":{"osm_type":"node","osm_id":2179636063,"country":"PT","name":null,"operator":null,"wikidata":null,"wikipedia":null}},{"type":"Feature","geometry":{"type":"Point","coordinates":[-6.52217,41.30613]},"properties":{"osm_type":"node","osm_id":2183301115,"country":"PT","name":null,"operator":null,"wikidata":null,"wikipedia":null}},{"type":"Feature","geometry":{"type":"Point","coordinates":[-8.22811,40.81614]},"properties":{"osm_type":"node","osm_id":2183323821,"country":"PT","name":null,"operator":null,"wikidata":null,"wikipedia":null}},{"type":"Feature","geometry":{"type":"Point","coordinates":[-16.98161,32.80841]},"properties":{"osm_type":"node","osm_id":2240150338,"country":"PT","name":null,"operator":null,"wikidata":null,"wikipedia":null}},{"type":"Feature","geometry":{"type":"Point","coordinates":[-17.08941,32.69221]},"properties":{"osm_type":"node","osm_id":2299794345,"country":"PT","name":null,"operator":null,"wikidata":null,"wikipedia":null}},{"type":"Feature","geometry":{"type":"Point","coordinates":[-17.08614,32.70076]},"properties":{"osm_type":"node","osm_id":2299824447,"country":"PT","name":null,"operator":null,"wikidata":null,"wikipedia":null}},{"type":"Feature","geometry":{"type":"Point","coordinates":[-17.08511,32.71141]},"properties":{"osm_type":"node","osm_id":2299833173,"country":"PT","name":null,"operator":null,"wikidata":null,"wikipedia":null}},{"type":"Feature","geometry":{"type":"Point","coordinates":[-17.08617,32.71348]},"properties":{"osm_type":"node","osm_id":2299833177,"country":"PT","name":null,"operator":null,"wikidata":null,"wikipedia":null}},{"type":"Feature","geometry":{"type":"Point","coordinates":[-17.08439,32.7171]},"properties":{"osm_type":"node","osm_id":2299833191,"country":"PT","name":null,"operator":null,"wikidata":null,"wikipedia":null}},{"type":"Feature","geometry":{"type":"Point","coordinates":[-8.37826,40.86704]},"properties":{"osm_type":"node","osm_id":2308415385,"country":"PT","name":null,"operator":null,"wikidata":null,"wikipedia":null}},{"type":"Feature","geometry":{"type":"Point","coordinates":[-16.9079,32.72825]},"properties":{"osm_type":"node","osm_id":2319419765,"country":"PT","name":"Madre da Levada do Juncal","operator":null,"wikidata":null,"wikipedia":null}},{"type":"Feature","geometry":{"type":"Point","coordinates":[-16.91079,32.73245]},"properties":{"osm_type":"node","osm_id":2319419777,"country":"PT","name":"Madre da Levada do Juncal","operator":null,"wikidata":null,"wikipedia":null}},{"type":"Feature","geometry":{"type":"Point","coordinates":[-17.01951,32.7439]},"properties":{"osm_type":"node","osm_id":2320319282,"country":"PT","name":null,"operator":null,"wikidata":null,"wikipedia":null}},{"type":"Feature","geometry":{"type":"Point","coordinates":[-8.11225,38.13796]},"properties":{"osm_type":"node","osm_id":2429113057,"country":"PT","name":null,"operator":null,"wikidata":null,"wikipedia":null}},{"type":"Feature","geometry":{"type":"Point","coordinates":[-8.93696,38.85436]},"properties":{"osm_type":"node","osm_id":2488791586,"country":"PT","name":null,"operator":null,"wikidata":null,"wikipedia":null}},{"type":"Feature","geometry":{"type":"Point","coordinates":[-8.08886,41.4109]},"properties":{"osm_type":"node","osm_id":2533632217,"country":"PT","name":"Nalgueiro","operator":null,"wikidata":null,"wikipedia":null}},{"type":"Feature","geometry":{"type":"Point","coordinates":[-8.08969,41.41076]},"properties":{"osm_type":"node","osm_id":2533658032,"country":"PT","name":"Poço dos Salgueiros","operator":null,"wikidata":null,"wikipedia":null}},{"type":"Feature","geometry":{"type":"Point","coordinates":[-17.22453,32.77875]},"properties":{"osm_type":"node","osm_id":2565255515,"country":"PT","name":null,"operator":null,"wikidata":null,"wikipedia":null}},{"type":"Feature","geometry":{"type":"Point","coordinates":[-17.22813,32.823]},"properties":{"osm_type":"node","osm_id":2570068092,"country":"PT","name":null,"operator":null,"wikidata":null,"wikipedia":null}},{"type":"Feature","geometry":{"type":"Point","coordinates":[-7.94257,40.22295]},"properties":{"osm_type":"node","osm_id":2570753954,"country":"PT","name":null,"operator":null,"wikidata":null,"wikipedia":null}},{"type":"Feature","geometry":{"type":"Point","coordinates":[-16.95669,32.68279]},"properties":{"osm_type":"node","osm_id":2590885878,"country":"PT","name":null,"operator":null,"wikidata":null,"wikipedia":null}},{"type":"Feature","geometry":{"type":"Point","coordinates":[-8.64805,41.8368]},"properties":{"osm_type":"node","osm_id":2628704634,"country":"PT","name":null,"operator":null,"wikidata":null,"wikipedia":null}},{"type":"Feature","geometry":{"type":"Point","coordinates":[-7.96047,40.28631]},"properties":{"osm_type":"node","osm_id":2747907658,"country":"PT","name":null,"operator":null,"wikidata":null,"wikipedia":null}},{"type":"Feature","geometry":{"type":"Point","coordinates":[-8.39614,41.38671]},"properties":{"osm_type":"node","osm_id":2760612292,"country":"PT","name":null,"operator":null,"wikidata":null,"wikipedia":null}},{"type":"Feature","geometry":{"type":"Point","coordinates":[-8.39859,41.39222]},"properties":{"osm_type":"node","osm_id":2760612365,"country":"PT","name":null,"operator":null,"wikidata":null,"wikipedia":null}},{"type":"Feature","geometry":{"type":"Point","coordinates":[-17.08605,32.70242]},"properties":{"osm_type":"node","osm_id":2805798214,"country":"PT","name":null,"operator":null,"wikidata":null,"wikipedia":null}},{"type":"Feature","geometry":{"type":"Point","coordinates":[-7.96459,37.85258]},"properties":{"osm_type":"node","osm_id":2924881052,"country":"PT","name":null,"operator":null,"wikidata":null,"wikipedia":null}},{"type":"Feature","geometry":{"type":"Point","coordinates":[-8.7304,41.77232]},"properties":{"osm_type":"node","osm_id":2983503652,"country":"PT","name":null,"operator":null,"wikidata":null,"wikipedia":null}},{"type":"Feature","geometry":{"type":"Point","coordinates":[-7.88651,40.26485]},"properties":{"osm_type":"node","osm_id":3028490806,"country":"PT","name":null,"operator":null,"wikidata":null,"wikipedia":null}},{"type":"Feature","geometry":{"type":"Point","coordinates":[-8.67119,37.62318]},"properties":{"osm_type":"node","osm_id":3033251526,"country":"PT","name":null,"operator":null,"wikidata":null,"wikipedia":null}},{"type":"Feature","geometry":{"type":"Point","coordinates":[-7.10005,38.86987]},"properties":{"osm_type":"node","osm_id":3086032604,"country":"PT","name":null,"operator":null,"wikidata":null,"wikipedia":null}},{"type":"Feature","geometry":{"type":"Point","coordinates":[-7.08637,38.89616]},"properties":{"osm_type":"node","osm_id":3086032608,"country":"PT","name":null,"operator":null,"wikidata":null,"wikipedia":null}},{"type":"Feature","geometry":{"type":"Point","coordinates":[-7.09559,38.90791]},"properties":{"osm_type":"node","osm_id":3086032612,"country":"PT","name":null,"operator":null,"wikidata":null,"wikipedia":null}},{"type":"Feature","geometry":{"type":"Point","coordinates":[-7.08988,38.88658]},"properties":{"osm_type":"node","osm_id":3086032613,"country":"PT","name":null,"operator":null,"wikidata":null,"wikipedia":null}},{"type":"Feature","geometry":{"type":"Point","coordinates":[-7.09821,38.91577]},"properties":{"osm_type":"node","osm_id":3086032615,"country":"PT","name":null,"operator":null,"wikidata":null,"wikipedia":null}},{"type":"Feature","geometry":{"type":"Point","coordinates":[-7.09274,38.87395]},"properties":{"osm_type":"node","osm_id":3086032616,"country":"PT","name":null,"operator":null,"wikidata":null,"wikipedia":null}},{"type":"Feature","geometry":{"type":"Point","coordinates":[-7.10752,38.84877]},"properties":{"osm_type":"node","osm_id":3086101129,"country":"PT","name":null,"operator":null,"wikidata":null,"wikipedia":null}},{"type":"Feature","geometry":{"type":"Point","coordinates":[-7.10742,38.84579]},"properties":{"osm_type":"node","osm_id":3086101130,"country":"PT","name":null,"operator":null,"wikidata":null,"wikipedia":null}},{"type":"Feature","geometry":{"type":"Point","coordinates":[-7.11579,38.83569]},"properties":{"osm_type":"node","osm_id":3086101131,"country":"PT","name":null,"operator":null,"wikidata":null,"wikipedia":null}},{"type":"Feature","geometry":{"type":"Point","coordinates":[-7.10715,38.9851]},"properties":{"osm_type":"node","osm_id":3086102733,"country":"PT","name":null,"operator":null,"wikidata":null,"wikipedia":null}},{"type":"Feature","geometry":{"type":"Point","coordinates":[-7.09896,38.95115]},"properties":{"osm_type":"node","osm_id":3086102736,"country":"PT","name":null,"operator":null,"wikidata":null,"wikipedia":null}},{"type":"Feature","geometry":{"type":"Point","coordinates":[-7.09146,38.92009]},"properties":{"osm_type":"node","osm_id":3086102738,"country":"PT","name":null,"operator":null,"wikidata":null,"wikipedia":null}},{"type":"Feature","geometry":{"type":"Point","coordinates":[-7.10351,38.85702]},"properties":{"osm_type":"node","osm_id":3086102739,"country":"PT","name":null,"operator":null,"wikidata":null,"wikipedia":null}},{"type":"Feature","geometry":{"type":"Point","coordinates":[-7.10498,38.8506]},"properties":{"osm_type":"node","osm_id":3086102741,"country":"PT","name":null,"operator":null,"wikidata":null,"wikipedia":null}},{"type":"Feature","geometry":{"type":"Point","coordinates":[-7.11159,38.84102]},"properties":{"osm_type":"node","osm_id":3086102745,"country":"PT","name":null,"operator":null,"wikidata":null,"wikipedia":null}},{"type":"Feature","geometry":{"type":"Point","coordinates":[-8.28199,41.3727]},"properties":{"osm_type":"node","osm_id":3180577466,"country":"PT","name":null,"operator":null,"wikidata":null,"wikipedia":null}},{"type":"Feature","geometry":{"type":"Point","coordinates":[-17.06412,32.66838]},"properties":{"osm_type":"node","osm_id":3184292544,"country":"PT","name":null,"operator":null,"wikidata":null,"wikipedia":null}},{"type":"Feature","geometry":{"type":"Point","coordinates":[-16.87687,32.6666]},"properties":{"osm_type":"node","osm_id":3261644096,"country":"PT","name":null,"operator":null,"wikidata":null,"wikipedia":null}},{"type":"Feature","geometry":{"type":"Point","coordinates":[-17.17431,32.83855]},"properties":{"osm_type":"node","osm_id":3261749737,"country":"PT","name":null,"operator":null,"wikidata":null,"wikipedia":null}},{"type":"Feature","geometry":{"type":"Point","coordinates":[-17.17261,32.8439]},"properties":{"osm_type":"node","osm_id":3261749744,"country":"PT","name":null,"operator":null,"wikidata":null,"wikipedia":null}},{"type":"Feature","geometry":{"type":"Point","coordinates":[-17.16782,32.84917]},"properties":{"osm_type":"node","osm_id":3261749759,"country":"PT","name":null,"operator":null,"wikidata":null,"wikipedia":null}},{"type":"Feature","geometry":{"type":"Point","coordinates":[-17.14416,32.7994]},"properties":{"osm_type":"node","osm_id":3261877440,"country":"PT","name":null,"operator":null,"wikidata":null,"wikipedia":null}},{"type":"Feature","geometry":{"type":"Point","coordinates":[-17.09158,32.68967]},"properties":{"osm_type":"node","osm_id":3261917189,"country":"PT","name":null,"operator":null,"wikidata":null,"wikipedia":null}},{"type":"Feature","geometry":{"type":"Point","coordinates":[-17.08615,32.70012]},"properties":{"osm_type":"node","osm_id":3261917196,"country":"PT","name":null,"operator":null,"wikidata":null,"wikipedia":null}},{"type":"Feature","geometry":{"type":"Point","coordinates":[-17.08506,32.70305]},"properties":{"osm_type":"node","osm_id":3261917201,"country":"PT","name":null,"operator":null,"wikidata":null,"wikipedia":null}},{"type":"Feature","geometry":{"type":"Point","coordinates":[-17.08379,32.71326]},"properties":{"osm_type":"node","osm_id":3261917210,"country":"PT","name":null,"operator":null,"wikidata":null,"wikipedia":null}},{"type":"Feature","geometry":{"type":"Point","coordinates":[-8.27457,40.87077]},"properties":{"osm_type":"node","osm_id":3324187109,"country":"PT","name":null,"operator":null,"wikidata":null,"wikipedia":null}},{"type":"Feature","geometry":{"type":"Point","coordinates":[-8.49594,42.01423]},"properties":{"osm_type":"node","osm_id":3392878662,"country":"PT","name":null,"operator":null,"wikidata":null,"wikipedia":null}},{"type":"Feature","geometry":{"type":"Point","coordinates":[-17.10681,32.77885]},"properties":{"osm_type":"node","osm_id":3415807924,"country":"PT","name":"Madre da levada do Norte","operator":null,"wikidata":null,"wikipedia":null}},{"type":"Feature","geometry":{"type":"Point","coordinates":[-17.07713,32.78836]},"properties":{"osm_type":"node","osm_id":3418150981,"country":"PT","name":"Madre da Levada Faja do Rodrigues","operator":null,"wikidata":null,"wikipedia":null}},{"type":"Feature","geometry":{"type":"Point","coordinates":[-7.21265,39.90043]},"properties":{"osm_type":"node","osm_id":3427968831,"country":"PT","name":null,"operator":null,"wikidata":null,"wikipedia":null}},{"type":"Feature","geometry":{"type":"Point","coordinates":[-8.35611,41.41873]},"properties":{"osm_type":"node","osm_id":3441796236,"country":"PT","name":null,"operator":null,"wikidata":null,"wikipedia":null}},{"type":"Feature","geometry":{"type":"Point","coordinates":[-8.233,41.28736]},"properties":{"osm_type":"node","osm_id":3626528958,"country":"PT","name":null,"operator":null,"wikidata":null,"wikipedia":null}},{"type":"Feature","geometry":{"type":"Point","coordinates":[-8.71195,39.44543]},"properties":{"osm_type":"node","osm_id":3649192173,"country":"PT","name":null,"operator":null,"wikidata":null,"wikipedia":null}},{"type":"Feature","geometry":{"type":"Point","coordinates":[-8.48009,41.58499]},"properties":{"osm_type":"node","osm_id":3663935911,"country":"PT","name":null,"operator":null,"wikidata":null,"wikipedia":null}},{"type":"Feature","geometry":{"type":"Point","coordinates":[-7.90292,37.89379]},"properties":{"osm_type":"node","osm_id":3810812819,"country":"PT","name":null,"operator":null,"wikidata":null,"wikipedia":null}},{"type":"Feature","geometry":{"type":"Point","coordinates":[-8.59292,41.80071]},"properties":{"osm_type":"node","osm_id":3892706254,"country":"PT","name":null,"operator":null,"wikidata":null,"wikipedia":null}},{"type":"Feature","geometry":{"type":"Point","coordinates":[-8.59682,41.82266]},"properties":{"osm_type":"node","osm_id":3892706395,"country":"PT","name":null,"operator":null,"wikidata":null,"wikipedia":null}},{"type":"Feature","geometry":{"type":"Point","coordinates":[-16.94508,32.77025]},"properties":{"osm_type":"node","osm_id":3921399571,"country":"PT","name":"Madre da Levada do Caldeirão Verde","operator":null,"wikidata":null,"wikipedia":null}},{"type":"Feature","geometry":{"type":"Point","coordinates":[-7.99563,37.35009]},"properties":{"osm_type":"node","osm_id":3988625260,"country":"PT","name":null,"operator":null,"wikidata":null,"wikipedia":null}},{"type":"Feature","geometry":{"type":"Point","coordinates":[-7.69706,41.23769]},"properties":{"osm_type":"node","osm_id":4003108801,"country":"PT","name":null,"operator":null,"wikidata":null,"wikipedia":null}},{"type":"Feature","geometry":{"type":"Point","coordinates":[-6.42415,41.65553]},"properties":{"osm_type":"node","osm_id":4067278671,"country":"PT","name":null,"operator":null,"wikidata":null,"wikipedia":null}},{"type":"Feature","geometry":{"type":"Point","coordinates":[-9.0666,39.57497]},"properties":{"osm_type":"node","osm_id":4148550357,"country":"PT","name":null,"operator":null,"wikidata":null,"wikipedia":null}},{"type":"Feature","geometry":{"type":"Point","coordinates":[-9.06734,39.57255]},"properties":{"osm_type":"node","osm_id":4148550559,"country":"PT","name":null,"operator":null,"wikidata":null,"wikipedia":null}},{"type":"Feature","geometry":{"type":"Point","coordinates":[-6.39529,41.61462]},"properties":{"osm_type":"node","osm_id":4163231814,"country":"PT","name":"Açuda de l Molino de la Yedra","operator":null,"wikidata":null,"wikipedia":null}},{"type":"Feature","geometry":{"type":"Point","coordinates":[-6.40575,41.61104]},"properties":{"osm_type":"node","osm_id":4271731991,"country":"PT","name":"Açuda de las Almas","operator":null,"wikidata":null,"wikipedia":null}},{"type":"Feature","geometry":{"type":"Point","coordinates":[-8.57641,40.93233]},"properties":{"osm_type":"node","osm_id":4381193776,"country":"PT","name":null,"operator":null,"wikidata":null,"wikipedia":null}},{"type":"Feature","geometry":{"type":"Point","coordinates":[-25.78977,37.8754]},"properties":{"osm_type":"node","osm_id":4386361739,"country":"PT","name":"Comporta controlo nível da lagoa","operator":null,"wikidata":null,"wikipedia":null}},{"type":"Feature","geometry":{"type":"Point","coordinates":[-8.86275,39.86213]},"properties":{"osm_type":"node","osm_id":4393744712,"country":"PT","name":null,"operator":null,"wikidata":null,"wikipedia":null}},{"type":"Feature","geometry":{"type":"Point","coordinates":[-7.90127,38.18166]},"properties":{"osm_type":"node","osm_id":4401910278,"country":"PT","name":null,"operator":null,"wikidata":null,"wikipedia":null}},{"type":"Feature","geometry":{"type":"Point","coordinates":[-8.6735,41.17789]},"properties":{"osm_type":"node","osm_id":4434419507,"country":"PT","name":null,"operator":null,"wikidata":null,"wikipedia":null}},{"type":"Feature","geometry":{"type":"Point","coordinates":[-8.22473,41.32666]},"properties":{"osm_type":"node","osm_id":4462502636,"country":"PT","name":null,"operator":null,"wikidata":null,"wikipedia":null}},{"type":"Feature","geometry":{"type":"Point","coordinates":[-16.91671,32.75758]},"properties":{"osm_type":"node","osm_id":4467039703,"country":"PT","name":"Madre da Levada de João Dias","operator":null,"wikidata":null,"wikipedia":null}},{"type":"Feature","geometry":{"type":"Point","coordinates":[-16.81232,32.73508]},"properties":{"osm_type":"node","osm_id":4468784260,"country":"PT","name":"Madre da Levada Nova de Machico","operator":null,"wikidata":null,"wikipedia":null}},{"type":"Feature","geometry":{"type":"Point","coordinates":[-16.79995,32.74383]},"properties":{"osm_type":"node","osm_id":4468820100,"country":"PT","name":"Madre da Levada do Maroços 4","operator":null,"wikidata":null,"wikipedia":null}},{"type":"Feature","geometry":{"type":"Point","coordinates":[-17.03823,32.68973]},"properties":{"osm_type":"node","osm_id":4470458944,"country":"PT","name":"Madre da Levada do Baixo","operator":null,"wikidata":null,"wikipedia":null}},{"type":"Feature","geometry":{"type":"Point","coordinates":[-17.03271,32.68905]},"properties":{"osm_type":"node","osm_id":4470467025,"country":"PT","name":"Madre da Levada do Meio","operator":null,"wikidata":null,"wikipedia":null}},{"type":"Feature","geometry":{"type":"Point","coordinates":[-17.13825,32.78874]},"properties":{"osm_type":"node","osm_id":4472342313,"country":"PT","name":"Antigo Madre da Levada da Rocha Vermelha","operator":null,"wikidata":null,"wikipedia":null}},{"type":"Feature","geometry":{"type":"Point","coordinates":[-17.20132,32.80207]},"properties":{"osm_type":"node","osm_id":4472466028,"country":"PT","name":"Madre da Levada da Serra da Ponta de Pargo inferior","operator":null,"wikidata":null,"wikipedia":null}},{"type":"Feature","geometry":{"type":"Point","coordinates":[-17.02002,32.70839]},"properties":{"osm_type":"node","osm_id":4475764665,"country":"PT","name":"Madre da Levada do Boqueirão","operator":null,"wikidata":null,"wikipedia":null}},{"type":"Feature","geometry":{"type":"Point","coordinates":[-16.86427,32.76015]},"properties":{"osm_type":"node","osm_id":4478018159,"country":"PT","name":"Madre da Levada de Baixo superior","operator":null,"wikidata":null,"wikipedia":null}},{"type":"Feature","geometry":{"type":"Point","coordinates":[-16.98722,32.77591]},"properties":{"osm_type":"node","osm_id":4479452290,"country":"PT","name":"Madre da Levada dos Tornos","operator":null,"wikidata":null,"wikipedia":null}},{"type":"Feature","geometry":{"type":"Point","coordinates":[-16.93619,32.7738]},"properties":{"osm_type":"node","osm_id":4479472625,"country":"PT","name":"Madre da Levada do Caldeirão Verde superior","operator":null,"wikidata":null,"wikipedia":null}},{"type":"Feature","geometry":{"type":"Point","coordinates":[-16.86166,32.76168]},"properties":{"osm_type":"node","osm_id":4479638267,"country":"PT","name":"Madre da Levada de Baixo","operator":null,"wikidata":null,"wikipedia":null}},{"type":"Feature","geometry":{"type":"Point","coordinates":[-16.8048,32.73437]},"properties":{"osm_type":"node","osm_id":4480010357,"country":"PT","name":"Madre da Levada do Caniçal","operator":null,"wikidata":null,"wikipedia":null}},{"type":"Feature","geometry":{"type":"Point","coordinates":[-16.95157,32.70855]},"properties":{"osm_type":"node","osm_id":4480230004,"country":"PT","name":null,"operator":null,"wikidata":null,"wikipedia":null}},{"type":"Feature","geometry":{"type":"Point","coordinates":[-16.92614,32.72131]},"properties":{"osm_type":"node","osm_id":4480736705,"country":"PT","name":null,"operator":null,"wikidata":null,"wikipedia":null}},{"type":"Feature","geometry":{"type":"Point","coordinates":[-17.08379,32.71997]},"properties":{"osm_type":"node","osm_id":4480816769,"country":"PT","name":"Madre da Levada do Moinho","operator":null,"wikidata":null,"wikipedia":null}},{"type":"Feature","geometry":{"type":"Point","coordinates":[-17.06806,32.74382]},"properties":{"osm_type":"node","osm_id":4480899623,"country":"PT","name":"Madre da Levada do Paul 2","operator":null,"wikidata":null,"wikipedia":null}},{"type":"Feature","geometry":{"type":"Point","coordinates":[-16.92951,32.72632]},"properties":{"osm_type":"node","osm_id":4483752851,"country":"PT","name":"Madre da Levada da Negra","operator":null,"wikidata":null,"wikipedia":null}},{"type":"Feature","geometry":{"type":"Point","coordinates":[-16.91145,32.78658]},"properties":{"osm_type":"node","osm_id":4483796304,"country":"PT","name":"Madre","operator":null,"wikidata":null,"wikipedia":null}},{"type":"Feature","geometry":{"type":"Point","coordinates":[-16.89879,32.79331]},"properties":{"osm_type":"node","osm_id":4483811191,"country":"PT","name":"Madre","operator":null,"wikidata":null,"wikipedia":null}},{"type":"Feature","geometry":{"type":"Point","coordinates":[-17.05667,32.78561]},"properties":{"osm_type":"node","osm_id":4483923313,"country":"PT","name":"Madre da Levada do Vimieiro","operator":null,"wikidata":null,"wikipedia":null}},{"type":"Feature","geometry":{"type":"Point","coordinates":[-8.46903,41.09724]},"properties":{"osm_type":"node","osm_id":4552142698,"country":"PT","name":null,"operator":null,"wikidata":null,"wikipedia":null}},{"type":"Feature","geometry":{"type":"Point","coordinates":[-7.05227,38.95478]},"properties":{"osm_type":"node","osm_id":4842710918,"country":"PT","name":null,"operator":null,"wikidata":null,"wikipedia":null}},{"type":"Feature","geometry":{"type":"Point","coordinates":[-8.61961,40.86591]},"properties":{"osm_type":"node","osm_id":4916828404,"country":"PT","name":null,"operator":null,"wikidata":null,"wikipedia":null}},{"type":"Feature","geometry":{"type":"Point","coordinates":[-7.10903,38.98577]},"properties":{"osm_type":"node","osm_id":4935254094,"country":"PT","name":null,"operator":null,"wikidata":null,"wikipedia":null}},{"type":"Feature","geometry":{"type":"Point","coordinates":[-8.22491,38.64273]},"properties":{"osm_type":"node","osm_id":4938450197,"country":"PT","name":null,"operator":null,"wikidata":null,"wikipedia":null}},{"type":"Feature","geometry":{"type":"Point","coordinates":[-8.18106,37.96234]},"properties":{"osm_type":"node","osm_id":5040126740,"country":"PT","name":null,"operator":null,"wikidata":null,"wikipedia":null}},{"type":"Feature","geometry":{"type":"Point","coordinates":[-7.64985,37.33405]},"properties":{"osm_type":"node","osm_id":5113519956,"country":"PT","name":null,"operator":null,"wikidata":null,"wikipedia":null}},{"type":"Feature","geometry":{"type":"Point","coordinates":[-17.06927,32.69379]},"properties":{"osm_type":"node","osm_id":5113741212,"country":"PT","name":"Madre da Levada da Corujeira","operator":null,"wikidata":null,"wikipedia":null}},{"type":"Feature","geometry":{"type":"Point","coordinates":[-7.8505,41.28764]},"properties":{"osm_type":"node","osm_id":5162975552,"country":"PT","name":null,"operator":null,"wikidata":null,"wikipedia":null}},{"type":"Feature","geometry":{"type":"Point","coordinates":[-7.6915,41.24503]},"properties":{"osm_type":"node","osm_id":5163387618,"country":"PT","name":null,"operator":null,"wikidata":null,"wikipedia":null}},{"type":"Feature","geometry":{"type":"Point","coordinates":[-7.69774,41.23621]},"properties":{"osm_type":"node","osm_id":5163387764,"country":"PT","name":null,"operator":null,"wikidata":null,"wikipedia":null}},{"type":"Feature","geometry":{"type":"Point","coordinates":[-7.71672,41.22489]},"properties":{"osm_type":"node","osm_id":5163387858,"country":"PT","name":null,"operator":null,"wikidata":null,"wikipedia":null}},{"type":"Feature","geometry":{"type":"Point","coordinates":[-7.71827,41.22328]},"properties":{"osm_type":"node","osm_id":5163387865,"country":"PT","name":null,"operator":null,"wikidata":null,"wikipedia":null}},{"type":"Feature","geometry":{"type":"Point","coordinates":[-7.72319,41.21958]},"properties":{"osm_type":"node","osm_id":5163387897,"country":"PT","name":null,"operator":null,"wikidata":null,"wikipedia":null}},{"type":"Feature","geometry":{"type":"Point","coordinates":[-7.72885,41.20705]},"properties":{"osm_type":"node","osm_id":5163387930,"country":"PT","name":null,"operator":null,"wikidata":null,"wikipedia":null}},{"type":"Feature","geometry":{"type":"Point","coordinates":[-7.73063,41.20566]},"properties":{"osm_type":"node","osm_id":5163387935,"country":"PT","name":null,"operator":null,"wikidata":null,"wikipedia":null}},{"type":"Feature","geometry":{"type":"Point","coordinates":[-7.73178,41.20423]},"properties":{"osm_type":"node","osm_id":5163387944,"country":"PT","name":null,"operator":null,"wikidata":null,"wikipedia":null}},{"type":"Feature","geometry":{"type":"Point","coordinates":[-7.74295,41.18898]},"properties":{"osm_type":"node","osm_id":5163387988,"country":"PT","name":null,"operator":null,"wikidata":null,"wikipedia":null}},{"type":"Feature","geometry":{"type":"Point","coordinates":[-7.74565,41.17782]},"properties":{"osm_type":"node","osm_id":5163388122,"country":"PT","name":null,"operator":null,"wikidata":null,"wikipedia":null}},{"type":"Feature","geometry":{"type":"Point","coordinates":[-7.75084,41.17256]},"properties":{"osm_type":"node","osm_id":5163388146,"country":"PT","name":null,"operator":null,"wikidata":null,"wikipedia":null}},{"type":"Feature","geometry":{"type":"Point","coordinates":[-7.77509,41.8509]},"properties":{"osm_type":"node","osm_id":5163703810,"country":"PT","name":null,"operator":null,"wikidata":null,"wikipedia":null}},{"type":"Feature","geometry":{"type":"Point","coordinates":[-7.6341,41.86793]},"properties":{"osm_type":"node","osm_id":5164017389,"country":"PT","name":null,"operator":null,"wikidata":null,"wikipedia":null}},{"type":"Feature","geometry":{"type":"Point","coordinates":[-7.62806,41.83755]},"properties":{"osm_type":"node","osm_id":5164017553,"country":"PT","name":null,"operator":null,"wikidata":null,"wikipedia":null}},{"type":"Feature","geometry":{"type":"Point","coordinates":[-7.62585,41.83369]},"properties":{"osm_type":"node","osm_id":5164017585,"country":"PT","name":null,"operator":null,"wikidata":null,"wikipedia":null}},{"type":"Feature","geometry":{"type":"Point","coordinates":[-7.66075,41.83528]},"properties":{"osm_type":"node","osm_id":5164017647,"country":"PT","name":null,"operator":null,"wikidata":null,"wikipedia":null}},{"type":"Feature","geometry":{"type":"Point","coordinates":[-7.67251,41.8345]},"properties":{"osm_type":"node","osm_id":5164017782,"country":"PT","name":null,"operator":null,"wikidata":null,"wikipedia":null}},{"type":"Feature","geometry":{"type":"Point","coordinates":[-7.66971,41.83541]},"properties":{"osm_type":"node","osm_id":5164017784,"country":"PT","name":null,"operator":null,"wikidata":null,"wikipedia":null}},{"type":"Feature","geometry":{"type":"Point","coordinates":[-7.67212,41.83417]},"properties":{"osm_type":"node","osm_id":5164017788,"country":"PT","name":null,"operator":null,"wikidata":null,"wikipedia":null}},{"type":"Feature","geometry":{"type":"Point","coordinates":[-7.5399,41.33167]},"properties":{"osm_type":"node","osm_id":5165514355,"country":"PT","name":null,"operator":null,"wikidata":null,"wikipedia":null}},{"type":"Feature","geometry":{"type":"Point","coordinates":[-8.33639,38.25209]},"properties":{"osm_type":"node","osm_id":5231511211,"country":"PT","name":null,"operator":null,"wikidata":null,"wikipedia":null}},{"type":"Feature","geometry":{"type":"Point","coordinates":[-8.25757,38.13395]},"properties":{"osm_type":"node","osm_id":5238049765,"country":"PT","name":null,"operator":null,"wikidata":null,"wikipedia":null}},{"type":"Feature","geometry":{"type":"Point","coordinates":[-8.68405,41.88299]},"properties":{"osm_type":"node","osm_id":5247569623,"country":"PT","name":null,"operator":null,"wikidata":null,"wikipedia":null}},{"type":"Feature","geometry":{"type":"Point","coordinates":[-6.86899,40.40651]},"properties":{"osm_type":"node","osm_id":5252389060,"country":"PT","name":null,"operator":null,"wikidata":null,"wikipedia":null}},{"type":"Feature","geometry":{"type":"Point","coordinates":[-7.83708,38.30933]},"properties":{"osm_type":"node","osm_id":5262791534,"country":"PT","name":null,"operator":null,"wikidata":null,"wikipedia":null}},{"type":"Feature","geometry":{"type":"Point","coordinates":[-8.25465,40.40695]},"properties":{"osm_type":"node","osm_id":5278446875,"country":"PT","name":null,"operator":null,"wikidata":null,"wikipedia":null}},{"type":"Feature","geometry":{"type":"Point","coordinates":[-6.40323,41.61227]},"properties":{"osm_type":"node","osm_id":5438289495,"country":"PT","name":"Represa de água (a fazer)","operator":null,"wikidata":null,"wikipedia":null}},{"type":"Feature","geometry":{"type":"Point","coordinates":[-7.8581,39.47062]},"properties":{"osm_type":"node","osm_id":5573538449,"country":"PT","name":null,"operator":null,"wikidata":null,"wikipedia":null}},{"type":"Feature","geometry":{"type":"Point","coordinates":[-7.85802,39.47105]},"properties":{"osm_type":"node","osm_id":5573542395,"country":"PT","name":null,"operator":null,"wikidata":null,"wikipedia":null}},{"type":"Feature","geometry":{"type":"Point","coordinates":[-7.58012,38.07534]},"properties":{"osm_type":"node","osm_id":5595187467,"country":"PT","name":null,"operator":null,"wikidata":null,"wikipedia":null}},{"type":"Feature","geometry":{"type":"Point","coordinates":[-8.61961,40.8661]},"properties":{"osm_type":"node","osm_id":5709698648,"country":"PT","name":null,"operator":null,"wikidata":null,"wikipedia":null}},{"type":"Feature","geometry":{"type":"Point","coordinates":[-8.61993,40.8674]},"properties":{"osm_type":"node","osm_id":5709698649,"country":"PT","name":null,"operator":null,"wikidata":null,"wikipedia":null}},{"type":"Feature","geometry":{"type":"Point","coordinates":[-8.62327,40.85984]},"properties":{"osm_type":"node","osm_id":5709698650,"country":"PT","name":null,"operator":null,"wikidata":null,"wikipedia":null}},{"type":"Feature","geometry":{"type":"Point","coordinates":[-8.61965,40.86596]},"properties":{"osm_type":"node","osm_id":5709698651,"country":"PT","name":null,"operator":null,"wikidata":null,"wikipedia":null}},{"type":"Feature","geometry":{"type":"Point","coordinates":[-17.1182,32.73472]},"properties":{"osm_type":"node","osm_id":5732909212,"country":"PT","name":"Madre Levada Velha","operator":null,"wikidata":null,"wikipedia":null}},{"type":"Feature","geometry":{"type":"Point","coordinates":[-16.99548,32.81536]},"properties":{"osm_type":"node","osm_id":5877053622,"country":"PT","name":"Madre da Levada da Chamusca","operator":null,"wikidata":null,"wikipedia":null}},{"type":"Feature","geometry":{"type":"Point","coordinates":[-9.06143,38.85708]},"properties":{"osm_type":"node","osm_id":6260389692,"country":"PT","name":null,"operator":null,"wikidata":null,"wikipedia":null}},{"type":"Feature","geometry":{"type":"Point","coordinates":[-9.06107,38.85743]},"properties":{"osm_type":"node","osm_id":6260389693,"country":"PT","name":null,"operator":null,"wikidata":null,"wikipedia":null}},{"type":"Feature","geometry":{"type":"Point","coordinates":[-7.95248,41.39831]},"properties":{"osm_type":"node","osm_id":6322946451,"country":"PT","name":null,"operator":null,"wikidata":null,"wikipedia":null}},{"type":"Feature","geometry":{"type":"Point","coordinates":[-8.19919,38.10846]},"properties":{"osm_type":"node","osm_id":6431517164,"country":"PT","name":null,"operator":null,"wikidata":null,"wikipedia":null}},{"type":"Feature","geometry":{"type":"Point","coordinates":[-8.41372,41.37386]},"properties":{"osm_type":"node","osm_id":6431859791,"country":"PT","name":null,"operator":null,"wikidata":null,"wikipedia":null}},{"type":"Feature","geometry":{"type":"Point","coordinates":[-7.79831,37.41282]},"properties":{"osm_type":"node","osm_id":6487516225,"country":"PT","name":null,"operator":null,"wikidata":null,"wikipedia":null}},{"type":"Feature","geometry":{"type":"Point","coordinates":[-16.79429,32.73627]},"properties":{"osm_type":"node","osm_id":6493115666,"country":"PT","name":"Madre de Levada do Desembarcadouro","operator":null,"wikidata":null,"wikipedia":null}},{"type":"Feature","geometry":{"type":"Point","coordinates":[-16.79225,32.73475]},"properties":{"osm_type":"node","osm_id":6493128463,"country":"PT","name":null,"operator":null,"wikidata":null,"wikipedia":null}},{"type":"Feature","geometry":{"type":"Point","coordinates":[-16.78602,32.73383]},"properties":{"osm_type":"node","osm_id":6493143835,"country":"PT","name":null,"operator":null,"wikidata":null,"wikipedia":null}},{"type":"Feature","geometry":{"type":"Point","coordinates":[-17.09547,32.70727]},"properties":{"osm_type":"node","osm_id":6509839799,"country":"PT","name":null,"operator":null,"wikidata":null,"wikipedia":null}},{"type":"Feature","geometry":{"type":"Point","coordinates":[-8.4142,41.35681]},"properties":{"osm_type":"node","osm_id":6552710724,"country":"PT","name":null,"operator":null,"wikidata":null,"wikipedia":null}},{"type":"Feature","geometry":{"type":"Point","coordinates":[-16.94888,32.77014]},"properties":{"osm_type":"node","osm_id":6556476425,"country":"PT","name":"Madre da Levada do Caldeirão do Inferno","operator":null,"wikidata":null,"wikipedia":null}},{"type":"Feature","geometry":{"type":"Point","coordinates":[-16.9163,32.78365]},"properties":{"osm_type":"node","osm_id":6556491407,"country":"PT","name":null,"operator":null,"wikidata":null,"wikipedia":null}},{"type":"Feature","geometry":{"type":"Point","coordinates":[-9.26045,38.74992]},"properties":{"osm_type":"node","osm_id":6923541694,"country":"PT","name":null,"operator":null,"wikidata":null,"wikipedia":null}},{"type":"Feature","geometry":{"type":"Point","coordinates":[-9.23559,39.08362]},"properties":{"osm_type":"node","osm_id":7161170570,"country":"PT","name":null,"operator":null,"wikidata":null,"wikipedia":null}},{"type":"Feature","geometry":{"type":"Point","coordinates":[-17.03922,32.74446]},"properties":{"osm_type":"node","osm_id":7326831116,"country":"PT","name":null,"operator":null,"wikidata":null,"wikipedia":null}},{"type":"Feature","geometry":{"type":"Point","coordinates":[-8.69201,41.61152]},"properties":{"osm_type":"node","osm_id":7405160613,"country":"PT","name":"Tambarém","operator":null,"wikidata":null,"wikipedia":null}},{"type":"Feature","geometry":{"type":"Point","coordinates":[-8.69357,41.61314]},"properties":{"osm_type":"node","osm_id":7405160632,"country":"PT","name":"Poças da Portela","operator":null,"wikidata":null,"wikipedia":null}},{"type":"Feature","geometry":{"type":"Point","coordinates":[-7.95992,40.63722]},"properties":{"osm_type":"node","osm_id":7450655098,"country":"PT","name":null,"operator":null,"wikidata":null,"wikipedia":null}},{"type":"Feature","geometry":{"type":"Point","coordinates":[-8.49118,40.86501]},"properties":{"osm_type":"node","osm_id":7583797085,"country":"PT","name":null,"operator":null,"wikidata":null,"wikipedia":null}},{"type":"Feature","geometry":{"type":"Point","coordinates":[-8.45094,41.11093]},"properties":{"osm_type":"node","osm_id":7621146720,"country":"PT","name":null,"operator":null,"wikidata":null,"wikipedia":null}},{"type":"Feature","geometry":{"type":"Point","coordinates":[-8.84911,38.96172]},"properties":{"osm_type":"node","osm_id":7723670997,"country":"PT","name":null,"operator":null,"wikidata":null,"wikipedia":null}},{"type":"Feature","geometry":{"type":"Point","coordinates":[-8.87102,38.95332]},"properties":{"osm_type":"node","osm_id":7723671032,"country":"PT","name":null,"operator":null,"wikidata":null,"wikipedia":null}},{"type":"Feature","geometry":{"type":"Point","coordinates":[-8.52469,40.27233]},"properties":{"osm_type":"node","osm_id":7735177668,"country":"PT","name":null,"operator":null,"wikidata":null,"wikipedia":null}},{"type":"Feature","geometry":{"type":"Point","coordinates":[-7.8632,40.31607]},"properties":{"osm_type":"node","osm_id":7792591704,"country":"PT","name":null,"operator":null,"wikidata":null,"wikipedia":null}},{"type":"Feature","geometry":{"type":"Point","coordinates":[-7.79053,41.82886]},"properties":{"osm_type":"node","osm_id":7832459141,"country":"PT","name":null,"operator":null,"wikidata":null,"wikipedia":null}},{"type":"Feature","geometry":{"type":"Point","coordinates":[-8.26592,40.80898]},"properties":{"osm_type":"node","osm_id":7880688553,"country":"PT","name":null,"operator":null,"wikidata":null,"wikipedia":null}},{"type":"Feature","geometry":{"type":"Point","coordinates":[-7.92636,38.26143]},"properties":{"osm_type":"node","osm_id":8005185816,"country":"PT","name":null,"operator":null,"wikidata":null,"wikipedia":null}},{"type":"Feature","geometry":{"type":"Point","coordinates":[-8.80655,39.23161]},"properties":{"osm_type":"node","osm_id":8100897735,"country":"PT","name":"Açude","operator":null,"wikidata":null,"wikipedia":null}},{"type":"Feature","geometry":{"type":"Point","coordinates":[-7.94332,41.45155]},"properties":{"osm_type":"node","osm_id":8165149652,"country":"PT","name":null,"operator":null,"wikidata":null,"wikipedia":null}},{"type":"Feature","geometry":{"type":"Point","coordinates":[-7.93835,41.47715]},"properties":{"osm_type":"node","osm_id":8165149654,"country":"PT","name":null,"operator":null,"wikidata":null,"wikipedia":null}},{"type":"Feature","geometry":{"type":"Point","coordinates":[-7.97892,41.36912]},"properties":{"osm_type":"node","osm_id":8165149754,"country":"PT","name":null,"operator":null,"wikidata":null,"wikipedia":null}},{"type":"Feature","geometry":{"type":"Point","coordinates":[-7.98431,41.35816]},"properties":{"osm_type":"node","osm_id":8165149762,"country":"PT","name":null,"operator":null,"wikidata":null,"wikipedia":null}},{"type":"Feature","geometry":{"type":"Point","coordinates":[-7.94586,41.42763]},"properties":{"osm_type":"node","osm_id":8188990046,"country":"PT","name":null,"operator":null,"wikidata":null,"wikipedia":null}},{"type":"Feature","geometry":{"type":"Point","coordinates":[-7.94476,41.42878]},"properties":{"osm_type":"node","osm_id":8188990050,"country":"PT","name":null,"operator":null,"wikidata":null,"wikipedia":null}},{"type":"Feature","geometry":{"type":"Point","coordinates":[-7.96041,41.41835]},"properties":{"osm_type":"node","osm_id":8188990052,"country":"PT","name":null,"operator":null,"wikidata":null,"wikipedia":null}},{"type":"Feature","geometry":{"type":"Point","coordinates":[-7.95855,41.41874]},"properties":{"osm_type":"node","osm_id":8188990053,"country":"PT","name":null,"operator":null,"wikidata":null,"wikipedia":null}},{"type":"Feature","geometry":{"type":"Point","coordinates":[-7.9373,41.44571]},"properties":{"osm_type":"node","osm_id":8188990626,"country":"PT","name":null,"operator":null,"wikidata":null,"wikipedia":null}},{"type":"Feature","geometry":{"type":"Point","coordinates":[-8.42727,39.9172]},"properties":{"osm_type":"node","osm_id":8232484793,"country":"PT","name":null,"operator":null,"wikidata":null,"wikipedia":null}},{"type":"Feature","geometry":{"type":"Point","coordinates":[-17.20437,32.84356]},"properties":{"osm_type":"node","osm_id":8232495051,"country":"PT","name":null,"operator":null,"wikidata":null,"wikipedia":null}},{"type":"Feature","geometry":{"type":"Point","coordinates":[-7.78442,41.23869]},"properties":{"osm_type":"node","osm_id":8636287789,"country":"PT","name":"Represa do Rio Aguilhão","operator":null,"wikidata":null,"wikipedia":null}},{"type":"Feature","geometry":{"type":"Point","coordinates":[-8.43681,41.56279]},"properties":{"osm_type":"node","osm_id":8818512834,"country":"PT","name":null,"operator":null,"wikidata":null,"wikipedia":null}},{"type":"Feature","geometry":{"type":"Point","coordinates":[-8.43624,41.56318]},"properties":{"osm_type":"node","osm_id":8818512835,"country":"PT","name":null,"operator":null,"wikidata":null,"wikipedia":null}},{"type":"Feature","geometry":{"type":"Point","coordinates":[-8.13806,41.62998]},"properties":{"osm_type":"node","osm_id":9048151169,"country":"PT","name":null,"operator":null,"wikidata":null,"wikipedia":null}},{"type":"Feature","geometry":{"type":"Point","coordinates":[-7.88237,40.26427]},"properties":{"osm_type":"node","osm_id":9053728682,"country":"PT","name":null,"operator":null,"wikidata":null,"wikipedia":null}},{"type":"Feature","geometry":{"type":"Point","coordinates":[-7.881,40.2645]},"properties":{"osm_type":"node","osm_id":9053728683,"country":"PT","name":null,"operator":null,"wikidata":null,"wikipedia":null}},{"type":"Feature","geometry":{"type":"Point","coordinates":[-17.06895,32.69402]},"properties":{"osm_type":"node","osm_id":9625154250,"country":"PT","name":"Madre da Levada das Voltas","operator":null,"wikidata":null,"wikipedia":null}},{"type":"Feature","geometry":{"type":"Point","coordinates":[-17.07016,32.69305]},"properties":{"osm_type":"node","osm_id":9625154274,"country":"PT","name":null,"operator":null,"wikidata":null,"wikipedia":null}},{"type":"Feature","geometry":{"type":"Point","coordinates":[-17.03089,32.77347]},"properties":{"osm_type":"node","osm_id":9891551214,"country":"PT","name":null,"operator":null,"wikidata":null,"wikipedia":null}},{"type":"Feature","geometry":{"type":"Point","coordinates":[-17.03046,32.74105]},"properties":{"osm_type":"node","osm_id":9904716837,"country":"PT","name":null,"operator":null,"wikidata":null,"wikipedia":null}},{"type":"Feature","geometry":{"type":"Point","coordinates":[-17.02992,32.73837]},"properties":{"osm_type":"node","osm_id":9904729443,"country":"PT","name":null,"operator":null,"wikidata":null,"wikipedia":null}},{"type":"Feature","geometry":{"type":"Point","coordinates":[-17.03077,32.73793]},"properties":{"osm_type":"node","osm_id":9904943188,"country":"PT","name":null,"operator":null,"wikidata":null,"wikipedia":null}},{"type":"Feature","geometry":{"type":"Point","coordinates":[-17.03493,32.7382]},"properties":{"osm_type":"node","osm_id":9905038544,"country":"PT","name":null,"operator":null,"wikidata":null,"wikipedia":null}},{"type":"Feature","geometry":{"type":"Point","coordinates":[-17.03759,32.7386]},"properties":{"osm_type":"node","osm_id":9905038598,"country":"PT","name":null,"operator":null,"wikidata":null,"wikipedia":null}},{"type":"Feature","geometry":{"type":"Point","coordinates":[-17.08415,32.71764]},"properties":{"osm_type":"node","osm_id":9934329665,"country":"PT","name":null,"operator":null,"wikidata":null,"wikipedia":null}},{"type":"Feature","geometry":{"type":"Point","coordinates":[-17.02766,32.70248]},"properties":{"osm_type":"node","osm_id":10025630278,"country":"PT","name":null,"operator":null,"wikidata":null,"wikipedia":null}},{"type":"Feature","geometry":{"type":"Point","coordinates":[-7.98429,41.35814]},"properties":{"osm_type":"node","osm_id":10123418743,"country":"PT","name":null,"operator":null,"wikidata":null,"wikipedia":null}},{"type":"Feature","geometry":{"type":"Point","coordinates":[-7.97889,41.3691]},"properties":{"osm_type":"node","osm_id":10123418744,"country":"PT","name":null,"operator":null,"wikidata":null,"wikipedia":null}},{"type":"Feature","geometry":{"type":"Point","coordinates":[-17.10532,32.69226]},"properties":{"osm_type":"node","osm_id":10241107254,"country":"PT","name":"Madre da Levada da Terra Chã","operator":null,"wikidata":null,"wikipedia":null}},{"type":"Feature","geometry":{"type":"Point","coordinates":[-6.87031,41.5559]},"properties":{"osm_type":"node","osm_id":10563186229,"country":"PT","name":null,"operator":null,"wikidata":null,"wikipedia":null}},{"type":"Feature","geometry":{"type":"Point","coordinates":[-6.87627,41.538]},"properties":{"osm_type":"node","osm_id":10603922487,"country":"PT","name":null,"operator":null,"wikidata":null,"wikipedia":null}},{"type":"Feature","geometry":{"type":"Point","coordinates":[-6.87135,41.55197]},"properties":{"osm_type":"node","osm_id":10603922489,"country":"PT","name":null,"operator":null,"wikidata":null,"wikipedia":null}},{"type":"Feature","geometry":{"type":"Point","coordinates":[-6.87203,41.55474]},"properties":{"osm_type":"node","osm_id":10603922490,"country":"PT","name":null,"operator":null,"wikidata":null,"wikipedia":null}},{"type":"Feature","geometry":{"type":"Point","coordinates":[-8.66255,41.21713]},"properties":{"osm_type":"node","osm_id":10676142374,"country":"PT","name":null,"operator":null,"wikidata":null,"wikipedia":null}},{"type":"Feature","geometry":{"type":"Point","coordinates":[-17.2025,32.81812]},"properties":{"osm_type":"node","osm_id":10790678442,"country":"PT","name":"Madre da Levada","operator":null,"wikidata":null,"wikipedia":null}},{"type":"Feature","geometry":{"type":"Point","coordinates":[-8.4098,41.54744]},"properties":{"osm_type":"node","osm_id":10881106031,"country":"PT","name":null,"operator":null,"wikidata":null,"wikipedia":null}},{"type":"Feature","geometry":{"type":"Point","coordinates":[-8.41072,41.54703]},"properties":{"osm_type":"node","osm_id":10881106032,"country":"PT","name":null,"operator":null,"wikidata":null,"wikipedia":null}},{"type":"Feature","geometry":{"type":"Point","coordinates":[-8.40913,41.54791]},"properties":{"osm_type":"node","osm_id":10881106033,"country":"PT","name":null,"operator":null,"wikidata":null,"wikipedia":null}},{"type":"Feature","geometry":{"type":"Point","coordinates":[-8.41113,41.54668]},"properties":{"osm_type":"node","osm_id":10881106034,"country":"PT","name":null,"operator":null,"wikidata":null,"wikipedia":null}},{"type":"Feature","geometry":{"type":"Point","coordinates":[-8.41019,41.54719]},"properties":{"osm_type":"node","osm_id":10881106035,"country":"PT","name":null,"operator":null,"wikidata":null,"wikipedia":null}},{"type":"Feature","geometry":{"type":"Point","coordinates":[-8.08616,40.44648]},"properties":{"osm_type":"node","osm_id":10908348054,"country":"PT","name":null,"operator":null,"wikidata":null,"wikipedia":null}},{"type":"Feature","geometry":{"type":"Point","coordinates":[-7.85453,40.35371]},"properties":{"osm_type":"node","osm_id":10974602546,"country":"PT","name":null,"operator":null,"wikidata":null,"wikipedia":null}},{"type":"Feature","geometry":{"type":"Point","coordinates":[-8.19635,41.31395]},"properties":{"osm_type":"node","osm_id":11148093844,"country":"PT","name":null,"operator":null,"wikidata":null,"wikipedia":null}},{"type":"Feature","geometry":{"type":"Point","coordinates":[-8.21887,41.32428]},"properties":{"osm_type":"node","osm_id":11148780347,"country":"PT","name":null,"operator":null,"wikidata":null,"wikipedia":null}},{"type":"Feature","geometry":{"type":"Point","coordinates":[-8.23754,40.55807]},"properties":{"osm_type":"node","osm_id":11149726573,"country":"PT","name":null,"operator":null,"wikidata":null,"wikipedia":null}},{"type":"Feature","geometry":{"type":"Point","coordinates":[-8.56139,41.36]},"properties":{"osm_type":"node","osm_id":11204714427,"country":"PT","name":null,"operator":null,"wikidata":null,"wikipedia":null}},{"type":"Feature","geometry":{"type":"Point","coordinates":[-8.48585,40.97239]},"properties":{"osm_type":"node","osm_id":11308016919,"country":"PT","name":null,"operator":null,"wikidata":null,"wikipedia":null}},{"type":"Feature","geometry":{"type":"Point","coordinates":[-7.28791,38.91062]},"properties":{"osm_type":"node","osm_id":11369626338,"country":"PT","name":null,"operator":null,"wikidata":null,"wikipedia":null}},{"type":"Feature","geometry":{"type":"Point","coordinates":[-8.48873,41.06339]},"properties":{"osm_type":"node","osm_id":11383568775,"country":"PT","name":null,"operator":null,"wikidata":null,"wikipedia":null}},{"type":"Feature","geometry":{"type":"Point","coordinates":[-8.63625,41.3499]},"properties":{"osm_type":"node","osm_id":11383892619,"country":"PT","name":null,"operator":null,"wikidata":null,"wikipedia":null}},{"type":"Feature","geometry":{"type":"Point","coordinates":[-8.34723,41.46003]},"properties":{"osm_type":"node","osm_id":11383892698,"country":"PT","name":null,"operator":null,"wikidata":null,"wikipedia":null}},{"type":"Feature","geometry":{"type":"Point","coordinates":[-8.18161,41.39751]},"properties":{"osm_type":"node","osm_id":11384016492,"country":"PT","name":null,"operator":null,"wikidata":null,"wikipedia":null}},{"type":"Feature","geometry":{"type":"Point","coordinates":[-8.08928,41.33345]},"properties":{"osm_type":"node","osm_id":11384016596,"country":"PT","name":null,"operator":null,"wikidata":null,"wikipedia":null}},{"type":"Feature","geometry":{"type":"Point","coordinates":[-8.01691,41.543]},"properties":{"osm_type":"node","osm_id":11384016647,"country":"PT","name":null,"operator":null,"wikidata":null,"wikipedia":null}},{"type":"Feature","geometry":{"type":"Point","coordinates":[-8.01674,41.54443]},"properties":{"osm_type":"node","osm_id":11384016648,"country":"PT","name":null,"operator":null,"wikidata":null,"wikipedia":null}},{"type":"Feature","geometry":{"type":"Point","coordinates":[-8.4447,40.80587]},"properties":{"osm_type":"node","osm_id":11385523929,"country":"PT","name":null,"operator":null,"wikidata":null,"wikipedia":null}},{"type":"Feature","geometry":{"type":"Point","coordinates":[-8.17204,40.75105]},"properties":{"osm_type":"node","osm_id":11385563622,"country":"PT","name":null,"operator":null,"wikidata":null,"wikipedia":null}},{"type":"Feature","geometry":{"type":"Point","coordinates":[-8.20531,39.45018]},"properties":{"osm_type":"node","osm_id":11447596501,"country":"PT","name":null,"operator":null,"wikidata":null,"wikipedia":null}},{"type":"Feature","geometry":{"type":"Point","coordinates":[-8.53244,41.46821]},"properties":{"osm_type":"node","osm_id":11587090871,"country":"PT","name":"Açude de Romão","operator":null,"wikidata":null,"wikipedia":null}},{"type":"Feature","geometry":{"type":"Point","coordinates":[-17.11113,32.78747]},"properties":{"osm_type":"node","osm_id":11635130515,"country":"PT","name":"Madre da Levada do Seixal","operator":null,"wikidata":null,"wikipedia":null}},{"type":"Feature","geometry":{"type":"Point","coordinates":[-17.08659,32.71405]},"properties":{"osm_type":"node","osm_id":11635251123,"country":"PT","name":"Madre 1 da Levada do Coronel","operator":null,"wikidata":null,"wikipedia":null}},{"type":"Feature","geometry":{"type":"Point","coordinates":[-16.97611,32.78312]},"properties":{"osm_type":"node","osm_id":11635470767,"country":"PT","name":"Madre da Levada das Faias","operator":null,"wikidata":null,"wikipedia":null}},{"type":"Feature","geometry":{"type":"Point","coordinates":[-16.92939,32.72549]},"properties":{"osm_type":"node","osm_id":11635563403,"country":"PT","name":null,"operator":null,"wikidata":null,"wikipedia":null}},{"type":"Feature","geometry":{"type":"Point","coordinates":[-16.89237,32.79073]},"properties":{"osm_type":"node","osm_id":11640666452,"country":"PT","name":"Madre","operator":null,"wikidata":null,"wikipedia":null}},{"type":"Feature","geometry":{"type":"Point","coordinates":[-16.75366,32.73885]},"properties":{"osm_type":"node","osm_id":11645452816,"country":"PT","name":"Madre da Levada do Canical inferior","operator":null,"wikidata":null,"wikipedia":null}},{"type":"Feature","geometry":{"type":"Point","coordinates":[-16.9362,32.7797]},"properties":{"osm_type":"node","osm_id":11646637039,"country":"PT","name":null,"operator":null,"wikidata":null,"wikipedia":null}},{"type":"Feature","geometry":{"type":"Point","coordinates":[-16.97943,32.804]},"properties":{"osm_type":"node","osm_id":11646809586,"country":"PT","name":"madre da Levada da Achada Grande","operator":null,"wikidata":null,"wikipedia":null}},{"type":"Feature","geometry":{"type":"Point","coordinates":[-16.88481,32.66836]},"properties":{"osm_type":"node","osm_id":11725979500,"country":"PT","name":null,"operator":null,"wikidata":null,"wikipedia":null}},{"type":"Feature","geometry":{"type":"Point","coordinates":[-17.02858,32.7505]},"properties":{"osm_type":"node","osm_id":11742129119,"country":"PT","name":null,"operator":null,"wikidata":null,"wikipedia":null}},{"type":"Feature","geometry":{"type":"Point","coordinates":[-17.02852,32.7505]},"properties":{"osm_type":"node","osm_id":11742129122,"country":"PT","name":null,"operator":null,"wikidata":null,"wikipedia":null}},{"type":"Feature","geometry":{"type":"Point","coordinates":[-17.23029,32.81504]},"properties":{"osm_type":"node","osm_id":11749102325,"country":"PT","name":null,"operator":null,"wikidata":null,"wikipedia":null}},{"type":"Feature","geometry":{"type":"Point","coordinates":[-7.94419,41.42857]},"properties":{"osm_type":"node","osm_id":11781797722,"country":"PT","name":null,"operator":null,"wikidata":null,"wikipedia":null}},{"type":"Feature","geometry":{"type":"Point","coordinates":[-17.20414,32.84084]},"properties":{"osm_type":"node","osm_id":11876693534,"country":"PT","name":null,"operator":null,"wikidata":null,"wikipedia":null}},{"type":"Feature","geometry":{"type":"Point","coordinates":[-17.23032,32.81508]},"properties":{"osm_type":"node","osm_id":11883644894,"country":"PT","name":null,"operator":null,"wikidata":null,"wikipedia":null}},{"type":"Feature","geometry":{"type":"Point","coordinates":[-17.2302,32.81459]},"properties":{"osm_type":"node","osm_id":11883655292,"country":"PT","name":null,"operator":null,"wikidata":null,"wikipedia":null}},{"type":"Feature","geometry":{"type":"Point","coordinates":[-17.22958,32.81786]},"properties":{"osm_type":"node","osm_id":11883661028,"country":"PT","name":null,"operator":null,"wikidata":null,"wikipedia":null}},{"type":"Feature","geometry":{"type":"Point","coordinates":[-17.2248,32.81772]},"properties":{"osm_type":"node","osm_id":11883718778,"country":"PT","name":null,"operator":null,"wikidata":null,"wikipedia":null}},{"type":"Feature","geometry":{"type":"Point","coordinates":[-17.22792,32.82487]},"properties":{"osm_type":"node","osm_id":11883851082,"country":"PT","name":null,"operator":null,"wikidata":null,"wikipedia":null}},{"type":"Feature","geometry":{"type":"Point","coordinates":[-17.22352,32.82469]},"properties":{"osm_type":"node","osm_id":11883862560,"country":"PT","name":null,"operator":null,"wikidata":null,"wikipedia":null}},{"type":"Feature","geometry":{"type":"Point","coordinates":[-8.53002,39.4742]},"properties":{"osm_type":"node","osm_id":11884751654,"country":"PT","name":null,"operator":null,"wikidata":null,"wikipedia":null}},{"type":"Feature","geometry":{"type":"Point","coordinates":[-17.23305,32.7828]},"properties":{"osm_type":"node","osm_id":11889051062,"country":"PT","name":null,"operator":null,"wikidata":null,"wikipedia":null}},{"type":"Feature","geometry":{"type":"Point","coordinates":[-17.23143,32.78122]},"properties":{"osm_type":"node","osm_id":11889086145,"country":"PT","name":null,"operator":null,"wikidata":null,"wikipedia":null}},{"type":"Feature","geometry":{"type":"Point","coordinates":[-17.23131,32.77925]},"properties":{"osm_type":"node","osm_id":11889106360,"country":"PT","name":null,"operator":null,"wikidata":null,"wikipedia":null}},{"type":"Feature","geometry":{"type":"Point","coordinates":[-17.2294,32.77795]},"properties":{"osm_type":"node","osm_id":11889111089,"country":"PT","name":null,"operator":null,"wikidata":null,"wikipedia":null}},{"type":"Feature","geometry":{"type":"Point","coordinates":[-17.23081,32.77961]},"properties":{"osm_type":"node","osm_id":11889129325,"country":"PT","name":null,"operator":null,"wikidata":null,"wikipedia":null}},{"type":"Feature","geometry":{"type":"Point","coordinates":[-17.23063,32.77803]},"properties":{"osm_type":"node","osm_id":11889153556,"country":"PT","name":null,"operator":null,"wikidata":null,"wikipedia":null}},{"type":"Feature","geometry":{"type":"Point","coordinates":[-17.228,32.77771]},"properties":{"osm_type":"node","osm_id":11889167063,"country":"PT","name":null,"operator":null,"wikidata":null,"wikipedia":null}},{"type":"Feature","geometry":{"type":"Point","coordinates":[-17.22746,32.77779]},"properties":{"osm_type":"node","osm_id":11889171060,"country":"PT","name":null,"operator":null,"wikidata":null,"wikipedia":null}},{"type":"Feature","geometry":{"type":"Point","coordinates":[-17.22573,32.779]},"properties":{"osm_type":"node","osm_id":11889181177,"country":"PT","name":null,"operator":null,"wikidata":null,"wikipedia":null}},{"type":"Feature","geometry":{"type":"Point","coordinates":[-17.19437,32.79338]},"properties":{"osm_type":"node","osm_id":11891484606,"country":"PT","name":null,"operator":null,"wikidata":null,"wikipedia":null}},{"type":"Feature","geometry":{"type":"Point","coordinates":[-16.87059,32.73392]},"properties":{"osm_type":"node","osm_id":11896715836,"country":"PT","name":null,"operator":null,"wikidata":null,"wikipedia":null}},{"type":"Feature","geometry":{"type":"Point","coordinates":[-16.8706,32.73392]},"properties":{"osm_type":"node","osm_id":11896715845,"country":"PT","name":null,"operator":null,"wikidata":null,"wikipedia":null}},{"type":"Feature","geometry":{"type":"Point","coordinates":[-16.87122,32.73351]},"properties":{"osm_type":"node","osm_id":11896715847,"country":"PT","name":null,"operator":null,"wikidata":null,"wikipedia":null}},{"type":"Feature","geometry":{"type":"Point","coordinates":[-16.87122,32.73352]},"properties":{"osm_type":"node","osm_id":11896715850,"country":"PT","name":null,"operator":null,"wikidata":null,"wikipedia":null}},{"type":"Feature","geometry":{"type":"Point","coordinates":[-16.85843,32.73598]},"properties":{"osm_type":"node","osm_id":11896805545,"country":"PT","name":null,"operator":null,"wikidata":null,"wikipedia":null}},{"type":"Feature","geometry":{"type":"Point","coordinates":[-8.44753,41.56597]},"properties":{"osm_type":"node","osm_id":12113397716,"country":"PT","name":null,"operator":null,"wikidata":null,"wikipedia":null}},{"type":"Feature","geometry":{"type":"Point","coordinates":[-8.34875,41.47913]},"properties":{"osm_type":"node","osm_id":12123301012,"country":"PT","name":null,"operator":null,"wikidata":null,"wikipedia":null}},{"type":"Feature","geometry":{"type":"Point","coordinates":[-8.38228,41.97144]},"properties":{"osm_type":"node","osm_id":12152086190,"country":"PT","name":null,"operator":null,"wikidata":null,"wikipedia":null}},{"type":"Feature","geometry":{"type":"Point","coordinates":[-8.45048,40.80535]},"properties":{"osm_type":"node","osm_id":12250026113,"country":"PT","name":null,"operator":null,"wikidata":null,"wikipedia":null}},{"type":"Feature","geometry":{"type":"Point","coordinates":[-8.62019,40.86488]},"properties":{"osm_type":"node","osm_id":12323346203,"country":"PT","name":null,"operator":null,"wikidata":null,"wikipedia":null}},{"type":"Feature","geometry":{"type":"Point","coordinates":[-8.44037,41.92945]},"properties":{"osm_type":"node","osm_id":12361967884,"country":"PT","name":null,"operator":null,"wikidata":null,"wikipedia":null}},{"type":"Feature","geometry":{"type":"Point","coordinates":[-8.44747,41.56659]},"properties":{"osm_type":"node","osm_id":12506879898,"country":"PT","name":null,"operator":null,"wikidata":null,"wikipedia":null}},{"type":"Feature","geometry":{"type":"Point","coordinates":[-8.44736,41.56705]},"properties":{"osm_type":"node","osm_id":12506879899,"country":"PT","name":null,"operator":null,"wikidata":null,"wikipedia":null}},{"type":"Feature","geometry":{"type":"Point","coordinates":[-8.44721,41.56751]},"properties":{"osm_type":"node","osm_id":12506879900,"country":"PT","name":null,"operator":null,"wikidata":null,"wikipedia":null}},{"type":"Feature","geometry":{"type":"Point","coordinates":[-8.23661,37.68255]},"properties":{"osm_type":"node","osm_id":12585202505,"country":"PT","name":null,"operator":null,"wikidata":null,"wikipedia":null}},{"type":"Feature","geometry":{"type":"Point","coordinates":[-7.4273,40.23259]},"properties":{"osm_type":"node","osm_id":12634634146,"country":"PT","name":null,"operator":null,"wikidata":null,"wikipedia":null}},{"type":"Feature","geometry":{"type":"Point","coordinates":[-8.02299,40.63336]},"properties":{"osm_type":"node","osm_id":12742089969,"country":"PT","name":"Moinhos de Aguadalte","operator":null,"wikidata":null,"wikipedia":null}},{"type":"Feature","geometry":{"type":"Point","coordinates":[-8.59153,40.74185]},"properties":{"osm_type":"node","osm_id":12892362029,"country":"PT","name":null,"operator":null,"wikidata":null,"wikipedia":null}},{"type":"Feature","geometry":{"type":"Point","coordinates":[-7.80385,39.54269]},"properties":{"osm_type":"node","osm_id":13110580759,"country":"PT","name":null,"operator":null,"wikidata":null,"wikipedia":null}},{"type":"Feature","geometry":{"type":"Point","coordinates":[-8.43525,41.56402]},"properties":{"osm_type":"node","osm_id":13112578303,"country":"PT","name":null,"operator":null,"wikidata":null,"wikipedia":null}},{"type":"Feature","geometry":{"type":"Point","coordinates":[-8.43566,41.56372]},"properties":{"osm_type":"node","osm_id":13112578304,"country":"PT","name":null,"operator":null,"wikidata":null,"wikipedia":null}},{"type":"Feature","geometry":{"type":"Point","coordinates":[-8.43734,41.56244]},"properties":{"osm_type":"node","osm_id":13112578308,"country":"PT","name":null,"operator":null,"wikidata":null,"wikipedia":null}},{"type":"Feature","geometry":{"type":"Point","coordinates":[-8.44759,41.56478]},"properties":{"osm_type":"node","osm_id":13112578317,"country":"PT","name":null,"operator":null,"wikidata":null,"wikipedia":null}},{"type":"Feature","geometry":{"type":"Point","coordinates":[-8.44754,41.56542]},"properties":{"osm_type":"node","osm_id":13112578318,"country":"PT","name":null,"operator":null,"wikidata":null,"wikipedia":null}},{"type":"Feature","geometry":{"type":"Point","coordinates":[-8.44995,41.56803]},"properties":{"osm_type":"node","osm_id":13112578327,"country":"PT","name":null,"operator":null,"wikidata":null,"wikipedia":null}},{"type":"Feature","geometry":{"type":"Point","coordinates":[-8.13161,41.08505]},"properties":{"osm_type":"node","osm_id":13121730232,"country":"PT","name":null,"operator":null,"wikidata":null,"wikipedia":null}},{"type":"Feature","geometry":{"type":"Point","coordinates":[-8.13233,41.0857]},"properties":{"osm_type":"node","osm_id":13121730233,"country":"PT","name":null,"operator":null,"wikidata":null,"wikipedia":null}},{"type":"Feature","geometry":{"type":"Point","coordinates":[-8.2273,40.09625]},"properties":{"osm_type":"node","osm_id":13125515610,"country":"PT","name":null,"operator":null,"wikidata":null,"wikipedia":null}},{"type":"Feature","geometry":{"type":"Point","coordinates":[-8.56312,41.85075]},"properties":{"osm_type":"node","osm_id":13125546163,"country":"PT","name":null,"operator":null,"wikidata":null,"wikipedia":null}},{"type":"Feature","geometry":{"type":"Point","coordinates":[-8.45044,41.56758]},"properties":{"osm_type":"node","osm_id":13136942090,"country":"PT","name":null,"operator":null,"wikidata":null,"wikipedia":null}},{"type":"Feature","geometry":{"type":"Point","coordinates":[-8.4392,41.56152]},"properties":{"osm_type":"node","osm_id":13138221125,"country":"PT","name":null,"operator":null,"wikidata":null,"wikipedia":null}},{"type":"Feature","geometry":{"type":"Point","coordinates":[-17.08356,32.78182]},"properties":{"osm_type":"node","osm_id":13150146898,"country":"PT","name":"Madre da Levada da Ribeira do Inferno","operator":null,"wikidata":null,"wikipedia":null}},{"type":"Feature","geometry":{"type":"Point","coordinates":[-16.8941,32.68367]},"properties":{"osm_type":"node","osm_id":13152896891,"country":"PT","name":null,"operator":null,"wikidata":null,"wikipedia":null}},{"type":"Feature","geometry":{"type":"Point","coordinates":[-17.0053,32.72749]},"properties":{"osm_type":"node","osm_id":13163035113,"country":"PT","name":null,"operator":null,"wikidata":null,"wikipedia":null}},{"type":"Feature","geometry":{"type":"Point","coordinates":[-17.06946,32.69363]},"properties":{"osm_type":"node","osm_id":13165620618,"country":"PT","name":null,"operator":null,"wikidata":null,"wikipedia":null}},{"type":"Feature","geometry":{"type":"Point","coordinates":[-17.06965,32.69348]},"properties":{"osm_type":"node","osm_id":13165620619,"country":"PT","name":null,"operator":null,"wikidata":null,"wikipedia":null}},{"type":"Feature","geometry":{"type":"Point","coordinates":[-7.05055,41.39127]},"properties":{"osm_type":"node","osm_id":13165621057,"country":"PT","name":null,"operator":null,"wikidata":null,"wikipedia":null}},{"type":"Feature","geometry":{"type":"Point","coordinates":[-16.89621,32.67019]},"properties":{"osm_type":"node","osm_id":13165812379,"country":"PT","name":"Madre da Levada do Bom Sucesso","operator":null,"wikidata":null,"wikipedia":null}},{"type":"Feature","geometry":{"type":"Point","coordinates":[-17.05169,32.78944]},"properties":{"osm_type":"node","osm_id":13165902940,"country":"PT","name":"Madre da Levada da Ribeira do Passo","operator":null,"wikidata":null,"wikipedia":null}},{"type":"Feature","geometry":{"type":"Point","coordinates":[-7.07088,40.78822]},"properties":{"osm_type":"node","osm_id":13234989668,"country":"PT","name":null,"operator":null,"wikidata":null,"wikipedia":null}},{"type":"Feature","geometry":{"type":"Point","coordinates":[-7.1786,40.25822]},"properties":{"osm_type":"node","osm_id":13237855576,"country":"PT","name":null,"operator":null,"wikidata":null,"wikipedia":null}},{"type":"Feature","geometry":{"type":"Point","coordinates":[-7.17825,40.25823]},"properties":{"osm_type":"node","osm_id":13237855577,"country":"PT","name":null,"operator":null,"wikidata":null,"wikipedia":null}},{"type":"Feature","geometry":{"type":"Point","coordinates":[-17.08481,32.71435]},"properties":{"osm_type":"node","osm_id":13240700810,"country":"PT","name":null,"operator":null,"wikidata":null,"wikipedia":null}},{"type":"Feature","geometry":{"type":"Point","coordinates":[-7.52994,39.81917]},"properties":{"osm_type":"node","osm_id":13252316504,"country":"PT","name":null,"operator":null,"wikidata":null,"wikipedia":null}},{"type":"Feature","geometry":{"type":"Point","coordinates":[-8.50938,41.41113]},"properties":{"osm_type":"node","osm_id":13308404239,"country":"PT","name":null,"operator":null,"wikidata":null,"wikipedia":null}},{"type":"Feature","geometry":{"type":"Point","coordinates":[-8.50959,41.40986]},"properties":{"osm_type":"node","osm_id":13308404253,"country":"PT","name":null,"operator":null,"wikidata":null,"wikipedia":null}},{"type":"Feature","geometry":{"type":"Point","coordinates":[-8.51274,41.40701]},"properties":{"osm_type":"node","osm_id":13308404289,"country":"PT","name":null,"operator":null,"wikidata":null,"wikipedia":null}},{"type":"Feature","geometry":{"type":"Point","coordinates":[-8.82292,40.17961]},"properties":{"osm_type":"node","osm_id":13465184845,"country":"PT","name":null,"operator":null,"wikidata":null,"wikipedia":null}},{"type":"Feature","geometry":{"type":"Point","coordinates":[-17.22051,32.77685]},"properties":{"osm_type":"node","osm_id":13799868581,"country":"PT","name":null,"operator":null,"wikidata":null,"wikipedia":null}},{"type":"Feature","geometry":{"type":"Point","coordinates":[-17.22563,32.77848]},"properties":{"osm_type":"node","osm_id":13803324844,"country":"PT","name":null,"operator":null,"wikidata":null,"wikipedia":null}},{"type":"Feature","geometry":{"type":"Point","coordinates":[-17.22444,32.77864]},"properties":{"osm_type":"node","osm_id":13803324850,"country":"PT","name":null,"operator":null,"wikidata":null,"wikipedia":null}},{"type":"Feature","geometry":{"type":"Point","coordinates":[-17.02558,32.68172]},"properties":{"osm_type":"node","osm_id":13892624825,"country":"PT","name":null,"operator":null,"wikidata":null,"wikipedia":null}},{"type":"Feature","geometry":{"type":"Point","coordinates":[-8.40779,41.5487]},"properties":{"osm_type":"node","osm_id":13915511272,"country":"PT","name":null,"operator":null,"wikidata":null,"wikipedia":null}},{"type":"Feature","geometry":{"type":"Point","coordinates":[-8.37695,40.02958]},"properties":{"osm_type":"node","osm_id":14085299361,"country":"PT","name":"Presa das Bicas","operator":null,"wikidata":null,"wikipedia":null}},{"type":"Feature","geometry":{"type":"Point","coordinates":[-7.78201,40.35608]},"properties":{"osm_type":"node","osm_id":14115246009,"country":"PT","name":null,"operator":null,"wikidata":null,"wikipedia":null}},{"type":"Feature","geometry":{"type":"Point","coordinates":[-7.78156,40.35626]},"properties":{"osm_type":"node","osm_id":14115246023,"country":"PT","name":null,"operator":null,"wikidata":null,"wikipedia":null}},{"type":"Feature","geometry":{"type":"Point","coordinates":[-7.89152,41.16147]},"properties":{"osm_type":"node","osm_id":14185851012,"country":"PT","name":null,"operator":null,"wikidata":null,"wikipedia":null}},{"type":"Feature","geometry":{"type":"Point","coordinates":[-7.8906,41.16236]},"properties":{"osm_type":"node","osm_id":14185851018,"country":"PT","name":null,"operator":null,"wikidata":null,"wikipedia":null}},{"type":"Feature","geometry":{"type":"Point","coordinates":[-7.89019,41.16339]},"properties":{"osm_type":"node","osm_id":14185851034,"country":"PT","name":null,"operator":null,"wikidata":null,"wikipedia":null}},{"type":"Feature","geometry":{"type":"LineString","coordinates":[[-7.63347,37.80578],[-7.63314,37.80559],[-7.63315,37.80556],[-7.63299,37.80554],[-7.63282,37.8055],[-7.63281,37.80554],[-7.63267,37.80557],[-7.63255,37.80553]]},"properties":{"osm_type":"way","osm_id":79176243,"country":"PT","name":null,"operator":null,"wikidata":null,"wikipedia":null}},{"type":"Feature","geometry":{"type":"LineString","coordinates":[[-7.61899,37.14689],[-7.61887,37.14692],[-7.61875,37.14694]]},"properties":{"osm_type":"way","osm_id":79423267,"country":"PT","name":null,"operator":null,"wikidata":null,"wikipedia":null}},{"type":"Feature","geometry":{"type":"LineString","coordinates":[[-8.45318,40.57203],[-8.45312,40.57186],[-8.45307,40.57168]]},"properties":{"osm_type":"way","osm_id":97976332,"country":"PT","name":null,"operator":null,"wikidata":null,"wikipedia":null}},{"type":"Feature","geometry":{"type":"LineString","coordinates":[[-8.50742,40.5305],[-8.50743,40.53054],[-8.50744,40.53058]]},"properties":{"osm_type":"way","osm_id":110269666,"country":"PT","name":null,"operator":null,"wikidata":null,"wikipedia":null}},{"type":"Feature","geometry":{"type":"LineString","coordinates":[[-8.38905,40.57145],[-8.38902,40.5715],[-8.38893,40.57158]]},"properties":{"osm_type":"way","osm_id":111545458,"country":"PT","name":"Açude","operator":null,"wikidata":null,"wikipedia":null}},{"type":"Feature","geometry":{"type":"LineString","coordinates":[[-8.39009,41.14257],[-8.38983,41.14244],[-8.38977,41.14243],[-8.38957,41.14238],[-8.38953,41.14237],[-8.38953,41.14236],[-8.3895,41.14234],[-8.38945,41.14233]]},"properties":{"osm_type":"way","osm_id":125083727,"country":"PT","name":null,"operator":null,"wikidata":null,"wikipedia":null}},{"type":"Feature","geometry":{"type":"LineString","coordinates":[[-8.40696,41.14772],[-8.40678,41.14753],[-8.40669,41.14758],[-8.40662,41.14762],[-8.40656,41.14776],[-8.40658,41.14779]]},"properties":{"osm_type":"way","osm_id":125083730,"country":"PT","name":null,"operator":null,"wikidata":null,"wikipedia":null}},{"type":"Feature","geometry":{"type":"LineString","coordinates":[[-8.61764,40.18332],[-8.61717,40.18315],[-8.61647,40.18289]]},"properties":{"osm_type":"way","osm_id":125663184,"country":"PT","name":null,"operator":null,"wikidata":null,"wikipedia":null}},{"type":"Feature","geometry":{"type":"LineString","coordinates":[[-8.38708,41.148],[-8.38703,41.14794],[-8.38695,41.14785],[-8.38685,41.14775],[-8.38684,41.14771],[-8.38681,41.14761]]},"properties":{"osm_type":"way","osm_id":125947523,"country":"PT","name":null,"operator":null,"wikidata":null,"wikipedia":null}},{"type":"Feature","geometry":{"type":"LineString","coordinates":[[-7.30765,40.58087],[-7.30777,40.58087],[-7.30798,40.58087]]},"properties":{"osm_type":"way","osm_id":126012057,"country":"PT","name":null,"operator":null,"wikidata":null,"wikipedia":null}},{"type":"Feature","geometry":{"type":"LineString","coordinates":[[-7.30821,40.58041],[-7.30818,40.58025],[-7.30815,40.58015],[-7.30811,40.58011],[-7.30794,40.57998],[-7.30789,40.57994]]},"properties":{"osm_type":"way","osm_id":126012058,"country":"PT","name":null,"operator":null,"wikidata":null,"wikipedia":null}},{"type":"Feature","geometry":{"type":"LineString","coordinates":[[-8.35635,40.56994],[-8.35645,40.56977]]},"properties":{"osm_type":"way","osm_id":128446556,"country":"PT","name":"Açude","operator":null,"wikidata":null,"wikipedia":null}},{"type":"Feature","geometry":{"type":"LineString","coordinates":[[-8.35578,40.56803],[-8.35555,40.56791]]},"properties":{"osm_type":"way","osm_id":128446563,"country":"PT","name":null,"operator":null,"wikidata":null,"wikipedia":null}},{"type":"Feature","geometry":{"type":"LineString","coordinates":[[-8.38156,40.54788],[-8.38171,40.54794],[-8.38173,40.54795],[-8.38181,40.54801],[-8.38183,40.54806],[-8.38182,40.54811],[-8.38178,40.54819],[-8.38169,40.54835],[-8.38163,40.54841],[-8.38161,40.54855],[-8.38159,40.54867],[-8.38158,40.54878],[-8.38158,40.5489],[-8.38156,40.549],[-8.38157,40.5491],[-8.38162,40.54915],[-8.38167,40.54918],[-8.38174,40.5492]]},"properties":{"osm_type":"way","osm_id":128448315,"country":"PT","name":null,"operator":null,"wikidata":null,"wikipedia":null}},{"type":"Feature","geometry":{"type":"LineString","coordinates":[[-7.46689,40.4121],[-7.46703,40.41205],[-7.46719,40.412]]},"properties":{"osm_type":"way","osm_id":129414384,"country":"PT","name":null,"operator":null,"wikidata":null,"wikipedia":null}},{"type":"Feature","geometry":{"type":"LineString","coordinates":[[-7.46719,40.412],[-7.46721,40.41199]]},"properties":{"osm_type":"way","osm_id":129414388,"country":"PT","name":null,"operator":null,"wikidata":null,"wikipedia":null}},{"type":"Feature","geometry":{"type":"LineString","coordinates":[[-7.46687,40.41211],[-7.46689,40.4121]]},"properties":{"osm_type":"way","osm_id":129414389,"country":"PT","name":null,"operator":null,"wikidata":null,"wikipedia":null}},{"type":"Feature","geometry":{"type":"LineString","coordinates":[[-9.3931,38.93633],[-9.39278,38.93637]]},"properties":{"osm_type":"way","osm_id":130060703,"country":"PT","name":null,"operator":null,"wikidata":null,"wikipedia":null}},{"type":"Feature","geometry":{"type":"LineString","coordinates":[[-8.38853,42.04722],[-8.38853,42.0471],[-8.38869,42.0469],[-8.38874,42.04683]]},"properties":{"osm_type":"way","osm_id":130590687,"country":"PT","name":null,"operator":null,"wikidata":null,"wikipedia":null}},{"type":"Feature","geometry":{"type":"LineString","coordinates":[[-16.9367,32.68821],[-16.93655,32.68815],[-16.93652,32.68814],[-16.93631,32.68806],[-16.93609,32.68797],[-16.93594,32.68791]]},"properties":{"osm_type":"way","osm_id":130685813,"country":"PT","name":null,"operator":null,"wikidata":null,"wikipedia":null}},{"type":"Feature","geometry":{"type":"LineString","coordinates":[[-16.31429,33.0924],[-16.31419,33.09231],[-16.31419,33.09224],[-16.31418,33.09204],[-16.31429,33.09198]]},"properties":{"osm_type":"way","osm_id":142787109,"country":"PT","name":null,"operator":null,"wikidata":null,"wikipedia":null}},{"type":"Feature","geometry":{"type":"LineString","coordinates":[[-16.306,33.08722],[-16.30598,33.08719],[-16.30598,33.08719],[-16.30594,33.08713]]},"properties":{"osm_type":"way","osm_id":142789712,"country":"PT","name":null,"operator":null,"wikidata":null,"wikipedia":null}},{"type":"Feature","geometry":{"type":"LineString","coordinates":[[-16.30688,33.08683],[-16.30667,33.08663]]},"properties":{"osm_type":"way","osm_id":142789713,"country":"PT","name":null,"operator":null,"wikidata":null,"wikipedia":null}},{"type":"Feature","geometry":{"type":"LineString","coordinates":[[-16.30667,33.08663],[-16.30657,33.08654]]},"properties":{"osm_type":"way","osm_id":143855801,"country":"PT","name":null,"operator":null,"wikidata":null,"wikipedia":null}},{"type":"Feature","geometry":{"type":"LineString","coordinates":[[-8.36801,40.60826],[-8.36787,40.60811],[-8.36768,40.60792]]},"properties":{"osm_type":"way","osm_id":146362581,"country":"PT","name":null,"operator":null,"wikidata":null,"wikipedia":null}},{"type":"Feature","geometry":{"type":"LineString","coordinates":[[-7.65709,40.40132],[-7.65704,40.40132],[-7.65692,40.4013],[-7.65684,40.40125],[-7.65682,40.40123],[-7.6568,40.40119],[-7.65683,40.40111],[-7.65678,40.40108],[-7.65672,40.40105],[-7.65669,40.40103]]},"properties":{"osm_type":"way","osm_id":146415628,"country":"PT","name":"Açude do Poço Negro","operator":null,"wikidata":null,"wikipedia":null}},{"type":"Feature","geometry":{"type":"LineString","coordinates":[[-7.58314,40.5718],[-7.58316,40.57182],[-7.58334,40.57202]]},"properties":{"osm_type":"way","osm_id":146649378,"country":"PT","name":null,"operator":null,"wikidata":null,"wikipedia":null}},{"type":"Feature","geometry":{"type":"LineString","coordinates":[[-7.56739,40.58586],[-7.56718,40.58573],[-7.56678,40.58555]]},"properties":{"osm_type":"way","osm_id":146649380,"country":"PT","name":null,"operator":null,"wikidata":null,"wikipedia":null}},{"type":"Feature","geometry":{"type":"LineString","coordinates":[[-7.43433,41.53785],[-7.43436,41.53793],[-7.43426,41.53795],[-7.43416,41.53797],[-7.43413,41.53788]]},"properties":{"osm_type":"way","osm_id":148325371,"country":"PT","name":null,"operator":null,"wikidata":null,"wikipedia":null}},{"type":"Feature","geometry":{"type":"LineString","coordinates":[[-8.16631,38.9522],[-8.16579,38.95191],[-8.16529,38.95162]]},"properties":{"osm_type":"way","osm_id":157074788,"country":"PT","name":null,"operator":null,"wikidata":null,"wikipedia":null}},{"type":"Feature","geometry":{"type":"LineString","coordinates":[[-7.08497,38.83178],[-7.08493,38.83176],[-7.08451,38.83158],[-7.08407,38.8314],[-7.08404,38.83138]]},"properties":{"osm_type":"way","osm_id":157182111,"country":"PT","name":null,"operator":null,"wikidata":null,"wikipedia":null}},{"type":"Feature","geometry":{"type":"LineString","coordinates":[[-8.63266,37.23001],[-8.63254,37.23002],[-8.63244,37.23005]]},"properties":{"osm_type":"way","osm_id":157863282,"country":"PT","name":null,"operator":null,"wikidata":null,"wikipedia":null}},{"type":"Feature","geometry":{"type":"LineString","coordinates":[[-8.16296,39.62442],[-8.1629,39.62442],[-8.16281,39.62445]]},"properties":{"osm_type":"way","osm_id":158666656,"country":"PT","name":null,"operator":null,"wikidata":null,"wikipedia":null}},{"type":"Feature","geometry":{"type":"LineString","coordinates":[[-8.16287,39.62534],[-8.16277,39.62532],[-8.16267,39.62529]]},"properties":{"osm_type":"way","osm_id":158666658,"country":"PT","name":null,"operator":null,"wikidata":null,"wikipedia":null}},{"type":"Feature","geometry":{"type":"LineString","coordinates":[[-8.16248,39.62629],[-8.16225,39.62634]]},"properties":{"osm_type":"way","osm_id":158666659,"country":"PT","name":null,"operator":null,"wikidata":null,"wikipedia":null}},{"type":"Feature","geometry":{"type":"LineString","coordinates":[[-7.85783,40.48888],[-7.85779,40.48884],[-7.85763,40.48865]]},"properties":{"osm_type":"way","osm_id":159080397,"country":"PT","name":null,"operator":null,"wikidata":null,"wikipedia":null}},{"type":"Feature","geometry":{"type":"LineString","coordinates":[[-7.17993,41.55286],[-7.17987,41.55288],[-7.17958,41.55304],[-7.17946,41.5531],[-7.17943,41.55315],[-7.17936,41.55317],[-7.17928,41.55322]]},"properties":{"osm_type":"way","osm_id":162900094,"country":"PT","name":null,"operator":null,"wikidata":null,"wikipedia":null}},{"type":"Feature","geometry":{"type":"LineString","coordinates":[[-7.16719,41.57521],[-7.16683,41.57511],[-7.16664,41.57506],[-7.1666,41.57499],[-7.1666,41.57493],[-7.1666,41.5749]]},"properties":{"osm_type":"way","osm_id":162900095,"country":"PT","name":null,"operator":null,"wikidata":null,"wikipedia":null}},{"type":"Feature","geometry":{"type":"LineString","coordinates":[[-7.17439,41.53852],[-7.17437,41.53839],[-7.17433,41.53815],[-7.17435,41.53802],[-7.1744,41.53792],[-7.17448,41.53788],[-7.1746,41.53784],[-7.17467,41.53781],[-7.17468,41.53775]]},"properties":{"osm_type":"way","osm_id":162900096,"country":"PT","name":null,"operator":null,"wikidata":null,"wikipedia":null}},{"type":"Feature","geometry":{"type":"LineString","coordinates":[[-7.19761,41.50441],[-7.19736,41.50424],[-7.19725,41.50424],[-7.19711,41.50429],[-7.19699,41.50439],[-7.1969,41.50448],[-7.19681,41.50461],[-7.1967,41.50481],[-7.19656,41.50495],[-7.1965,41.50507],[-7.19648,41.50519]]},"properties":{"osm_type":"way","osm_id":162900097,"country":"PT","name":null,"operator":null,"wikidata":null,"wikipedia":null}},{"type":"Feature","geometry":{"type":"LineString","coordinates":[[-7.16446,41.59599],[-7.16434,41.59594],[-7.16424,41.59592],[-7.1639,41.59591]]},"properties":{"osm_type":"way","osm_id":162900098,"country":"PT","name":null,"operator":null,"wikidata":null,"wikipedia":null}},{"type":"Feature","geometry":{"type":"LineString","coordinates":[[-7.17646,41.56318],[-7.17621,41.56314],[-7.17595,41.5631]]},"properties":{"osm_type":"way","osm_id":162900099,"country":"PT","name":null,"operator":null,"wikidata":null,"wikipedia":null}},{"type":"Feature","geometry":{"type":"LineString","coordinates":[[-7.18413,41.53457],[-7.18394,41.53459],[-7.1837,41.53466],[-7.18352,41.5347],[-7.18343,41.53472],[-7.18322,41.53472]]},"properties":{"osm_type":"way","osm_id":162900101,"country":"PT","name":null,"operator":null,"wikidata":null,"wikipedia":null}},{"type":"Feature","geometry":{"type":"LineString","coordinates":[[-7.17537,41.5487],[-7.17526,41.5487],[-7.17499,41.54863],[-7.17479,41.54862],[-7.17465,41.54858],[-7.17458,41.54853],[-7.17407,41.54838]]},"properties":{"osm_type":"way","osm_id":162900102,"country":"PT","name":null,"operator":null,"wikidata":null,"wikipedia":null}},{"type":"Feature","geometry":{"type":"LineString","coordinates":[[-7.19204,41.51819],[-7.19196,41.51804],[-7.19193,41.51784]]},"properties":{"osm_type":"way","osm_id":162900103,"country":"PT","name":null,"operator":null,"wikidata":null,"wikipedia":null}},{"type":"Feature","geometry":{"type":"LineString","coordinates":[[-7.16523,41.57834],[-7.16495,41.57816],[-7.16475,41.57802]]},"properties":{"osm_type":"way","osm_id":162900105,"country":"PT","name":null,"operator":null,"wikidata":null,"wikipedia":null}},{"type":"Feature","geometry":{"type":"LineString","coordinates":[[-7.16309,41.61909],[-7.16301,41.61908],[-7.16287,41.61908],[-7.16273,41.61906],[-7.16259,41.61902],[-7.16247,41.61899],[-7.16233,41.61891],[-7.16226,41.61887],[-7.16221,41.61882],[-7.16217,41.61879],[-7.16209,41.61875],[-7.16202,41.61872],[-7.16197,41.61867],[-7.16194,41.61863],[-7.16189,41.61859],[-7.16179,41.61854],[-7.16166,41.61848]]},"properties":{"osm_type":"way","osm_id":162900106,"country":"PT","name":null,"operator":null,"wikidata":null,"wikipedia":null}},{"type":"Feature","geometry":{"type":"LineString","coordinates":[[-7.13025,41.67695],[-7.13023,41.67689],[-7.13022,41.67681],[-7.13019,41.67674]]},"properties":{"osm_type":"way","osm_id":162919634,"country":"PT","name":null,"operator":null,"wikidata":null,"wikipedia":null}},{"type":"Feature","geometry":{"type":"LineString","coordinates":[[-7.61399,40.13618],[-7.61404,40.13613],[-7.61408,40.1361]]},"properties":{"osm_type":"way","osm_id":163430053,"country":"PT","name":null,"operator":null,"wikidata":null,"wikipedia":null}},{"type":"Feature","geometry":{"type":"LineString","coordinates":[[-7.24839,41.62998],[-7.24833,41.62997],[-7.24806,41.62991],[-7.24781,41.62985],[-7.24772,41.62983]]},"properties":{"osm_type":"way","osm_id":165664039,"country":"PT","name":null,"operator":null,"wikidata":null,"wikipedia":null}},{"type":"Feature","geometry":{"type":"LineString","coordinates":[[-7.23511,40.27008],[-7.23507,40.27011],[-7.23503,40.27013]]},"properties":{"osm_type":"way","osm_id":167250765,"country":"PT","name":null,"operator":null,"wikidata":null,"wikipedia":null}},{"type":"Feature","geometry":{"type":"LineString","coordinates":[[-7.02426,40.43623],[-7.02429,40.43624]]},"properties":{"osm_type":"way","osm_id":167995142,"country":"PT","name":null,"operator":null,"wikidata":null,"wikipedia":null}},{"type":"Feature","geometry":{"type":"LineString","coordinates":[[-7.29324,40.55319],[-7.29259,40.55283]]},"properties":{"osm_type":"way","osm_id":168734097,"country":"PT","name":null,"operator":null,"wikidata":null,"wikipedia":null}},{"type":"Feature","geometry":{"type":"LineString","coordinates":[[-7.29122,40.55427],[-7.29153,40.55443],[-7.29166,40.55457]]},"properties":{"osm_type":"way","osm_id":168734098,"country":"PT","name":null,"operator":null,"wikidata":null,"wikipedia":null}},{"type":"Feature","geometry":{"type":"LineString","coordinates":[[-7.02453,40.43634],[-7.02457,40.43635]]},"properties":{"osm_type":"way","osm_id":169117010,"country":"PT","name":null,"operator":null,"wikidata":null,"wikipedia":null}},{"type":"Feature","geometry":{"type":"LineString","coordinates":[[-7.02429,40.43624],[-7.02442,40.4363],[-7.02453,40.43634]]},"properties":{"osm_type":"way","osm_id":169117014,"country":"PT","name":null,"operator":null,"wikidata":null,"wikipedia":null}},{"type":"Feature","geometry":{"type":"LineString","coordinates":[[-7.16401,41.59742],[-7.16392,41.59732],[-7.16379,41.59718],[-7.1637,41.59702],[-7.16359,41.59685]]},"properties":{"osm_type":"way","osm_id":169784796,"country":"PT","name":null,"operator":null,"wikidata":null,"wikipedia":null}},{"type":"Feature","geometry":{"type":"LineString","coordinates":[[-7.16203,41.60201],[-7.1615,41.60216],[-7.16119,41.60224],[-7.16098,41.60223],[-7.16073,41.60222],[-7.16059,41.60219]]},"properties":{"osm_type":"way","osm_id":169784797,"country":"PT","name":null,"operator":null,"wikidata":null,"wikipedia":null}},{"type":"Feature","geometry":{"type":"LineString","coordinates":[[-8.14902,37.18636],[-8.1489,37.18646],[-8.1488,37.18654]]},"properties":{"osm_type":"way","osm_id":174803101,"country":"PT","name":null,"operator":null,"wikidata":null,"wikipedia":null}},{"type":"Feature","geometry":{"type":"LineString","coordinates":[[-8.15679,37.18514],[-8.15674,37.18515],[-8.15669,37.18514],[-8.1566,37.18515],[-8.15655,37.18516],[-8.15644,37.18522]]},"properties":{"osm_type":"way","osm_id":174803103,"country":"PT","name":null,"operator":null,"wikidata":null,"wikipedia":null}},{"type":"Feature","geometry":{"type":"LineString","coordinates":[[-8.17185,37.18463],[-8.17169,37.18469],[-8.17156,37.18473]]},"properties":{"osm_type":"way","osm_id":174803107,"country":"PT","name":null,"operator":null,"wikidata":null,"wikipedia":null}},{"type":"Feature","geometry":{"type":"LineString","coordinates":[[-8.16788,37.18442],[-8.16791,37.1843],[-8.16794,37.18422]]},"properties":{"osm_type":"way","osm_id":174803114,"country":"PT","name":null,"operator":null,"wikidata":null,"wikipedia":null}},{"type":"Feature","geometry":{"type":"LineString","coordinates":[[-7.81681,40.07768],[-7.81662,40.07759],[-7.81642,40.0775]]},"properties":{"osm_type":"way","osm_id":176884736,"country":"PT","name":null,"operator":null,"wikidata":null,"wikipedia":null}},{"type":"Feature","geometry":{"type":"LineString","coordinates":[[-7.80589,40.06534],[-7.80572,40.06541],[-7.80551,40.06547],[-7.8053,40.06552],[-7.80511,40.06552]]},"properties":{"osm_type":"way","osm_id":176884737,"country":"PT","name":null,"operator":null,"wikidata":null,"wikipedia":null}},{"type":"Feature","geometry":{"type":"LineString","coordinates":[[-8.24536,40.29708],[-8.24505,40.29669],[-8.24493,40.29653]]},"properties":{"osm_type":"way","osm_id":180835559,"country":"PT","name":null,"operator":null,"wikidata":null,"wikipedia":null}},{"type":"Feature","geometry":{"type":"LineString","coordinates":[[-8.23196,40.3028],[-8.23168,40.30258],[-8.23106,40.30212]]},"properties":{"osm_type":"way","osm_id":180835560,"country":"PT","name":null,"operator":null,"wikidata":null,"wikipedia":null}},{"type":"Feature","geometry":{"type":"LineString","coordinates":[[-7.50235,39.38112],[-7.50233,39.38111],[-7.50222,39.38106],[-7.50213,39.381],[-7.50204,39.38094]]},"properties":{"osm_type":"way","osm_id":182567036,"country":"PT","name":null,"operator":null,"wikidata":null,"wikipedia":null}},{"type":"Feature","geometry":{"type":"LineString","coordinates":[[-7.76012,41.19721],[-7.7598,41.19707],[-7.75965,41.19701],[-7.75937,41.19693],[-7.75904,41.19699]]},"properties":{"osm_type":"way","osm_id":183768546,"country":"PT","name":"Represa de Alvações","operator":null,"wikidata":null,"wikipedia":null}},{"type":"Feature","geometry":{"type":"LineString","coordinates":[[-17.15756,32.78939],[-17.15766,32.78932],[-17.15776,32.78926]]},"properties":{"osm_type":"way","osm_id":187010843,"country":"PT","name":null,"operator":null,"wikidata":null,"wikipedia":null}},{"type":"Feature","geometry":{"type":"LineString","coordinates":[[-7.16777,41.40927],[-7.16749,41.40934],[-7.16713,41.40939],[-7.1667,41.40938],[-7.1662,41.40934],[-7.16586,41.40931]]},"properties":{"osm_type":"way","osm_id":189257557,"country":"PT","name":null,"operator":null,"wikidata":null,"wikipedia":null}},{"type":"Feature","geometry":{"type":"LineString","coordinates":[[-7.16311,41.40737],[-7.16302,41.40738],[-7.16283,41.40745],[-7.16268,41.40755],[-7.16261,41.40761],[-7.16247,41.40773],[-7.16242,41.40784],[-7.16244,41.40796],[-7.16245,41.408]]},"properties":{"osm_type":"way","osm_id":189257558,"country":"PT","name":null,"operator":null,"wikidata":null,"wikipedia":null}},{"type":"Feature","geometry":{"type":"LineString","coordinates":[[-8.41392,41.15154],[-8.41401,41.15157],[-8.41404,41.15155],[-8.41418,41.15139]]},"properties":{"osm_type":"way","osm_id":196224790,"country":"PT","name":null,"operator":null,"wikidata":null,"wikipedia":null}},{"type":"Feature","geometry":{"type":"LineString","coordinates":[[-8.41551,41.14871],[-8.41553,41.14875],[-8.41558,41.14877],[-8.41567,41.14877],[-8.41574,41.14875],[-8.41581,41.14869],[-8.41584,41.14863]]},"properties":{"osm_type":"way","osm_id":196224791,"country":"PT","name":null,"operator":null,"wikidata":null,"wikipedia":null}},{"type":"Feature","geometry":{"type":"LineString","coordinates":[[-8.08254,41.26783],[-8.08259,41.26782],[-8.08268,41.26769],[-8.08268,41.26759],[-8.08265,41.26756],[-8.08255,41.26747]]},"properties":{"osm_type":"way","osm_id":198970035,"country":"PT","name":null,"operator":null,"wikidata":null,"wikipedia":null}},{"type":"Feature","geometry":{"type":"LineString","coordinates":[[-8.07318,41.27203],[-8.07303,41.27201],[-8.07292,41.27194],[-8.07278,41.27185],[-8.07272,41.27181],[-8.0727,41.27173]]},"properties":{"osm_type":"way","osm_id":198970036,"country":"PT","name":null,"operator":null,"wikidata":null,"wikipedia":null}},{"type":"Feature","geometry":{"type":"LineString","coordinates":[[-8.05637,41.2897],[-8.05635,41.28942],[-8.05643,41.28917],[-8.05651,41.28899],[-8.05657,41.28887],[-8.05668,41.28864]]},"properties":{"osm_type":"way","osm_id":198970037,"country":"PT","name":null,"operator":null,"wikidata":null,"wikipedia":null}},{"type":"Feature","geometry":{"type":"LineString","coordinates":[[-8.08373,41.26828],[-8.08366,41.26828],[-8.08355,41.26831],[-8.08349,41.26833],[-8.08339,41.26834],[-8.08317,41.26831],[-8.08298,41.26824],[-8.0828,41.26825],[-8.08242,41.26814],[-8.08229,41.26805],[-8.08225,41.26797],[-8.08227,41.2679],[-8.08235,41.26779]]},"properties":{"osm_type":"way","osm_id":198970038,"country":"PT","name":null,"operator":null,"wikidata":null,"wikipedia":null}},{"type":"Feature","geometry":{"type":"LineString","coordinates":[[-7.99518,40.26818],[-7.99503,40.26801],[-7.995,40.26797],[-7.995,40.26793],[-7.995,40.26788],[-7.99502,40.26783],[-7.99504,40.2678],[-7.99506,40.26778]]},"properties":{"osm_type":"way","osm_id":213900594,"country":"PT","name":null,"operator":null,"wikidata":null,"wikipedia":null}},{"type":"Feature","geometry":{"type":"LineString","coordinates":[[-8.57312,39.97866],[-8.57314,39.97861],[-8.57315,39.97857]]},"properties":{"osm_type":"way","osm_id":220492382,"country":"PT","name":null,"operator":null,"wikidata":null,"wikipedia":null}},{"type":"Feature","geometry":{"type":"LineString","coordinates":[[-8.47023,41.1821],[-8.47004,41.18205],[-8.46994,41.18199]]},"properties":{"osm_type":"way","osm_id":224690368,"country":"PT","name":null,"operator":null,"wikidata":null,"wikipedia":null}},{"type":"Feature","geometry":{"type":"LineString","coordinates":[[-8.09251,41.69132],[-8.09246,41.69138],[-8.09243,41.69145],[-8.0924,41.69152],[-8.0924,41.69159],[-8.0924,41.69166],[-8.09242,41.69173],[-8.09246,41.6918],[-8.09251,41.69186],[-8.09257,41.69191],[-8.09264,41.69196],[-8.09273,41.692],[-8.09282,41.69203]]},"properties":{"osm_type":"way","osm_id":225455538,"country":"PT","name":null,"operator":null,"wikidata":null,"wikipedia":null}},{"type":"Feature","geometry":{"type":"LineString","coordinates":[[-7.3327,40.53315],[-7.33271,40.53312],[-7.33272,40.53307]]},"properties":{"osm_type":"way","osm_id":231494850,"country":"PT","name":null,"operator":null,"wikidata":null,"wikipedia":null}},{"type":"Feature","geometry":{"type":"LineString","coordinates":[[-7.33772,40.53681],[-7.33752,40.53673],[-7.33732,40.53665]]},"properties":{"osm_type":"way","osm_id":231494854,"country":"PT","name":null,"operator":null,"wikidata":null,"wikipedia":null}},{"type":"Feature","geometry":{"type":"LineString","coordinates":[[-9.39308,38.78831],[-9.39292,38.78826]]},"properties":{"osm_type":"way","osm_id":232894903,"country":"PT","name":null,"operator":null,"wikidata":null,"wikipedia":null}},{"type":"Feature","geometry":{"type":"LineString","coordinates":[[-7.89736,40.26913],[-7.89738,40.26911],[-7.89744,40.26906],[-7.89752,40.26901]]},"properties":{"osm_type":"way","osm_id":234171067,"country":"PT","name":null,"operator":null,"wikidata":null,"wikipedia":null}},{"type":"Feature","geometry":{"type":"LineString","coordinates":[[-7.40414,40.48623],[-7.40394,40.48642],[-7.40377,40.48657]]},"properties":{"osm_type":"way","osm_id":242584965,"country":"PT","name":null,"operator":null,"wikidata":null,"wikipedia":null}},{"type":"Feature","geometry":{"type":"LineString","coordinates":[[-8.09254,41.42689],[-8.09248,41.42692],[-8.09245,41.42694]]},"properties":{"osm_type":"way","osm_id":243856318,"country":"PT","name":null,"operator":null,"wikidata":null,"wikipedia":null}},{"type":"Feature","geometry":{"type":"LineString","coordinates":[[-8.09384,41.42625],[-8.09385,41.42625],[-8.09392,41.42626],[-8.09394,41.42626],[-8.09396,41.42627],[-8.094,41.42627]]},"properties":{"osm_type":"way","osm_id":243857562,"country":"PT","name":null,"operator":null,"wikidata":null,"wikipedia":null}},{"type":"Feature","geometry":{"type":"LineString","coordinates":[[-9.16451,38.66322],[-9.16453,38.66322],[-9.16454,38.66323],[-9.16454,38.66324],[-9.16454,38.66328],[-9.16453,38.6633],[-9.16452,38.66331],[-9.1645,38.66332]]},"properties":{"osm_type":"way","osm_id":244159023,"country":"PT","name":"Vala do Caramujo","operator":null,"wikidata":null,"wikipedia":null}},{"type":"Feature","geometry":{"type":"LineString","coordinates":[[-7.73031,40.11098],[-7.72996,40.11127],[-7.72972,40.11147]]},"properties":{"osm_type":"way","osm_id":245129156,"country":"PT","name":"Açude da Barroca","operator":null,"wikidata":null,"wikipedia":null}},{"type":"Feature","geometry":{"type":"LineString","coordinates":[[-7.71774,40.1117],[-7.71765,40.11133],[-7.71758,40.11099]]},"properties":{"osm_type":"way","osm_id":245129158,"country":"PT","name":null,"operator":null,"wikidata":null,"wikipedia":null}},{"type":"Feature","geometry":{"type":"LineString","coordinates":[[-7.74597,40.10184],[-7.74595,40.10162],[-7.74592,40.10138]]},"properties":{"osm_type":"way","osm_id":245129161,"country":"PT","name":null,"operator":null,"wikidata":null,"wikipedia":null}},{"type":"Feature","geometry":{"type":"LineString","coordinates":[[-8.09034,41.4104],[-8.09039,41.41033],[-8.09039,41.41023]]},"properties":{"osm_type":"way","osm_id":246410769,"country":"PT","name":null,"operator":null,"wikidata":null,"wikipedia":null}},{"type":"Feature","geometry":{"type":"LineString","coordinates":[[-7.47162,40.46125],[-7.47134,40.46115]]},"properties":{"osm_type":"way","osm_id":246621224,"country":"PT","name":null,"operator":null,"wikidata":null,"wikipedia":null}},{"type":"Feature","geometry":{"type":"LineString","coordinates":[[-8.79978,39.74058],[-8.79996,39.74052],[-8.80006,39.74044],[-8.80014,39.74035],[-8.80017,39.74029]]},"properties":{"osm_type":"way","osm_id":246820325,"country":"PT","name":null,"operator":null,"wikidata":null,"wikipedia":null}},{"type":"Feature","geometry":{"type":"LineString","coordinates":[[-8.803,39.74272],[-8.80282,39.74254],[-8.80267,39.74239]]},"properties":{"osm_type":"way","osm_id":246820337,"country":"PT","name":null,"operator":null,"wikidata":null,"wikipedia":null}},{"type":"Feature","geometry":{"type":"LineString","coordinates":[[-7.97634,41.37421],[-7.97609,41.37426],[-7.97563,41.37447]]},"properties":{"osm_type":"way","osm_id":247363699,"country":"PT","name":null,"operator":null,"wikidata":null,"wikipedia":null}},{"type":"Feature","geometry":{"type":"LineString","coordinates":[[-8.05075,41.44305],[-8.05087,41.44302],[-8.05102,41.44302]]},"properties":{"osm_type":"way","osm_id":247368020,"country":"PT","name":null,"operator":null,"wikidata":null,"wikipedia":null}},{"type":"Feature","geometry":{"type":"LineString","coordinates":[[-16.96593,32.77186],[-16.96599,32.77181],[-16.96603,32.77177]]},"properties":{"osm_type":"way","osm_id":254563893,"country":"PT","name":null,"operator":null,"wikidata":null,"wikipedia":null}},{"type":"Feature","geometry":{"type":"LineString","coordinates":[[-16.96584,32.77179],[-16.9659,32.77174],[-16.96594,32.7717]]},"properties":{"osm_type":"way","osm_id":254563895,"country":"PT","name":null,"operator":null,"wikidata":null,"wikipedia":null}},{"type":"Feature","geometry":{"type":"LineString","coordinates":[[-16.96589,32.77183],[-16.96594,32.77177],[-16.96599,32.77173]]},"properties":{"osm_type":"way","osm_id":254563897,"country":"PT","name":null,"operator":null,"wikidata":null,"wikipedia":null}},{"type":"Feature","geometry":{"type":"LineString","coordinates":[[-16.9658,32.77176],[-16.96585,32.77171],[-16.9659,32.77167]]},"properties":{"osm_type":"way","osm_id":254563900,"country":"PT","name":null,"operator":null,"wikidata":null,"wikipedia":null}},{"type":"Feature","geometry":{"type":"LineString","coordinates":[[-8.46928,41.34619],[-8.46936,41.34617],[-8.46942,41.34612],[-8.46942,41.34605],[-8.46943,41.34601],[-8.46949,41.34599],[-8.46953,41.34595],[-8.46964,41.34592],[-8.46973,41.34591],[-8.46983,41.34594],[-8.46992,41.34593],[-8.47008,41.34598],[-8.47026,41.34608],[-8.47035,41.34615],[-8.47048,41.34622],[-8.47063,41.3463]]},"properties":{"osm_type":"way","osm_id":271014299,"country":"PT","name":null,"operator":null,"wikidata":null,"wikipedia":null}},{"type":"Feature","geometry":{"type":"LineString","coordinates":[[-8.4579,41.35507],[-8.45768,41.35506],[-8.4574,41.35508],[-8.45725,41.35508],[-8.45726,41.35517],[-8.45727,41.35528],[-8.45726,41.35541],[-8.4573,41.3555],[-8.45736,41.35559],[-8.45742,41.35564],[-8.45745,41.35572],[-8.45745,41.35587]]},"properties":{"osm_type":"way","osm_id":271014301,"country":"PT","name":null,"operator":null,"wikidata":null,"wikipedia":null}},{"type":"Feature","geometry":{"type":"LineString","coordinates":[[-8.42028,41.36822],[-8.41998,41.36855],[-8.42012,41.36866],[-8.42032,41.36884]]},"properties":{"osm_type":"way","osm_id":271032006,"country":"PT","name":null,"operator":null,"wikidata":null,"wikipedia":null}},{"type":"Feature","geometry":{"type":"LineString","coordinates":[[-8.40435,41.38182],[-8.40444,41.38187],[-8.40471,41.38193],[-8.40494,41.38195],[-8.40502,41.38196]]},"properties":{"osm_type":"way","osm_id":271032008,"country":"PT","name":null,"operator":null,"wikidata":null,"wikipedia":null}},{"type":"Feature","geometry":{"type":"LineString","coordinates":[[-8.39591,41.3867],[-8.39614,41.38671],[-8.39636,41.38672]]},"properties":{"osm_type":"way","osm_id":271102706,"country":"PT","name":null,"operator":null,"wikidata":null,"wikipedia":null}},{"type":"Feature","geometry":{"type":"LineString","coordinates":[[-8.39882,41.39248],[-8.39859,41.39222],[-8.39855,41.39218],[-8.39837,41.39231]]},"properties":{"osm_type":"way","osm_id":271102707,"country":"PT","name":null,"operator":null,"wikidata":null,"wikipedia":null}},{"type":"Feature","geometry":{"type":"LineString","coordinates":[[-8.38196,41.41265],[-8.38154,41.41256],[-8.38143,41.41252],[-8.38134,41.41252],[-8.38126,41.41249],[-8.38113,41.41237]]},"properties":{"osm_type":"way","osm_id":271280765,"country":"PT","name":null,"operator":null,"wikidata":null,"wikipedia":null}},{"type":"Feature","geometry":{"type":"LineString","coordinates":[[-8.55322,41.34702],[-8.55309,41.347],[-8.55261,41.34711],[-8.55254,41.34708],[-8.5525,41.34701],[-8.55246,41.34696]]},"properties":{"osm_type":"way","osm_id":271737974,"country":"PT","name":null,"operator":null,"wikidata":null,"wikipedia":null}},{"type":"Feature","geometry":{"type":"LineString","coordinates":[[-8.56313,41.3455],[-8.56313,41.34547],[-8.56322,41.3454],[-8.56336,41.34535],[-8.56345,41.34531],[-8.56355,41.34527],[-8.5637,41.34518],[-8.56382,41.34508]]},"properties":{"osm_type":"way","osm_id":271738935,"country":"PT","name":null,"operator":null,"wikidata":null,"wikipedia":null}},{"type":"Feature","geometry":{"type":"LineString","coordinates":[[-7.63875,38.05631],[-7.6387,38.0564],[-7.63867,38.0565],[-7.63865,38.05659],[-7.63856,38.05671],[-7.63848,38.05684],[-7.63822,38.05704],[-7.63816,38.05739],[-7.63816,38.05764]]},"properties":{"osm_type":"way","osm_id":277793114,"country":"PT","name":null,"operator":null,"wikidata":null,"wikipedia":null}},{"type":"Feature","geometry":{"type":"LineString","coordinates":[[-6.52606,41.4759],[-6.52602,41.47586],[-6.52593,41.47578],[-6.5258,41.4757]]},"properties":{"osm_type":"way","osm_id":277923959,"country":"PT","name":"Represa","operator":null,"wikidata":null,"wikipedia":null}},{"type":"Feature","geometry":{"type":"LineString","coordinates":[[-6.52637,41.49302],[-6.52626,41.49302],[-6.52617,41.49298],[-6.52601,41.49298],[-6.52589,41.49296]]},"properties":{"osm_type":"way","osm_id":277946235,"country":"PT","name":"Represa","operator":null,"wikidata":null,"wikipedia":null}},{"type":"Feature","geometry":{"type":"LineString","coordinates":[[-6.52175,41.51759],[-6.52158,41.5176],[-6.52136,41.5176],[-6.52127,41.51756]]},"properties":{"osm_type":"way","osm_id":278046517,"country":"PT","name":"Represa","operator":null,"wikidata":null,"wikipedia":null}},{"type":"Feature","geometry":{"type":"LineString","coordinates":[[-8.98384,39.56288],[-8.98382,39.56267],[-8.98384,39.56258],[-8.98386,39.56242]]},"properties":{"osm_type":"way","osm_id":281224450,"country":"PT","name":null,"operator":null,"wikidata":null,"wikipedia":null}},{"type":"Feature","geometry":{"type":"LineString","coordinates":[[-8.18625,39.9357],[-8.1862,39.93567],[-8.18628,39.93558],[-8.18636,39.9355]]},"properties":{"osm_type":"way","osm_id":282040151,"country":"PT","name":null,"operator":null,"wikidata":null,"wikipedia":null}},{"type":"Feature","geometry":{"type":"LineString","coordinates":[[-7.19648,41.50523],[-7.19648,41.50519],[-7.1965,41.50507],[-7.19656,41.50495],[-7.1967,41.50481],[-7.19681,41.50461],[-7.1969,41.50448],[-7.19699,41.50439],[-7.19711,41.50429],[-7.19725,41.50424],[-7.19736,41.50424],[-7.19761,41.50441],[-7.19767,41.50443]]},"properties":{"osm_type":"way","osm_id":282597017,"country":"PT","name":null,"operator":null,"wikidata":null,"wikipedia":null}},{"type":"Feature","geometry":{"type":"LineString","coordinates":[[-7.2328,41.52635],[-7.23254,41.52647],[-7.23232,41.52659]]},"properties":{"osm_type":"way","osm_id":282597019,"country":"PT","name":null,"operator":null,"wikidata":null,"wikipedia":null}},{"type":"Feature","geometry":{"type":"LineString","coordinates":[[-7.21997,41.52046],[-7.21992,41.52026],[-7.21989,41.52011],[-7.21987,41.52],[-7.2198,41.51985],[-7.21974,41.51975],[-7.21966,41.51967]]},"properties":{"osm_type":"way","osm_id":282597022,"country":"PT","name":null,"operator":null,"wikidata":null,"wikipedia":null}},{"type":"Feature","geometry":{"type":"LineString","coordinates":[[-8.79688,41.6088],[-8.79668,41.60874],[-8.79654,41.60865],[-8.79652,41.60863]]},"properties":{"osm_type":"way","osm_id":286284884,"country":"PT","name":null,"operator":null,"wikidata":null,"wikipedia":null}},{"type":"Feature","geometry":{"type":"LineString","coordinates":[[-8.78215,41.61383],[-8.78203,41.61374],[-8.78199,41.61363]]},"properties":{"osm_type":"way","osm_id":286284885,"country":"PT","name":null,"operator":null,"wikidata":null,"wikipedia":null}},{"type":"Feature","geometry":{"type":"LineString","coordinates":[[-8.7694,41.61351],[-8.76951,41.61339],[-8.76958,41.61329]]},"properties":{"osm_type":"way","osm_id":286298322,"country":"PT","name":"Açude da Azenha do Minante","operator":null,"wikidata":null,"wikipedia":null}},{"type":"Feature","geometry":{"type":"LineString","coordinates":[[-8.75284,41.61483],[-8.75286,41.61473],[-8.75287,41.61464]]},"properties":{"osm_type":"way","osm_id":286604078,"country":"PT","name":null,"operator":null,"wikidata":null,"wikipedia":null}},{"type":"Feature","geometry":{"type":"LineString","coordinates":[[-8.7506,41.61775],[-8.75051,41.61765],[-8.75041,41.61756]]},"properties":{"osm_type":"way","osm_id":286604079,"country":"PT","name":null,"operator":null,"wikidata":null,"wikipedia":null}},{"type":"Feature","geometry":{"type":"LineString","coordinates":[[-8.74674,41.61857],[-8.74664,41.61852],[-8.74656,41.61846]]},"properties":{"osm_type":"way","osm_id":286604080,"country":"PT","name":null,"operator":null,"wikidata":null,"wikipedia":null}},{"type":"Feature","geometry":{"type":"LineString","coordinates":[[-8.73218,41.62154],[-8.73225,41.6215],[-8.73232,41.62144]]},"properties":{"osm_type":"way","osm_id":286615574,"country":"PT","name":null,"operator":null,"wikidata":null,"wikipedia":null}},{"type":"Feature","geometry":{"type":"LineString","coordinates":[[-8.72709,41.61761],[-8.72728,41.61751],[-8.72734,41.61748],[-8.72738,41.61741]]},"properties":{"osm_type":"way","osm_id":286786292,"country":"PT","name":null,"operator":null,"wikidata":null,"wikipedia":null}},{"type":"Feature","geometry":{"type":"LineString","coordinates":[[-8.71198,41.62169],[-8.71208,41.62163],[-8.71217,41.62159]]},"properties":{"osm_type":"way","osm_id":286788815,"country":"PT","name":null,"operator":null,"wikidata":null,"wikipedia":null}},{"type":"Feature","geometry":{"type":"LineString","coordinates":[[-8.7123,41.62158],[-8.71233,41.62166],[-8.71235,41.62174]]},"properties":{"osm_type":"way","osm_id":286788816,"country":"PT","name":null,"operator":null,"wikidata":null,"wikipedia":null}},{"type":"Feature","geometry":{"type":"LineString","coordinates":[[-8.70812,41.63278],[-8.70819,41.63285],[-8.70826,41.63292]]},"properties":{"osm_type":"way","osm_id":286936940,"country":"PT","name":null,"operator":null,"wikidata":null,"wikipedia":null}},{"type":"Feature","geometry":{"type":"LineString","coordinates":[[-8.70595,41.63152],[-8.70607,41.63162],[-8.70617,41.63171]]},"properties":{"osm_type":"way","osm_id":286940784,"country":"PT","name":null,"operator":null,"wikidata":null,"wikipedia":null}},{"type":"Feature","geometry":{"type":"LineString","coordinates":[[-8.70233,41.63159],[-8.70239,41.63171],[-8.70244,41.63182]]},"properties":{"osm_type":"way","osm_id":286940785,"country":"PT","name":null,"operator":null,"wikidata":null,"wikipedia":null}},{"type":"Feature","geometry":{"type":"LineString","coordinates":[[-8.69972,41.63325],[-8.69957,41.63329],[-8.69944,41.63333]]},"properties":{"osm_type":"way","osm_id":286940786,"country":"PT","name":null,"operator":null,"wikidata":null,"wikipedia":null}},{"type":"Feature","geometry":{"type":"LineString","coordinates":[[-8.69968,41.63439],[-8.69956,41.63438],[-8.69943,41.63436]]},"properties":{"osm_type":"way","osm_id":286940787,"country":"PT","name":null,"operator":null,"wikidata":null,"wikipedia":null}},{"type":"Feature","geometry":{"type":"LineString","coordinates":[[-8.68086,41.63989],[-8.68078,41.6398],[-8.68071,41.6397]]},"properties":{"osm_type":"way","osm_id":286954895,"country":"PT","name":null,"operator":null,"wikidata":null,"wikipedia":null}},{"type":"Feature","geometry":{"type":"LineString","coordinates":[[-8.65752,41.637],[-8.65764,41.63696],[-8.65774,41.63692]]},"properties":{"osm_type":"way","osm_id":286974993,"country":"PT","name":null,"operator":null,"wikidata":null,"wikipedia":null}},{"type":"Feature","geometry":{"type":"LineString","coordinates":[[-8.65527,41.63613],[-8.65516,41.63614],[-8.65505,41.63613]]},"properties":{"osm_type":"way","osm_id":286974995,"country":"PT","name":null,"operator":null,"wikidata":null,"wikipedia":null}},{"type":"Feature","geometry":{"type":"LineString","coordinates":[[-8.07722,41.4317],[-8.07719,41.4317],[-8.07712,41.43172]]},"properties":{"osm_type":"way","osm_id":287304282,"country":"PT","name":null,"operator":null,"wikidata":null,"wikipedia":null}},{"type":"Feature","geometry":{"type":"LineString","coordinates":[[-8.02437,40.05607],[-8.02435,40.0561],[-8.02432,40.0561],[-8.02428,40.05609],[-8.02424,40.05609],[-8.02417,40.05608],[-8.02413,40.05608]]},"properties":{"osm_type":"way","osm_id":291818708,"country":"PT","name":null,"operator":null,"wikidata":null,"wikipedia":null}},{"type":"Feature","geometry":{"type":"LineString","coordinates":[[-7.44436,39.05725],[-7.44422,39.05718],[-7.44411,39.05711],[-7.444,39.05705],[-7.44392,39.05701]]},"properties":{"osm_type":"way","osm_id":293286440,"country":"PT","name":null,"operator":null,"wikidata":null,"wikipedia":null}},{"type":"Feature","geometry":{"type":"LineString","coordinates":[[-7.28598,39.18867],[-7.28554,39.18871]]},"properties":{"osm_type":"way","osm_id":293354079,"country":"PT","name":null,"operator":null,"wikidata":null,"wikipedia":null}},{"type":"Feature","geometry":{"type":"LineString","coordinates":[[-7.28599,39.1894],[-7.28561,39.18943]]},"properties":{"osm_type":"way","osm_id":293354080,"country":"PT","name":null,"operator":null,"wikidata":null,"wikipedia":null}},{"type":"Feature","geometry":{"type":"LineString","coordinates":[[-7.54745,38.97208],[-7.54786,38.97227]]},"properties":{"osm_type":"way","osm_id":294525414,"country":"PT","name":null,"operator":null,"wikidata":null,"wikipedia":null}},{"type":"Feature","geometry":{"type":"LineString","coordinates":[[-8.73688,41.62142],[-8.73688,41.62135],[-8.73688,41.6213]]},"properties":{"osm_type":"way","osm_id":294759712,"country":"PT","name":"Açude da Azenha da Almerinda","operator":null,"wikidata":null,"wikipedia":null}},{"type":"Feature","geometry":{"type":"LineString","coordinates":[[-8.0958,40.01646],[-8.09572,40.01652],[-8.09565,40.01658]]},"properties":{"osm_type":"way","osm_id":295294950,"country":"PT","name":null,"operator":null,"wikidata":null,"wikipedia":null}},{"type":"Feature","geometry":{"type":"LineString","coordinates":[[-8.09398,40.03805],[-8.09393,40.03801],[-8.09388,40.03797]]},"properties":{"osm_type":"way","osm_id":295294951,"country":"PT","name":null,"operator":null,"wikidata":null,"wikipedia":null}},{"type":"Feature","geometry":{"type":"LineString","coordinates":[[-8.17508,39.92097],[-8.17508,39.92091],[-8.17505,39.92087],[-8.17501,39.92084],[-8.17494,39.92081]]},"properties":{"osm_type":"way","osm_id":295890871,"country":"PT","name":null,"operator":null,"wikidata":null,"wikipedia":null}},{"type":"Feature","geometry":{"type":"LineString","coordinates":[[-7.40255,40.40262],[-7.40265,40.40278],[-7.40273,40.4029]]},"properties":{"osm_type":"way","osm_id":301179585,"country":"PT","name":null,"operator":null,"wikidata":null,"wikipedia":null}},{"type":"Feature","geometry":{"type":"LineString","coordinates":[[-8.41161,39.60458],[-8.41163,39.60463],[-8.41164,39.60466],[-8.41164,39.60468],[-8.41165,39.6047],[-8.41172,39.60478],[-8.41192,39.60488],[-8.41218,39.60503],[-8.41225,39.60508],[-8.4125,39.60545],[-8.4124,39.6055],[-8.41228,39.60555]]},"properties":{"osm_type":"way","osm_id":301859954,"country":"PT","name":"Açude dos Frades","operator":null,"wikidata":null,"wikipedia":null}},{"type":"Feature","geometry":{"type":"LineString","coordinates":[[-8.39983,39.62935],[-8.39975,39.62936],[-8.39966,39.62937]]},"properties":{"osm_type":"way","osm_id":301860428,"country":"PT","name":null,"operator":null,"wikidata":null,"wikipedia":null}},{"type":"Feature","geometry":{"type":"LineString","coordinates":[[-8.02222,41.75851],[-8.0222,41.75847],[-8.02219,41.75844],[-8.02219,41.75839],[-8.02222,41.75835]]},"properties":{"osm_type":"way","osm_id":303107989,"country":"PT","name":"Barragem do Ribeiro do Penedo","operator":null,"wikidata":null,"wikipedia":null}},{"type":"Feature","geometry":{"type":"LineString","coordinates":[[-7.23896,41.36991],[-7.2389,41.36991],[-7.23881,41.36992],[-7.23871,41.36992],[-7.23861,41.36992],[-7.23857,41.36991],[-7.23855,41.36991],[-7.23847,41.36991],[-7.23841,41.36989],[-7.23834,41.36985],[-7.23829,41.36981],[-7.23825,41.3698],[-7.23821,41.36977],[-7.23818,41.36974]]},"properties":{"osm_type":"way","osm_id":303367864,"country":"PT","name":"Açude","operator":null,"wikidata":null,"wikipedia":null}},{"type":"Feature","geometry":{"type":"LineString","coordinates":[[-7.64223,39.27129],[-7.64216,39.27123],[-7.64209,39.27116],[-7.64207,39.27101],[-7.64206,39.27099],[-7.64204,39.2709]]},"properties":{"osm_type":"way","osm_id":303397740,"country":"PT","name":null,"operator":null,"wikidata":null,"wikipedia":null}},{"type":"Feature","geometry":{"type":"LineString","coordinates":[[-7.28896,39.11778],[-7.28862,39.11791],[-7.28857,39.11793],[-7.28848,39.11795],[-7.28839,39.11798],[-7.28819,39.11807],[-7.28816,39.11808],[-7.28811,39.11808]]},"properties":{"osm_type":"way","osm_id":304012050,"country":"PT","name":null,"operator":null,"wikidata":null,"wikipedia":null}},{"type":"Feature","geometry":{"type":"LineString","coordinates":[[-8.59665,41.34722],[-8.59658,41.34699],[-8.59654,41.34676],[-8.59656,41.34674],[-8.59657,41.34672],[-8.59665,41.34668],[-8.59674,41.34662],[-8.59682,41.34654],[-8.59682,41.34649]]},"properties":{"osm_type":"way","osm_id":326423167,"country":"PT","name":null,"operator":null,"wikidata":null,"wikipedia":null}},{"type":"Feature","geometry":{"type":"LineString","coordinates":[[-8.81961,41.85859],[-8.81962,41.85861]]},"properties":{"osm_type":"way","osm_id":327392990,"country":"PT","name":null,"operator":null,"wikidata":null,"wikipedia":null}},{"type":"Feature","geometry":{"type":"LineString","coordinates":[[-8.52808,38.24216],[-8.52804,38.24215],[-8.52786,38.24212],[-8.52764,38.24202],[-8.52759,38.24199]]},"properties":{"osm_type":"way","osm_id":328118342,"country":"PT","name":null,"operator":null,"wikidata":null,"wikipedia":null}},{"type":"Feature","geometry":{"type":"LineString","coordinates":[[-7.22897,39.91672],[-7.22883,39.9167],[-7.22873,39.91664],[-7.22865,39.91654]]},"properties":{"osm_type":"way","osm_id":335690911,"country":"PT","name":null,"operator":null,"wikidata":null,"wikipedia":null}},{"type":"Feature","geometry":{"type":"LineString","coordinates":[[-8.35617,41.41886],[-8.35611,41.41873],[-8.35606,41.4186]]},"properties":{"osm_type":"way","osm_id":337082354,"country":"PT","name":null,"operator":null,"wikidata":null,"wikipedia":null}},{"type":"Feature","geometry":{"type":"LineString","coordinates":[[-6.99794,38.15722],[-6.9978,38.15711],[-6.99788,38.15705],[-6.99793,38.15701],[-6.99801,38.15707],[-6.99809,38.15714]]},"properties":{"osm_type":"way","osm_id":338629473,"country":"PT","name":null,"operator":null,"wikidata":null,"wikipedia":null}},{"type":"Feature","geometry":{"type":"LineString","coordinates":[[-6.9823,38.15196],[-6.98223,38.15199],[-6.98208,38.15207],[-6.982,38.1522],[-6.98204,38.15225],[-6.98208,38.1523],[-6.98219,38.15236]]},"properties":{"osm_type":"way","osm_id":338629474,"country":"PT","name":null,"operator":null,"wikidata":null,"wikipedia":null}},{"type":"Feature","geometry":{"type":"LineString","coordinates":[[-6.98611,38.15129],[-6.98615,38.15135],[-6.9861,38.15136],[-6.98599,38.1514],[-6.98595,38.15144],[-6.98594,38.15152],[-6.98593,38.1516],[-6.98591,38.15166]]},"properties":{"osm_type":"way","osm_id":338629477,"country":"PT","name":null,"operator":null,"wikidata":null,"wikipedia":null}},{"type":"Feature","geometry":{"type":"LineString","coordinates":[[-6.99739,38.15678],[-6.99752,38.15688],[-6.99758,38.15683],[-6.99765,38.15678],[-6.99755,38.1567],[-6.99747,38.15664]]},"properties":{"osm_type":"way","osm_id":338629480,"country":"PT","name":null,"operator":null,"wikidata":null,"wikipedia":null}},{"type":"Feature","geometry":{"type":"LineString","coordinates":[[-6.99788,38.15705],[-6.99775,38.15695],[-6.99758,38.15683]]},"properties":{"osm_type":"way","osm_id":338629482,"country":"PT","name":null,"operator":null,"wikidata":null,"wikipedia":null}},{"type":"Feature","geometry":{"type":"LineString","coordinates":[[-6.96982,38.15861],[-6.96975,38.15863],[-6.96949,38.15863],[-6.96941,38.15864],[-6.96925,38.15862],[-6.96907,38.15847]]},"properties":{"osm_type":"way","osm_id":338630396,"country":"PT","name":null,"operator":null,"wikidata":null,"wikipedia":null}},{"type":"Feature","geometry":{"type":"LineString","coordinates":[[-7.12688,38.18146],[-7.12541,38.18101]]},"properties":{"osm_type":"way","osm_id":338654771,"country":"PT","name":null,"operator":null,"wikidata":null,"wikipedia":null}},{"type":"Feature","geometry":{"type":"LineString","coordinates":[[-7.05024,38.16477],[-7.05016,38.16481],[-7.05007,38.1648],[-7.05004,38.16477],[-7.04999,38.16478],[-7.04997,38.1648],[-7.04973,38.16484]]},"properties":{"osm_type":"way","osm_id":338666577,"country":"PT","name":null,"operator":null,"wikidata":null,"wikipedia":null}},{"type":"Feature","geometry":{"type":"LineString","coordinates":[[-7.0601,38.17127],[-7.05998,38.17132],[-7.05986,38.17135],[-7.0598,38.17135],[-7.05973,38.17131],[-7.05966,38.17126]]},"properties":{"osm_type":"way","osm_id":338673438,"country":"PT","name":null,"operator":null,"wikidata":null,"wikipedia":null}},{"type":"Feature","geometry":{"type":"LineString","coordinates":[[-8.04057,38.23084],[-8.04064,38.23082],[-8.04051,38.23019]]},"properties":{"osm_type":"way","osm_id":338854050,"country":"PT","name":null,"operator":null,"wikidata":null,"wikipedia":null}},{"type":"Feature","geometry":{"type":"LineString","coordinates":[[-7.596,39.83766],[-7.59594,39.83762],[-7.59574,39.83748],[-7.59548,39.83729],[-7.59541,39.83725]]},"properties":{"osm_type":"way","osm_id":340927050,"country":"PT","name":null,"operator":null,"wikidata":null,"wikipedia":null}},{"type":"Feature","geometry":{"type":"LineString","coordinates":[[-7.59168,39.84204],[-7.59184,39.84192],[-7.59198,39.84181]]},"properties":{"osm_type":"way","osm_id":340933757,"country":"PT","name":null,"operator":null,"wikidata":null,"wikipedia":null}},{"type":"Feature","geometry":{"type":"LineString","coordinates":[[-7.60153,39.82914],[-7.60149,39.8291],[-7.60129,39.82889],[-7.60103,39.82863],[-7.60099,39.8286]]},"properties":{"osm_type":"way","osm_id":340933760,"country":"PT","name":null,"operator":null,"wikidata":null,"wikipedia":null}},{"type":"Feature","geometry":{"type":"LineString","coordinates":[[-7.59463,39.85945],[-7.59467,39.85944],[-7.59501,39.85933],[-7.59526,39.85927],[-7.59552,39.8592]]},"properties":{"osm_type":"way","osm_id":340933763,"country":"PT","name":null,"operator":null,"wikidata":null,"wikipedia":null}},{"type":"Feature","geometry":{"type":"LineString","coordinates":[[-8.58064,39.9817],[-8.5805,39.98171]]},"properties":{"osm_type":"way","osm_id":342868568,"country":"PT","name":null,"operator":null,"wikidata":null,"wikipedia":null}},{"type":"Feature","geometry":{"type":"LineString","coordinates":[[-7.75443,37.63561],[-7.75438,37.63558],[-7.75407,37.63539],[-7.75378,37.63522],[-7.75373,37.63519]]},"properties":{"osm_type":"way","osm_id":342969251,"country":"PT","name":null,"operator":null,"wikidata":null,"wikipedia":null}},{"type":"Feature","geometry":{"type":"LineString","coordinates":[[-8.06482,41.28507],[-8.0648,41.28503],[-8.06476,41.28495],[-8.06478,41.28486],[-8.06487,41.28482],[-8.06493,41.28484],[-8.06496,41.28479],[-8.06511,41.28465],[-8.06518,41.28454],[-8.06526,41.28443],[-8.06532,41.28439],[-8.06538,41.28436],[-8.06544,41.28428],[-8.06548,41.28423],[-8.06545,41.28419],[-8.06538,41.28418],[-8.06526,41.28421],[-8.06524,41.28421],[-8.06515,41.28419]]},"properties":{"osm_type":"way","osm_id":343722821,"country":"PT","name":null,"operator":null,"wikidata":null,"wikipedia":null}},{"type":"Feature","geometry":{"type":"LineString","coordinates":[[-7.21315,41.38426],[-7.21276,41.38421],[-7.21247,41.38415],[-7.21222,41.38402],[-7.2121,41.38385],[-7.212,41.38372],[-7.21172,41.38358]]},"properties":{"osm_type":"way","osm_id":344152719,"country":"PT","name":null,"operator":null,"wikidata":null,"wikipedia":null}},{"type":"Feature","geometry":{"type":"LineString","coordinates":[[-7.2209,41.38049],[-7.22074,41.38068],[-7.22052,41.38103],[-7.22045,41.38122],[-7.22029,41.38153]]},"properties":{"osm_type":"way","osm_id":344152720,"country":"PT","name":null,"operator":null,"wikidata":null,"wikipedia":null}},{"type":"Feature","geometry":{"type":"LineString","coordinates":[[-7.20055,41.38836],[-7.20081,41.38852],[-7.20096,41.3886],[-7.20115,41.38866],[-7.20134,41.38866],[-7.2016,41.38866]]},"properties":{"osm_type":"way","osm_id":344152721,"country":"PT","name":null,"operator":null,"wikidata":null,"wikipedia":null}},{"type":"Feature","geometry":{"type":"LineString","coordinates":[[-7.16702,41.39884],[-7.1671,41.39856],[-7.16714,41.39835],[-7.16704,41.39808],[-7.16702,41.3979],[-7.16704,41.39765]]},"properties":{"osm_type":"way","osm_id":344152722,"country":"PT","name":null,"operator":null,"wikidata":null,"wikipedia":null}},{"type":"Feature","geometry":{"type":"LineString","coordinates":[[-7.2277,41.36867],[-7.22821,41.36848],[-7.22836,41.36842],[-7.22854,41.36844],[-7.22859,41.36839],[-7.22861,41.36833]]},"properties":{"osm_type":"way","osm_id":344152723,"country":"PT","name":null,"operator":null,"wikidata":null,"wikipedia":null}},{"type":"Feature","geometry":{"type":"LineString","coordinates":[[-7.18776,41.45374],[-7.18788,41.45325],[-7.18789,41.45306],[-7.18777,41.45283],[-7.18754,41.4526],[-7.1874,41.45236],[-7.18738,41.45219],[-7.18729,41.45202]]},"properties":{"osm_type":"way","osm_id":344153460,"country":"PT","name":null,"operator":null,"wikidata":null,"wikipedia":null}},{"type":"Feature","geometry":{"type":"LineString","coordinates":[[-7.18854,41.48093],[-7.18852,41.48093],[-7.18844,41.48091],[-7.18835,41.48089],[-7.18832,41.48088],[-7.18824,41.48086],[-7.18815,41.48084],[-7.18812,41.48083],[-7.18804,41.48081],[-7.18795,41.48079],[-7.18792,41.48078],[-7.18784,41.48076],[-7.18776,41.48074],[-7.18772,41.48073],[-7.18764,41.48071],[-7.18756,41.48069],[-7.18752,41.48069],[-7.18744,41.48067],[-7.18736,41.48064],[-7.18732,41.48064],[-7.18724,41.48062],[-7.18716,41.4806],[-7.18712,41.48059],[-7.18704,41.48057],[-7.18696,41.48055],[-7.18694,41.48054]]},"properties":{"osm_type":"way","osm_id":344153884,"country":"PT","name":"Açude de Mirandela","operator":"Câmara Municipal de Mirandela","wikidata":null,"wikipedia":null}},{"type":"Feature","geometry":{"type":"LineString","coordinates":[[-7.6805,37.94418],[-7.68025,37.94411],[-7.68005,37.9441],[-7.67993,37.94412],[-7.67982,37.94407],[-7.6798,37.94405],[-7.67976,37.944],[-7.67978,37.94385],[-7.67978,37.9437],[-7.67977,37.94356],[-7.67976,37.94352],[-7.67959,37.9434]]},"properties":{"osm_type":"way","osm_id":346979212,"country":"PT","name":null,"operator":null,"wikidata":null,"wikipedia":null}},{"type":"Feature","geometry":{"type":"LineString","coordinates":[[-7.65411,37.8834],[-7.65388,37.88339],[-7.6536,37.88336],[-7.65331,37.88336],[-7.65312,37.88338],[-7.65292,37.8834],[-7.65276,37.88343],[-7.65263,37.88346],[-7.65249,37.88348]]},"properties":{"osm_type":"way","osm_id":346979213,"country":"PT","name":null,"operator":null,"wikidata":null,"wikipedia":null}},{"type":"Feature","geometry":{"type":"LineString","coordinates":[[-7.64309,37.99578],[-7.6428,37.99581],[-7.64269,37.99585],[-7.64262,37.99587],[-7.64246,37.99591]]},"properties":{"osm_type":"way","osm_id":346982098,"country":"PT","name":null,"operator":null,"wikidata":null,"wikipedia":null}},{"type":"Feature","geometry":{"type":"LineString","coordinates":[[-7.64533,38.02612],[-7.64512,38.02622],[-7.64502,38.02634],[-7.64487,38.02646],[-7.64468,38.02643],[-7.64453,38.02642],[-7.64423,38.02636],[-7.64409,38.02626],[-7.64387,38.0262],[-7.64356,38.0261],[-7.6431,38.02608],[-7.64301,38.02615],[-7.64284,38.02626],[-7.64263,38.02638],[-7.64229,38.02646]]},"properties":{"osm_type":"way","osm_id":346982099,"country":"PT","name":null,"operator":null,"wikidata":null,"wikipedia":null}},{"type":"Feature","geometry":{"type":"LineString","coordinates":[[-7.64289,38.00863],[-7.64265,38.0086],[-7.64241,38.00853],[-7.64247,38.00843],[-7.64236,38.00826],[-7.64231,38.00822],[-7.64213,38.00826],[-7.64206,38.00847],[-7.64195,38.00861],[-7.64169,38.0087],[-7.64151,38.00874],[-7.64122,38.0088],[-7.64103,38.00881],[-7.64089,38.00886]]},"properties":{"osm_type":"way","osm_id":346982100,"country":"PT","name":null,"operator":null,"wikidata":null,"wikipedia":null}},{"type":"Feature","geometry":{"type":"LineString","coordinates":[[-7.64405,38.01796],[-7.64346,38.01791],[-7.64317,38.01786],[-7.643,38.01791],[-7.64289,38.01802],[-7.64269,38.01806],[-7.64249,38.01807],[-7.64211,38.01802],[-7.64195,38.01812],[-7.64177,38.01814],[-7.64153,38.01796],[-7.64125,38.018]]},"properties":{"osm_type":"way","osm_id":346982102,"country":"PT","name":null,"operator":null,"wikidata":null,"wikipedia":null}},{"type":"Feature","geometry":{"type":"LineString","coordinates":[[-7.67482,37.95065],[-7.67483,37.95051],[-7.67465,37.95038],[-7.67468,37.95029],[-7.67456,37.95027],[-7.67427,37.95041],[-7.67415,37.95039],[-7.67404,37.9503],[-7.674,37.95026],[-7.67394,37.95011],[-7.67388,37.94988],[-7.67391,37.94957],[-7.67398,37.94935],[-7.67404,37.94925],[-7.67405,37.94919],[-7.67391,37.94908],[-7.67378,37.949]]},"properties":{"osm_type":"way","osm_id":346988991,"country":"PT","name":null,"operator":null,"wikidata":null,"wikipedia":null}},{"type":"Feature","geometry":{"type":"LineString","coordinates":[[-7.66678,37.96722],[-7.66669,37.96701],[-7.66663,37.96693],[-7.66633,37.9669],[-7.66607,37.96702],[-7.66602,37.96717],[-7.66587,37.96717],[-7.66565,37.96696],[-7.66545,37.9668],[-7.66534,37.96676],[-7.66516,37.96679],[-7.66509,37.9668],[-7.66505,37.96681],[-7.66502,37.96681],[-7.665,37.96689],[-7.66485,37.96689],[-7.66473,37.96695],[-7.66464,37.96694],[-7.66459,37.96684],[-7.66431,37.96677]]},"properties":{"osm_type":"way","osm_id":346988992,"country":"PT","name":null,"operator":null,"wikidata":null,"wikipedia":null}},{"type":"Feature","geometry":{"type":"LineString","coordinates":[[-7.6521,38.08523],[-7.6521,38.08514],[-7.6521,38.08498],[-7.65222,38.08492],[-7.6523,38.08492],[-7.65247,38.08487],[-7.6526,38.08487],[-7.65274,38.08487],[-7.65284,38.0848],[-7.6529,38.08466],[-7.6529,38.08455],[-7.6529,38.08447],[-7.65309,38.08441],[-7.65321,38.08446],[-7.65344,38.0845],[-7.65369,38.08461],[-7.65375,38.08457],[-7.65376,38.08443],[-7.65377,38.08433],[-7.65375,38.084],[-7.65372,38.08394],[-7.65389,38.08386],[-7.6541,38.08379]]},"properties":{"osm_type":"way","osm_id":347314757,"country":"PT","name":null,"operator":null,"wikidata":null,"wikipedia":null}},{"type":"Feature","geometry":{"type":"LineString","coordinates":[[-7.64866,38.08201],[-7.64877,38.08182],[-7.64897,38.08188],[-7.64915,38.0819],[-7.64927,38.08191],[-7.64943,38.0819],[-7.64939,38.08172],[-7.64944,38.08156],[-7.64948,38.08149],[-7.64955,38.08127],[-7.64955,38.08111],[-7.64959,38.08085],[-7.64987,38.08072],[-7.64981,38.08053],[-7.64972,38.08038],[-7.64955,38.08026],[-7.64928,38.08021],[-7.64901,38.08006],[-7.64874,38.07985],[-7.64855,38.07963],[-7.6484,38.07953],[-7.64829,38.07943],[-7.64842,38.07939],[-7.64863,38.07928]]},"properties":{"osm_type":"way","osm_id":347314765,"country":"PT","name":null,"operator":null,"wikidata":null,"wikipedia":null}},{"type":"Feature","geometry":{"type":"LineString","coordinates":[[-7.65332,37.69461],[-7.65338,37.69456],[-7.65342,37.69453],[-7.65351,37.69445],[-7.65358,37.69441],[-7.65365,37.69441],[-7.65372,37.69437],[-7.65375,37.69436]]},"properties":{"osm_type":"way","osm_id":347317964,"country":"PT","name":null,"operator":null,"wikidata":null,"wikipedia":null}},{"type":"Feature","geometry":{"type":"Polygon","coordinates":[[[-7.65234,37.64657],[-7.6521,37.64654],[-7.65184,37.64659],[-7.65167,37.64665],[-7.65152,37.64671],[-7.65138,37.64678],[-7.65124,37.64686],[-7.65119,37.6469],[-7.65123,37.64695],[-7.6511,37.647],[-7.65094,37.64713],[-7.65085,37.64724],[-7.65071,37.64732],[-7.65064,37.64736],[-7.65048,37.6474],[-7.65048,37.64741],[-7.65064,37.64737],[-7.65072,37.64733],[-7.65086,37.64725],[-7.65094,37.64714],[-7.65111,37.64701],[-7.65124,37.64695],[-7.65121,37.64691],[-7.65125,37.64687],[-7.65138,37.64679],[-7.65153,37.64672],[-7.65167,37.64666],[-7.65185,37.6466],[-7.6521,37.64655],[-7.65234,37.64658],[-7.65234,37.64657]]]},"properties":{"osm_type":"way","osm_id":347330476,"country":"PT","name":null,"operator":null,"wikidata":null,"wikipedia":null}},{"type":"Feature","geometry":{"type":"LineString","coordinates":[[-7.6496,37.84357],[-7.64918,37.84367],[-7.64881,37.84373],[-7.64846,37.8438],[-7.64827,37.84386],[-7.648,37.84382],[-7.64771,37.84377],[-7.64749,37.8437],[-7.64728,37.84365]]},"properties":{"osm_type":"way","osm_id":347391902,"country":"PT","name":null,"operator":null,"wikidata":null,"wikipedia":null}},{"type":"Feature","geometry":{"type":"LineString","coordinates":[[-7.66342,37.97554],[-7.66319,37.97569],[-7.66297,37.9758],[-7.66271,37.97589],[-7.66262,37.97601],[-7.66253,37.97613],[-7.66249,37.97617],[-7.66242,37.97628],[-7.66231,37.97637],[-7.6623,37.97647],[-7.66222,37.97655],[-7.66203,37.97658],[-7.66184,37.9766]]},"properties":{"osm_type":"way","osm_id":348361656,"country":"PT","name":null,"operator":null,"wikidata":null,"wikipedia":null}},{"type":"Feature","geometry":{"type":"LineString","coordinates":[[-7.15817,38.78707],[-7.15803,38.78701],[-7.15794,38.78698],[-7.1579,38.78702],[-7.1579,38.78709],[-7.15786,38.78717],[-7.15784,38.78721],[-7.15764,38.78746],[-7.15745,38.78768],[-7.1574,38.78768],[-7.15732,38.78766],[-7.15727,38.78744],[-7.15726,38.78713],[-7.15722,38.787]]},"properties":{"osm_type":"way","osm_id":348631046,"country":"PT","name":null,"operator":null,"wikidata":null,"wikipedia":null}},{"type":"Feature","geometry":{"type":"LineString","coordinates":[[-7.65707,39.07032],[-7.65726,39.07011],[-7.65741,39.06996],[-7.65763,39.06981],[-7.65778,39.06972],[-7.65776,39.06956],[-7.65771,39.06952]]},"properties":{"osm_type":"way","osm_id":352168050,"country":"PT","name":null,"operator":null,"wikidata":null,"wikipedia":null}},{"type":"Feature","geometry":{"type":"LineString","coordinates":[[-7.71669,37.40917],[-7.71609,37.40888]]},"properties":{"osm_type":"way","osm_id":355190995,"country":"PT","name":null,"operator":null,"wikidata":null,"wikipedia":null}},{"type":"Feature","geometry":{"type":"LineString","coordinates":[[-7.63697,37.41055],[-7.63644,37.41017]]},"properties":{"osm_type":"way","osm_id":355191007,"country":"PT","name":null,"operator":null,"wikidata":null,"wikipedia":null}},{"type":"Feature","geometry":{"type":"LineString","coordinates":[[-7.75337,39.80926],[-7.75333,39.80922],[-7.75322,39.80921],[-7.75313,39.80919],[-7.75304,39.80917],[-7.75297,39.80912],[-7.75294,39.80909],[-7.75291,39.80909],[-7.75289,39.80914],[-7.75284,39.80937],[-7.75276,39.80954],[-7.75277,39.80959],[-7.75275,39.80961],[-7.75275,39.80964],[-7.75272,39.80971],[-7.75266,39.80983],[-7.75268,39.80999],[-7.75263,39.81005],[-7.75264,39.81008],[-7.7527,39.81015],[-7.75287,39.81029],[-7.75306,39.81041],[-7.75308,39.81039]]},"properties":{"osm_type":"way","osm_id":357799166,"country":"PT","name":null,"operator":null,"wikidata":null,"wikipedia":null}},{"type":"Feature","geometry":{"type":"LineString","coordinates":[[-8.19729,41.73689],[-8.19728,41.73685],[-8.19728,41.73683],[-8.19728,41.7368],[-8.1973,41.73676],[-8.19732,41.73673],[-8.19734,41.73671],[-8.19754,41.73676]]},"properties":{"osm_type":"way","osm_id":358259604,"country":"PT","name":null,"operator":null,"wikidata":null,"wikipedia":null}},{"type":"Feature","geometry":{"type":"LineString","coordinates":[[-8.14545,41.71019],[-8.14542,41.7101],[-8.1454,41.71001]]},"properties":{"osm_type":"way","osm_id":358670232,"country":"PT","name":null,"operator":null,"wikidata":null,"wikipedia":null}},{"type":"Feature","geometry":{"type":"LineString","coordinates":[[-7.58622,40.25194],[-7.58612,40.25194],[-7.58597,40.25194]]},"properties":{"osm_type":"way","osm_id":358958447,"country":"PT","name":null,"operator":null,"wikidata":null,"wikipedia":null}},{"type":"Feature","geometry":{"type":"LineString","coordinates":[[-6.97354,39.82136],[-6.97327,39.82136],[-6.97323,39.82137],[-6.9729,39.8214],[-6.9727,39.82142],[-6.97234,39.82135]]},"properties":{"osm_type":"way","osm_id":361876484,"country":"PT","name":"Açude de Mata-Mouros","operator":null,"wikidata":null,"wikipedia":null}},{"type":"Feature","geometry":{"type":"LineString","coordinates":[[-6.98306,39.81631],[-6.9829,39.81637],[-6.98279,39.81639],[-6.98263,39.81641],[-6.98249,39.81641],[-6.98241,39.81641]]},"properties":{"osm_type":"way","osm_id":361876485,"country":"PT","name":null,"operator":null,"wikidata":null,"wikipedia":null}},{"type":"Feature","geometry":{"type":"LineString","coordinates":[[-8.61632,41.52714],[-8.61615,41.52707],[-8.61606,41.52703],[-8.61576,41.52699],[-8.61535,41.527],[-8.61516,41.52702],[-8.61491,41.52701]]},"properties":{"osm_type":"way","osm_id":361988946,"country":"PT","name":null,"operator":null,"wikidata":null,"wikipedia":null}},{"type":"Feature","geometry":{"type":"LineString","coordinates":[[-8.60107,41.53084],[-8.60097,41.53093],[-8.60083,41.5311],[-8.60067,41.53132],[-8.60057,41.53156],[-8.60041,41.53182],[-8.60036,41.53194],[-8.60043,41.53196]]},"properties":{"osm_type":"way","osm_id":361988948,"country":"PT","name":null,"operator":null,"wikidata":null,"wikipedia":null}},{"type":"Feature","geometry":{"type":"LineString","coordinates":[[-8.55364,41.54694],[-8.55354,41.54685],[-8.55354,41.54674],[-8.5536,41.5467],[-8.55357,41.54665],[-8.55354,41.54666],[-8.55349,41.54663],[-8.55346,41.54655],[-8.55353,41.54646],[-8.55364,41.54643],[-8.55364,41.54636],[-8.55359,41.54636],[-8.55356,41.54634],[-8.55354,41.54632],[-8.55353,41.54629],[-8.55354,41.54627],[-8.5536,41.54624],[-8.55356,41.54616]]},"properties":{"osm_type":"way","osm_id":361989828,"country":"PT","name":null,"operator":null,"wikidata":null,"wikipedia":null}},{"type":"Feature","geometry":{"type":"LineString","coordinates":[[-8.47971,41.58578],[-8.47978,41.58565],[-8.47982,41.58558],[-8.47999,41.58537],[-8.48009,41.58499],[-8.48012,41.58481],[-8.48019,41.58478]]},"properties":{"osm_type":"way","osm_id":361993688,"country":"PT","name":null,"operator":null,"wikidata":null,"wikipedia":null}},{"type":"Feature","geometry":{"type":"LineString","coordinates":[[-8.31949,41.62728],[-8.31924,41.62705],[-8.3191,41.62688],[-8.31882,41.62649]]},"properties":{"osm_type":"way","osm_id":361993952,"country":"PT","name":null,"operator":null,"wikidata":null,"wikipedia":null}},{"type":"Feature","geometry":{"type":"LineString","coordinates":[[-8.28775,37.72897],[-8.28783,37.729],[-8.28788,37.72903]]},"properties":{"osm_type":"way","osm_id":366045043,"country":"PT","name":null,"operator":null,"wikidata":null,"wikipedia":null}},{"type":"Feature","geometry":{"type":"LineString","coordinates":[[-17.11192,32.75692],[-17.11198,32.75689],[-17.11195,32.75686]]},"properties":{"osm_type":"way","osm_id":366049952,"country":"PT","name":"Madre da Levada do Alecrim","operator":null,"wikidata":null,"wikipedia":null}},{"type":"Feature","geometry":{"type":"LineString","coordinates":[[-8.31713,39.91601],[-8.31707,39.91596],[-8.31704,39.91591]]},"properties":{"osm_type":"way","osm_id":367276338,"country":"PT","name":null,"operator":null,"wikidata":null,"wikipedia":null}},{"type":"Feature","geometry":{"type":"LineString","coordinates":[[-8.35013,41.44965],[-8.35003,41.44957],[-8.34988,41.4494],[-8.34982,41.44933],[-8.34978,41.44923],[-8.34965,41.44922]]},"properties":{"osm_type":"way","osm_id":368358745,"country":"PT","name":null,"operator":null,"wikidata":null,"wikipedia":null}},{"type":"Feature","geometry":{"type":"LineString","coordinates":[[-8.07738,37.74841],[-8.07763,37.74881],[-8.07772,37.74881]]},"properties":{"osm_type":"way","osm_id":368740291,"country":"PT","name":null,"operator":null,"wikidata":null,"wikipedia":null}},{"type":"Feature","geometry":{"type":"LineString","coordinates":[[-8.01926,37.766],[-8.01949,37.76593],[-8.01984,37.76582]]},"properties":{"osm_type":"way","osm_id":368740299,"country":"PT","name":null,"operator":null,"wikidata":null,"wikipedia":null}},{"type":"Feature","geometry":{"type":"LineString","coordinates":[[-8.02354,37.63044],[-8.02364,37.62993]]},"properties":{"osm_type":"way","osm_id":368767479,"country":"PT","name":null,"operator":null,"wikidata":null,"wikipedia":null}},{"type":"Feature","geometry":{"type":"LineString","coordinates":[[-8.01909,37.75032],[-8.01924,37.75074],[-8.01932,37.75082]]},"properties":{"osm_type":"way","osm_id":369159981,"country":"PT","name":null,"operator":null,"wikidata":null,"wikipedia":null}},{"type":"Feature","geometry":{"type":"LineString","coordinates":[[-8.00904,37.70565],[-8.00907,37.70576],[-8.00922,37.70623]]},"properties":{"osm_type":"way","osm_id":369160009,"country":"PT","name":null,"operator":null,"wikidata":null,"wikipedia":null}},{"type":"Feature","geometry":{"type":"LineString","coordinates":[[-7.96108,38.06739],[-7.96131,38.0671],[-7.96143,38.06695],[-7.96154,38.06681],[-7.96193,38.06632]]},"properties":{"osm_type":"way","osm_id":369980790,"country":"PT","name":"Açude do Monte do Bolor","operator":null,"wikidata":null,"wikipedia":null}},{"type":"Feature","geometry":{"type":"LineString","coordinates":[[-7.30658,38.15164],[-7.30669,38.15142],[-7.30713,38.15144]]},"properties":{"osm_type":"way","osm_id":372749499,"country":"PT","name":null,"operator":null,"wikidata":null,"wikipedia":null}},{"type":"Feature","geometry":{"type":"LineString","coordinates":[[-8.68808,37.0859],[-8.68801,37.0859],[-8.68793,37.0859]]},"properties":{"osm_type":"way","osm_id":373661990,"country":"PT","name":null,"operator":null,"wikidata":null,"wikipedia":null}},{"type":"Feature","geometry":{"type":"LineString","coordinates":[[-8.04869,38.94159],[-8.04874,38.94156],[-8.04882,38.94151]]},"properties":{"osm_type":"way","osm_id":374312104,"country":"PT","name":null,"operator":null,"wikidata":null,"wikipedia":null}},{"type":"Feature","geometry":{"type":"Polygon","coordinates":[[[-8.20498,39.45078],[-8.20503,39.4508],[-8.20505,39.45078],[-8.205,39.45076],[-8.20524,39.4504],[-8.20529,39.45042],[-8.2053,39.45041],[-8.20526,39.45039],[-8.20538,39.45021],[-8.20551,39.45002],[-8.20555,39.45004],[-8.20557,39.45003],[-8.20552,39.45001],[-8.20577,39.44964],[-8.20588,39.44968],[-8.20589,39.44966],[-8.20578,39.44962],[-8.20592,39.44943],[-8.20606,39.44949],[-8.2061,39.44944],[-8.20598,39.44939],[-8.20609,39.44924],[-8.20602,39.44921],[-8.20593,39.44918],[-8.2059,39.44922],[-8.20586,39.44921],[-8.20581,39.44919],[-8.20572,39.44932],[-8.20577,39.44934],[-8.20581,39.44935],[-8.20579,39.44938],[-8.20585,39.4494],[-8.20572,39.44959],[-8.20568,39.44958],[-8.20567,39.4496],[-8.2057,39.44961],[-8.20545,39.44998],[-8.20541,39.44996],[-8.2054,39.44998],[-8.20544,39.45],[-8.20531,39.45018],[-8.20519,39.45036],[-8.20515,39.45034],[-8.20514,39.45036],[-8.20518,39.45038],[-8.20493,39.45074],[-8.20489,39.45072],[-8.20488,39.45074],[-8.20492,39.45075],[-8.2047,39.45107],[-8.20458,39.45102],[-8.20452,39.4511],[-8.20476,39.4512],[-8.20482,39.45111],[-8.20477,39.45109],[-8.20498,39.45078]]]},"properties":{"osm_type":"way","osm_id":375297724,"country":"PT","name":"Açude Insuflável de Abrantes","operator":null,"wikidata":null,"wikipedia":null}},{"type":"Feature","geometry":{"type":"LineString","coordinates":[[-7.5033,41.85145],[-7.50279,41.85146]]},"properties":{"osm_type":"way","osm_id":377446078,"country":"PT","name":null,"operator":null,"wikidata":null,"wikipedia":null}},{"type":"Feature","geometry":{"type":"LineString","coordinates":[[-7.877,41.79603],[-7.87703,41.79608],[-7.87702,41.79612],[-7.87699,41.79618],[-7.87694,41.79621],[-7.87687,41.79623],[-7.8768,41.79623],[-7.87673,41.7962],[-7.87667,41.79616]]},"properties":{"osm_type":"way","osm_id":377684431,"country":"PT","name":"Captação para a Barragem do Alto Rabagão","operator":null,"wikidata":null,"wikipedia":null}},{"type":"Feature","geometry":{"type":"LineString","coordinates":[[-7.4292,41.80589],[-7.42903,41.80586],[-7.4288,41.80581],[-7.42712,41.80551],[-7.42709,41.80548],[-7.42707,41.80545],[-7.42715,41.8052]]},"properties":{"osm_type":"way","osm_id":377746792,"country":"PT","name":"Açude da Veiga","operator":null,"wikidata":null,"wikipedia":null}},{"type":"Feature","geometry":{"type":"LineString","coordinates":[[-7.44995,41.76124],[-7.4496,41.76096],[-7.44941,41.7608]]},"properties":{"osm_type":"way","osm_id":377750388,"country":"PT","name":null,"operator":null,"wikidata":null,"wikipedia":null}},{"type":"Feature","geometry":{"type":"LineString","coordinates":[[-7.49734,41.71899],[-7.49747,41.71899],[-7.49779,41.71898],[-7.49829,41.71896],[-7.49835,41.71903],[-7.49846,41.71916]]},"properties":{"osm_type":"way","osm_id":377751096,"country":"PT","name":null,"operator":null,"wikidata":null,"wikipedia":null}},{"type":"Feature","geometry":{"type":"LineString","coordinates":[[-8.41712,41.84271],[-8.41718,41.84272],[-8.41727,41.84275],[-8.41734,41.84283],[-8.41738,41.84293],[-8.41744,41.84301],[-8.41751,41.84307],[-8.41759,41.84311],[-8.41768,41.84313],[-8.4178,41.84315],[-8.41794,41.84318],[-8.418,41.84324],[-8.41809,41.84336]]},"properties":{"osm_type":"way","osm_id":378668759,"country":"PT","name":null,"operator":null,"wikidata":null,"wikipedia":null}},{"type":"Feature","geometry":{"type":"LineString","coordinates":[[-8.09334,40.74034],[-8.0933,40.74025],[-8.09326,40.74015]]},"properties":{"osm_type":"way","osm_id":380518945,"country":"PT","name":null,"operator":null,"wikidata":null,"wikipedia":null}},{"type":"Feature","geometry":{"type":"LineString","coordinates":[[-8.09334,40.73995],[-8.09334,40.73988],[-8.09334,40.73981],[-8.09334,40.73975],[-8.09334,40.73971]]},"properties":{"osm_type":"way","osm_id":380518946,"country":"PT","name":null,"operator":null,"wikidata":null,"wikipedia":null}},{"type":"Feature","geometry":{"type":"LineString","coordinates":[[-8.066,40.74851],[-8.06629,40.74811],[-8.06641,40.74794],[-8.06629,40.74785]]},"properties":{"osm_type":"way","osm_id":380518952,"country":"PT","name":null,"operator":null,"wikidata":null,"wikipedia":null}},{"type":"Feature","geometry":{"type":"LineString","coordinates":[[-8.27379,40.27452],[-8.27324,40.27444],[-8.27274,40.27443]]},"properties":{"osm_type":"way","osm_id":384119164,"country":"PT","name":null,"operator":null,"wikidata":null,"wikipedia":null}},{"type":"Feature","geometry":{"type":"LineString","coordinates":[[-8.27975,40.26027],[-8.27974,40.26027],[-8.27907,40.26025],[-8.27876,40.26024]]},"properties":{"osm_type":"way","osm_id":384119167,"country":"PT","name":null,"operator":null,"wikidata":null,"wikipedia":null}},{"type":"Feature","geometry":{"type":"LineString","coordinates":[[-7.93746,40.42649],[-7.9374,40.42651],[-7.93721,40.42658],[-7.93705,40.42663]]},"properties":{"osm_type":"way","osm_id":384248351,"country":"PT","name":null,"operator":null,"wikidata":null,"wikipedia":null}},{"type":"Feature","geometry":{"type":"LineString","coordinates":[[-7.95009,40.42328],[-7.95011,40.4227]]},"properties":{"osm_type":"way","osm_id":384248352,"country":"PT","name":null,"operator":null,"wikidata":null,"wikipedia":null}},{"type":"Feature","geometry":{"type":"LineString","coordinates":[[-7.92753,40.43449],[-7.92751,40.43448],[-7.92732,40.43438],[-7.92723,40.43433],[-7.92713,40.43428]]},"properties":{"osm_type":"way","osm_id":384248518,"country":"PT","name":null,"operator":null,"wikidata":null,"wikipedia":null}},{"type":"Feature","geometry":{"type":"LineString","coordinates":[[-7.92433,40.43583],[-7.92416,40.43574],[-7.92399,40.43564],[-7.92385,40.43557],[-7.92376,40.43551]]},"properties":{"osm_type":"way","osm_id":384248519,"country":"PT","name":null,"operator":null,"wikidata":null,"wikipedia":null}},{"type":"Feature","geometry":{"type":"LineString","coordinates":[[-7.92251,40.43852],[-7.92243,40.43832],[-7.92236,40.43822],[-7.92224,40.43808]]},"properties":{"osm_type":"way","osm_id":384248520,"country":"PT","name":null,"operator":null,"wikidata":null,"wikipedia":null}},{"type":"Feature","geometry":{"type":"LineString","coordinates":[[-8.41634,41.84642],[-8.41598,41.84683],[-8.41578,41.84705],[-8.41563,41.84715]]},"properties":{"osm_type":"way","osm_id":385251180,"country":"PT","name":null,"operator":null,"wikidata":null,"wikipedia":null}},{"type":"Feature","geometry":{"type":"LineString","coordinates":[[-8.36684,40.20258],[-8.36644,40.2024],[-8.36586,40.20213]]},"properties":{"osm_type":"way","osm_id":385517152,"country":"PT","name":null,"operator":null,"wikidata":null,"wikipedia":null}},{"type":"Feature","geometry":{"type":"LineString","coordinates":[[-7.51372,37.63618],[-7.51391,37.636],[-7.514,37.63592]]},"properties":{"osm_type":"way","osm_id":385834897,"country":"PT","name":null,"operator":null,"wikidata":null,"wikipedia":null}},{"type":"Feature","geometry":{"type":"LineString","coordinates":[[-16.91508,32.64749],[-16.91552,32.64769],[-16.91555,32.6477],[-16.91568,32.64776],[-16.91612,32.64796],[-16.91634,32.64805],[-16.91639,32.64808],[-16.9166,32.64818],[-16.91667,32.64822],[-16.91671,32.64824],[-16.91676,32.64827],[-16.91681,32.6483],[-16.91697,32.64839]]},"properties":{"osm_type":"way","osm_id":391515788,"country":"PT","name":null,"operator":null,"wikidata":null,"wikipedia":null}},{"type":"Feature","geometry":{"type":"LineString","coordinates":[[-8.68116,41.35185],[-8.68127,41.35167],[-8.68142,41.35166],[-8.68157,41.35168],[-8.68163,41.35168],[-8.68177,41.35164],[-8.68198,41.35158],[-8.68219,41.3516]]},"properties":{"osm_type":"way","osm_id":397613355,"country":"PT","name":null,"operator":null,"wikidata":null,"wikipedia":null}},{"type":"Feature","geometry":{"type":"Polygon","coordinates":[[[-7.64748,37.60119],[-7.64733,37.60122],[-7.64728,37.60107],[-7.64727,37.60104],[-7.64724,37.60094],[-7.64714,37.60096],[-7.64713,37.60093],[-7.64734,37.60089],[-7.64732,37.60082],[-7.64736,37.60082],[-7.64739,37.60092],[-7.64733,37.60093],[-7.64736,37.60102],[-7.6474,37.60115],[-7.64746,37.60114],[-7.64748,37.60119]]]},"properties":{"osm_type":"way","osm_id":398481053,"country":"PT","name":null,"operator":null,"wikidata":null,"wikipedia":null}},{"type":"Feature","geometry":{"type":"LineString","coordinates":[[-7.63692,37.72132],[-7.6368,37.72122],[-7.63641,37.72104]]},"properties":{"osm_type":"way","osm_id":401009739,"country":"PT","name":null,"operator":null,"wikidata":null,"wikipedia":null}},{"type":"Feature","geometry":{"type":"LineString","coordinates":[[-8.41988,41.84869],[-8.41976,41.8488],[-8.41965,41.84891],[-8.41961,41.84894],[-8.41954,41.84899]]},"properties":{"osm_type":"way","osm_id":404582632,"country":"PT","name":null,"operator":null,"wikidata":null,"wikipedia":null}},{"type":"Feature","geometry":{"type":"LineString","coordinates":[[-8.60351,40.71053],[-8.60347,40.71058],[-8.60344,40.71064]]},"properties":{"osm_type":"way","osm_id":407609139,"country":"PT","name":null,"operator":null,"wikidata":null,"wikipedia":null}},{"type":"Feature","geometry":{"type":"LineString","coordinates":[[-9.05504,39.57348],[-9.055,39.57343],[-9.05497,39.57339]]},"properties":{"osm_type":"way","osm_id":413551982,"country":"PT","name":null,"operator":null,"wikidata":null,"wikipedia":null}},{"type":"Feature","geometry":{"type":"LineString","coordinates":[[-8.40952,39.60121],[-8.40966,39.60108],[-8.40979,39.60095]]},"properties":{"osm_type":"way","osm_id":429055872,"country":"PT","name":"Açude do Flecheiro","operator":null,"wikidata":null,"wikipedia":null}},{"type":"Feature","geometry":{"type":"LineString","coordinates":[[-8.41196,39.60688],[-8.41219,39.60668],[-8.41231,39.60662],[-8.41237,39.6066],[-8.41241,39.60659],[-8.41258,39.60655],[-8.41276,39.60651]]},"properties":{"osm_type":"way","osm_id":429523848,"country":"PT","name":"Açude Real","operator":null,"wikidata":null,"wikipedia":null}},{"type":"Feature","geometry":{"type":"LineString","coordinates":[[-7.984,40.27418],[-7.98389,40.27406],[-7.98384,40.27402],[-7.98382,40.27399],[-7.98377,40.27393],[-7.98375,40.27388],[-7.98372,40.27381]]},"properties":{"osm_type":"way","osm_id":437770242,"country":"PT","name":null,"operator":null,"wikidata":null,"wikipedia":null}},{"type":"Feature","geometry":{"type":"LineString","coordinates":[[-9.10847,38.64677],[-9.10847,38.64667],[-9.10847,38.64656]]},"properties":{"osm_type":"way","osm_id":444984447,"country":"PT","name":null,"operator":null,"wikidata":null,"wikipedia":null}},{"type":"Feature","geometry":{"type":"Polygon","coordinates":[[[-16.92156,32.70266],[-16.92093,32.7026],[-16.92093,32.70264],[-16.92109,32.70266],[-16.92108,32.70274],[-16.92146,32.70278],[-16.92147,32.70271],[-16.92156,32.70272],[-16.92156,32.70266]]]},"properties":{"osm_type":"way","osm_id":447230993,"country":"PT","name":"A1","operator":null,"wikidata":null,"wikipedia":null}},{"type":"Feature","geometry":{"type":"Polygon","coordinates":[[[-16.92124,32.70067],[-16.92115,32.70066],[-16.92115,32.70069],[-16.92081,32.70066],[-16.92082,32.70054],[-16.92127,32.70058],[-16.92126,32.70063],[-16.92124,32.70063],[-16.92124,32.70067]]]},"properties":{"osm_type":"way","osm_id":447230994,"country":"PT","name":"A2","operator":null,"wikidata":null,"wikipedia":null}},{"type":"Feature","geometry":{"type":"Polygon","coordinates":[[[-16.91935,32.69724],[-16.9191,32.69748],[-16.91903,32.69743],[-16.91898,32.69748],[-16.91893,32.69745],[-16.91937,32.69705],[-16.91943,32.69709],[-16.91935,32.69716],[-16.91935,32.69723],[-16.91935,32.69724]]]},"properties":{"osm_type":"way","osm_id":447230995,"country":"PT","name":"A3","operator":null,"wikidata":null,"wikipedia":null}},{"type":"Feature","geometry":{"type":"Polygon","coordinates":[[[-16.91748,32.69574],[-16.91745,32.69569],[-16.91731,32.69576],[-16.91728,32.69572],[-16.91784,32.69543],[-16.91786,32.69545],[-16.91791,32.69542],[-16.91792,32.69544],[-16.91781,32.6955],[-16.91785,32.69555],[-16.91748,32.69574]]]},"properties":{"osm_type":"way","osm_id":447230996,"country":"PT","name":"A4","operator":null,"wikidata":null,"wikipedia":null}},{"type":"Feature","geometry":{"type":"LineString","coordinates":[[-17.08046,32.76131],[-17.08019,32.76085]]},"properties":{"osm_type":"way","osm_id":450661503,"country":"PT","name":null,"operator":null,"wikidata":null,"wikipedia":null}},{"type":"Feature","geometry":{"type":"Polygon","coordinates":[[[-16.89717,32.66556],[-16.89717,32.66552],[-16.89745,32.66551],[-16.89745,32.66554],[-16.8975,32.66554],[-16.8975,32.66555],[-16.8975,32.66555],[-16.89738,32.66556],[-16.89721,32.66556],[-16.89717,32.66556]]]},"properties":{"osm_type":"way","osm_id":452720966,"country":"PT","name":null,"operator":null,"wikidata":null,"wikipedia":null}},{"type":"Feature","geometry":{"type":"Polygon","coordinates":[[[-16.93487,32.69098],[-16.93486,32.69103],[-16.93459,32.691],[-16.9346,32.69091],[-16.93488,32.69094],[-16.93488,32.69096],[-16.9351,32.69098],[-16.93537,32.691],[-16.93538,32.69099],[-16.93546,32.69099],[-16.93549,32.691],[-16.93548,32.69107],[-16.93558,32.69107],[-16.93558,32.69109],[-16.93537,32.69107],[-16.93537,32.69102],[-16.93509,32.691],[-16.93487,32.69098]]]},"properties":{"osm_type":"way","osm_id":452721162,"country":"PT","name":null,"operator":null,"wikidata":null,"wikipedia":null}},{"type":"Feature","geometry":{"type":"LineString","coordinates":[[-16.93665,32.68746],[-16.93659,32.68745],[-16.93652,32.68743]]},"properties":{"osm_type":"way","osm_id":456749246,"country":"PT","name":null,"operator":null,"wikidata":null,"wikipedia":null}},{"type":"Feature","geometry":{"type":"Polygon","coordinates":[[[-16.93497,32.69356],[-16.93483,32.69353],[-16.93485,32.69348],[-16.93465,32.69342],[-16.93441,32.69336],[-16.93439,32.69341],[-16.93396,32.6933],[-16.93399,32.69321],[-16.93467,32.69338],[-16.93489,32.69344],[-16.93486,32.69351],[-16.93499,32.69355],[-16.93498,32.69356],[-16.93497,32.69356]]]},"properties":{"osm_type":"way","osm_id":456749247,"country":"PT","name":null,"operator":null,"wikidata":null,"wikipedia":null}},{"type":"Feature","geometry":{"type":"Polygon","coordinates":[[[-16.93238,32.69899],[-16.93235,32.69899],[-16.93233,32.6989],[-16.93275,32.69883],[-16.93311,32.69876],[-16.93313,32.69883],[-16.93323,32.69882],[-16.93323,32.69883],[-16.93311,32.69886],[-16.9331,32.69881],[-16.93293,32.69884],[-16.93276,32.69887],[-16.93277,32.69892],[-16.93238,32.69899]]]},"properties":{"osm_type":"way","osm_id":456749248,"country":"PT","name":null,"operator":null,"wikidata":null,"wikipedia":null}},{"type":"Feature","geometry":{"type":"Polygon","coordinates":[[[-16.93611,32.68442],[-16.936,32.68443],[-16.93588,32.68443],[-16.93588,32.68442],[-16.93585,32.68442],[-16.93585,32.68449],[-16.93578,32.68449],[-16.93578,32.68452],[-16.93589,32.68451],[-16.93588,32.68446],[-16.936,32.68445],[-16.93611,32.68445],[-16.93611,32.6845],[-16.93614,32.6845],[-16.93615,32.68458],[-16.93625,32.68458],[-16.93624,32.68447],[-16.93614,32.68447],[-16.93613,32.68441],[-16.9361,32.68441],[-16.93611,32.68442]]]},"properties":{"osm_type":"way","osm_id":456749249,"country":"PT","name":"A8","operator":null,"wikidata":null,"wikipedia":null}},{"type":"Feature","geometry":{"type":"LineString","coordinates":[[-7.74227,40.09541],[-7.74217,40.09538],[-7.74203,40.09533],[-7.74179,40.09525],[-7.74144,40.09514],[-7.74143,40.09514]]},"properties":{"osm_type":"way","osm_id":469076691,"country":"PT","name":null,"operator":null,"wikidata":null,"wikipedia":null}},{"type":"Feature","geometry":{"type":"LineString","coordinates":[[-8.61993,40.86732],[-8.61993,40.8674],[-8.61993,40.86747]]},"properties":{"osm_type":"way","osm_id":473823859,"country":"PT","name":null,"operator":null,"wikidata":null,"wikipedia":null}},{"type":"Feature","geometry":{"type":"LineString","coordinates":[[-8.61964,40.86592],[-8.61961,40.86591],[-8.61957,40.86592]]},"properties":{"osm_type":"way","osm_id":500695591,"country":"PT","name":null,"operator":null,"wikidata":null,"wikipedia":null}},{"type":"Feature","geometry":{"type":"LineString","coordinates":[[-8.61962,40.86601],[-8.61965,40.86596],[-8.61967,40.86594]]},"properties":{"osm_type":"way","osm_id":500695592,"country":"PT","name":null,"operator":null,"wikidata":null,"wikipedia":null}},{"type":"Feature","geometry":{"type":"LineString","coordinates":[[-8.62044,40.86539],[-8.6204,40.86537],[-8.62037,40.86536]]},"properties":{"osm_type":"way","osm_id":500695596,"country":"PT","name":null,"operator":null,"wikidata":null,"wikipedia":null}},{"type":"Feature","geometry":{"type":"LineString","coordinates":[[-8.61965,40.86611],[-8.61961,40.8661],[-8.61956,40.86608]]},"properties":{"osm_type":"way","osm_id":500695598,"country":"PT","name":null,"operator":null,"wikidata":null,"wikipedia":null}},{"type":"Feature","geometry":{"type":"LineString","coordinates":[[-8.16818,38.036],[-8.16819,38.03604],[-8.16821,38.03609]]},"properties":{"osm_type":"way","osm_id":503882117,"country":"PT","name":null,"operator":null,"wikidata":null,"wikipedia":null}},{"type":"Feature","geometry":{"type":"LineString","coordinates":[[-8.4234,38.0375],[-8.42344,38.03741],[-8.42349,38.03729]]},"properties":{"osm_type":"way","osm_id":506051728,"country":"PT","name":null,"operator":null,"wikidata":null,"wikipedia":null}},{"type":"Feature","geometry":{"type":"LineString","coordinates":[[-8.41943,38.03469],[-8.41944,38.03464],[-8.41945,38.03459]]},"properties":{"osm_type":"way","osm_id":506057442,"country":"PT","name":null,"operator":null,"wikidata":null,"wikipedia":null}},{"type":"Feature","geometry":{"type":"LineString","coordinates":[[-8.4199,38.03476],[-8.41992,38.03471],[-8.41994,38.03467]]},"properties":{"osm_type":"way","osm_id":506057443,"country":"PT","name":null,"operator":null,"wikidata":null,"wikipedia":null}},{"type":"Feature","geometry":{"type":"LineString","coordinates":[[-8.42035,38.03489],[-8.42038,38.03484],[-8.4204,38.0348]]},"properties":{"osm_type":"way","osm_id":506057444,"country":"PT","name":null,"operator":null,"wikidata":null,"wikipedia":null}},{"type":"Feature","geometry":{"type":"LineString","coordinates":[[-8.42068,38.03502],[-8.4207,38.03498],[-8.42074,38.03492]]},"properties":{"osm_type":"way","osm_id":506057446,"country":"PT","name":null,"operator":null,"wikidata":null,"wikipedia":null}},{"type":"Feature","geometry":{"type":"LineString","coordinates":[[-8.42096,38.03512],[-8.42099,38.03507],[-8.42103,38.03503]]},"properties":{"osm_type":"way","osm_id":506057447,"country":"PT","name":null,"operator":null,"wikidata":null,"wikipedia":null}},{"type":"Feature","geometry":{"type":"LineString","coordinates":[[-8.42111,38.0353],[-8.42119,38.03526],[-8.42127,38.03521]]},"properties":{"osm_type":"way","osm_id":506057448,"country":"PT","name":null,"operator":null,"wikidata":null,"wikipedia":null}},{"type":"Feature","geometry":{"type":"LineString","coordinates":[[-8.42119,38.03551],[-8.42127,38.03547],[-8.42135,38.03544]]},"properties":{"osm_type":"way","osm_id":506057449,"country":"PT","name":null,"operator":null,"wikidata":null,"wikipedia":null}},{"type":"Feature","geometry":{"type":"LineString","coordinates":[[-8.42142,38.03578],[-8.42151,38.03572],[-8.42159,38.03567]]},"properties":{"osm_type":"way","osm_id":506057450,"country":"PT","name":null,"operator":null,"wikidata":null,"wikipedia":null}},{"type":"Feature","geometry":{"type":"LineString","coordinates":[[-8.42161,38.03599],[-8.42173,38.03594],[-8.42183,38.03589]]},"properties":{"osm_type":"way","osm_id":506057451,"country":"PT","name":null,"operator":null,"wikidata":null,"wikipedia":null}},{"type":"Feature","geometry":{"type":"LineString","coordinates":[[-8.42189,38.03627],[-8.42199,38.03623],[-8.42209,38.03618]]},"properties":{"osm_type":"way","osm_id":506057452,"country":"PT","name":null,"operator":null,"wikidata":null,"wikipedia":null}},{"type":"Feature","geometry":{"type":"LineString","coordinates":[[-8.42198,38.03655],[-8.42208,38.03655],[-8.42218,38.03655]]},"properties":{"osm_type":"way","osm_id":506057453,"country":"PT","name":null,"operator":null,"wikidata":null,"wikipedia":null}},{"type":"Feature","geometry":{"type":"LineString","coordinates":[[-8.42212,38.03688],[-8.42221,38.03681],[-8.4223,38.03673]]},"properties":{"osm_type":"way","osm_id":506057454,"country":"PT","name":null,"operator":null,"wikidata":null,"wikipedia":null}},{"type":"Feature","geometry":{"type":"LineString","coordinates":[[-8.42246,38.03701],[-8.4225,38.03695],[-8.42254,38.03688]]},"properties":{"osm_type":"way","osm_id":506057455,"country":"PT","name":null,"operator":null,"wikidata":null,"wikipedia":null}},{"type":"Feature","geometry":{"type":"Polygon","coordinates":[[[-8.42278,38.03695],[-8.42274,38.03694],[-8.42267,38.03702],[-8.42261,38.03709],[-8.42265,38.03711],[-8.42271,38.03703],[-8.42278,38.03695]]]},"properties":{"osm_type":"way","osm_id":506057456,"country":"PT","name":null,"operator":null,"wikidata":null,"wikipedia":null}},{"type":"Feature","geometry":{"type":"LineString","coordinates":[[-8.42257,38.03707],[-8.42263,38.037],[-8.42269,38.03692]]},"properties":{"osm_type":"way","osm_id":506057457,"country":"PT","name":null,"operator":null,"wikidata":null,"wikipedia":null}},{"type":"Feature","geometry":{"type":"LineString","coordinates":[[-8.4229,38.03724],[-8.42298,38.03715],[-8.42305,38.03706]]},"properties":{"osm_type":"way","osm_id":506057459,"country":"PT","name":null,"operator":null,"wikidata":null,"wikipedia":null}},{"type":"Feature","geometry":{"type":"LineString","coordinates":[[-8.42282,38.0372],[-8.4229,38.03711],[-8.42297,38.03702]]},"properties":{"osm_type":"way","osm_id":506057460,"country":"PT","name":null,"operator":null,"wikidata":null,"wikipedia":null}},{"type":"Feature","geometry":{"type":"LineString","coordinates":[[-8.42302,38.03731],[-8.42311,38.03722],[-8.42322,38.03711]]},"properties":{"osm_type":"way","osm_id":506057462,"country":"PT","name":null,"operator":null,"wikidata":null,"wikipedia":null}},{"type":"Feature","geometry":{"type":"LineString","coordinates":[[-8.41902,38.03458],[-8.41897,38.03462],[-8.41894,38.03465]]},"properties":{"osm_type":"way","osm_id":506079480,"country":"PT","name":null,"operator":null,"wikidata":null,"wikipedia":null}},{"type":"Feature","geometry":{"type":"LineString","coordinates":[[-8.42601,40.81623],[-8.426,40.8161],[-8.42596,40.81597],[-8.42587,40.81583],[-8.42579,40.81578],[-8.42563,40.81575],[-8.42555,40.81577],[-8.42548,40.81582],[-8.42547,40.81599],[-8.42545,40.81613]]},"properties":{"osm_type":"way","osm_id":507569472,"country":"PT","name":null,"operator":null,"wikidata":null,"wikipedia":null}},{"type":"Feature","geometry":{"type":"LineString","coordinates":[[-8.8149,37.35901],[-8.81485,37.35897],[-8.81482,37.35894]]},"properties":{"osm_type":"way","osm_id":508937658,"country":"PT","name":null,"operator":null,"wikidata":null,"wikipedia":null}},{"type":"Feature","geometry":{"type":"LineString","coordinates":[[-7.7186,37.15299],[-7.71842,37.15314]]},"properties":{"osm_type":"way","osm_id":512277068,"country":"PT","name":null,"operator":null,"wikidata":null,"wikipedia":null}},{"type":"Feature","geometry":{"type":"LineString","coordinates":[[-9.06584,38.64824],[-9.0659,38.64824]]},"properties":{"osm_type":"way","osm_id":527765747,"country":"PT","name":null,"operator":null,"wikidata":null,"wikipedia":null}},{"type":"Feature","geometry":{"type":"LineString","coordinates":[[-7.64456,37.90045],[-7.64457,37.90036],[-7.6446,37.90022],[-7.64463,37.9001],[-7.64478,37.89988],[-7.64489,37.89976],[-7.64497,37.89969],[-7.6455,37.8994],[-7.64563,37.89934],[-7.64569,37.8993],[-7.64579,37.89918],[-7.64581,37.89913],[-7.64584,37.899],[-7.64595,37.89884],[-7.64596,37.8988],[-7.64594,37.89877],[-7.64579,37.89872],[-7.64574,37.8987],[-7.64572,37.89867],[-7.64574,37.89858]]},"properties":{"osm_type":"way","osm_id":527935888,"country":"PT","name":null,"operator":null,"wikidata":null,"wikipedia":null}},{"type":"Feature","geometry":{"type":"LineString","coordinates":[[-17.08347,32.72008],[-17.08362,32.72016],[-17.08391,32.7203]]},"properties":{"osm_type":"way","osm_id":531465069,"country":"PT","name":null,"operator":null,"wikidata":null,"wikipedia":null}},{"type":"Feature","geometry":{"type":"LineString","coordinates":[[-8.1965,41.42052],[-8.19635,41.42059],[-8.1962,41.42063]]},"properties":{"osm_type":"way","osm_id":531577598,"country":"PT","name":null,"operator":null,"wikidata":null,"wikipedia":null}},{"type":"Feature","geometry":{"type":"LineString","coordinates":[[-8.39287,41.66701],[-8.39286,41.66688],[-8.3928,41.66686],[-8.39287,41.6667],[-8.39294,41.66655],[-8.39296,41.6665]]},"properties":{"osm_type":"way","osm_id":533430094,"country":"PT","name":null,"operator":null,"wikidata":null,"wikipedia":null}},{"type":"Feature","geometry":{"type":"LineString","coordinates":[[-8.39516,41.6653],[-8.39512,41.6653],[-8.39495,41.66529],[-8.39477,41.66524],[-8.39471,41.6652]]},"properties":{"osm_type":"way","osm_id":533430096,"country":"PT","name":null,"operator":null,"wikidata":null,"wikipedia":null}},{"type":"Feature","geometry":{"type":"LineString","coordinates":[[-8.38,41.67782],[-8.38012,41.67783],[-8.38021,41.67785]]},"properties":{"osm_type":"way","osm_id":533430103,"country":"PT","name":null,"operator":null,"wikidata":null,"wikipedia":null}},{"type":"Feature","geometry":{"type":"LineString","coordinates":[[-8.38197,41.67522],[-8.38192,41.67527],[-8.38183,41.67531]]},"properties":{"osm_type":"way","osm_id":533430109,"country":"PT","name":null,"operator":null,"wikidata":null,"wikipedia":null}},{"type":"Feature","geometry":{"type":"LineString","coordinates":[[-8.38252,41.67364],[-8.38242,41.67368],[-8.38233,41.67372]]},"properties":{"osm_type":"way","osm_id":533430110,"country":"PT","name":null,"operator":null,"wikidata":null,"wikipedia":null}},{"type":"Feature","geometry":{"type":"LineString","coordinates":[[-8.38764,41.66868],[-8.38768,41.66869],[-8.38772,41.6687],[-8.38774,41.66874],[-8.38779,41.66879],[-8.38786,41.66882],[-8.3879,41.66883],[-8.38793,41.66884],[-8.38801,41.66884],[-8.38809,41.66882],[-8.38814,41.6688],[-8.38822,41.66882],[-8.38826,41.66883]]},"properties":{"osm_type":"way","osm_id":533430112,"country":"PT","name":null,"operator":null,"wikidata":null,"wikipedia":null}},{"type":"Feature","geometry":{"type":"LineString","coordinates":[[-8.35409,41.61454],[-8.35418,41.61443],[-8.3547,41.61444],[-8.35505,41.61445],[-8.35547,41.61473],[-8.35556,41.61474]]},"properties":{"osm_type":"way","osm_id":534604035,"country":"PT","name":null,"operator":null,"wikidata":null,"wikipedia":null}},{"type":"Feature","geometry":{"type":"LineString","coordinates":[[-8.62177,40.86346],[-8.62172,40.86344],[-8.62168,40.86341]]},"properties":{"osm_type":"way","osm_id":538480061,"country":"PT","name":null,"operator":null,"wikidata":null,"wikipedia":null}},{"type":"Feature","geometry":{"type":"LineString","coordinates":[[-8.62334,40.85984],[-8.62327,40.85984],[-8.62318,40.85983]]},"properties":{"osm_type":"way","osm_id":538480065,"country":"PT","name":null,"operator":null,"wikidata":null,"wikipedia":null}},{"type":"Feature","geometry":{"type":"LineString","coordinates":[[-7.99161,38.01593],[-7.99165,38.01589],[-7.99161,38.01586],[-7.99158,38.01584],[-7.99153,38.01589]]},"properties":{"osm_type":"way","osm_id":541569365,"country":"PT","name":null,"operator":null,"wikidata":null,"wikipedia":null}},{"type":"Feature","geometry":{"type":"LineString","coordinates":[[-7.00666,40.7879],[-7.00694,40.7878],[-7.00717,40.78781],[-7.00722,40.78778],[-7.0074,40.78765],[-7.00743,40.7876]]},"properties":{"osm_type":"way","osm_id":542456385,"country":"PT","name":null,"operator":null,"wikidata":null,"wikipedia":null}},{"type":"Feature","geometry":{"type":"LineString","coordinates":[[-6.99759,40.78399],[-6.99749,40.78378],[-6.99749,40.78371],[-6.99765,40.78344]]},"properties":{"osm_type":"way","osm_id":542456386,"country":"PT","name":null,"operator":null,"wikidata":null,"wikipedia":null}},{"type":"Feature","geometry":{"type":"LineString","coordinates":[[-8.21939,40.68318],[-8.21952,40.6829],[-8.21957,40.68261]]},"properties":{"osm_type":"way","osm_id":542492839,"country":"PT","name":null,"operator":null,"wikidata":null,"wikipedia":null}},{"type":"Feature","geometry":{"type":"LineString","coordinates":[[-7.35025,38.16378],[-7.35026,38.16364],[-7.35027,38.16344],[-7.35025,38.16333],[-7.35024,38.16328]]},"properties":{"osm_type":"way","osm_id":543203042,"country":"PT","name":null,"operator":null,"wikidata":null,"wikipedia":null}},{"type":"Feature","geometry":{"type":"LineString","coordinates":[[-7.21571,38.13815],[-7.21599,38.13797],[-7.21629,38.13778]]},"properties":{"osm_type":"way","osm_id":543204882,"country":"PT","name":null,"operator":null,"wikidata":null,"wikipedia":null}},{"type":"Feature","geometry":{"type":"LineString","coordinates":[[-7.24441,38.15516],[-7.24402,38.15507],[-7.24368,38.15501],[-7.24339,38.15502],[-7.24333,38.15514]]},"properties":{"osm_type":"way","osm_id":543204883,"country":"PT","name":null,"operator":null,"wikidata":null,"wikipedia":null}},{"type":"Feature","geometry":{"type":"LineString","coordinates":[[-7.1974,38.15501],[-7.19726,38.15491]]},"properties":{"osm_type":"way","osm_id":543204884,"country":"PT","name":null,"operator":null,"wikidata":null,"wikipedia":null}},{"type":"Feature","geometry":{"type":"LineString","coordinates":[[-7.18976,38.14623],[-7.18998,38.14611],[-7.19019,38.14599]]},"properties":{"osm_type":"way","osm_id":543204885,"country":"PT","name":null,"operator":null,"wikidata":null,"wikipedia":null}},{"type":"Feature","geometry":{"type":"LineString","coordinates":[[-7.51604,41.71193],[-7.51601,41.71184],[-7.51597,41.71179],[-7.51579,41.71166],[-7.51579,41.71155],[-7.51578,41.71147]]},"properties":{"osm_type":"way","osm_id":546393265,"country":"PT","name":null,"operator":null,"wikidata":null,"wikipedia":null}},{"type":"Feature","geometry":{"type":"LineString","coordinates":[[-8.09666,38.32926],[-8.09643,38.32888]]},"properties":{"osm_type":"way","osm_id":548459364,"country":"PT","name":null,"operator":null,"wikidata":null,"wikipedia":null}},{"type":"Feature","geometry":{"type":"LineString","coordinates":[[-8.15308,38.33007],[-8.1529,38.3298],[-8.15277,38.32953],[-8.15266,38.32918],[-8.15262,38.32889],[-8.1526,38.32856],[-8.15267,38.32816],[-8.15273,38.32797]]},"properties":{"osm_type":"way","osm_id":548459365,"country":"PT","name":null,"operator":null,"wikidata":null,"wikipedia":null}},{"type":"Feature","geometry":{"type":"LineString","coordinates":[[-8.08932,38.33409],[-8.0889,38.33393]]},"properties":{"osm_type":"way","osm_id":548459374,"country":"PT","name":null,"operator":null,"wikidata":null,"wikipedia":null}},{"type":"Feature","geometry":{"type":"LineString","coordinates":[[-8.16061,38.32235],[-8.15954,38.32261]]},"properties":{"osm_type":"way","osm_id":548459375,"country":"PT","name":null,"operator":null,"wikidata":null,"wikipedia":null}},{"type":"Feature","geometry":{"type":"LineString","coordinates":[[-8.16012,38.32793],[-8.16036,38.32687]]},"properties":{"osm_type":"way","osm_id":548459385,"country":"PT","name":null,"operator":null,"wikidata":null,"wikipedia":null}},{"type":"Feature","geometry":{"type":"LineString","coordinates":[[-8.2216,38.30535],[-8.22149,38.3052],[-8.22119,38.30488],[-8.22105,38.30474]]},"properties":{"osm_type":"way","osm_id":548460068,"country":"PT","name":null,"operator":null,"wikidata":null,"wikipedia":null}},{"type":"Feature","geometry":{"type":"LineString","coordinates":[[-8.22512,38.30356],[-8.22508,38.30356],[-8.22495,38.30355],[-8.22467,38.30345],[-8.22442,38.30336],[-8.22424,38.30332]]},"properties":{"osm_type":"way","osm_id":548460070,"country":"PT","name":null,"operator":null,"wikidata":null,"wikipedia":null}},{"type":"Feature","geometry":{"type":"LineString","coordinates":[[-7.62061,37.14926],[-7.6207,37.14925],[-7.62079,37.14924]]},"properties":{"osm_type":"way","osm_id":549200958,"country":"PT","name":null,"operator":null,"wikidata":null,"wikipedia":null}},{"type":"Feature","geometry":{"type":"LineString","coordinates":[[-7.51245,40.88895],[-7.51252,40.88897],[-7.51257,40.88897],[-7.51281,40.88892],[-7.51283,40.88881]]},"properties":{"osm_type":"way","osm_id":552609622,"country":"PT","name":"Açude da Ponte Nova","operator":null,"wikidata":null,"wikipedia":null}},{"type":"Feature","geometry":{"type":"Polygon","coordinates":[[[-16.8975,32.66692],[-16.89742,32.66691],[-16.89733,32.6669],[-16.89727,32.66689],[-16.8971,32.66687],[-16.89711,32.66681],[-16.89715,32.66681],[-16.89716,32.66679],[-16.8972,32.66679],[-16.8972,32.66681],[-16.89728,32.66682],[-16.89728,32.66681],[-16.89755,32.66683],[-16.89754,32.66686],[-16.89759,32.66686],[-16.89759,32.66689],[-16.8975,32.66688],[-16.8975,32.66692]]]},"properties":{"osm_type":"way","osm_id":558331791,"country":"PT","name":null,"operator":null,"wikidata":null,"wikipedia":null}},{"type":"Feature","geometry":{"type":"Polygon","coordinates":[[[-16.89662,32.66791],[-16.89621,32.66787],[-16.89618,32.66787],[-16.89619,32.66782],[-16.89614,32.66782],[-16.89615,32.66778],[-16.89677,32.66784],[-16.89676,32.66788],[-16.89663,32.66787],[-16.89662,32.66791]]]},"properties":{"osm_type":"way","osm_id":558331792,"country":"PT","name":null,"operator":null,"wikidata":null,"wikipedia":null}},{"type":"Feature","geometry":{"type":"Polygon","coordinates":[[[-16.89617,32.66966],[-16.89611,32.66966],[-16.89611,32.66969],[-16.89617,32.66969],[-16.89617,32.66975],[-16.89624,32.66975],[-16.89662,32.66976],[-16.89662,32.6697],[-16.89657,32.6697],[-16.89657,32.66967],[-16.89617,32.66966]]]},"properties":{"osm_type":"way","osm_id":558331793,"country":"PT","name":null,"operator":null,"wikidata":null,"wikipedia":null}},{"type":"Feature","geometry":{"type":"LineString","coordinates":[[-8.35476,41.61706],[-8.35499,41.61692],[-8.35503,41.61684],[-8.35503,41.61668],[-8.35506,41.61657],[-8.35517,41.61654],[-8.3553,41.61653]]},"properties":{"osm_type":"way","osm_id":562875668,"country":"PT","name":null,"operator":null,"wikidata":null,"wikipedia":null}},{"type":"Feature","geometry":{"type":"LineString","coordinates":[[-8.24221,40.15344],[-8.24203,40.15353],[-8.24177,40.1536],[-8.24168,40.1536],[-8.2412,40.15362]]},"properties":{"osm_type":"way","osm_id":569472374,"country":"PT","name":null,"operator":null,"wikidata":null,"wikipedia":null}},{"type":"Feature","geometry":{"type":"LineString","coordinates":[[-7.91939,40.66296],[-7.91935,40.66299],[-7.91932,40.66302]]},"properties":{"osm_type":"way","osm_id":572744955,"country":"PT","name":null,"operator":null,"wikidata":null,"wikipedia":null}},{"type":"Feature","geometry":{"type":"LineString","coordinates":[[-7.86712,39.8517],[-7.86714,39.85179],[-7.86707,39.85185]]},"properties":{"osm_type":"way","osm_id":575587936,"country":"PT","name":null,"operator":null,"wikidata":null,"wikipedia":null}},{"type":"Feature","geometry":{"type":"LineString","coordinates":[[-9.02591,39.57798],[-9.0259,39.57785]]},"properties":{"osm_type":"way","osm_id":575603420,"country":"PT","name":null,"operator":null,"wikidata":null,"wikipedia":null}},{"type":"Feature","geometry":{"type":"LineString","coordinates":[[-8.48319,38.79275],[-8.48317,38.793],[-8.48316,38.79305],[-8.48315,38.79323],[-8.48319,38.79363]]},"properties":{"osm_type":"way","osm_id":579058573,"country":"PT","name":null,"operator":null,"wikidata":null,"wikipedia":null}},{"type":"Feature","geometry":{"type":"LineString","coordinates":[[-8.49837,38.7939],[-8.49843,38.79341]]},"properties":{"osm_type":"way","osm_id":579058577,"country":"PT","name":null,"operator":null,"wikidata":null,"wikipedia":null}},{"type":"Feature","geometry":{"type":"LineString","coordinates":[[-8.4447,40.80587],[-8.44471,40.80551]]},"properties":{"osm_type":"way","osm_id":581886706,"country":"PT","name":null,"operator":null,"wikidata":null,"wikipedia":null}},{"type":"Feature","geometry":{"type":"LineString","coordinates":[[-8.42244,40.82502],[-8.42241,40.82504],[-8.42228,40.82513],[-8.42226,40.82515]]},"properties":{"osm_type":"way","osm_id":581938501,"country":"PT","name":null,"operator":null,"wikidata":null,"wikipedia":null}},{"type":"Feature","geometry":{"type":"LineString","coordinates":[[-9.13963,39.4856],[-9.13959,39.48561],[-9.13956,39.48561],[-9.13948,39.48564],[-9.13946,39.48564],[-9.13942,39.48565],[-9.13936,39.48567]]},"properties":{"osm_type":"way","osm_id":586894899,"country":"PT","name":null,"operator":null,"wikidata":null,"wikipedia":null}},{"type":"Feature","geometry":{"type":"LineString","coordinates":[[-8.53467,38.95351],[-8.53391,38.95313]]},"properties":{"osm_type":"way","osm_id":587560658,"country":"PT","name":null,"operator":null,"wikidata":null,"wikipedia":null}},{"type":"Feature","geometry":{"type":"LineString","coordinates":[[-8.22287,41.85782],[-8.22279,41.85782],[-8.22274,41.85782]]},"properties":{"osm_type":"way","osm_id":589873205,"country":"PT","name":null,"operator":null,"wikidata":null,"wikipedia":null}},{"type":"Feature","geometry":{"type":"LineString","coordinates":[[-7.52869,40.54995],[-7.52857,40.55003],[-7.52855,40.55005]]},"properties":{"osm_type":"way","osm_id":590554593,"country":"PT","name":null,"operator":null,"wikidata":null,"wikipedia":null}},{"type":"Feature","geometry":{"type":"LineString","coordinates":[[-7.52878,40.55021],[-7.5288,40.55023],[-7.52881,40.55025]]},"properties":{"osm_type":"way","osm_id":590554689,"country":"PT","name":null,"operator":null,"wikidata":null,"wikipedia":null}},{"type":"Feature","geometry":{"type":"LineString","coordinates":[[-8.41209,40.83075],[-8.412,40.83081],[-8.41181,40.83088],[-8.41154,40.83094],[-8.41136,40.83096],[-8.41116,40.83096],[-8.411,40.83096],[-8.41091,40.8309],[-8.41081,40.83076]]},"properties":{"osm_type":"way","osm_id":591622730,"country":"PT","name":"Açude do Carvalhal","operator":null,"wikidata":null,"wikipedia":null}},{"type":"Feature","geometry":{"type":"LineString","coordinates":[[-8.40961,40.83467],[-8.40939,40.8347],[-8.40905,40.83479]]},"properties":{"osm_type":"way","osm_id":591622743,"country":"PT","name":null,"operator":null,"wikidata":null,"wikipedia":null}},{"type":"Feature","geometry":{"type":"LineString","coordinates":[[-8.45637,40.79413],[-8.45626,40.79417],[-8.45622,40.79424],[-8.45616,40.79432],[-8.45602,40.79444]]},"properties":{"osm_type":"way","osm_id":591625318,"country":"PT","name":null,"operator":null,"wikidata":null,"wikipedia":null}},{"type":"Feature","geometry":{"type":"LineString","coordinates":[[-8.12411,38.31482],[-8.12391,38.3144]]},"properties":{"osm_type":"way","osm_id":602144549,"country":"PT","name":null,"operator":null,"wikidata":null,"wikipedia":null}},{"type":"Feature","geometry":{"type":"LineString","coordinates":[[-8.18641,38.30899],[-8.18641,38.30897],[-8.18642,38.30864],[-8.18642,38.30861]]},"properties":{"osm_type":"way","osm_id":602144600,"country":"PT","name":null,"operator":null,"wikidata":null,"wikipedia":null}},{"type":"Feature","geometry":{"type":"LineString","coordinates":[[-8.13422,38.31338],[-8.13436,38.31303]]},"properties":{"osm_type":"way","osm_id":602144647,"country":"PT","name":null,"operator":null,"wikidata":null,"wikipedia":null}},{"type":"Feature","geometry":{"type":"LineString","coordinates":[[-8.21117,38.23295],[-8.21126,38.23268]]},"properties":{"osm_type":"way","osm_id":602747685,"country":"PT","name":null,"operator":null,"wikidata":null,"wikipedia":null}},{"type":"Feature","geometry":{"type":"LineString","coordinates":[[-8.20368,38.2307],[-8.20388,38.2304]]},"properties":{"osm_type":"way","osm_id":602747689,"country":"PT","name":null,"operator":null,"wikidata":null,"wikipedia":null}},{"type":"Feature","geometry":{"type":"LineString","coordinates":[[-8.16664,39.66927],[-8.16658,39.66918]]},"properties":{"osm_type":"way","osm_id":606808961,"country":"PT","name":null,"operator":null,"wikidata":null,"wikipedia":null}},{"type":"Feature","geometry":{"type":"LineString","coordinates":[[-8.15748,39.67144],[-8.15746,39.67142],[-8.15744,39.67141]]},"properties":{"osm_type":"way","osm_id":606813747,"country":"PT","name":null,"operator":null,"wikidata":null,"wikipedia":null}},{"type":"Feature","geometry":{"type":"LineString","coordinates":[[-7.51089,40.58713],[-7.51081,40.58711]]},"properties":{"osm_type":"way","osm_id":608725026,"country":"PT","name":null,"operator":null,"wikidata":null,"wikipedia":null}},{"type":"Feature","geometry":{"type":"LineString","coordinates":[[-7.4916,40.58757],[-7.49153,40.58765]]},"properties":{"osm_type":"way","osm_id":608997704,"country":"PT","name":null,"operator":null,"wikidata":null,"wikipedia":null}},{"type":"Feature","geometry":{"type":"LineString","coordinates":[[-7.46209,40.65592],[-7.46184,40.65609]]},"properties":{"osm_type":"way","osm_id":609006755,"country":"PT","name":null,"operator":null,"wikidata":null,"wikipedia":null}},{"type":"Feature","geometry":{"type":"LineString","coordinates":[[-7.41529,40.48621],[-7.41532,40.48608]]},"properties":{"osm_type":"way","osm_id":610258679,"country":"PT","name":null,"operator":null,"wikidata":null,"wikipedia":null}},{"type":"Feature","geometry":{"type":"LineString","coordinates":[[-7.41489,40.48543],[-7.41478,40.48536]]},"properties":{"osm_type":"way","osm_id":610258680,"country":"PT","name":null,"operator":null,"wikidata":null,"wikipedia":null}},{"type":"Feature","geometry":{"type":"LineString","coordinates":[[-8.74133,41.61929],[-8.74127,41.61918],[-8.74122,41.61914]]},"properties":{"osm_type":"way","osm_id":610564616,"country":"PT","name":"Açude da Morena","operator":null,"wikidata":null,"wikipedia":null}},{"type":"Feature","geometry":{"type":"LineString","coordinates":[[-8.76025,41.61462],[-8.76024,41.61453],[-8.76022,41.61446]]},"properties":{"osm_type":"way","osm_id":610564617,"country":"PT","name":"Açude da Azenha do Grilo","operator":null,"wikidata":null,"wikipedia":null}},{"type":"Feature","geometry":{"type":"LineString","coordinates":[[-8.2087,38.24225],[-8.20864,38.24217],[-8.20858,38.2421]]},"properties":{"osm_type":"way","osm_id":615880652,"country":"PT","name":null,"operator":null,"wikidata":null,"wikipedia":null}},{"type":"Feature","geometry":{"type":"LineString","coordinates":[[-8.20581,38.24592],[-8.20571,38.24576]]},"properties":{"osm_type":"way","osm_id":615880654,"country":"PT","name":null,"operator":null,"wikidata":null,"wikipedia":null}},{"type":"Feature","geometry":{"type":"LineString","coordinates":[[-8.16063,38.43339],[-8.16014,38.43354]]},"properties":{"osm_type":"way","osm_id":622057211,"country":"PT","name":"Açude do Dieguez","operator":null,"wikidata":null,"wikipedia":null}},{"type":"Feature","geometry":{"type":"LineString","coordinates":[[-7.91,40.66341],[-7.90994,40.66341],[-7.90987,40.6634],[-7.90978,40.66339],[-7.90968,40.66336],[-7.90964,40.66336]]},"properties":{"osm_type":"way","osm_id":622382607,"country":"PT","name":null,"operator":null,"wikidata":null,"wikipedia":null}},{"type":"Feature","geometry":{"type":"LineString","coordinates":[[-7.91946,40.66313],[-7.91949,40.6631],[-7.91954,40.66306]]},"properties":{"osm_type":"way","osm_id":622399331,"country":"PT","name":null,"operator":null,"wikidata":null,"wikipedia":null}},{"type":"Feature","geometry":{"type":"LineString","coordinates":[[-7.91265,40.66298],[-7.91263,40.6629]]},"properties":{"osm_type":"way","osm_id":624560736,"country":"PT","name":null,"operator":null,"wikidata":null,"wikipedia":null}},{"type":"Feature","geometry":{"type":"LineString","coordinates":[[-6.9286,40.58512],[-6.9286,40.58505],[-6.92866,40.58497],[-6.92891,40.5851]]},"properties":{"osm_type":"way","osm_id":626958345,"country":"PT","name":null,"operator":null,"wikidata":null,"wikipedia":null}},{"type":"Feature","geometry":{"type":"LineString","coordinates":[[-6.92767,40.58447],[-6.92787,40.58457],[-6.92781,40.58465],[-6.92771,40.58466]]},"properties":{"osm_type":"way","osm_id":626959532,"country":"PT","name":null,"operator":null,"wikidata":null,"wikipedia":null}},{"type":"Feature","geometry":{"type":"LineString","coordinates":[[-6.92866,40.58497],[-6.92835,40.58481],[-6.92787,40.58457]]},"properties":{"osm_type":"way","osm_id":626960336,"country":"PT","name":null,"operator":null,"wikidata":null,"wikipedia":null}},{"type":"Feature","geometry":{"type":"LineString","coordinates":[[-6.9286,40.58505],[-6.92832,40.58491],[-6.92781,40.58465]]},"properties":{"osm_type":"way","osm_id":626961646,"country":"PT","name":null,"operator":null,"wikidata":null,"wikipedia":null}},{"type":"Feature","geometry":{"type":"LineString","coordinates":[[-7.42835,37.21397],[-7.42852,37.21399]]},"properties":{"osm_type":"way","osm_id":637672551,"country":"PT","name":null,"operator":null,"wikidata":null,"wikipedia":null}},{"type":"Feature","geometry":{"type":"LineString","coordinates":[[-7.42822,37.21048],[-7.42815,37.21029]]},"properties":{"osm_type":"way","osm_id":637672552,"country":"PT","name":null,"operator":null,"wikidata":null,"wikipedia":null}},{"type":"Feature","geometry":{"type":"LineString","coordinates":[[-7.67275,38.42808],[-7.67294,38.42804],[-7.67308,38.428],[-7.67318,38.42794],[-7.67321,38.42789],[-7.67326,38.42779],[-7.67331,38.42775],[-7.67333,38.42773],[-7.67344,38.42767]]},"properties":{"osm_type":"way","osm_id":643389438,"country":"PT","name":null,"operator":null,"wikidata":null,"wikipedia":null}},{"type":"Feature","geometry":{"type":"LineString","coordinates":[[-8.43937,40.21598],[-8.43945,40.21593],[-8.43952,40.21589],[-8.43955,40.21587],[-8.43962,40.21583],[-8.43969,40.21579],[-8.43972,40.21577],[-8.43979,40.21573],[-8.43986,40.21569],[-8.43989,40.21567],[-8.43996,40.21563],[-8.44003,40.21559],[-8.44006,40.21557],[-8.44013,40.21553],[-8.4402,40.21548],[-8.44023,40.21547],[-8.4403,40.21542],[-8.44037,40.21538],[-8.4404,40.21536],[-8.44047,40.21532],[-8.44054,40.21528],[-8.44057,40.21526],[-8.44064,40.21522],[-8.44071,40.21518],[-8.44074,40.21516],[-8.44081,40.21512],[-8.4409,40.21507]]},"properties":{"osm_type":"way","osm_id":647325838,"country":"PT","name":"Açude de Coimbra","operator":"INAG","wikidata":null,"wikipedia":null}},{"type":"Feature","geometry":{"type":"LineString","coordinates":[[-6.67999,41.86999],[-6.67912,41.86951]]},"properties":{"osm_type":"way","osm_id":648698972,"country":"PT","name":null,"operator":null,"wikidata":null,"wikipedia":null}},{"type":"Feature","geometry":{"type":"LineString","coordinates":[[-8.01514,38.39378],[-8.01512,38.39374],[-8.015,38.39352],[-8.01498,38.39348]]},"properties":{"osm_type":"way","osm_id":656552730,"country":"PT","name":null,"operator":null,"wikidata":null,"wikipedia":null}},{"type":"Feature","geometry":{"type":"LineString","coordinates":[[-7.78053,40.35695],[-7.78053,40.3569],[-7.78056,40.35685],[-7.78062,40.35679],[-7.78068,40.35674],[-7.78075,40.35669],[-7.78085,40.35663],[-7.78092,40.35658],[-7.78098,40.35655],[-7.7812,40.35645],[-7.78132,40.35643]]},"properties":{"osm_type":"way","osm_id":664967988,"country":"PT","name":null,"operator":null,"wikidata":null,"wikipedia":null}},{"type":"Feature","geometry":{"type":"LineString","coordinates":[[-16.32054,33.07534],[-16.32045,33.07541],[-16.32036,33.07547]]},"properties":{"osm_type":"way","osm_id":667015942,"country":"PT","name":null,"operator":null,"wikidata":null,"wikipedia":null}},{"type":"Feature","geometry":{"type":"LineString","coordinates":[[-8.81043,38.99136],[-8.81033,38.99135],[-8.81024,38.99134]]},"properties":{"osm_type":"way","osm_id":669364386,"country":"PT","name":null,"operator":null,"wikidata":null,"wikipedia":null}},{"type":"Feature","geometry":{"type":"LineString","coordinates":[[-7.4814,40.58398],[-7.48146,40.58404]]},"properties":{"osm_type":"way","osm_id":672921079,"country":"PT","name":null,"operator":null,"wikidata":null,"wikipedia":null}},{"type":"Feature","geometry":{"type":"LineString","coordinates":[[-7.52431,40.6102],[-7.5243,40.61011],[-7.52427,40.61009],[-7.52416,40.61]]},"properties":{"osm_type":"way","osm_id":679001628,"country":"PT","name":null,"operator":null,"wikidata":null,"wikipedia":null}},{"type":"Feature","geometry":{"type":"LineString","coordinates":[[-7.4871,40.62082],[-7.48718,40.62066],[-7.48727,40.62047]]},"properties":{"osm_type":"way","osm_id":679182246,"country":"PT","name":null,"operator":null,"wikidata":null,"wikipedia":null}},{"type":"Feature","geometry":{"type":"Polygon","coordinates":[[[-7.47853,40.62257],[-7.47875,40.62258],[-7.47883,40.62273],[-7.47892,40.62288],[-7.47872,40.62296],[-7.47863,40.62277],[-7.47853,40.62257]]]},"properties":{"osm_type":"way","osm_id":679185428,"country":"PT","name":null,"operator":null,"wikidata":null,"wikipedia":null}},{"type":"Feature","geometry":{"type":"LineString","coordinates":[[-7.54938,40.60179],[-7.54923,40.60176],[-7.54861,40.60163]]},"properties":{"osm_type":"way","osm_id":679199435,"country":"PT","name":null,"operator":null,"wikidata":null,"wikipedia":null}},{"type":"Feature","geometry":{"type":"LineString","coordinates":[[-7.51907,40.61192],[-7.51913,40.61191],[-7.51915,40.61187],[-7.51909,40.61184],[-7.51899,40.61166],[-7.51889,40.61147],[-7.51885,40.6114]]},"properties":{"osm_type":"way","osm_id":679355227,"country":"PT","name":null,"operator":null,"wikidata":null,"wikipedia":null}},{"type":"Feature","geometry":{"type":"LineString","coordinates":[[-7.51626,40.44146],[-7.51645,40.44153]]},"properties":{"osm_type":"way","osm_id":679450317,"country":"PT","name":null,"operator":null,"wikidata":null,"wikipedia":null}},{"type":"Feature","geometry":{"type":"LineString","coordinates":[[-7.51388,40.44275],[-7.51392,40.44263]]},"properties":{"osm_type":"way","osm_id":679450319,"country":"PT","name":null,"operator":null,"wikidata":null,"wikipedia":null}},{"type":"Feature","geometry":{"type":"LineString","coordinates":[[-7.5555,40.59699],[-7.5555,40.59697],[-7.55549,40.59694],[-7.55547,40.59693],[-7.55545,40.5969],[-7.55541,40.59688],[-7.55534,40.59688],[-7.5553,40.59689],[-7.55527,40.59689],[-7.55526,40.59687],[-7.55522,40.59685],[-7.55518,40.59685]]},"properties":{"osm_type":"way","osm_id":680308349,"country":"PT","name":null,"operator":null,"wikidata":null,"wikipedia":null}},{"type":"Feature","geometry":{"type":"LineString","coordinates":[[-7.56337,40.59281],[-7.56333,40.59281],[-7.56324,40.59282],[-7.56314,40.59282],[-7.56306,40.59283],[-7.56299,40.59283],[-7.56292,40.59284]]},"properties":{"osm_type":"way","osm_id":680308355,"country":"PT","name":null,"operator":null,"wikidata":null,"wikipedia":null}},{"type":"Feature","geometry":{"type":"LineString","coordinates":[[-7.43776,40.63141],[-7.4378,40.63136],[-7.43789,40.63125],[-7.43795,40.63117],[-7.43802,40.63108]]},"properties":{"osm_type":"way","osm_id":680308356,"country":"PT","name":null,"operator":null,"wikidata":null,"wikipedia":null}},{"type":"Feature","geometry":{"type":"LineString","coordinates":[[-7.58992,40.4002],[-7.58992,40.40021],[-7.58989,40.40024],[-7.58988,40.40025]]},"properties":{"osm_type":"way","osm_id":681187224,"country":"PT","name":null,"operator":null,"wikidata":null,"wikipedia":null}},{"type":"Feature","geometry":{"type":"LineString","coordinates":[[-7.10545,41.00469],[-7.10552,41.00458],[-7.10555,41.00452],[-7.10554,41.00439],[-7.10554,41.00419],[-7.10552,41.00406],[-7.10556,41.00393],[-7.10558,41.0038],[-7.10557,41.00368],[-7.10559,41.00363]]},"properties":{"osm_type":"way","osm_id":682670046,"country":"PT","name":null,"operator":null,"wikidata":null,"wikipedia":null}},{"type":"Feature","geometry":{"type":"LineString","coordinates":[[-7.10942,41.06122],[-7.10909,41.06097],[-7.10879,41.06073]]},"properties":{"osm_type":"way","osm_id":682670049,"country":"PT","name":null,"operator":null,"wikidata":null,"wikipedia":null}},{"type":"Feature","geometry":{"type":"LineString","coordinates":[[-7.11079,41.05967],[-7.11078,41.05962],[-7.11073,41.05951],[-7.11064,41.05943],[-7.11052,41.05936],[-7.11039,41.05933],[-7.11023,41.05933],[-7.11008,41.05936],[-7.10992,41.05946]]},"properties":{"osm_type":"way","osm_id":682670054,"country":"PT","name":null,"operator":null,"wikidata":null,"wikipedia":null}},{"type":"Feature","geometry":{"type":"LineString","coordinates":[[-7.33559,40.62694],[-7.33536,40.6269]]},"properties":{"osm_type":"way","osm_id":685818163,"country":"PT","name":null,"operator":null,"wikidata":null,"wikipedia":null}},{"type":"Feature","geometry":{"type":"LineString","coordinates":[[-7.34102,40.65593],[-7.34121,40.65557],[-7.34141,40.65519]]},"properties":{"osm_type":"way","osm_id":685828385,"country":"PT","name":null,"operator":null,"wikidata":null,"wikipedia":null}},{"type":"Feature","geometry":{"type":"LineString","coordinates":[[-7.30014,40.60853],[-7.29971,40.60811]]},"properties":{"osm_type":"way","osm_id":685842383,"country":"PT","name":null,"operator":null,"wikidata":null,"wikipedia":null}},{"type":"Feature","geometry":{"type":"LineString","coordinates":[[-7.2995,40.60877],[-7.29934,40.60867]]},"properties":{"osm_type":"way","osm_id":685846071,"country":"PT","name":null,"operator":null,"wikidata":null,"wikipedia":null}},{"type":"Feature","geometry":{"type":"LineString","coordinates":[[-8.35973,40.62699],[-8.35975,40.62695],[-8.3598,40.6269],[-8.35987,40.62685],[-8.36,40.62679],[-8.36012,40.62675]]},"properties":{"osm_type":"way","osm_id":687966563,"country":"PT","name":null,"operator":null,"wikidata":null,"wikipedia":null}},{"type":"Feature","geometry":{"type":"LineString","coordinates":[[-8.3618,40.62524],[-8.36181,40.62517],[-8.36185,40.62513],[-8.36194,40.62506]]},"properties":{"osm_type":"way","osm_id":687966565,"country":"PT","name":null,"operator":null,"wikidata":null,"wikipedia":null}},{"type":"Feature","geometry":{"type":"LineString","coordinates":[[-16.9071,32.74309],[-16.90726,32.74291]]},"properties":{"osm_type":"way","osm_id":688522433,"country":"PT","name":null,"operator":null,"wikidata":null,"wikipedia":null}},{"type":"Feature","geometry":{"type":"LineString","coordinates":[[-8.4422,40.67643],[-8.44198,40.67611],[-8.44183,40.67587]]},"properties":{"osm_type":"way","osm_id":688890041,"country":"PT","name":null,"operator":null,"wikidata":null,"wikipedia":null}},{"type":"Feature","geometry":{"type":"LineString","coordinates":[[-8.1573,40.7445],[-8.15725,40.74434],[-8.1573,40.74425]]},"properties":{"osm_type":"way","osm_id":689175142,"country":"PT","name":null,"operator":null,"wikidata":null,"wikipedia":null}},{"type":"Feature","geometry":{"type":"LineString","coordinates":[[-7.41864,40.82935],[-7.41854,40.82936],[-7.4184,40.82935]]},"properties":{"osm_type":"way","osm_id":693615248,"country":"PT","name":null,"operator":null,"wikidata":null,"wikipedia":null}},{"type":"Feature","geometry":{"type":"LineString","coordinates":[[-7.80521,40.06564],[-7.8052,40.06561],[-7.80509,40.06556],[-7.80511,40.06552],[-7.8053,40.06552],[-7.80551,40.06547],[-7.80572,40.06541],[-7.80589,40.06534]]},"properties":{"osm_type":"way","osm_id":694242765,"country":"PT","name":null,"operator":null,"wikidata":null,"wikipedia":null}},{"type":"Feature","geometry":{"type":"LineString","coordinates":[[-8.31659,40.17084],[-8.31665,40.17077],[-8.31686,40.17052],[-8.31709,40.17026]]},"properties":{"osm_type":"way","osm_id":694456150,"country":"PT","name":null,"operator":null,"wikidata":null,"wikipedia":null}},{"type":"Feature","geometry":{"type":"LineString","coordinates":[[-8.02412,40.05105],[-8.02412,40.05095]]},"properties":{"osm_type":"way","osm_id":694456153,"country":"PT","name":null,"operator":null,"wikidata":null,"wikipedia":null}},{"type":"Feature","geometry":{"type":"LineString","coordinates":[[-8.02425,40.05111],[-8.02429,40.05105]]},"properties":{"osm_type":"way","osm_id":694456154,"country":"PT","name":null,"operator":null,"wikidata":null,"wikipedia":null}},{"type":"Feature","geometry":{"type":"LineString","coordinates":[[-8.02412,40.05105],[-8.02419,40.05109],[-8.02425,40.05111]]},"properties":{"osm_type":"way","osm_id":694456156,"country":"PT","name":null,"operator":null,"wikidata":null,"wikipedia":null}},{"type":"Feature","geometry":{"type":"LineString","coordinates":[[-8.02396,40.05268],[-8.0239,40.05266],[-8.02383,40.05265]]},"properties":{"osm_type":"way","osm_id":694456157,"country":"PT","name":null,"operator":null,"wikidata":null,"wikipedia":null}},{"type":"Feature","geometry":{"type":"LineString","coordinates":[[-8.21282,40.29047],[-8.21268,40.29043],[-8.21257,40.2904],[-8.21246,40.29037],[-8.21233,40.29031],[-8.21224,40.29024],[-8.21219,40.29017],[-8.21218,40.29008]]},"properties":{"osm_type":"way","osm_id":694456166,"country":"PT","name":null,"operator":null,"wikidata":null,"wikipedia":null}},{"type":"Feature","geometry":{"type":"LineString","coordinates":[[-7.04428,40.41822],[-7.04428,40.41817],[-7.04429,40.41809],[-7.04431,40.418],[-7.04436,40.41785]]},"properties":{"osm_type":"way","osm_id":694470654,"country":"PT","name":null,"operator":null,"wikidata":null,"wikipedia":null}},{"type":"Feature","geometry":{"type":"LineString","coordinates":[[-9.11485,38.64795],[-9.1148,38.64791],[-9.11474,38.64788]]},"properties":{"osm_type":"way","osm_id":700592125,"country":"PT","name":null,"operator":null,"wikidata":null,"wikipedia":null}},{"type":"Feature","geometry":{"type":"LineString","coordinates":[[-9.10905,38.64678],[-9.10903,38.64681],[-9.10901,38.64683]]},"properties":{"osm_type":"way","osm_id":701104557,"country":"PT","name":null,"operator":null,"wikidata":null,"wikipedia":null}},{"type":"Feature","geometry":{"type":"LineString","coordinates":[[-8.65593,40.63846],[-8.65595,40.63838]]},"properties":{"osm_type":"way","osm_id":702217547,"country":"PT","name":null,"operator":null,"wikidata":null,"wikipedia":null}},{"type":"Feature","geometry":{"type":"LineString","coordinates":[[-8.28755,38.99658],[-8.28764,38.99598],[-8.2877,38.99561]]},"properties":{"osm_type":"way","osm_id":703917100,"country":"PT","name":null,"operator":null,"wikidata":null,"wikipedia":null}},{"type":"Feature","geometry":{"type":"LineString","coordinates":[[-7.79987,39.41296],[-7.79982,39.41294],[-7.79971,39.41287],[-7.79965,39.41281]]},"properties":{"osm_type":"way","osm_id":703938081,"country":"PT","name":null,"operator":null,"wikidata":null,"wikipedia":null}},{"type":"Feature","geometry":{"type":"LineString","coordinates":[[-7.79995,39.41311],[-7.79992,39.41309],[-7.79991,39.41307],[-7.79991,39.41297],[-7.79987,39.41296]]},"properties":{"osm_type":"way","osm_id":703938083,"country":"PT","name":null,"operator":null,"wikidata":null,"wikipedia":null}},{"type":"Feature","geometry":{"type":"LineString","coordinates":[[-8.05912,39.73451],[-8.05875,39.73469]]},"properties":{"osm_type":"way","osm_id":704120947,"country":"PT","name":null,"operator":null,"wikidata":null,"wikipedia":null}},{"type":"Feature","geometry":{"type":"LineString","coordinates":[[-8.01421,39.70916],[-8.01423,39.70915],[-8.01425,39.70914]]},"properties":{"osm_type":"way","osm_id":704146382,"country":"PT","name":null,"operator":null,"wikidata":null,"wikipedia":null}},{"type":"Feature","geometry":{"type":"LineString","coordinates":[[-8.01377,39.70861],[-8.01379,39.7086],[-8.01381,39.70859]]},"properties":{"osm_type":"way","osm_id":704146394,"country":"PT","name":null,"operator":null,"wikidata":null,"wikipedia":null}},{"type":"Feature","geometry":{"type":"LineString","coordinates":[[-8.0138,39.70857],[-8.01378,39.70857],[-8.01376,39.70857]]},"properties":{"osm_type":"way","osm_id":704160144,"country":"PT","name":null,"operator":null,"wikidata":null,"wikipedia":null}},{"type":"Feature","geometry":{"type":"LineString","coordinates":[[-7.83811,39.78929],[-7.83805,39.78933],[-7.83803,39.78935],[-7.838,39.78937],[-7.83795,39.7894]]},"properties":{"osm_type":"way","osm_id":705719868,"country":"PT","name":null,"operator":null,"wikidata":null,"wikipedia":null}},{"type":"Feature","geometry":{"type":"LineString","coordinates":[[-7.83835,39.78944],[-7.83836,39.78947],[-7.83835,39.78951],[-7.83834,39.78952],[-7.83832,39.78954],[-7.83829,39.78955]]},"properties":{"osm_type":"way","osm_id":705719876,"country":"PT","name":null,"operator":null,"wikidata":null,"wikipedia":null}},{"type":"Feature","geometry":{"type":"LineString","coordinates":[[-7.75312,39.8097],[-7.75315,39.80959],[-7.75329,39.80934],[-7.75337,39.80926]]},"properties":{"osm_type":"way","osm_id":705790048,"country":"PT","name":null,"operator":null,"wikidata":null,"wikipedia":null}},{"type":"Feature","geometry":{"type":"LineString","coordinates":[[-8.12157,39.98559],[-8.12155,39.98562],[-8.12153,39.98566]]},"properties":{"osm_type":"way","osm_id":706749992,"country":"PT","name":null,"operator":null,"wikidata":null,"wikipedia":null}},{"type":"Feature","geometry":{"type":"LineString","coordinates":[[-8.11185,40.15377],[-8.11192,40.15375],[-8.11204,40.15371],[-8.11219,40.15366]]},"properties":{"osm_type":"way","osm_id":706754799,"country":"PT","name":null,"operator":null,"wikidata":null,"wikipedia":null}},{"type":"Feature","geometry":{"type":"LineString","coordinates":[[-8.15043,40.18486],[-8.15038,40.1847],[-8.15033,40.18455]]},"properties":{"osm_type":"way","osm_id":706754803,"country":"PT","name":null,"operator":null,"wikidata":null,"wikipedia":null}},{"type":"Feature","geometry":{"type":"LineString","coordinates":[[-8.11214,40.15891],[-8.11229,40.15896],[-8.11246,40.15902]]},"properties":{"osm_type":"way","osm_id":707079115,"country":"PT","name":null,"operator":null,"wikidata":null,"wikipedia":null}},{"type":"Feature","geometry":{"type":"LineString","coordinates":[[-8.11014,40.16179],[-8.11028,40.16188],[-8.11041,40.16195]]},"properties":{"osm_type":"way","osm_id":707079116,"country":"PT","name":null,"operator":null,"wikidata":null,"wikipedia":null}},{"type":"Feature","geometry":{"type":"LineString","coordinates":[[-8.11169,40.15027],[-8.11174,40.15028],[-8.11187,40.15032],[-8.11199,40.15035],[-8.11202,40.15035]]},"properties":{"osm_type":"way","osm_id":707079120,"country":"PT","name":null,"operator":null,"wikidata":null,"wikipedia":null}},{"type":"Feature","geometry":{"type":"LineString","coordinates":[[-8.13014,40.17775],[-8.12994,40.17755],[-8.12984,40.17744]]},"properties":{"osm_type":"way","osm_id":707254055,"country":"PT","name":null,"operator":null,"wikidata":null,"wikipedia":null}},{"type":"Feature","geometry":{"type":"LineString","coordinates":[[-8.13559,40.17844],[-8.13547,40.17839],[-8.13536,40.17831],[-8.13521,40.17819]]},"properties":{"osm_type":"way","osm_id":707254056,"country":"PT","name":null,"operator":null,"wikidata":null,"wikipedia":null}},{"type":"Feature","geometry":{"type":"LineString","coordinates":[[-8.1211,40.17458],[-8.12132,40.17452],[-8.12164,40.17448]]},"properties":{"osm_type":"way","osm_id":707352006,"country":"PT","name":null,"operator":null,"wikidata":null,"wikipedia":null}},{"type":"Feature","geometry":{"type":"LineString","coordinates":[[-8.11649,40.17069],[-8.11658,40.17059],[-8.11662,40.17049],[-8.11663,40.17042],[-8.11663,40.17034],[-8.11659,40.17019]]},"properties":{"osm_type":"way","osm_id":707352007,"country":"PT","name":null,"operator":null,"wikidata":null,"wikipedia":null}},{"type":"Feature","geometry":{"type":"LineString","coordinates":[[-8.10061,40.01646],[-8.10054,40.01648],[-8.10044,40.01651]]},"properties":{"osm_type":"way","osm_id":708122604,"country":"PT","name":null,"operator":null,"wikidata":null,"wikipedia":null}},{"type":"Feature","geometry":{"type":"LineString","coordinates":[[-8.14379,40.17951],[-8.14389,40.17937],[-8.14396,40.17927]]},"properties":{"osm_type":"way","osm_id":708131108,"country":"PT","name":null,"operator":null,"wikidata":null,"wikipedia":null}},{"type":"Feature","geometry":{"type":"LineString","coordinates":[[-8.16209,40.18702],[-8.16194,40.18693],[-8.16179,40.18685]]},"properties":{"osm_type":"way","osm_id":708131109,"country":"PT","name":null,"operator":null,"wikidata":null,"wikipedia":null}},{"type":"Feature","geometry":{"type":"LineString","coordinates":[[-8.02633,40.15049],[-8.02648,40.15049],[-8.02666,40.15049]]},"properties":{"osm_type":"way","osm_id":708131113,"country":"PT","name":null,"operator":null,"wikidata":null,"wikipedia":null}},{"type":"Feature","geometry":{"type":"LineString","coordinates":[[-8.06643,40.14157],[-8.06619,40.14157],[-8.06595,40.14157]]},"properties":{"osm_type":"way","osm_id":708131114,"country":"PT","name":null,"operator":null,"wikidata":null,"wikipedia":null}},{"type":"Feature","geometry":{"type":"LineString","coordinates":[[-7.47705,41.73431],[-7.47682,41.73427],[-7.47659,41.73423]]},"properties":{"osm_type":"way","osm_id":709318682,"country":"PT","name":null,"operator":null,"wikidata":null,"wikipedia":null}},{"type":"Feature","geometry":{"type":"LineString","coordinates":[[-8.08776,39.80667],[-8.0876,39.80654],[-8.08742,39.80638]]},"properties":{"osm_type":"way","osm_id":712378707,"country":"PT","name":null,"operator":null,"wikidata":null,"wikipedia":null}},{"type":"Feature","geometry":{"type":"LineString","coordinates":[[-6.52602,41.49275],[-6.5262,41.49269],[-6.52631,41.49268]]},"properties":{"osm_type":"way","osm_id":713628639,"country":"PT","name":null,"operator":null,"wikidata":null,"wikipedia":null}},{"type":"Feature","geometry":{"type":"LineString","coordinates":[[-7.81276,40.24721],[-7.81288,40.24718]]},"properties":{"osm_type":"way","osm_id":713873639,"country":"PT","name":null,"operator":null,"wikidata":null,"wikipedia":null}},{"type":"Feature","geometry":{"type":"LineString","coordinates":[[-8.37222,41.81136],[-8.37201,41.81112],[-8.3721,41.81096],[-8.37219,41.81084],[-8.37235,41.81075],[-8.37241,41.81071],[-8.37271,41.81086]]},"properties":{"osm_type":"way","osm_id":716752591,"country":"PT","name":null,"operator":null,"wikidata":null,"wikipedia":null}},{"type":"Feature","geometry":{"type":"LineString","coordinates":[[-8.43863,41.80624],[-8.4382,41.8062],[-8.43752,41.8059]]},"properties":{"osm_type":"way","osm_id":716752597,"country":"PT","name":null,"operator":null,"wikidata":null,"wikipedia":null}},{"type":"Feature","geometry":{"type":"LineString","coordinates":[[-8.81288,39.75125],[-8.81288,39.7512],[-8.81287,39.75111]]},"properties":{"osm_type":"way","osm_id":733616010,"country":"PT","name":null,"operator":null,"wikidata":null,"wikipedia":null}},{"type":"Feature","geometry":{"type":"LineString","coordinates":[[-6.92305,40.68739],[-6.92277,40.68737]]},"properties":{"osm_type":"way","osm_id":736488091,"country":"PT","name":null,"operator":null,"wikidata":null,"wikipedia":null}},{"type":"Feature","geometry":{"type":"LineString","coordinates":[[-6.92453,40.68749],[-6.92305,40.68739]]},"properties":{"osm_type":"way","osm_id":736488092,"country":"PT","name":null,"operator":null,"wikidata":null,"wikipedia":null}},{"type":"Feature","geometry":{"type":"LineString","coordinates":[[-6.92476,40.68751],[-6.92453,40.68749]]},"properties":{"osm_type":"way","osm_id":736488094,"country":"PT","name":null,"operator":null,"wikidata":null,"wikipedia":null}},{"type":"Feature","geometry":{"type":"LineString","coordinates":[[-6.93004,40.69829],[-6.93018,40.69789]]},"properties":{"osm_type":"way","osm_id":736488097,"country":"PT","name":null,"operator":null,"wikidata":null,"wikipedia":null}},{"type":"Feature","geometry":{"type":"LineString","coordinates":[[-6.99094,40.48567],[-6.99098,40.48577],[-6.99105,40.48592]]},"properties":{"osm_type":"way","osm_id":736781009,"country":"PT","name":null,"operator":null,"wikidata":null,"wikipedia":null}},{"type":"Feature","geometry":{"type":"LineString","coordinates":[[-8.17219,39.48453],[-8.17227,39.48443],[-8.17235,39.48434]]},"properties":{"osm_type":"way","osm_id":739950217,"country":"PT","name":null,"operator":null,"wikidata":null,"wikipedia":null}},{"type":"Feature","geometry":{"type":"LineString","coordinates":[[-8.10926,40.16475],[-8.10943,40.16471],[-8.10957,40.16468]]},"properties":{"osm_type":"way","osm_id":745105723,"country":"PT","name":null,"operator":null,"wikidata":null,"wikipedia":null}},{"type":"Feature","geometry":{"type":"LineString","coordinates":[[-8.60684,39.8783],[-8.60711,39.87816]]},"properties":{"osm_type":"way","osm_id":751440075,"country":"PT","name":null,"operator":null,"wikidata":null,"wikipedia":null}},{"type":"Feature","geometry":{"type":"LineString","coordinates":[[-7.09215,40.35395],[-7.09235,40.35413],[-7.09256,40.35431]]},"properties":{"osm_type":"way","osm_id":755181125,"country":"PT","name":null,"operator":null,"wikidata":null,"wikipedia":null}},{"type":"Feature","geometry":{"type":"LineString","coordinates":[[-7.09387,40.34967],[-7.09391,40.34961],[-7.09396,40.34955]]},"properties":{"osm_type":"way","osm_id":755181126,"country":"PT","name":null,"operator":null,"wikidata":null,"wikipedia":null}},{"type":"Feature","geometry":{"type":"LineString","coordinates":[[-7.81978,41.56275],[-7.81968,41.56268],[-7.81953,41.56259]]},"properties":{"osm_type":"way","osm_id":767734432,"country":"PT","name":null,"operator":null,"wikidata":null,"wikipedia":null}},{"type":"Feature","geometry":{"type":"LineString","coordinates":[[-7.7396,41.62485],[-7.7394,41.62481],[-7.73926,41.62477]]},"properties":{"osm_type":"way","osm_id":767943717,"country":"PT","name":null,"operator":null,"wikidata":null,"wikipedia":null}},{"type":"Feature","geometry":{"type":"LineString","coordinates":[[-8.09436,39.80879],[-8.09434,39.80874],[-8.09429,39.80864],[-8.09422,39.80849]]},"properties":{"osm_type":"way","osm_id":771061558,"country":"PT","name":null,"operator":null,"wikidata":null,"wikipedia":null}},{"type":"Feature","geometry":{"type":"LineString","coordinates":[[-8.10093,39.80543],[-8.10107,39.80578]]},"properties":{"osm_type":"way","osm_id":771061560,"country":"PT","name":null,"operator":null,"wikidata":null,"wikipedia":null}},{"type":"Feature","geometry":{"type":"LineString","coordinates":[[-8.09962,39.80416],[-8.0995,39.80418]]},"properties":{"osm_type":"way","osm_id":771061562,"country":"PT","name":null,"operator":null,"wikidata":null,"wikipedia":null}},{"type":"Feature","geometry":{"type":"LineString","coordinates":[[-8.09934,39.80283],[-8.09917,39.80284]]},"properties":{"osm_type":"way","osm_id":771061566,"country":"PT","name":null,"operator":null,"wikidata":null,"wikipedia":null}},{"type":"Feature","geometry":{"type":"LineString","coordinates":[[-8.1005,39.80178],[-8.10041,39.80165]]},"properties":{"osm_type":"way","osm_id":771061568,"country":"PT","name":null,"operator":null,"wikidata":null,"wikipedia":null}},{"type":"Feature","geometry":{"type":"LineString","coordinates":[[-8.1015,39.79998],[-8.10195,39.80006]]},"properties":{"osm_type":"way","osm_id":771061578,"country":"PT","name":null,"operator":null,"wikidata":null,"wikipedia":null}},{"type":"Feature","geometry":{"type":"LineString","coordinates":[[-8.1001,39.79973],[-8.10011,39.79959],[-8.10012,39.79944]]},"properties":{"osm_type":"way","osm_id":771061579,"country":"PT","name":null,"operator":null,"wikidata":null,"wikipedia":null}},{"type":"Feature","geometry":{"type":"LineString","coordinates":[[-8.09853,39.80059],[-8.09844,39.80049],[-8.09842,39.80039],[-8.0985,39.80017],[-8.09856,39.79996],[-8.09863,39.79973],[-8.0987,39.79963]]},"properties":{"osm_type":"way","osm_id":771061580,"country":"PT","name":null,"operator":null,"wikidata":null,"wikipedia":null}},{"type":"Feature","geometry":{"type":"LineString","coordinates":[[-8.09749,39.80429],[-8.09742,39.80428],[-8.09709,39.80427]]},"properties":{"osm_type":"way","osm_id":771061586,"country":"PT","name":null,"operator":null,"wikidata":null,"wikipedia":null}},{"type":"Feature","geometry":{"type":"LineString","coordinates":[[-8.20193,37.15729],[-8.20173,37.15729],[-8.20158,37.1573]]},"properties":{"osm_type":"way","osm_id":772661243,"country":"PT","name":null,"operator":null,"wikidata":null,"wikipedia":null}},{"type":"Feature","geometry":{"type":"LineString","coordinates":[[-7.67853,40.3273],[-7.67854,40.32735],[-7.67856,40.32743]]},"properties":{"osm_type":"way","osm_id":786902954,"country":"PT","name":null,"operator":null,"wikidata":null,"wikipedia":null}},{"type":"Feature","geometry":{"type":"LineString","coordinates":[[-7.60695,37.50178],[-7.60644,37.5021]]},"properties":{"osm_type":"way","osm_id":791122126,"country":"PT","name":null,"operator":null,"wikidata":null,"wikipedia":null}},{"type":"Feature","geometry":{"type":"LineString","coordinates":[[-8.33126,38.04447],[-8.33063,38.04463]]},"properties":{"osm_type":"way","osm_id":795394355,"country":"PT","name":null,"operator":null,"wikidata":null,"wikipedia":null}},{"type":"Feature","geometry":{"type":"LineString","coordinates":[[-8.43628,39.67901],[-8.43623,39.67901],[-8.43621,39.67902],[-8.43613,39.67908],[-8.43609,39.67916],[-8.4361,39.67918],[-8.4361,39.67922]]},"properties":{"osm_type":"way","osm_id":801915436,"country":"PT","name":null,"operator":null,"wikidata":null,"wikipedia":null}},{"type":"Feature","geometry":{"type":"LineString","coordinates":[[-7.09271,40.33842],[-7.0928,40.33835],[-7.09293,40.33823]]},"properties":{"osm_type":"way","osm_id":802426889,"country":"PT","name":null,"operator":null,"wikidata":null,"wikipedia":null}},{"type":"Feature","geometry":{"type":"LineString","coordinates":[[-8.3559,41.2089],[-8.35581,41.20897]]},"properties":{"osm_type":"way","osm_id":802443201,"country":"PT","name":null,"operator":null,"wikidata":null,"wikipedia":null}},{"type":"Feature","geometry":{"type":"Polygon","coordinates":[[[-8.35619,41.20921],[-8.35614,41.20929],[-8.35606,41.20931],[-8.35604,41.20933],[-8.35615,41.20938],[-8.35633,41.20943],[-8.35642,41.20944],[-8.35626,41.20936],[-8.35623,41.20931],[-8.35619,41.20921]]]},"properties":{"osm_type":"way","osm_id":802444295,"country":"PT","name":null,"operator":null,"wikidata":null,"wikipedia":null}},{"type":"Feature","geometry":{"type":"LineString","coordinates":[[-8.19612,41.69685],[-8.1961,41.69685],[-8.19607,41.69684],[-8.19604,41.69683],[-8.19603,41.69683],[-8.19603,41.69682],[-8.19599,41.69679],[-8.19597,41.69677],[-8.19594,41.69675]]},"properties":{"osm_type":"way","osm_id":806216562,"country":"PT","name":null,"operator":null,"wikidata":null,"wikipedia":null}},{"type":"Feature","geometry":{"type":"LineString","coordinates":[[-8.20156,41.75141],[-8.20158,41.75137],[-8.20161,41.75136],[-8.20163,41.75136],[-8.20165,41.75136],[-8.20169,41.75137]]},"properties":{"osm_type":"way","osm_id":808581222,"country":"PT","name":null,"operator":null,"wikidata":null,"wikipedia":null}},{"type":"Feature","geometry":{"type":"LineString","coordinates":[[-8.20179,41.75134],[-8.20173,41.75131],[-8.20171,41.75129],[-8.20169,41.75123]]},"properties":{"osm_type":"way","osm_id":808581223,"country":"PT","name":null,"operator":null,"wikidata":null,"wikipedia":null}},{"type":"Feature","geometry":{"type":"LineString","coordinates":[[-7.5026,38.12869],[-7.50229,38.12861]]},"properties":{"osm_type":"way","osm_id":810588324,"country":"PT","name":null,"operator":null,"wikidata":null,"wikipedia":null}},{"type":"Feature","geometry":{"type":"LineString","coordinates":[[-8.02169,38.94255],[-8.02152,38.94251],[-8.0212,38.94243]]},"properties":{"osm_type":"way","osm_id":810815431,"country":"PT","name":null,"operator":null,"wikidata":null,"wikipedia":null}},{"type":"Feature","geometry":{"type":"LineString","coordinates":[[-8.63263,39.9187],[-8.63278,39.91867],[-8.63289,39.91865]]},"properties":{"osm_type":"way","osm_id":817369982,"country":"PT","name":null,"operator":null,"wikidata":null,"wikipedia":null}},{"type":"Feature","geometry":{"type":"LineString","coordinates":[[-8.35217,39.69872],[-8.35211,39.69865],[-8.35209,39.69864],[-8.35207,39.69863]]},"properties":{"osm_type":"way","osm_id":817795338,"country":"PT","name":null,"operator":null,"wikidata":null,"wikipedia":null}},{"type":"Feature","geometry":{"type":"LineString","coordinates":[[-8.35203,39.69923],[-8.35193,39.69919],[-8.3519,39.69918],[-8.35188,39.69917],[-8.35148,39.69927],[-8.35139,39.69926],[-8.35129,39.69918]]},"properties":{"osm_type":"way","osm_id":817795344,"country":"PT","name":"Açude do Pego","operator":null,"wikidata":null,"wikipedia":null}},{"type":"Feature","geometry":{"type":"LineString","coordinates":[[-8.35628,39.69907],[-8.35629,39.69909],[-8.35632,39.69917],[-8.35632,39.69919]]},"properties":{"osm_type":"way","osm_id":817795760,"country":"PT","name":null,"operator":null,"wikidata":null,"wikipedia":null}},{"type":"Feature","geometry":{"type":"LineString","coordinates":[[-8.1858,40.04505],[-8.18573,40.04509],[-8.18566,40.04512]]},"properties":{"osm_type":"way","osm_id":817899987,"country":"PT","name":null,"operator":null,"wikidata":null,"wikipedia":null}},{"type":"Feature","geometry":{"type":"LineString","coordinates":[[-8.18943,40.02423],[-8.18934,40.02423],[-8.18923,40.02424]]},"properties":{"osm_type":"way","osm_id":817902580,"country":"PT","name":null,"operator":null,"wikidata":null,"wikipedia":null}},{"type":"Feature","geometry":{"type":"LineString","coordinates":[[-8.18939,40.02398],[-8.18931,40.02398],[-8.1892,40.024]]},"properties":{"osm_type":"way","osm_id":817902586,"country":"PT","name":null,"operator":null,"wikidata":null,"wikipedia":null}},{"type":"Feature","geometry":{"type":"LineString","coordinates":[[-8.80202,39.74773],[-8.80227,39.74774]]},"properties":{"osm_type":"way","osm_id":825077453,"country":"PT","name":"Açude da Fonte Quente","operator":null,"wikidata":null,"wikipedia":null}},{"type":"Feature","geometry":{"type":"LineString","coordinates":[[-8.52468,40.27234],[-8.5247,40.27233],[-8.52472,40.27232]]},"properties":{"osm_type":"way","osm_id":828609583,"country":"PT","name":null,"operator":null,"wikidata":null,"wikipedia":null}},{"type":"Feature","geometry":{"type":"LineString","coordinates":[[-8.52519,40.27253],[-8.52515,40.27255],[-8.52512,40.27255]]},"properties":{"osm_type":"way","osm_id":828609599,"country":"PT","name":null,"operator":null,"wikidata":null,"wikipedia":null}},{"type":"Feature","geometry":{"type":"LineString","coordinates":[[-7.62968,40.33533],[-7.62968,40.33529],[-7.62966,40.33526],[-7.62963,40.33525],[-7.6296,40.33525],[-7.62958,40.33527],[-7.62958,40.33532]]},"properties":{"osm_type":"way","osm_id":845052280,"country":"PT","name":null,"operator":null,"wikidata":null,"wikipedia":null}},{"type":"Feature","geometry":{"type":"LineString","coordinates":[[-7.70963,40.28769],[-7.70973,40.28766],[-7.70985,40.28761]]},"properties":{"osm_type":"way","osm_id":845068550,"country":"PT","name":null,"operator":null,"wikidata":null,"wikipedia":null}},{"type":"Feature","geometry":{"type":"LineString","coordinates":[[-8.4716,41.18073],[-8.47149,41.18073],[-8.47139,41.18073]]},"properties":{"osm_type":"way","osm_id":864734827,"country":"PT","name":null,"operator":null,"wikidata":null,"wikipedia":null}},{"type":"Feature","geometry":{"type":"LineString","coordinates":[[-8.1753,40.95225],[-8.17533,40.95234],[-8.17548,40.95244],[-8.17554,40.9525]]},"properties":{"osm_type":"way","osm_id":874037854,"country":"PT","name":null,"operator":null,"wikidata":null,"wikipedia":null}},{"type":"Feature","geometry":{"type":"LineString","coordinates":[[-7.98418,41.42755],[-7.98429,41.42758],[-7.98437,41.42757]]},"properties":{"osm_type":"way","osm_id":880336423,"country":"PT","name":null,"operator":null,"wikidata":null,"wikipedia":null}},{"type":"Feature","geometry":{"type":"LineString","coordinates":[[-7.78555,39.21816],[-7.78556,39.21824],[-7.78557,39.21841],[-7.78551,39.21849]]},"properties":{"osm_type":"way","osm_id":880684140,"country":"PT","name":null,"operator":null,"wikidata":null,"wikipedia":null}},{"type":"Feature","geometry":{"type":"LineString","coordinates":[[-7.78551,39.21849],[-7.78536,39.21889],[-7.78504,39.2191]]},"properties":{"osm_type":"way","osm_id":881153283,"country":"PT","name":null,"operator":null,"wikidata":null,"wikipedia":null}},{"type":"Feature","geometry":{"type":"LineString","coordinates":[[-8.45918,41.18846],[-8.45923,41.18846],[-8.45928,41.18848],[-8.45932,41.18849],[-8.45936,41.18852],[-8.45939,41.18856]]},"properties":{"osm_type":"way","osm_id":881457945,"country":"PT","name":null,"operator":null,"wikidata":null,"wikipedia":null}},{"type":"Feature","geometry":{"type":"LineString","coordinates":[[-8.46754,41.20324],[-8.46742,41.20315],[-8.46726,41.20304]]},"properties":{"osm_type":"way","osm_id":881457946,"country":"PT","name":null,"operator":null,"wikidata":null,"wikipedia":null}},{"type":"Feature","geometry":{"type":"LineString","coordinates":[[-8.46027,41.21213],[-8.46024,41.21213],[-8.4602,41.21213]]},"properties":{"osm_type":"way","osm_id":881457947,"country":"PT","name":null,"operator":null,"wikidata":null,"wikipedia":null}},{"type":"Feature","geometry":{"type":"LineString","coordinates":[[-8.45952,41.21357],[-8.45949,41.21345],[-8.45947,41.21334]]},"properties":{"osm_type":"way","osm_id":881457948,"country":"PT","name":null,"operator":null,"wikidata":null,"wikipedia":null}},{"type":"Feature","geometry":{"type":"LineString","coordinates":[[-8.44595,41.22536],[-8.44592,41.22532],[-8.4459,41.22526],[-8.44594,41.22511],[-8.44597,41.22508]]},"properties":{"osm_type":"way","osm_id":881457949,"country":"PT","name":null,"operator":null,"wikidata":null,"wikipedia":null}},{"type":"Feature","geometry":{"type":"LineString","coordinates":[[-8.46086,41.17933],[-8.46079,41.17929],[-8.46074,41.17926],[-8.46072,41.17924]]},"properties":{"osm_type":"way","osm_id":881457950,"country":"PT","name":null,"operator":null,"wikidata":null,"wikipedia":null}},{"type":"Feature","geometry":{"type":"LineString","coordinates":[[-8.46377,41.17982],[-8.46388,41.17977],[-8.46399,41.17974]]},"properties":{"osm_type":"way","osm_id":881457951,"country":"PT","name":null,"operator":null,"wikidata":null,"wikipedia":null}},{"type":"Feature","geometry":{"type":"LineString","coordinates":[[-8.4678,41.18006],[-8.46775,41.18],[-8.46772,41.17995]]},"properties":{"osm_type":"way","osm_id":881457952,"country":"PT","name":null,"operator":null,"wikidata":null,"wikipedia":null}},{"type":"Feature","geometry":{"type":"LineString","coordinates":[[-8.47506,41.17636],[-8.47497,41.17642],[-8.47493,41.17645],[-8.47489,41.17649]]},"properties":{"osm_type":"way","osm_id":881457954,"country":"PT","name":null,"operator":null,"wikidata":null,"wikipedia":null}},{"type":"Feature","geometry":{"type":"LineString","coordinates":[[-8.48958,41.14336],[-8.48981,41.14362],[-8.48982,41.14367],[-8.48988,41.14383],[-8.48991,41.14385],[-8.48994,41.14388]]},"properties":{"osm_type":"way","osm_id":881457955,"country":"PT","name":null,"operator":null,"wikidata":null,"wikipedia":null}},{"type":"Feature","geometry":{"type":"LineString","coordinates":[[-8.49165,41.13939],[-8.49164,41.13926],[-8.49163,41.13917],[-8.49165,41.13908]]},"properties":{"osm_type":"way","osm_id":881457956,"country":"PT","name":null,"operator":null,"wikidata":null,"wikipedia":null}},{"type":"Feature","geometry":{"type":"LineString","coordinates":[[-8.49741,41.11669],[-8.4973,41.11668],[-8.49721,41.11668]]},"properties":{"osm_type":"way","osm_id":881457959,"country":"PT","name":null,"operator":null,"wikidata":null,"wikipedia":null}},{"type":"Feature","geometry":{"type":"LineString","coordinates":[[-7.55541,41.68824],[-7.55471,41.68839],[-7.55471,41.68853],[-7.5547,41.68871]]},"properties":{"osm_type":"way","osm_id":881592452,"country":"PT","name":null,"operator":null,"wikidata":null,"wikipedia":null}},{"type":"Feature","geometry":{"type":"LineString","coordinates":[[-7.96438,41.4151],[-7.96414,41.41515],[-7.96422,41.41497],[-7.96426,41.41486],[-7.96443,41.41457]]},"properties":{"osm_type":"way","osm_id":882910167,"country":"PT","name":null,"operator":null,"wikidata":null,"wikipedia":null}},{"type":"Feature","geometry":{"type":"LineString","coordinates":[[-7.09586,40.78593],[-7.0961,40.78555]]},"properties":{"osm_type":"way","osm_id":883787071,"country":"PT","name":null,"operator":null,"wikidata":null,"wikipedia":null}},{"type":"Feature","geometry":{"type":"LineString","coordinates":[[-7.07746,40.72928],[-7.07758,40.72913],[-7.07772,40.72895]]},"properties":{"osm_type":"way","osm_id":883787075,"country":"PT","name":null,"operator":null,"wikidata":null,"wikipedia":null}},{"type":"Feature","geometry":{"type":"LineString","coordinates":[[-7.17136,40.63225],[-7.1712,40.63278],[-7.17114,40.63316],[-7.17119,40.63353],[-7.17124,40.63382]]},"properties":{"osm_type":"way","osm_id":883787079,"country":"PT","name":null,"operator":null,"wikidata":null,"wikipedia":null}},{"type":"Feature","geometry":{"type":"LineString","coordinates":[[-7.65135,39.50046],[-7.65133,39.50042],[-7.65132,39.50031],[-7.65131,39.5002],[-7.65125,39.50016],[-7.65113,39.5001]]},"properties":{"osm_type":"way","osm_id":884363455,"country":"PT","name":null,"operator":null,"wikidata":null,"wikipedia":null}},{"type":"Feature","geometry":{"type":"LineString","coordinates":[[-8.13644,41.19736],[-8.13638,41.19716],[-8.13643,41.19704]]},"properties":{"osm_type":"way","osm_id":884424127,"country":"PT","name":null,"operator":null,"wikidata":null,"wikipedia":null}},{"type":"Feature","geometry":{"type":"LineString","coordinates":[[-7.50838,41.71278],[-7.50836,41.71281],[-7.50803,41.71317],[-7.50776,41.71324],[-7.50764,41.71328]]},"properties":{"osm_type":"way","osm_id":886574327,"country":"PT","name":null,"operator":null,"wikidata":null,"wikipedia":null}},{"type":"Feature","geometry":{"type":"LineString","coordinates":[[-7.96365,41.49129],[-7.96371,41.49134],[-7.96374,41.49137],[-7.96382,41.49148]]},"properties":{"osm_type":"way","osm_id":886715925,"country":"PT","name":null,"operator":null,"wikidata":null,"wikipedia":null}},{"type":"Feature","geometry":{"type":"LineString","coordinates":[[-8.10401,41.36381],[-8.10405,41.36378],[-8.10405,41.36377],[-8.10395,41.36373],[-8.10396,41.36371],[-8.10407,41.36373],[-8.10407,41.36372],[-8.10408,41.36371],[-8.10398,41.36367],[-8.10398,41.36365],[-8.10409,41.36367],[-8.10413,41.36359],[-8.10414,41.36355]]},"properties":{"osm_type":"way","osm_id":886812279,"country":"PT","name":"Açude de Agilde","operator":null,"wikidata":null,"wikipedia":null}},{"type":"Feature","geometry":{"type":"LineString","coordinates":[[-7.942,41.35467],[-7.94202,41.35451],[-7.94207,41.35443],[-7.94228,41.35435],[-7.9423,41.35429]]},"properties":{"osm_type":"way","osm_id":887605689,"country":"PT","name":null,"operator":null,"wikidata":null,"wikipedia":null}},{"type":"Feature","geometry":{"type":"LineString","coordinates":[[-7.6396,40.2032],[-7.63941,40.20296]]},"properties":{"osm_type":"way","osm_id":888361692,"country":"PT","name":null,"operator":null,"wikidata":null,"wikipedia":null}},{"type":"Feature","geometry":{"type":"LineString","coordinates":[[-7.64131,40.19457],[-7.64092,40.19463]]},"properties":{"osm_type":"way","osm_id":888361695,"country":"PT","name":null,"operator":null,"wikidata":null,"wikipedia":null}},{"type":"Feature","geometry":{"type":"LineString","coordinates":[[-6.48241,41.57585],[-6.48195,41.57571]]},"properties":{"osm_type":"way","osm_id":889297823,"country":"PT","name":null,"operator":null,"wikidata":null,"wikipedia":null}},{"type":"Feature","geometry":{"type":"LineString","coordinates":[[-8.38914,40.83361],[-8.38862,40.83376]]},"properties":{"osm_type":"way","osm_id":889949143,"country":"PT","name":null,"operator":null,"wikidata":null,"wikipedia":null}},{"type":"Feature","geometry":{"type":"LineString","coordinates":[[-8.39213,40.83288],[-8.39203,40.83293],[-8.39201,40.83295],[-8.39196,40.83301],[-8.39195,40.83305]]},"properties":{"osm_type":"way","osm_id":889949145,"country":"PT","name":null,"operator":null,"wikidata":null,"wikipedia":null}},{"type":"Feature","geometry":{"type":"LineString","coordinates":[[-8.31286,40.80717],[-8.3128,40.80714],[-8.31289,40.80707],[-8.31293,40.80695],[-8.31297,40.80697]]},"properties":{"osm_type":"way","osm_id":890121250,"country":"PT","name":null,"operator":null,"wikidata":null,"wikipedia":null}},{"type":"Feature","geometry":{"type":"LineString","coordinates":[[-7.96938,41.00194],[-7.96922,41.00202],[-7.96905,41.00184]]},"properties":{"osm_type":"way","osm_id":890149445,"country":"PT","name":null,"operator":null,"wikidata":null,"wikipedia":null}},{"type":"Feature","geometry":{"type":"LineString","coordinates":[[-7.58061,40.51065],[-7.58067,40.51069],[-7.58073,40.5106],[-7.58065,40.51057]]},"properties":{"osm_type":"way","osm_id":890599010,"country":"PT","name":null,"operator":null,"wikidata":null,"wikipedia":null}},{"type":"Feature","geometry":{"type":"LineString","coordinates":[[-7.81791,41.58762],[-7.81797,41.58756],[-7.81804,41.58749]]},"properties":{"osm_type":"way","osm_id":891463507,"country":"PT","name":null,"operator":null,"wikidata":null,"wikipedia":null}},{"type":"Feature","geometry":{"type":"LineString","coordinates":[[-7.74534,41.6098],[-7.74523,41.60989],[-7.7451,41.60998]]},"properties":{"osm_type":"way","osm_id":891463527,"country":"PT","name":null,"operator":null,"wikidata":null,"wikipedia":null}},{"type":"Feature","geometry":{"type":"LineString","coordinates":[[-7.74955,39.36554],[-7.74953,39.36548],[-7.74953,39.36546],[-7.74954,39.36544],[-7.74956,39.36543],[-7.74959,39.36541],[-7.74963,39.3654],[-7.74968,39.36539]]},"properties":{"osm_type":"way","osm_id":892905081,"country":"PT","name":null,"operator":null,"wikidata":null,"wikipedia":null}},{"type":"Feature","geometry":{"type":"LineString","coordinates":[[-7.7505,39.36584],[-7.75052,39.36579]]},"properties":{"osm_type":"way","osm_id":892928615,"country":"PT","name":null,"operator":null,"wikidata":null,"wikipedia":null}},{"type":"Feature","geometry":{"type":"LineString","coordinates":[[-7.73983,41.29721],[-7.73985,41.29712]]},"properties":{"osm_type":"way","osm_id":893358527,"country":"PT","name":null,"operator":null,"wikidata":null,"wikipedia":null}},{"type":"Feature","geometry":{"type":"LineString","coordinates":[[-8.09965,40.01616],[-8.09967,40.0162],[-8.0997,40.01626]]},"properties":{"osm_type":"way","osm_id":894001349,"country":"PT","name":null,"operator":null,"wikidata":null,"wikipedia":null}},{"type":"Feature","geometry":{"type":"LineString","coordinates":[[-7.18802,40.22605],[-7.1881,40.22602],[-7.18817,40.226]]},"properties":{"osm_type":"way","osm_id":894923803,"country":"PT","name":null,"operator":null,"wikidata":null,"wikipedia":null}},{"type":"Feature","geometry":{"type":"LineString","coordinates":[[-8.20665,40.00251],[-8.20664,40.00258],[-8.20662,40.00265]]},"properties":{"osm_type":"way","osm_id":895445438,"country":"PT","name":null,"operator":null,"wikidata":null,"wikipedia":null}},{"type":"Feature","geometry":{"type":"LineString","coordinates":[[-7.51416,39.74503],[-7.51409,39.74507],[-7.5137,39.74494],[-7.5137,39.74489]]},"properties":{"osm_type":"way","osm_id":896101648,"country":"PT","name":null,"operator":null,"wikidata":null,"wikipedia":null}},{"type":"Feature","geometry":{"type":"LineString","coordinates":[[-7.52618,39.75143],[-7.52615,39.7514],[-7.52591,39.75137],[-7.52589,39.75137],[-7.52587,39.75141]]},"properties":{"osm_type":"way","osm_id":896101651,"country":"PT","name":null,"operator":null,"wikidata":null,"wikipedia":null}},{"type":"Feature","geometry":{"type":"LineString","coordinates":[[-7.57075,39.76083],[-7.57071,39.76084],[-7.5709,39.76139],[-7.57098,39.7616],[-7.57103,39.76171]]},"properties":{"osm_type":"way","osm_id":896106845,"country":"PT","name":null,"operator":null,"wikidata":null,"wikipedia":null}},{"type":"Feature","geometry":{"type":"LineString","coordinates":[[-7.06555,39.91753],[-7.0652,39.91742],[-7.06483,39.91768],[-7.06422,39.91793],[-7.06355,39.91806],[-7.06323,39.91808],[-7.06319,39.91819]]},"properties":{"osm_type":"way","osm_id":896284636,"country":"PT","name":null,"operator":null,"wikidata":null,"wikipedia":null}},{"type":"Feature","geometry":{"type":"LineString","coordinates":[[-7.25865,39.97194],[-7.25749,39.97086]]},"properties":{"osm_type":"way","osm_id":897540966,"country":"PT","name":null,"operator":null,"wikidata":null,"wikipedia":null}},{"type":"Feature","geometry":{"type":"LineString","coordinates":[[-7.31303,40.01116],[-7.31323,40.01103],[-7.31304,40.01018],[-7.31278,40.01012]]},"properties":{"osm_type":"way","osm_id":897590642,"country":"PT","name":null,"operator":null,"wikidata":null,"wikipedia":null}},{"type":"Feature","geometry":{"type":"LineString","coordinates":[[-7.04963,40.0226],[-7.04995,40.02236],[-7.05009,40.02186],[-7.05013,40.02171],[-7.05016,40.02106],[-7.04984,40.0209]]},"properties":{"osm_type":"way","osm_id":897593146,"country":"PT","name":null,"operator":null,"wikidata":null,"wikipedia":null}},{"type":"Feature","geometry":{"type":"LineString","coordinates":[[-7.22212,39.90018],[-7.22207,39.89995],[-7.22158,39.89998],[-7.22104,39.90001],[-7.22098,39.90011],[-7.22106,39.9002]]},"properties":{"osm_type":"way","osm_id":897599942,"country":"PT","name":null,"operator":null,"wikidata":null,"wikipedia":null}},{"type":"Feature","geometry":{"type":"LineString","coordinates":[[-7.27179,39.80114],[-7.27179,39.80106],[-7.27118,39.80042],[-7.27068,39.80052]]},"properties":{"osm_type":"way","osm_id":897630364,"country":"PT","name":"Barragem do Gramozinho","operator":null,"wikidata":null,"wikipedia":null}},{"type":"Feature","geometry":{"type":"LineString","coordinates":[[-7.27164,39.80129],[-7.27179,39.80114]]},"properties":{"osm_type":"way","osm_id":897630366,"country":"PT","name":"Barragem do Gramozinho","operator":null,"wikidata":null,"wikipedia":null}},{"type":"Feature","geometry":{"type":"LineString","coordinates":[[-7.76687,41.31648],[-7.76682,41.3165],[-7.7668,41.31651]]},"properties":{"osm_type":"way","osm_id":897757167,"country":"PT","name":null,"operator":null,"wikidata":null,"wikipedia":null}},{"type":"Feature","geometry":{"type":"LineString","coordinates":[[-7.76599,41.31615],[-7.76594,41.31622],[-7.76593,41.31623]]},"properties":{"osm_type":"way","osm_id":897757168,"country":"PT","name":null,"operator":null,"wikidata":null,"wikipedia":null}},{"type":"Feature","geometry":{"type":"LineString","coordinates":[[-8.28456,39.91843],[-8.28453,39.91841],[-8.28451,39.91838]]},"properties":{"osm_type":"way","osm_id":898553456,"country":"PT","name":null,"operator":null,"wikidata":null,"wikipedia":null}},{"type":"Feature","geometry":{"type":"LineString","coordinates":[[-8.21767,41.54849],[-8.21773,41.54853],[-8.21782,41.54845],[-8.21779,41.54841]]},"properties":{"osm_type":"way","osm_id":899837833,"country":"PT","name":null,"operator":null,"wikidata":null,"wikipedia":null}},{"type":"Feature","geometry":{"type":"LineString","coordinates":[[-8.08303,41.41241],[-8.08313,41.41232],[-8.08289,41.41212],[-8.08275,41.41217]]},"properties":{"osm_type":"way","osm_id":902298415,"country":"PT","name":null,"operator":null,"wikidata":null,"wikipedia":null}},{"type":"Feature","geometry":{"type":"LineString","coordinates":[[-7.45048,40.79535],[-7.45039,40.79547],[-7.44973,40.7954],[-7.4497,40.79528]]},"properties":{"osm_type":"way","osm_id":902455826,"country":"PT","name":null,"operator":null,"wikidata":null,"wikipedia":null}},{"type":"Feature","geometry":{"type":"LineString","coordinates":[[-8.29101,39.84463],[-8.29094,39.84481],[-8.29092,39.84507]]},"properties":{"osm_type":"way","osm_id":903176700,"country":"PT","name":"Açude do Poeiro","operator":null,"wikidata":null,"wikipedia":null}},{"type":"Feature","geometry":{"type":"LineString","coordinates":[[-7.17736,41.22838],[-7.17731,41.22865],[-7.17736,41.22882],[-7.17543,41.22908],[-7.17538,41.2289],[-7.17554,41.22873],[-7.17558,41.22858]]},"properties":{"osm_type":"way","osm_id":903453888,"country":"PT","name":null,"operator":null,"wikidata":null,"wikipedia":null}},{"type":"Feature","geometry":{"type":"LineString","coordinates":[[-8.13287,39.23968],[-8.13259,39.23971],[-8.13283,39.24038],[-8.13305,39.24036]]},"properties":{"osm_type":"way","osm_id":904800484,"country":"PT","name":null,"operator":null,"wikidata":null,"wikipedia":null}},{"type":"Feature","geometry":{"type":"LineString","coordinates":[[-8.13459,39.25567],[-8.13415,39.25604],[-8.13378,39.25635]]},"properties":{"osm_type":"way","osm_id":904800489,"country":"PT","name":null,"operator":null,"wikidata":null,"wikipedia":null}},{"type":"Feature","geometry":{"type":"LineString","coordinates":[[-8.12793,39.26156],[-8.12677,39.26127]]},"properties":{"osm_type":"way","osm_id":904800493,"country":"PT","name":null,"operator":null,"wikidata":null,"wikipedia":null}},{"type":"Feature","geometry":{"type":"LineString","coordinates":[[-8.14531,39.17257],[-8.14525,39.17271],[-8.14561,39.17342],[-8.14571,39.17368],[-8.14581,39.17378]]},"properties":{"osm_type":"way","osm_id":904800842,"country":"PT","name":null,"operator":null,"wikidata":null,"wikipedia":null}},{"type":"Feature","geometry":{"type":"LineString","coordinates":[[-8.26478,40.57917],[-8.26483,40.57914],[-8.26486,40.57894],[-8.26471,40.57894]]},"properties":{"osm_type":"way","osm_id":905849829,"country":"PT","name":null,"operator":null,"wikidata":null,"wikipedia":null}},{"type":"Feature","geometry":{"type":"LineString","coordinates":[[-8.03494,40.5016],[-8.03488,40.50145],[-8.03451,40.50145],[-8.03446,40.50159]]},"properties":{"osm_type":"way","osm_id":905859826,"country":"PT","name":null,"operator":null,"wikidata":null,"wikipedia":null}},{"type":"Feature","geometry":{"type":"LineString","coordinates":[[-8.14156,40.27958],[-8.14152,40.27973],[-8.14092,40.27973],[-8.14092,40.27959]]},"properties":{"osm_type":"way","osm_id":906092091,"country":"PT","name":null,"operator":null,"wikidata":null,"wikipedia":null}},{"type":"Feature","geometry":{"type":"LineString","coordinates":[[-8.35908,40.32349],[-8.35881,40.32337],[-8.35864,40.3234],[-8.35855,40.32347],[-8.35855,40.32355],[-8.35868,40.32354],[-8.35886,40.32358]]},"properties":{"osm_type":"way","osm_id":906114088,"country":"PT","name":null,"operator":null,"wikidata":null,"wikipedia":null}},{"type":"Feature","geometry":{"type":"LineString","coordinates":[[-8.33875,40.76555],[-8.33872,40.76542],[-8.33841,40.76545],[-8.33836,40.76558]]},"properties":{"osm_type":"way","osm_id":907029175,"country":"PT","name":null,"operator":null,"wikidata":null,"wikipedia":null}},{"type":"Feature","geometry":{"type":"LineString","coordinates":[[-8.35639,40.82274],[-8.35652,40.82275],[-8.35655,40.82269],[-8.3565,40.82267],[-8.35643,40.82255],[-8.35636,40.8225]]},"properties":{"osm_type":"way","osm_id":907090372,"country":"PT","name":null,"operator":null,"wikidata":null,"wikipedia":null}},{"type":"Feature","geometry":{"type":"LineString","coordinates":[[-8.36253,40.84764],[-8.36282,40.8476],[-8.36281,40.84749],[-8.36291,40.84732],[-8.36297,40.84725],[-8.36304,40.84717],[-8.36287,40.84711],[-8.36263,40.84713]]},"properties":{"osm_type":"way","osm_id":907090380,"country":"PT","name":"Açude de Moreira","operator":null,"wikidata":null,"wikipedia":null}},{"type":"Feature","geometry":{"type":"LineString","coordinates":[[-7.73945,40.85564],[-7.73953,40.85561],[-7.73956,40.85557],[-7.73963,40.8556],[-7.73973,40.85553],[-7.7396,40.85544],[-7.73962,40.85541],[-7.73958,40.85539],[-7.73954,40.85539],[-7.73953,40.85557],[-7.7395,40.8556],[-7.73941,40.85563]]},"properties":{"osm_type":"way","osm_id":908151110,"country":"PT","name":null,"operator":null,"wikidata":null,"wikipedia":null}},{"type":"Feature","geometry":{"type":"LineString","coordinates":[[-7.73392,40.86505],[-7.73378,40.86496],[-7.73333,40.86494],[-7.73324,40.86495],[-7.73315,40.86502]]},"properties":{"osm_type":"way","osm_id":908151114,"country":"PT","name":null,"operator":null,"wikidata":null,"wikipedia":null}},{"type":"Feature","geometry":{"type":"LineString","coordinates":[[-7.76617,40.9306],[-7.76615,40.9305],[-7.76581,40.93043],[-7.76571,40.93054]]},"properties":{"osm_type":"way","osm_id":908196339,"country":"PT","name":null,"operator":null,"wikidata":null,"wikipedia":null}},{"type":"Feature","geometry":{"type":"LineString","coordinates":[[-7.76976,40.89818],[-7.76977,40.89811],[-7.76939,40.89809],[-7.76935,40.89814]]},"properties":{"osm_type":"way","osm_id":908196349,"country":"PT","name":null,"operator":null,"wikidata":null,"wikipedia":null}},{"type":"Feature","geometry":{"type":"LineString","coordinates":[[-7.67183,40.92058],[-7.67174,40.92056],[-7.67158,40.92073],[-7.67161,40.92079]]},"properties":{"osm_type":"way","osm_id":908201830,"country":"PT","name":null,"operator":null,"wikidata":null,"wikipedia":null}},{"type":"Feature","geometry":{"type":"LineString","coordinates":[[-7.74147,40.76764],[-7.74147,40.76745],[-7.74096,40.76755],[-7.74085,40.76773]]},"properties":{"osm_type":"way","osm_id":908209551,"country":"PT","name":null,"operator":null,"wikidata":null,"wikipedia":null}},{"type":"Feature","geometry":{"type":"LineString","coordinates":[[-7.84285,40.755],[-7.84269,40.75474],[-7.84251,40.75492],[-7.84256,40.75506]]},"properties":{"osm_type":"way","osm_id":908213690,"country":"PT","name":null,"operator":null,"wikidata":null,"wikipedia":null}},{"type":"Feature","geometry":{"type":"LineString","coordinates":[[-7.79197,40.7748],[-7.79202,40.77475],[-7.79171,40.77448],[-7.79158,40.77453]]},"properties":{"osm_type":"way","osm_id":908213696,"country":"PT","name":null,"operator":null,"wikidata":null,"wikipedia":null}},{"type":"Feature","geometry":{"type":"LineString","coordinates":[[-7.76968,40.83681],[-7.76976,40.83673],[-7.76961,40.83656],[-7.76955,40.83654],[-7.76946,40.83666]]},"properties":{"osm_type":"way","osm_id":908343413,"country":"PT","name":null,"operator":null,"wikidata":null,"wikipedia":null}},{"type":"Feature","geometry":{"type":"LineString","coordinates":[[-8.00284,40.13834],[-8.00293,40.1384],[-8.00292,40.13828],[-8.00301,40.13809],[-8.00292,40.13801]]},"properties":{"osm_type":"way","osm_id":908825992,"country":"PT","name":null,"operator":null,"wikidata":null,"wikipedia":null}},{"type":"Feature","geometry":{"type":"LineString","coordinates":[[-8.07239,40.13987],[-8.0723,40.1399],[-8.07223,40.13993]]},"properties":{"osm_type":"way","osm_id":908830517,"country":"PT","name":null,"operator":null,"wikidata":null,"wikipedia":null}},{"type":"Feature","geometry":{"type":"LineString","coordinates":[[-7.61264,41.38146],[-7.61238,41.38143]]},"properties":{"osm_type":"way","osm_id":910526678,"country":"PT","name":null,"operator":null,"wikidata":null,"wikipedia":null}},{"type":"Feature","geometry":{"type":"LineString","coordinates":[[-8.26462,40.0214],[-8.26457,40.02132],[-8.26453,40.02125]]},"properties":{"osm_type":"way","osm_id":911423330,"country":"PT","name":null,"operator":null,"wikidata":null,"wikipedia":null}},{"type":"Feature","geometry":{"type":"LineString","coordinates":[[-7.62525,41.63806],[-7.62534,41.63802],[-7.62531,41.63781],[-7.62528,41.63758],[-7.62545,41.63751],[-7.62542,41.63746],[-7.62517,41.63752]]},"properties":{"osm_type":"way","osm_id":913121876,"country":"PT","name":null,"operator":null,"wikidata":null,"wikipedia":null}},{"type":"Feature","geometry":{"type":"LineString","coordinates":[[-7.62385,41.62692],[-7.6238,41.62693],[-7.62377,41.62682],[-7.62382,41.62682]]},"properties":{"osm_type":"way","osm_id":913121889,"country":"PT","name":null,"operator":null,"wikidata":null,"wikipedia":null}},{"type":"Feature","geometry":{"type":"LineString","coordinates":[[-7.3763,41.45404],[-7.37619,41.45395],[-7.37608,41.45406],[-7.37613,41.4542]]},"properties":{"osm_type":"way","osm_id":913211730,"country":"PT","name":null,"operator":null,"wikidata":null,"wikipedia":null}},{"type":"Feature","geometry":{"type":"LineString","coordinates":[[-7.34377,41.38334],[-7.34389,41.38336],[-7.34403,41.38306],[-7.34389,41.38301]]},"properties":{"osm_type":"way","osm_id":913211740,"country":"PT","name":null,"operator":null,"wikidata":null,"wikipedia":null}},{"type":"Feature","geometry":{"type":"LineString","coordinates":[[-7.78295,40.76412],[-7.78293,40.76428],[-7.78272,40.76436],[-7.78252,40.76436],[-7.78249,40.76436],[-7.78238,40.76432],[-7.78232,40.76428],[-7.78227,40.76425],[-7.7822,40.76416]]},"properties":{"osm_type":"way","osm_id":914183310,"country":"PT","name":null,"operator":null,"wikidata":null,"wikipedia":null}},{"type":"Feature","geometry":{"type":"LineString","coordinates":[[-7.77799,40.76614],[-7.77781,40.76635],[-7.77747,40.76627],[-7.77744,40.76609]]},"properties":{"osm_type":"way","osm_id":914183312,"country":"PT","name":null,"operator":null,"wikidata":null,"wikipedia":null}},{"type":"Feature","geometry":{"type":"LineString","coordinates":[[-7.77701,40.78609],[-7.77706,40.78598],[-7.77681,40.7859],[-7.77672,40.786]]},"properties":{"osm_type":"way","osm_id":914183321,"country":"PT","name":null,"operator":null,"wikidata":null,"wikipedia":null}},{"type":"Feature","geometry":{"type":"LineString","coordinates":[[-7.07237,40.75492],[-7.07247,40.75509],[-7.07236,40.75548],[-7.07227,40.75581],[-7.07196,40.75595],[-7.07176,40.75594]]},"properties":{"osm_type":"way","osm_id":914408807,"country":"PT","name":null,"operator":null,"wikidata":null,"wikipedia":null}},{"type":"Feature","geometry":{"type":"LineString","coordinates":[[-7.29464,41.20881],[-7.29457,41.20874],[-7.29434,41.20879],[-7.29411,41.20888],[-7.29398,41.20897],[-7.29398,41.20904],[-7.29428,41.2092]]},"properties":{"osm_type":"way","osm_id":914425358,"country":"PT","name":null,"operator":null,"wikidata":null,"wikipedia":null}},{"type":"Feature","geometry":{"type":"LineString","coordinates":[[-7.88361,41.58936],[-7.88355,41.5893],[-7.88362,41.58921]]},"properties":{"osm_type":"way","osm_id":914969842,"country":"PT","name":null,"operator":null,"wikidata":null,"wikipedia":null}},{"type":"Feature","geometry":{"type":"LineString","coordinates":[[-8.41138,39.60311],[-8.41139,39.60313],[-8.41142,39.60321]]},"properties":{"osm_type":"way","osm_id":915610251,"country":"PT","name":null,"operator":null,"wikidata":null,"wikipedia":null}},{"type":"Feature","geometry":{"type":"LineString","coordinates":[[-7.11304,41.33428],[-7.11292,41.33372],[-7.11211,41.3336],[-7.11201,41.33383],[-7.11185,41.33398]]},"properties":{"osm_type":"way","osm_id":915922826,"country":"PT","name":null,"operator":null,"wikidata":null,"wikipedia":null}},{"type":"Feature","geometry":{"type":"LineString","coordinates":[[-7.09473,41.3546],[-7.09482,41.3544],[-7.09477,41.35436],[-7.09402,41.35443],[-7.09419,41.35466]]},"properties":{"osm_type":"way","osm_id":915922846,"country":"PT","name":null,"operator":null,"wikidata":null,"wikipedia":null}},{"type":"Feature","geometry":{"type":"LineString","coordinates":[[-7.09295,41.35092],[-7.09287,41.35092],[-7.0925,41.3513],[-7.09266,41.3514]]},"properties":{"osm_type":"way","osm_id":915922849,"country":"PT","name":null,"operator":null,"wikidata":null,"wikipedia":null}},{"type":"Feature","geometry":{"type":"LineString","coordinates":[[-8.44329,39.59969],[-8.44307,39.59958],[-8.44256,39.60005],[-8.44248,39.60012],[-8.44263,39.60025]]},"properties":{"osm_type":"way","osm_id":916674923,"country":"PT","name":null,"operator":null,"wikidata":null,"wikipedia":null}},{"type":"Feature","geometry":{"type":"LineString","coordinates":[[-8.42871,39.65756],[-8.4288,39.65749],[-8.42883,39.6574],[-8.42886,39.65717]]},"properties":{"osm_type":"way","osm_id":917207454,"country":"PT","name":"Açude Porto de Cavaleiros","operator":null,"wikidata":null,"wikipedia":null}},{"type":"Feature","geometry":{"type":"LineString","coordinates":[[-8.43643,40.95331],[-8.43669,40.95344],[-8.43663,40.9535],[-8.43647,40.95346],[-8.43628,40.95339]]},"properties":{"osm_type":"way","osm_id":917338020,"country":"PT","name":null,"operator":null,"wikidata":null,"wikipedia":null}},{"type":"Feature","geometry":{"type":"Polygon","coordinates":[[[-8.4435,40.95747],[-8.44349,40.95744],[-8.44338,40.95745],[-8.44337,40.95748],[-8.44342,40.95752],[-8.4435,40.95747]]]},"properties":{"osm_type":"way","osm_id":917338041,"country":"PT","name":null,"operator":null,"wikidata":null,"wikipedia":null}},{"type":"Feature","geometry":{"type":"LineString","coordinates":[[-8.47541,40.97461],[-8.47536,40.97464],[-8.47533,40.97456],[-8.47538,40.97456]]},"properties":{"osm_type":"way","osm_id":917345444,"country":"PT","name":null,"operator":null,"wikidata":null,"wikipedia":null}},{"type":"Feature","geometry":{"type":"LineString","coordinates":[[-8.46986,40.97289],[-8.46981,40.97292],[-8.46976,40.97289],[-8.46978,40.97285]]},"properties":{"osm_type":"way","osm_id":917345445,"country":"PT","name":null,"operator":null,"wikidata":null,"wikipedia":null}},{"type":"Feature","geometry":{"type":"LineString","coordinates":[[-8.41958,40.97738],[-8.4196,40.9774],[-8.41961,40.97741],[-8.41963,40.97742],[-8.41966,40.97742],[-8.4197,40.97741],[-8.41973,40.97738]]},"properties":{"osm_type":"way","osm_id":917391825,"country":"PT","name":null,"operator":null,"wikidata":null,"wikipedia":null}},{"type":"Feature","geometry":{"type":"LineString","coordinates":[[-8.15275,40.7973],[-8.15275,40.79725],[-8.15262,40.79726],[-8.15259,40.79729]]},"properties":{"osm_type":"way","osm_id":917832441,"country":"PT","name":null,"operator":null,"wikidata":null,"wikipedia":null}},{"type":"Feature","geometry":{"type":"LineString","coordinates":[[-8.12757,40.78278],[-8.12753,40.78273],[-8.12743,40.78276],[-8.12746,40.78281]]},"properties":{"osm_type":"way","osm_id":917846063,"country":"PT","name":null,"operator":null,"wikidata":null,"wikipedia":null}},{"type":"Feature","geometry":{"type":"LineString","coordinates":[[-7.89434,40.80791],[-7.89437,40.8079],[-7.89435,40.80787],[-7.89429,40.80787],[-7.89425,40.8079]]},"properties":{"osm_type":"way","osm_id":921684752,"country":"PT","name":null,"operator":null,"wikidata":null,"wikipedia":null}},{"type":"Feature","geometry":{"type":"LineString","coordinates":[[-8.43806,39.68242],[-8.43803,39.68243],[-8.438,39.68244]]},"properties":{"osm_type":"way","osm_id":922841812,"country":"PT","name":null,"operator":null,"wikidata":null,"wikipedia":null}},{"type":"Feature","geometry":{"type":"LineString","coordinates":[[-8.43799,39.68245],[-8.4379,39.68248],[-8.43786,39.6825]]},"properties":{"osm_type":"way","osm_id":922841813,"country":"PT","name":null,"operator":null,"wikidata":null,"wikipedia":null}},{"type":"Feature","geometry":{"type":"LineString","coordinates":[[-7.28414,39.11797],[-7.28425,39.11815],[-7.28433,39.11826],[-7.28438,39.11833]]},"properties":{"osm_type":"way","osm_id":922867828,"country":"PT","name":null,"operator":null,"wikidata":null,"wikipedia":null}},{"type":"Feature","geometry":{"type":"LineString","coordinates":[[-7.28123,39.11776],[-7.28091,39.11785]]},"properties":{"osm_type":"way","osm_id":922906831,"country":"PT","name":null,"operator":null,"wikidata":null,"wikipedia":null}},{"type":"Feature","geometry":{"type":"LineString","coordinates":[[-8.27811,40.98669],[-8.27806,40.98707],[-8.2779,40.98727],[-8.27793,40.98728],[-8.27834,40.98739],[-8.27859,40.98715],[-8.27876,40.98695]]},"properties":{"osm_type":"way","osm_id":923344314,"country":"PT","name":null,"operator":null,"wikidata":null,"wikipedia":null}},{"type":"Feature","geometry":{"type":"LineString","coordinates":[[-8.51557,40.90415],[-8.51556,40.90404],[-8.51555,40.90395]]},"properties":{"osm_type":"way","osm_id":923922073,"country":"PT","name":null,"operator":null,"wikidata":null,"wikipedia":null}},{"type":"Feature","geometry":{"type":"LineString","coordinates":[[-7.8404,40.30415],[-7.8403,40.30412],[-7.84021,40.30409],[-7.84015,40.30405],[-7.8401,40.30398],[-7.84006,40.30392],[-7.84004,40.30384],[-7.84003,40.30377],[-7.84004,40.30368],[-7.84007,40.30358]]},"properties":{"osm_type":"way","osm_id":924833018,"country":"PT","name":"Açude da Moenda","operator":null,"wikidata":null,"wikipedia":null}},{"type":"Feature","geometry":{"type":"LineString","coordinates":[[-8.10645,40.73094],[-8.10652,40.7309],[-8.10654,40.73087],[-8.10673,40.73049],[-8.10673,40.73048],[-8.10677,40.73044],[-8.10687,40.73034]]},"properties":{"osm_type":"way","osm_id":925537350,"country":"PT","name":null,"operator":null,"wikidata":null,"wikipedia":null}},{"type":"Feature","geometry":{"type":"LineString","coordinates":[[-6.53067,41.49056],[-6.53065,41.49044],[-6.53065,41.49036],[-6.5306,41.4903],[-6.53053,41.49017]]},"properties":{"osm_type":"way","osm_id":925587893,"country":"PT","name":null,"operator":null,"wikidata":null,"wikipedia":null}},{"type":"Feature","geometry":{"type":"LineString","coordinates":[[-8.44677,39.73484],[-8.44668,39.73486],[-8.44656,39.73489]]},"properties":{"osm_type":"way","osm_id":925754760,"country":"PT","name":null,"operator":null,"wikidata":null,"wikipedia":null}},{"type":"Feature","geometry":{"type":"LineString","coordinates":[[-7.86642,40.31474],[-7.86636,40.31451]]},"properties":{"osm_type":"way","osm_id":926244161,"country":"PT","name":null,"operator":null,"wikidata":null,"wikipedia":null}},{"type":"Feature","geometry":{"type":"LineString","coordinates":[[-7.8724,40.30711],[-7.87261,40.30697],[-7.87277,40.30687]]},"properties":{"osm_type":"way","osm_id":926248825,"country":"PT","name":null,"operator":null,"wikidata":null,"wikipedia":null}},{"type":"Feature","geometry":{"type":"LineString","coordinates":[[-8.40047,40.83671],[-8.40062,40.83641]]},"properties":{"osm_type":"way","osm_id":926733710,"country":"PT","name":null,"operator":null,"wikidata":null,"wikipedia":null}},{"type":"Feature","geometry":{"type":"LineString","coordinates":[[-8.45794,39.56324],[-8.45786,39.56319],[-8.45782,39.56318],[-8.45776,39.56315],[-8.45772,39.56312],[-8.45771,39.56312],[-8.45762,39.56321],[-8.45761,39.56323]]},"properties":{"osm_type":"way","osm_id":928357427,"country":"PT","name":null,"operator":null,"wikidata":null,"wikipedia":null}},{"type":"Feature","geometry":{"type":"LineString","coordinates":[[-8.34272,39.64535],[-8.3427,39.64535],[-8.34265,39.64535],[-8.3425,39.64534],[-8.34236,39.64532]]},"properties":{"osm_type":"way","osm_id":929608323,"country":"PT","name":null,"operator":null,"wikidata":null,"wikipedia":null}},{"type":"Feature","geometry":{"type":"LineString","coordinates":[[-8.41328,39.65998],[-8.41319,39.66001],[-8.41309,39.66004]]},"properties":{"osm_type":"way","osm_id":930331753,"country":"PT","name":null,"operator":null,"wikidata":null,"wikipedia":null}},{"type":"Feature","geometry":{"type":"LineString","coordinates":[[-8.40457,39.6432],[-8.40515,39.64283],[-8.40533,39.64279],[-8.40547,39.64281],[-8.40567,39.6429]]},"properties":{"osm_type":"way","osm_id":930709857,"country":"PT","name":"Açude Fábrica do Prado","operator":null,"wikidata":null,"wikipedia":null}},{"type":"Feature","geometry":{"type":"LineString","coordinates":[[-8.40154,39.66293],[-8.40149,39.66291],[-8.40144,39.66284]]},"properties":{"osm_type":"way","osm_id":930827598,"country":"PT","name":null,"operator":null,"wikidata":null,"wikipedia":null}},{"type":"Feature","geometry":{"type":"LineString","coordinates":[[-8.40228,39.65938],[-8.40229,39.65927],[-8.40234,39.65921],[-8.40233,39.65914],[-8.40233,39.65913]]},"properties":{"osm_type":"way","osm_id":930827603,"country":"PT","name":"Açude da Póvoa","operator":null,"wikidata":null,"wikipedia":null}},{"type":"Feature","geometry":{"type":"LineString","coordinates":[[-8.39794,39.66627],[-8.39786,39.66625],[-8.39762,39.66641]]},"properties":{"osm_type":"way","osm_id":930827610,"country":"PT","name":"Açude da Fervença","operator":null,"wikidata":null,"wikipedia":null}},{"type":"Feature","geometry":{"type":"LineString","coordinates":[[-8.39525,39.66934],[-8.39514,39.6694],[-8.39501,39.6695]]},"properties":{"osm_type":"way","osm_id":930827615,"country":"PT","name":"Açude do Casal Velho","operator":null,"wikidata":null,"wikipedia":null}},{"type":"Feature","geometry":{"type":"LineString","coordinates":[[-8.37196,40.98921],[-8.3719,40.98923],[-8.37191,40.98924],[-8.37195,40.98928],[-8.37198,40.98931],[-8.37203,40.98939],[-8.37208,40.98938]]},"properties":{"osm_type":"way","osm_id":931492713,"country":"PT","name":null,"operator":null,"wikidata":null,"wikipedia":null}},{"type":"Feature","geometry":{"type":"LineString","coordinates":[[-8.40732,39.64794],[-8.40729,39.64793],[-8.40718,39.64789],[-8.40707,39.6477]]},"properties":{"osm_type":"way","osm_id":931709012,"country":"PT","name":"Açude da Milheira","operator":null,"wikidata":null,"wikipedia":null}},{"type":"Feature","geometry":{"type":"LineString","coordinates":[[-8.41081,39.65391],[-8.41082,39.654],[-8.41074,39.65417]]},"properties":{"osm_type":"way","osm_id":931709018,"country":"PT","name":null,"operator":null,"wikidata":null,"wikipedia":null}},{"type":"Feature","geometry":{"type":"LineString","coordinates":[[-8.38893,39.6805],[-8.38891,39.68048],[-8.38882,39.6804],[-8.38868,39.68042]]},"properties":{"osm_type":"way","osm_id":931709032,"country":"PT","name":"Açude do Curto","operator":null,"wikidata":null,"wikipedia":null}},{"type":"Feature","geometry":{"type":"LineString","coordinates":[[-8.38773,39.68407],[-8.38775,39.684],[-8.38755,39.68382]]},"properties":{"osm_type":"way","osm_id":931709038,"country":"PT","name":"Açude das Laranjeiras","operator":null,"wikidata":null,"wikipedia":null}},{"type":"Feature","geometry":{"type":"LineString","coordinates":[[-8.37901,39.68164],[-8.379,39.68165],[-8.37889,39.68169],[-8.37881,39.68176]]},"properties":{"osm_type":"way","osm_id":931709047,"country":"PT","name":null,"operator":null,"wikidata":null,"wikipedia":null}},{"type":"Feature","geometry":{"type":"LineString","coordinates":[[-8.37596,39.68338],[-8.37592,39.68335],[-8.37589,39.68333],[-8.37589,39.68331],[-8.37587,39.68328],[-8.37586,39.68326]]},"properties":{"osm_type":"way","osm_id":931709052,"country":"PT","name":null,"operator":null,"wikidata":null,"wikipedia":null}},{"type":"Feature","geometry":{"type":"LineString","coordinates":[[-8.39006,39.67833],[-8.38983,39.67841]]},"properties":{"osm_type":"way","osm_id":932502091,"country":"PT","name":"Açude da azenha do Curto","operator":null,"wikidata":null,"wikipedia":null}},{"type":"Feature","geometry":{"type":"LineString","coordinates":[[-8.39867,39.65409],[-8.3987,39.6539],[-8.39867,39.65386]]},"properties":{"osm_type":"way","osm_id":932502121,"country":"PT","name":"Açude das Bicas","operator":null,"wikidata":null,"wikipedia":null}},{"type":"Feature","geometry":{"type":"LineString","coordinates":[[-7.50804,38.94801],[-7.50801,38.94801],[-7.50791,38.94788],[-7.50787,38.9479],[-7.50791,38.94804],[-7.50789,38.94805],[-7.50787,38.94806],[-7.50777,38.94793],[-7.50775,38.94794],[-7.50779,38.94808],[-7.50774,38.9481]]},"properties":{"osm_type":"way","osm_id":935933147,"country":"PT","name":null,"operator":null,"wikidata":null,"wikipedia":null}},{"type":"Feature","geometry":{"type":"LineString","coordinates":[[-8.39713,40.83346],[-8.39716,40.83345],[-8.39715,40.8333],[-8.39711,40.83329]]},"properties":{"osm_type":"way","osm_id":938067592,"country":"PT","name":null,"operator":null,"wikidata":null,"wikipedia":null}},{"type":"Feature","geometry":{"type":"LineString","coordinates":[[-8.18966,39.68215],[-8.18965,39.68207],[-8.18964,39.68204]]},"properties":{"osm_type":"way","osm_id":938216844,"country":"PT","name":null,"operator":null,"wikidata":null,"wikipedia":null}},{"type":"Feature","geometry":{"type":"LineString","coordinates":[[-7.69582,38.48866],[-7.69588,38.48884],[-7.6958,38.48895],[-7.69559,38.48905],[-7.69547,38.48909],[-7.69524,38.48913],[-7.69501,38.48917],[-7.69493,38.48924]]},"properties":{"osm_type":"way","osm_id":941909988,"country":"PT","name":null,"operator":null,"wikidata":null,"wikipedia":null}},{"type":"Feature","geometry":{"type":"LineString","coordinates":[[-7.68557,38.47324],[-7.68538,38.47283],[-7.68473,38.47234]]},"properties":{"osm_type":"way","osm_id":941913319,"country":"PT","name":null,"operator":null,"wikidata":null,"wikipedia":null}},{"type":"Feature","geometry":{"type":"LineString","coordinates":[[-7.68006,38.46191],[-7.67996,38.46203],[-7.67994,38.46206],[-7.6798,38.46216]]},"properties":{"osm_type":"way","osm_id":941917189,"country":"PT","name":null,"operator":null,"wikidata":null,"wikipedia":null}},{"type":"Feature","geometry":{"type":"LineString","coordinates":[[-7.66706,38.40258],[-7.66707,38.40275],[-7.66704,38.4029],[-7.66685,38.40308],[-7.66666,38.40322]]},"properties":{"osm_type":"way","osm_id":941921040,"country":"PT","name":null,"operator":null,"wikidata":null,"wikipedia":null}},{"type":"Feature","geometry":{"type":"LineString","coordinates":[[-8.38041,39.53284],[-8.38034,39.53287],[-8.38036,39.53303],[-8.38022,39.53308]]},"properties":{"osm_type":"way","osm_id":943206128,"country":"PT","name":"Açude da Matrena","operator":null,"wikidata":null,"wikipedia":null}},{"type":"Feature","geometry":{"type":"LineString","coordinates":[[-8.3739,39.54439],[-8.37381,39.5444],[-8.37366,39.54429],[-8.37366,39.54429],[-8.37367,39.54427]]},"properties":{"osm_type":"way","osm_id":943206148,"country":"PT","name":null,"operator":null,"wikidata":null,"wikipedia":null}},{"type":"Feature","geometry":{"type":"LineString","coordinates":[[-8.69939,38.57324],[-8.69946,38.57298],[-8.69952,38.57275]]},"properties":{"osm_type":"way","osm_id":947698667,"country":"PT","name":null,"operator":null,"wikidata":null,"wikipedia":null}},{"type":"Feature","geometry":{"type":"LineString","coordinates":[[-7.13946,41.88136],[-7.13935,41.8814],[-7.13925,41.88143]]},"properties":{"osm_type":"way","osm_id":949257852,"country":"PT","name":null,"operator":null,"wikidata":null,"wikipedia":null}},{"type":"Feature","geometry":{"type":"LineString","coordinates":[[-7.11981,41.86556],[-7.1197,41.86557],[-7.11962,41.86557],[-7.11954,41.86556]]},"properties":{"osm_type":"way","osm_id":949257857,"country":"PT","name":"Represa da Ponte Nova","operator":null,"wikidata":null,"wikipedia":null}},{"type":"Feature","geometry":{"type":"LineString","coordinates":[[-7.09742,40.16267],[-7.09746,40.16224],[-7.09698,40.16222],[-7.09647,40.1622],[-7.09628,40.16221],[-7.09621,40.16234],[-7.0963,40.16243]]},"properties":{"osm_type":"way","osm_id":956077757,"country":"PT","name":null,"operator":null,"wikidata":null,"wikipedia":null}},{"type":"Feature","geometry":{"type":"LineString","coordinates":[[-7.30592,40.16384],[-7.30615,40.16335],[-7.3028,40.16244],[-7.30236,40.1624],[-7.30235,40.16272]]},"properties":{"osm_type":"way","osm_id":956298401,"country":"PT","name":null,"operator":null,"wikidata":null,"wikipedia":null}},{"type":"Feature","geometry":{"type":"LineString","coordinates":[[-7.41533,40.30898],[-7.4152,40.30907],[-7.41513,40.30909],[-7.41497,40.30913]]},"properties":{"osm_type":"way","osm_id":958342400,"country":"PT","name":null,"operator":null,"wikidata":null,"wikipedia":null}},{"type":"Feature","geometry":{"type":"LineString","coordinates":[[-7.83673,40.30113],[-7.83681,40.30108],[-7.8369,40.30102]]},"properties":{"osm_type":"way","osm_id":959722629,"country":"PT","name":null,"operator":null,"wikidata":null,"wikipedia":null}},{"type":"Feature","geometry":{"type":"LineString","coordinates":[[-7.82611,40.30047],[-7.82645,40.3003]]},"properties":{"osm_type":"way","osm_id":959722630,"country":"PT","name":null,"operator":null,"wikidata":null,"wikipedia":null}},{"type":"Feature","geometry":{"type":"LineString","coordinates":[[-7.90585,40.29351],[-7.90593,40.29359],[-7.90602,40.29368]]},"properties":{"osm_type":"way","osm_id":959733271,"country":"PT","name":null,"operator":null,"wikidata":null,"wikipedia":null}},{"type":"Feature","geometry":{"type":"LineString","coordinates":[[-7.90443,40.29272],[-7.9044,40.29269],[-7.90436,40.29267],[-7.90434,40.29265],[-7.90433,40.29263],[-7.9043,40.2926]]},"properties":{"osm_type":"way","osm_id":959738198,"country":"PT","name":null,"operator":null,"wikidata":null,"wikipedia":null}},{"type":"Feature","geometry":{"type":"LineString","coordinates":[[-6.5925,41.791],[-6.59238,41.79099],[-6.59232,41.79099],[-6.59225,41.79098],[-6.59218,41.79098]]},"properties":{"osm_type":"way","osm_id":960762865,"country":"PT","name":null,"operator":null,"wikidata":null,"wikipedia":null}},{"type":"Feature","geometry":{"type":"LineString","coordinates":[[-6.59249,41.79041],[-6.5924,41.79037],[-6.5923,41.79033]]},"properties":{"osm_type":"way","osm_id":960762866,"country":"PT","name":null,"operator":null,"wikidata":null,"wikipedia":null}},{"type":"Feature","geometry":{"type":"LineString","coordinates":[[-8.38252,37.26181],[-8.38242,37.26182],[-8.38232,37.26183]]},"properties":{"osm_type":"way","osm_id":961321328,"country":"PT","name":null,"operator":null,"wikidata":null,"wikipedia":null}},{"type":"Feature","geometry":{"type":"LineString","coordinates":[[-8.41367,39.60531],[-8.41355,39.60531],[-8.41332,39.60532]]},"properties":{"osm_type":"way","osm_id":963250653,"country":"PT","name":"Açude do Mouchão","operator":null,"wikidata":null,"wikipedia":null}},{"type":"Feature","geometry":{"type":"LineString","coordinates":[[-7.75598,37.1354],[-7.75605,37.1354],[-7.75623,37.13542]]},"properties":{"osm_type":"way","osm_id":963996968,"country":"PT","name":null,"operator":null,"wikidata":null,"wikipedia":null}},{"type":"Feature","geometry":{"type":"LineString","coordinates":[[-8.67295,41.16874],[-8.67292,41.16869]]},"properties":{"osm_type":"way","osm_id":967287569,"country":"PT","name":null,"operator":null,"wikidata":null,"wikipedia":null}},{"type":"Feature","geometry":{"type":"LineString","coordinates":[[-8.67324,41.16864],[-8.6732,41.16859]]},"properties":{"osm_type":"way","osm_id":967287570,"country":"PT","name":null,"operator":null,"wikidata":null,"wikipedia":null}},{"type":"Feature","geometry":{"type":"LineString","coordinates":[[-8.67346,41.16848],[-8.67351,41.16855]]},"properties":{"osm_type":"way","osm_id":967287571,"country":"PT","name":null,"operator":null,"wikidata":null,"wikipedia":null}},{"type":"Feature","geometry":{"type":"LineString","coordinates":[[-8.43907,41.12659],[-8.43905,41.12657],[-8.43903,41.12655],[-8.43892,41.12655],[-8.43879,41.12642]]},"properties":{"osm_type":"way","osm_id":968863916,"country":"PT","name":null,"operator":null,"wikidata":null,"wikipedia":null}},{"type":"Feature","geometry":{"type":"LineString","coordinates":[[-8.4382,41.1278],[-8.43818,41.12776],[-8.43808,41.12776],[-8.43801,41.12768],[-8.43795,41.12766]]},"properties":{"osm_type":"way","osm_id":968863920,"country":"PT","name":null,"operator":null,"wikidata":null,"wikipedia":null}},{"type":"Feature","geometry":{"type":"LineString","coordinates":[[-8.44203,41.12057],[-8.44205,41.12053],[-8.44177,41.12038],[-8.44174,41.1204]]},"properties":{"osm_type":"way","osm_id":969276117,"country":"PT","name":null,"operator":null,"wikidata":null,"wikipedia":null}},{"type":"Feature","geometry":{"type":"LineString","coordinates":[[-8.3873,39.56414],[-8.38725,39.56411],[-8.38686,39.56381],[-8.38681,39.56347],[-8.38678,39.56326],[-8.38674,39.56326]]},"properties":{"osm_type":"way","osm_id":969588769,"country":"PT","name":"Açude da Marianaia","operator":null,"wikidata":null,"wikipedia":null}},{"type":"Feature","geometry":{"type":"LineString","coordinates":[[-8.10488,39.80175],[-8.10442,39.80151]]},"properties":{"osm_type":"way","osm_id":971118989,"country":"PT","name":null,"operator":null,"wikidata":null,"wikipedia":null}},{"type":"Feature","geometry":{"type":"LineString","coordinates":[[-8.34882,40.78747],[-8.34891,40.78732]]},"properties":{"osm_type":"way","osm_id":971205192,"country":"PT","name":null,"operator":null,"wikidata":null,"wikipedia":null}},{"type":"Feature","geometry":{"type":"LineString","coordinates":[[-8.40649,39.59379],[-8.40677,39.59357]]},"properties":{"osm_type":"way","osm_id":971241336,"country":"PT","name":"Açude das Ferrarias","operator":null,"wikidata":null,"wikipedia":null}},{"type":"Feature","geometry":{"type":"LineString","coordinates":[[-7.4623,41.48657],[-7.46221,41.48654],[-7.46211,41.4865]]},"properties":{"osm_type":"way","osm_id":973157715,"country":"PT","name":null,"operator":null,"wikidata":null,"wikipedia":null}},{"type":"Feature","geometry":{"type":"LineString","coordinates":[[-8.22725,40.09628],[-8.2273,40.09625],[-8.22737,40.0962]]},"properties":{"osm_type":"way","osm_id":973176742,"country":"PT","name":null,"operator":null,"wikidata":null,"wikipedia":null}},{"type":"Feature","geometry":{"type":"LineString","coordinates":[[-8.3342,40.08336],[-8.33408,40.08324]]},"properties":{"osm_type":"way","osm_id":973594073,"country":"PT","name":null,"operator":null,"wikidata":null,"wikipedia":null}},{"type":"Feature","geometry":{"type":"LineString","coordinates":[[-8.69658,40.34904],[-8.69671,40.34902],[-8.69673,40.34897],[-8.69673,40.34887],[-8.6967,40.34874],[-8.69653,40.34876],[-8.69641,40.34871],[-8.69627,40.34862]]},"properties":{"osm_type":"way","osm_id":974096117,"country":"PT","name":null,"operator":null,"wikidata":null,"wikipedia":null}},{"type":"Feature","geometry":{"type":"LineString","coordinates":[[-8.28308,40.64845],[-8.28314,40.64847],[-8.28333,40.64831],[-8.28324,40.6482]]},"properties":{"osm_type":"way","osm_id":975051210,"country":"PT","name":null,"operator":null,"wikidata":null,"wikipedia":null}},{"type":"Feature","geometry":{"type":"LineString","coordinates":[[-7.47572,40.96322],[-7.47571,40.96316],[-7.47523,40.96296],[-7.47517,40.96299]]},"properties":{"osm_type":"way","osm_id":976039247,"country":"PT","name":null,"operator":null,"wikidata":null,"wikipedia":null}},{"type":"Feature","geometry":{"type":"LineString","coordinates":[[-8.11405,40.14119],[-8.11411,40.14116],[-8.1142,40.14113]]},"properties":{"osm_type":"way","osm_id":978272483,"country":"PT","name":null,"operator":null,"wikidata":null,"wikipedia":null}},{"type":"Feature","geometry":{"type":"LineString","coordinates":[[-8.18947,40.02504],[-8.18942,40.02501],[-8.18939,40.025]]},"properties":{"osm_type":"way","osm_id":978871987,"country":"PT","name":null,"operator":null,"wikidata":null,"wikipedia":null}},{"type":"Feature","geometry":{"type":"LineString","coordinates":[[-7.58183,40.25721],[-7.58187,40.25726],[-7.58189,40.25729]]},"properties":{"osm_type":"way","osm_id":979324063,"country":"PT","name":null,"operator":null,"wikidata":null,"wikipedia":null}},{"type":"Feature","geometry":{"type":"LineString","coordinates":[[-7.58158,40.25784],[-7.58143,40.25781],[-7.58128,40.25777]]},"properties":{"osm_type":"way","osm_id":979331970,"country":"PT","name":null,"operator":null,"wikidata":null,"wikipedia":null}},{"type":"Feature","geometry":{"type":"LineString","coordinates":[[-8.09716,39.80695],[-8.09685,39.80705],[-8.09661,39.80713]]},"properties":{"osm_type":"way","osm_id":981307137,"country":"PT","name":null,"operator":null,"wikidata":null,"wikipedia":null}},{"type":"Feature","geometry":{"type":"LineString","coordinates":[[-6.55571,41.40441],[-6.55623,41.40462]]},"properties":{"osm_type":"way","osm_id":981556547,"country":"PT","name":null,"operator":null,"wikidata":null,"wikipedia":null}},{"type":"Feature","geometry":{"type":"LineString","coordinates":[[-6.51613,41.32859],[-6.51562,41.32875]]},"properties":{"osm_type":"way","osm_id":981561068,"country":"PT","name":null,"operator":null,"wikidata":null,"wikipedia":null}},{"type":"Feature","geometry":{"type":"LineString","coordinates":[[-8.78714,39.70101],[-8.7872,39.701],[-8.78724,39.701]]},"properties":{"osm_type":"way","osm_id":984388740,"country":"PT","name":null,"operator":null,"wikidata":null,"wikipedia":null}},{"type":"Feature","geometry":{"type":"LineString","coordinates":[[-8.40962,39.64499],[-8.4097,39.645],[-8.41016,39.64511]]},"properties":{"osm_type":"way","osm_id":984842318,"country":"PT","name":"Açude da Fonte do Caldeirão","operator":null,"wikidata":null,"wikipedia":null}},{"type":"Feature","geometry":{"type":"LineString","coordinates":[[-7.82,40.63457],[-7.81997,40.63414]]},"properties":{"osm_type":"way","osm_id":985137028,"country":"PT","name":null,"operator":null,"wikidata":null,"wikipedia":null}},{"type":"Feature","geometry":{"type":"LineString","coordinates":[[-7.69043,37.50139],[-7.69032,37.50146],[-7.6902,37.50154],[-7.68995,37.50174],[-7.68989,37.50179],[-7.68986,37.50182]]},"properties":{"osm_type":"way","osm_id":991773508,"country":"PT","name":null,"operator":null,"wikidata":null,"wikipedia":null}},{"type":"Feature","geometry":{"type":"LineString","coordinates":[[-7.70441,37.49895],[-7.70421,37.49898],[-7.70408,37.49902],[-7.70382,37.49918]]},"properties":{"osm_type":"way","osm_id":991773516,"country":"PT","name":null,"operator":null,"wikidata":null,"wikipedia":null}},{"type":"Feature","geometry":{"type":"LineString","coordinates":[[-6.99099,40.48562],[-6.99094,40.48567]]},"properties":{"osm_type":"way","osm_id":995904861,"country":"PT","name":null,"operator":null,"wikidata":null,"wikipedia":null}},{"type":"Feature","geometry":{"type":"LineString","coordinates":[[-9.16028,38.73742],[-9.16029,38.73739],[-9.16029,38.73737]]},"properties":{"osm_type":"way","osm_id":995982318,"country":"PT","name":null,"operator":null,"wikidata":null,"wikipedia":null}},{"type":"Feature","geometry":{"type":"LineString","coordinates":[[-9.16012,38.73739],[-9.16013,38.73737],[-9.16014,38.73735]]},"properties":{"osm_type":"way","osm_id":995982319,"country":"PT","name":null,"operator":null,"wikidata":null,"wikipedia":null}},{"type":"Feature","geometry":{"type":"LineString","coordinates":[[-9.15966,38.73735],[-9.15966,38.73732],[-9.15965,38.7373]]},"properties":{"osm_type":"way","osm_id":995982320,"country":"PT","name":null,"operator":null,"wikidata":null,"wikipedia":null}},{"type":"Feature","geometry":{"type":"LineString","coordinates":[[-9.15954,38.73735],[-9.15954,38.73733],[-9.15953,38.7373]]},"properties":{"osm_type":"way","osm_id":995982321,"country":"PT","name":null,"operator":null,"wikidata":null,"wikipedia":null}},{"type":"Feature","geometry":{"type":"LineString","coordinates":[[-9.15916,38.73741],[-9.15916,38.73739],[-9.15916,38.73736]]},"properties":{"osm_type":"way","osm_id":995982322,"country":"PT","name":null,"operator":null,"wikidata":null,"wikipedia":null}},{"type":"Feature","geometry":{"type":"LineString","coordinates":[[-9.15902,38.73739],[-9.15903,38.73737],[-9.15903,38.73734]]},"properties":{"osm_type":"way","osm_id":995982323,"country":"PT","name":null,"operator":null,"wikidata":null,"wikipedia":null}},{"type":"Feature","geometry":{"type":"LineString","coordinates":[[-9.15885,38.73737],[-9.15885,38.73735],[-9.15885,38.73732]]},"properties":{"osm_type":"way","osm_id":995982324,"country":"PT","name":null,"operator":null,"wikidata":null,"wikipedia":null}},{"type":"Feature","geometry":{"type":"LineString","coordinates":[[-8.52497,39.09159],[-8.52441,39.09097],[-8.52403,39.09101]]},"properties":{"osm_type":"way","osm_id":996044148,"country":"PT","name":null,"operator":null,"wikidata":null,"wikipedia":null}},{"type":"Feature","geometry":{"type":"LineString","coordinates":[[-8.53658,39.05252],[-8.53725,39.05244],[-8.53781,39.05238]]},"properties":{"osm_type":"way","osm_id":996044790,"country":"PT","name":null,"operator":null,"wikidata":null,"wikipedia":null}},{"type":"Feature","geometry":{"type":"LineString","coordinates":[[-8.2429,39.25187],[-8.24275,39.25183],[-8.24144,39.25232],[-8.2414,39.25244]]},"properties":{"osm_type":"way","osm_id":996063788,"country":"PT","name":null,"operator":null,"wikidata":null,"wikipedia":null}},{"type":"Feature","geometry":{"type":"LineString","coordinates":[[-7.76038,39.73009],[-7.76038,39.73004],[-7.76038,39.72999]]},"properties":{"osm_type":"way","osm_id":997048022,"country":"PT","name":null,"operator":null,"wikidata":null,"wikipedia":null}},{"type":"Feature","geometry":{"type":"LineString","coordinates":[[-8.57883,41.53856],[-8.57891,41.53852],[-8.57895,41.5385],[-8.57899,41.53846],[-8.57903,41.53844],[-8.57916,41.5384],[-8.57928,41.53839],[-8.57942,41.5384],[-8.5795,41.53842],[-8.57956,41.53842],[-8.57967,41.53839],[-8.57971,41.53837],[-8.57982,41.53834],[-8.58006,41.5383],[-8.58011,41.53828],[-8.58015,41.53826],[-8.58022,41.53825]]},"properties":{"osm_type":"way","osm_id":997193711,"country":"PT","name":null,"operator":null,"wikidata":null,"wikipedia":null}},{"type":"Feature","geometry":{"type":"LineString","coordinates":[[-7.6681,39.87302],[-7.66789,39.87291],[-7.66744,39.87317],[-7.66681,39.87353],[-7.66697,39.87368]]},"properties":{"osm_type":"way","osm_id":997714205,"country":"PT","name":null,"operator":null,"wikidata":null,"wikipedia":null}},{"type":"Feature","geometry":{"type":"LineString","coordinates":[[-7.66603,39.87441],[-7.66588,39.87424],[-7.66451,39.87476],[-7.66394,39.87497],[-7.66397,39.87514]]},"properties":{"osm_type":"way","osm_id":997714206,"country":"PT","name":null,"operator":null,"wikidata":null,"wikipedia":null}},{"type":"Feature","geometry":{"type":"LineString","coordinates":[[-7.65428,39.91624],[-7.65413,39.91623],[-7.65378,39.91703],[-7.65344,39.91782],[-7.65359,39.91785]]},"properties":{"osm_type":"way","osm_id":997716766,"country":"PT","name":null,"operator":null,"wikidata":null,"wikipedia":null}},{"type":"Feature","geometry":{"type":"LineString","coordinates":[[-7.75041,40.89517],[-7.7505,40.89527],[-7.7506,40.89539]]},"properties":{"osm_type":"way","osm_id":998780240,"country":"PT","name":null,"operator":null,"wikidata":null,"wikipedia":null}},{"type":"Feature","geometry":{"type":"LineString","coordinates":[[-6.97863,41.55149],[-6.97841,41.55141],[-6.97749,41.55207],[-6.97754,41.55232]]},"properties":{"osm_type":"way","osm_id":999619207,"country":"PT","name":null,"operator":null,"wikidata":null,"wikipedia":null}},{"type":"Feature","geometry":{"type":"LineString","coordinates":[[-7.69713,40.38528],[-7.69717,40.38532],[-7.6972,40.38536]]},"properties":{"osm_type":"way","osm_id":1001168493,"country":"PT","name":null,"operator":null,"wikidata":null,"wikipedia":null}},{"type":"Feature","geometry":{"type":"LineString","coordinates":[[-7.76291,39.7322],[-7.76286,39.73218],[-7.76281,39.73216],[-7.76276,39.73213],[-7.76272,39.7321],[-7.76269,39.73206],[-7.76265,39.73203],[-7.76263,39.73199],[-7.76261,39.73194],[-7.7626,39.7319],[-7.7626,39.73185],[-7.7626,39.7318],[-7.76262,39.73175],[-7.76264,39.7317],[-7.76267,39.73166],[-7.76271,39.73161],[-7.76276,39.73158],[-7.76278,39.73156]]},"properties":{"osm_type":"way","osm_id":1001470076,"country":"PT","name":null,"operator":null,"wikidata":null,"wikipedia":null}},{"type":"Feature","geometry":{"type":"LineString","coordinates":[[-8.06898,40.23913],[-8.06892,40.239],[-8.06883,40.23879]]},"properties":{"osm_type":"way","osm_id":1003557339,"country":"PT","name":null,"operator":null,"wikidata":null,"wikipedia":null}},{"type":"Feature","geometry":{"type":"LineString","coordinates":[[-7.6862,40.1517],[-7.68607,40.15172],[-7.68593,40.15174]]},"properties":{"osm_type":"way","osm_id":1003915783,"country":"PT","name":null,"operator":null,"wikidata":null,"wikipedia":null}},{"type":"Feature","geometry":{"type":"LineString","coordinates":[[-7.04398,40.41825],[-7.04391,40.41817],[-7.04382,40.41806]]},"properties":{"osm_type":"way","osm_id":1004005811,"country":"PT","name":null,"operator":null,"wikidata":null,"wikipedia":null}},{"type":"Feature","geometry":{"type":"LineString","coordinates":[[-8.5932,41.76413],[-8.59257,41.76352],[-8.59184,41.76283],[-8.59173,41.76274]]},"properties":{"osm_type":"way","osm_id":1005070459,"country":"PT","name":null,"operator":null,"wikidata":null,"wikipedia":null}},{"type":"Feature","geometry":{"type":"LineString","coordinates":[[-7.16009,38.78478],[-7.16004,38.78477],[-7.15997,38.78474],[-7.15985,38.78472],[-7.15979,38.7847],[-7.1597,38.78467],[-7.15959,38.78466],[-7.15949,38.78466],[-7.15944,38.78465],[-7.15939,38.7846],[-7.15938,38.78457]]},"properties":{"osm_type":"way","osm_id":1005420145,"country":"PT","name":null,"operator":null,"wikidata":null,"wikipedia":null}},{"type":"Feature","geometry":{"type":"LineString","coordinates":[[-7.16142,38.78212],[-7.16134,38.78217],[-7.16128,38.78221],[-7.16121,38.78225],[-7.16114,38.78228],[-7.161,38.78238],[-7.16093,38.78244],[-7.1609,38.78247],[-7.16087,38.7825],[-7.16078,38.78253],[-7.1607,38.78257],[-7.16051,38.78264]]},"properties":{"osm_type":"way","osm_id":1005420146,"country":"PT","name":null,"operator":null,"wikidata":null,"wikipedia":null}},{"type":"Feature","geometry":{"type":"LineString","coordinates":[[-7.15736,38.78384],[-7.15736,38.78381],[-7.15734,38.78372]]},"properties":{"osm_type":"way","osm_id":1005420148,"country":"PT","name":null,"operator":null,"wikidata":null,"wikipedia":null}},{"type":"Feature","geometry":{"type":"LineString","coordinates":[[-8.0441,41.67499],[-8.04421,41.6748]]},"properties":{"osm_type":"way","osm_id":1011751966,"country":"PT","name":null,"operator":null,"wikidata":null,"wikipedia":null}},{"type":"Feature","geometry":{"type":"LineString","coordinates":[[-8.03892,41.60928],[-8.03903,41.60932],[-8.03914,41.60935]]},"properties":{"osm_type":"way","osm_id":1011779223,"country":"PT","name":null,"operator":null,"wikidata":null,"wikipedia":null}},{"type":"Feature","geometry":{"type":"LineString","coordinates":[[-7.04249,39.87184],[-7.0427,39.87149],[-7.04272,39.87117],[-7.04263,39.87023],[-7.04196,39.86935]]},"properties":{"osm_type":"way","osm_id":1016270272,"country":"PT","name":null,"operator":null,"wikidata":null,"wikipedia":null}},{"type":"Feature","geometry":{"type":"LineString","coordinates":[[-7.07208,39.92829],[-7.07211,39.9281],[-7.07227,39.92795],[-7.0722,39.92654],[-7.07098,39.92651]]},"properties":{"osm_type":"way","osm_id":1016270280,"country":"PT","name":null,"operator":null,"wikidata":null,"wikipedia":null}},{"type":"Feature","geometry":{"type":"LineString","coordinates":[[-8.81247,39.75178],[-8.81245,39.75177],[-8.81243,39.75175]]},"properties":{"osm_type":"way","osm_id":1017239643,"country":"PT","name":null,"operator":null,"wikidata":null,"wikipedia":null}},{"type":"Feature","geometry":{"type":"LineString","coordinates":[[-7.13679,39.95533],[-7.13528,39.95472]]},"properties":{"osm_type":"way","osm_id":1017360006,"country":"PT","name":null,"operator":null,"wikidata":null,"wikipedia":null}},{"type":"Feature","geometry":{"type":"LineString","coordinates":[[-7.11971,39.96503],[-7.11829,39.96392]]},"properties":{"osm_type":"way","osm_id":1017360010,"country":"PT","name":null,"operator":null,"wikidata":null,"wikipedia":null}},{"type":"Feature","geometry":{"type":"LineString","coordinates":[[-7.91435,37.18539],[-7.91434,37.18539],[-7.91432,37.1854],[-7.9143,37.18541],[-7.91429,37.18542]]},"properties":{"osm_type":"way","osm_id":1019740757,"country":"PT","name":null,"operator":null,"wikidata":null,"wikipedia":null}},{"type":"Feature","geometry":{"type":"LineString","coordinates":[[-8.01485,40.22179],[-8.01488,40.22177],[-8.01489,40.22176],[-8.01492,40.22173],[-8.01495,40.2217],[-8.01499,40.22166]]},"properties":{"osm_type":"way","osm_id":1023026364,"country":"PT","name":null,"operator":null,"wikidata":null,"wikipedia":null}},{"type":"Feature","geometry":{"type":"LineString","coordinates":[[-7.65387,37.69434],[-7.65392,37.69435],[-7.654,37.69439],[-7.65404,37.69439],[-7.65407,37.69438],[-7.65411,37.69436],[-7.65416,37.69434],[-7.65424,37.69427],[-7.65429,37.69423],[-7.65436,37.69425]]},"properties":{"osm_type":"way","osm_id":1024007189,"country":"PT","name":null,"operator":null,"wikidata":null,"wikipedia":null}},{"type":"Feature","geometry":{"type":"LineString","coordinates":[[-7.95944,40.15307],[-7.95934,40.15306],[-7.9592,40.15304]]},"properties":{"osm_type":"way","osm_id":1025344927,"country":"PT","name":null,"operator":null,"wikidata":null,"wikipedia":null}},{"type":"Feature","geometry":{"type":"LineString","coordinates":[[-8.4758,37.51197],[-8.47603,37.51165],[-8.47606,37.5116]]},"properties":{"osm_type":"way","osm_id":1027114115,"country":"PT","name":null,"operator":null,"wikidata":null,"wikipedia":null}},{"type":"Feature","geometry":{"type":"LineString","coordinates":[[-7.6127,41.3814],[-7.61264,41.38146]]},"properties":{"osm_type":"way","osm_id":1027451760,"country":"PT","name":null,"operator":null,"wikidata":null,"wikipedia":null}},{"type":"Feature","geometry":{"type":"LineString","coordinates":[[-7.61238,41.38143],[-7.61239,41.38135]]},"properties":{"osm_type":"way","osm_id":1027451761,"country":"PT","name":null,"operator":null,"wikidata":null,"wikipedia":null}},{"type":"Feature","geometry":{"type":"LineString","coordinates":[[-8.28315,39.83496],[-8.28311,39.83503],[-8.2831,39.83507],[-8.28273,39.83522],[-8.28277,39.83539]]},"properties":{"osm_type":"way","osm_id":1028320865,"country":"PT","name":null,"operator":null,"wikidata":null,"wikipedia":null}},{"type":"Feature","geometry":{"type":"Polygon","coordinates":[[[-7.99927,41.7762],[-7.99929,41.77618],[-7.99929,41.77614],[-7.99927,41.7761],[-7.99923,41.77606],[-7.99924,41.7761],[-7.99925,41.77614],[-7.99926,41.77617],[-7.99927,41.7762]]]},"properties":{"osm_type":"way","osm_id":1029106324,"country":"PT","name":null,"operator":null,"wikidata":null,"wikipedia":null}},{"type":"Feature","geometry":{"type":"LineString","coordinates":[[-8.23165,41.04714],[-8.2316,41.04713],[-8.23156,41.04713],[-8.23145,41.04718]]},"properties":{"osm_type":"way","osm_id":1034258067,"country":"PT","name":null,"operator":null,"wikidata":null,"wikipedia":null}},{"type":"Feature","geometry":{"type":"LineString","coordinates":[[-7.87737,40.30515],[-7.87699,40.30519],[-7.87657,40.30538]]},"properties":{"osm_type":"way","osm_id":1038198545,"country":"PT","name":null,"operator":null,"wikidata":null,"wikipedia":null}},{"type":"Feature","geometry":{"type":"LineString","coordinates":[[-8.37661,39.52865],[-8.37657,39.52871],[-8.37655,39.52891]]},"properties":{"osm_type":"way","osm_id":1039699538,"country":"PT","name":null,"operator":null,"wikidata":null,"wikipedia":null}},{"type":"Feature","geometry":{"type":"LineString","coordinates":[[-8.46217,39.71657],[-8.46218,39.71667],[-8.46221,39.71689]]},"properties":{"osm_type":"way","osm_id":1039747037,"country":"PT","name":null,"operator":null,"wikidata":null,"wikipedia":null}},{"type":"Feature","geometry":{"type":"LineString","coordinates":[[-8.43512,39.7394],[-8.43502,39.73931]]},"properties":{"osm_type":"way","osm_id":1039891644,"country":"PT","name":null,"operator":null,"wikidata":null,"wikipedia":null}},{"type":"Feature","geometry":{"type":"LineString","coordinates":[[-8.49659,39.70034],[-8.49643,39.7003]]},"properties":{"osm_type":"way","osm_id":1040179172,"country":"PT","name":null,"operator":null,"wikidata":null,"wikipedia":null}},{"type":"Feature","geometry":{"type":"LineString","coordinates":[[-7.53972,41.46394],[-7.53976,41.46405],[-7.53959,41.46413],[-7.53946,41.46404]]},"properties":{"osm_type":"way","osm_id":1041296090,"country":"PT","name":null,"operator":null,"wikidata":null,"wikipedia":null}},{"type":"Feature","geometry":{"type":"LineString","coordinates":[[-7.52717,41.45377],[-7.52728,41.45372],[-7.52736,41.45368],[-7.52744,41.45362],[-7.52751,41.45356],[-7.52759,41.45349]]},"properties":{"osm_type":"way","osm_id":1041421934,"country":"PT","name":"Açude de Vales","operator":null,"wikidata":null,"wikipedia":null}},{"type":"Feature","geometry":{"type":"LineString","coordinates":[[-8.28905,40.24017],[-8.28916,40.2399],[-8.28925,40.23968]]},"properties":{"osm_type":"way","osm_id":1041843249,"country":"PT","name":null,"operator":null,"wikidata":null,"wikipedia":null}},{"type":"Feature","geometry":{"type":"LineString","coordinates":[[-8.46963,39.89657],[-8.46983,39.89644]]},"properties":{"osm_type":"way","osm_id":1042072762,"country":"PT","name":null,"operator":null,"wikidata":null,"wikipedia":null}},{"type":"Feature","geometry":{"type":"LineString","coordinates":[[-8.47167,39.88531],[-8.47184,39.88532]]},"properties":{"osm_type":"way","osm_id":1042072763,"country":"PT","name":null,"operator":null,"wikidata":null,"wikipedia":null}},{"type":"Feature","geometry":{"type":"LineString","coordinates":[[-8.47399,39.87631],[-8.47372,39.8763]]},"properties":{"osm_type":"way","osm_id":1042072764,"country":"PT","name":null,"operator":null,"wikidata":null,"wikipedia":null}},{"type":"Feature","geometry":{"type":"LineString","coordinates":[[-8.47607,39.87347],[-8.47584,39.87346]]},"properties":{"osm_type":"way","osm_id":1042072765,"country":"PT","name":null,"operator":null,"wikidata":null,"wikipedia":null}},{"type":"Feature","geometry":{"type":"LineString","coordinates":[[-8.47617,39.86993],[-8.47608,39.86976],[-8.47601,39.86975]]},"properties":{"osm_type":"way","osm_id":1042072766,"country":"PT","name":null,"operator":null,"wikidata":null,"wikipedia":null}},{"type":"Feature","geometry":{"type":"LineString","coordinates":[[-8.44214,39.69833],[-8.44214,39.69819],[-8.44203,39.69804]]},"properties":{"osm_type":"way","osm_id":1042448474,"country":"PT","name":"Açude da Palmaria","operator":null,"wikidata":null,"wikipedia":null}},{"type":"Feature","geometry":{"type":"LineString","coordinates":[[-7.61523,41.06698],[-7.61531,41.06697],[-7.61545,41.06695]]},"properties":{"osm_type":"way","osm_id":1043818981,"country":"PT","name":null,"operator":null,"wikidata":null,"wikipedia":null}},{"type":"Feature","geometry":{"type":"LineString","coordinates":[[-8.49788,40.81485],[-8.49779,40.8149],[-8.4977,40.81485],[-8.49759,40.8148]]},"properties":{"osm_type":"way","osm_id":1048030553,"country":"PT","name":null,"operator":null,"wikidata":null,"wikipedia":null}},{"type":"Feature","geometry":{"type":"LineString","coordinates":[[-8.49871,40.81475],[-8.49861,40.81483]]},"properties":{"osm_type":"way","osm_id":1048030556,"country":"PT","name":null,"operator":null,"wikidata":null,"wikipedia":null}},{"type":"Feature","geometry":{"type":"LineString","coordinates":[[-8.49922,40.81491],[-8.49919,40.81503]]},"properties":{"osm_type":"way","osm_id":1048030557,"country":"PT","name":null,"operator":null,"wikidata":null,"wikipedia":null}},{"type":"Feature","geometry":{"type":"LineString","coordinates":[[-8.18932,40.87279],[-8.18928,40.87271],[-8.18925,40.87263]]},"properties":{"osm_type":"way","osm_id":1050253802,"country":"PT","name":null,"operator":null,"wikidata":null,"wikipedia":null}},{"type":"Feature","geometry":{"type":"LineString","coordinates":[[-7.53658,41.70076],[-7.53665,41.7011],[-7.5367,41.70135]]},"properties":{"osm_type":"way","osm_id":1050597681,"country":"PT","name":null,"operator":null,"wikidata":null,"wikipedia":null}},{"type":"Feature","geometry":{"type":"LineString","coordinates":[[-7.52977,41.70257],[-7.52979,41.70263],[-7.52976,41.70284]]},"properties":{"osm_type":"way","osm_id":1050597719,"country":"PT","name":null,"operator":null,"wikidata":null,"wikipedia":null}},{"type":"Feature","geometry":{"type":"LineString","coordinates":[[-9.20815,38.81389],[-9.2082,38.81365],[-9.20822,38.8135],[-9.20827,38.8132]]},"properties":{"osm_type":"way","osm_id":1051208213,"country":"PT","name":null,"operator":null,"wikidata":null,"wikipedia":null}},{"type":"Feature","geometry":{"type":"LineString","coordinates":[[-7.58858,41.66082],[-7.58851,41.66092],[-7.5885,41.66094],[-7.58845,41.66101],[-7.58823,41.66138],[-7.58818,41.66146],[-7.58824,41.66159]]},"properties":{"osm_type":"way","osm_id":1051308406,"country":"PT","name":null,"operator":null,"wikidata":null,"wikipedia":null}},{"type":"Feature","geometry":{"type":"LineString","coordinates":[[-7.50487,40.86487],[-7.50499,40.86479],[-7.5053,40.86453]]},"properties":{"osm_type":"way","osm_id":1051393846,"country":"PT","name":null,"operator":null,"wikidata":null,"wikipedia":null}},{"type":"Feature","geometry":{"type":"LineString","coordinates":[[-7.38027,38.61113],[-7.38021,38.61127],[-7.38016,38.6114],[-7.38015,38.61144]]},"properties":{"osm_type":"way","osm_id":1053911782,"country":"PT","name":null,"operator":null,"wikidata":null,"wikipedia":null}},{"type":"Feature","geometry":{"type":"LineString","coordinates":[[-9.27455,38.99453],[-9.27462,38.99452],[-9.2747,38.9945]]},"properties":{"osm_type":"way","osm_id":1054423448,"country":"PT","name":null,"operator":null,"wikidata":null,"wikipedia":null}},{"type":"Feature","geometry":{"type":"LineString","coordinates":[[-8.18032,40.6198],[-8.18031,40.6197]]},"properties":{"osm_type":"way","osm_id":1055050863,"country":"PT","name":null,"operator":null,"wikidata":null,"wikipedia":null}},{"type":"Feature","geometry":{"type":"LineString","coordinates":[[-7.98814,40.91321],[-7.98791,40.91284]]},"properties":{"osm_type":"way","osm_id":1057870814,"country":"PT","name":null,"operator":null,"wikidata":null,"wikipedia":null}},{"type":"Feature","geometry":{"type":"LineString","coordinates":[[-8.47348,40.92105],[-8.47331,40.92094]]},"properties":{"osm_type":"way","osm_id":1058311570,"country":"PT","name":null,"operator":null,"wikidata":null,"wikipedia":null}},{"type":"Feature","geometry":{"type":"LineString","coordinates":[[-7.94725,40.15363],[-7.94714,40.15364],[-7.94705,40.15366]]},"properties":{"osm_type":"way","osm_id":1058388019,"country":"PT","name":null,"operator":null,"wikidata":null,"wikipedia":null}},{"type":"Feature","geometry":{"type":"LineString","coordinates":[[-8.27021,41.0152],[-8.27022,41.01521],[-8.27025,41.01526]]},"properties":{"osm_type":"way","osm_id":1062354272,"country":"PT","name":null,"operator":null,"wikidata":null,"wikipedia":null}},{"type":"Feature","geometry":{"type":"LineString","coordinates":[[-7.99855,40.13914],[-7.99848,40.1391],[-7.99836,40.13903]]},"properties":{"osm_type":"way","osm_id":1062370814,"country":"PT","name":null,"operator":null,"wikidata":null,"wikipedia":null}},{"type":"Feature","geometry":{"type":"LineString","coordinates":[[-8.40597,40.2108],[-8.40595,40.21081],[-8.40591,40.21085],[-8.4059,40.21085]]},"properties":{"osm_type":"way","osm_id":1066603042,"country":"PT","name":null,"operator":null,"wikidata":null,"wikipedia":null}},{"type":"Feature","geometry":{"type":"LineString","coordinates":[[-8.40601,40.21086],[-8.406,40.21086],[-8.40596,40.21089],[-8.40595,40.2109]]},"properties":{"osm_type":"way","osm_id":1066603043,"country":"PT","name":null,"operator":null,"wikidata":null,"wikipedia":null}},{"type":"Feature","geometry":{"type":"LineString","coordinates":[[-8.40606,40.21091],[-8.40605,40.21091],[-8.406,40.21094],[-8.40599,40.21095]]},"properties":{"osm_type":"way","osm_id":1066603044,"country":"PT","name":null,"operator":null,"wikidata":null,"wikipedia":null}},{"type":"Feature","geometry":{"type":"LineString","coordinates":[[-8.4061,40.21096],[-8.40609,40.21096],[-8.40605,40.21099],[-8.40604,40.211],[-8.40604,40.211]]},"properties":{"osm_type":"way","osm_id":1066603045,"country":"PT","name":null,"operator":null,"wikidata":null,"wikipedia":null}},{"type":"Feature","geometry":{"type":"LineString","coordinates":[[-8.40614,40.21101],[-8.40613,40.21102],[-8.4061,40.21104],[-8.40608,40.21105],[-8.40608,40.21105]]},"properties":{"osm_type":"way","osm_id":1066603046,"country":"PT","name":null,"operator":null,"wikidata":null,"wikipedia":null}},{"type":"Feature","geometry":{"type":"LineString","coordinates":[[-8.38587,41.0167],[-8.38559,41.0168]]},"properties":{"osm_type":"way","osm_id":1068849686,"country":"PT","name":null,"operator":null,"wikidata":null,"wikipedia":null}},{"type":"Feature","geometry":{"type":"LineString","coordinates":[[-7.44571,38.63157],[-7.44569,38.63146],[-7.44565,38.63125]]},"properties":{"osm_type":"way","osm_id":1069292866,"country":"PT","name":"Açude do Moinho do Setil","operator":null,"wikidata":null,"wikipedia":null}},{"type":"Feature","geometry":{"type":"LineString","coordinates":[[-7.46384,38.65114],[-7.46375,38.65115],[-7.46371,38.65116],[-7.46368,38.65119],[-7.46366,38.65123]]},"properties":{"osm_type":"way","osm_id":1069300770,"country":"PT","name":"Açude do Moinho do Lucas","operator":null,"wikidata":null,"wikipedia":null}},{"type":"Feature","geometry":{"type":"LineString","coordinates":[[-8.1231,39.98529],[-8.12314,39.98535],[-8.12318,39.98539]]},"properties":{"osm_type":"way","osm_id":1075626826,"country":"PT","name":null,"operator":null,"wikidata":null,"wikipedia":null}},{"type":"Feature","geometry":{"type":"LineString","coordinates":[[-8.06701,39.61976],[-8.06724,39.61981]]},"properties":{"osm_type":"way","osm_id":1076840747,"country":"PT","name":null,"operator":null,"wikidata":null,"wikipedia":null}},{"type":"Feature","geometry":{"type":"LineString","coordinates":[[-8.11763,39.55395],[-8.11764,39.5539],[-8.11752,39.55384]]},"properties":{"osm_type":"way","osm_id":1076865990,"country":"PT","name":null,"operator":null,"wikidata":null,"wikipedia":null}},{"type":"Feature","geometry":{"type":"LineString","coordinates":[[-8.33674,40.84775],[-8.33681,40.84774],[-8.3371,40.84767]]},"properties":{"osm_type":"way","osm_id":1077447223,"country":"PT","name":null,"operator":null,"wikidata":null,"wikipedia":null}},{"type":"Feature","geometry":{"type":"LineString","coordinates":[[-7.74672,39.7607],[-7.74648,39.76062],[-7.7463,39.76056]]},"properties":{"osm_type":"way","osm_id":1079741844,"country":"PT","name":null,"operator":null,"wikidata":null,"wikipedia":null}},{"type":"Feature","geometry":{"type":"LineString","coordinates":[[-7.93203,39.80151],[-7.93175,39.80143]]},"properties":{"osm_type":"way","osm_id":1079777772,"country":"PT","name":null,"operator":null,"wikidata":null,"wikipedia":null}},{"type":"Feature","geometry":{"type":"LineString","coordinates":[[-7.23585,39.91695],[-7.23579,39.91683],[-7.23573,39.91672]]},"properties":{"osm_type":"way","osm_id":1079802649,"country":"PT","name":null,"operator":null,"wikidata":null,"wikipedia":null}},{"type":"Feature","geometry":{"type":"LineString","coordinates":[[-7.91152,40.15058],[-7.91145,40.15054],[-7.91136,40.15049]]},"properties":{"osm_type":"way","osm_id":1080663612,"country":"PT","name":null,"operator":null,"wikidata":null,"wikipedia":null}},{"type":"Feature","geometry":{"type":"LineString","coordinates":[[-9.23975,39.08568],[-9.23969,39.08571],[-9.2396,39.08575]]},"properties":{"osm_type":"way","osm_id":1080699452,"country":"PT","name":null,"operator":null,"wikidata":null,"wikipedia":null}},{"type":"Feature","geometry":{"type":"LineString","coordinates":[[-6.61667,41.94111],[-6.6168,41.94108],[-6.61694,41.94104]]},"properties":{"osm_type":"way","osm_id":1081318614,"country":"PT","name":null,"operator":null,"wikidata":null,"wikipedia":null}},{"type":"Feature","geometry":{"type":"LineString","coordinates":[[-8.26854,41.88068],[-8.26852,41.88063],[-8.26851,41.88059]]},"properties":{"osm_type":"way","osm_id":1081682980,"country":"PT","name":null,"operator":null,"wikidata":null,"wikipedia":null}},{"type":"Feature","geometry":{"type":"LineString","coordinates":[[-8.26846,41.88071],[-8.26843,41.88066],[-8.2684,41.88062]]},"properties":{"osm_type":"way","osm_id":1081682981,"country":"PT","name":null,"operator":null,"wikidata":null,"wikipedia":null}},{"type":"Feature","geometry":{"type":"LineString","coordinates":[[-8.58143,41.34689],[-8.58122,41.34673],[-8.58107,41.3467],[-8.58095,41.34651]]},"properties":{"osm_type":"way","osm_id":1084940461,"country":"PT","name":null,"operator":null,"wikidata":null,"wikipedia":null}},{"type":"Feature","geometry":{"type":"LineString","coordinates":[[-8.23784,40.55878],[-8.23782,40.55879],[-8.2377,40.55886],[-8.2376,40.55889]]},"properties":{"osm_type":"way","osm_id":1085030629,"country":"PT","name":null,"operator":null,"wikidata":null,"wikipedia":null}},{"type":"Feature","geometry":{"type":"LineString","coordinates":[[-8.23758,40.55818],[-8.23758,40.55814],[-8.23759,40.55811],[-8.23754,40.55807],[-8.23747,40.55799]]},"properties":{"osm_type":"way","osm_id":1085030631,"country":"PT","name":null,"operator":null,"wikidata":null,"wikipedia":null}},{"type":"Feature","geometry":{"type":"LineString","coordinates":[[-8.62167,41.33644],[-8.62179,41.33652],[-8.6219,41.33652],[-8.62196,41.33653],[-8.62222,41.33659],[-8.62231,41.33659],[-8.62234,41.33652]]},"properties":{"osm_type":"way","osm_id":1085165087,"country":"PT","name":null,"operator":null,"wikidata":null,"wikipedia":null}},{"type":"Feature","geometry":{"type":"LineString","coordinates":[[-8.6036,39.71017],[-8.60359,39.71017],[-8.60358,39.71018]]},"properties":{"osm_type":"way","osm_id":1086434997,"country":"PT","name":null,"operator":null,"wikidata":null,"wikipedia":null}},{"type":"Feature","geometry":{"type":"LineString","coordinates":[[-8.60316,39.71006],[-8.60314,39.71007],[-8.60313,39.71008]]},"properties":{"osm_type":"way","osm_id":1086434999,"country":"PT","name":null,"operator":null,"wikidata":null,"wikipedia":null}},{"type":"Feature","geometry":{"type":"LineString","coordinates":[[-7.42964,41.84011],[-7.42928,41.83993]]},"properties":{"osm_type":"way","osm_id":1090616752,"country":"PT","name":null,"operator":null,"wikidata":null,"wikipedia":null}},{"type":"Feature","geometry":{"type":"LineString","coordinates":[[-7.75402,41.49813],[-7.75389,41.4983]]},"properties":{"osm_type":"way","osm_id":1093405870,"country":"PT","name":null,"operator":null,"wikidata":null,"wikipedia":null}},{"type":"Feature","geometry":{"type":"LineString","coordinates":[[-8.0059,39.24612],[-8.00562,39.24609],[-8.0054,39.24607]]},"properties":{"osm_type":"way","osm_id":1094348693,"country":"PT","name":null,"operator":null,"wikidata":null,"wikipedia":null}},{"type":"Feature","geometry":{"type":"LineString","coordinates":[[-7.67499,37.92961],[-7.67505,37.92962],[-7.67514,37.92967],[-7.67519,37.9297],[-7.67518,37.92978]]},"properties":{"osm_type":"way","osm_id":1100558913,"country":"PT","name":null,"operator":null,"wikidata":null,"wikipedia":null}},{"type":"Feature","geometry":{"type":"LineString","coordinates":[[-8.76115,39.7198],[-8.76106,39.71974]]},"properties":{"osm_type":"way","osm_id":1102570561,"country":"PT","name":null,"operator":null,"wikidata":null,"wikipedia":null}},{"type":"Feature","geometry":{"type":"LineString","coordinates":[[-8.83953,39.14671],[-8.83947,39.14674]]},"properties":{"osm_type":"way","osm_id":1104064346,"country":"PT","name":null,"operator":null,"wikidata":null,"wikipedia":null}},{"type":"Feature","geometry":{"type":"LineString","coordinates":[[-8.27473,40.86778],[-8.27453,40.86768]]},"properties":{"osm_type":"way","osm_id":1108376134,"country":"PT","name":null,"operator":null,"wikidata":null,"wikipedia":null}},{"type":"Feature","geometry":{"type":"LineString","coordinates":[[-7.84489,41.46998],[-7.84473,41.46969]]},"properties":{"osm_type":"way","osm_id":1110309358,"country":"PT","name":null,"operator":null,"wikidata":null,"wikipedia":null}},{"type":"Feature","geometry":{"type":"LineString","coordinates":[[-7.74494,37.48626],[-7.74519,37.48637],[-7.74533,37.48643]]},"properties":{"osm_type":"way","osm_id":1110323097,"country":"PT","name":null,"operator":null,"wikidata":null,"wikipedia":null}},{"type":"Feature","geometry":{"type":"LineString","coordinates":[[-7.01579,40.46578],[-7.01567,40.46575],[-7.01541,40.46561],[-7.01519,40.46557],[-7.01509,40.46555]]},"properties":{"osm_type":"way","osm_id":1111999519,"country":"PT","name":null,"operator":null,"wikidata":null,"wikipedia":null}},{"type":"Feature","geometry":{"type":"LineString","coordinates":[[-7.01409,40.472],[-7.01381,40.47175],[-7.01353,40.4715]]},"properties":{"osm_type":"way","osm_id":1111999524,"country":"PT","name":"Açude do Porto - Côa","operator":null,"wikidata":null,"wikipedia":null}},{"type":"Feature","geometry":{"type":"LineString","coordinates":[[-8.31961,40.17676],[-8.31943,40.17725]]},"properties":{"osm_type":"way","osm_id":1117582110,"country":"PT","name":null,"operator":null,"wikidata":null,"wikipedia":null}},{"type":"Feature","geometry":{"type":"LineString","coordinates":[[-7.88783,40.40761],[-7.88783,40.40755],[-7.88787,40.4075],[-7.88789,40.40747],[-7.88793,40.40744],[-7.88799,40.40741],[-7.88805,40.40738],[-7.88814,40.40737],[-7.88823,40.40736]]},"properties":{"osm_type":"way","osm_id":1118917008,"country":"PT","name":null,"operator":null,"wikidata":null,"wikipedia":null}},{"type":"Feature","geometry":{"type":"LineString","coordinates":[[-7.79728,40.44255],[-7.7974,40.44245],[-7.79714,40.44234],[-7.79701,40.4424]]},"properties":{"osm_type":"way","osm_id":1118917013,"country":"PT","name":null,"operator":null,"wikidata":null,"wikipedia":null}},{"type":"Feature","geometry":{"type":"LineString","coordinates":[[-7.91894,40.44277],[-7.9189,40.4428],[-7.91869,40.44292],[-7.91867,40.44293]]},"properties":{"osm_type":"way","osm_id":1120464513,"country":"PT","name":null,"operator":null,"wikidata":null,"wikipedia":null}},{"type":"Feature","geometry":{"type":"LineString","coordinates":[[-7.91777,40.44603],[-7.91772,40.44605],[-7.91758,40.44609],[-7.91749,40.44612],[-7.91735,40.44613],[-7.91728,40.44619],[-7.91724,40.44619]]},"properties":{"osm_type":"way","osm_id":1120464514,"country":"PT","name":null,"operator":null,"wikidata":null,"wikipedia":null}},{"type":"Feature","geometry":{"type":"LineString","coordinates":[[-7.90415,40.4541],[-7.90412,40.45409],[-7.904,40.45405],[-7.90381,40.45406],[-7.90377,40.45406]]},"properties":{"osm_type":"way","osm_id":1120464521,"country":"PT","name":null,"operator":null,"wikidata":null,"wikipedia":null}},{"type":"Feature","geometry":{"type":"LineString","coordinates":[[-7.90417,40.45734],[-7.90409,40.45722],[-7.90405,40.45716],[-7.90389,40.45714],[-7.90378,40.45715]]},"properties":{"osm_type":"way","osm_id":1120464524,"country":"PT","name":null,"operator":null,"wikidata":null,"wikipedia":null}},{"type":"Feature","geometry":{"type":"LineString","coordinates":[[-7.90157,40.46031],[-7.90152,40.46031],[-7.90119,40.4603],[-7.90096,40.46028],[-7.90089,40.46027]]},"properties":{"osm_type":"way","osm_id":1120464525,"country":"PT","name":null,"operator":null,"wikidata":null,"wikipedia":null}},{"type":"Feature","geometry":{"type":"LineString","coordinates":[[-7.88979,40.46783],[-7.88974,40.46781],[-7.88961,40.46774],[-7.88924,40.46765],[-7.88918,40.46764]]},"properties":{"osm_type":"way","osm_id":1120464526,"country":"PT","name":null,"operator":null,"wikidata":null,"wikipedia":null}},{"type":"Feature","geometry":{"type":"LineString","coordinates":[[-7.81539,40.12902],[-7.81537,40.129],[-7.81526,40.12889],[-7.81524,40.12887]]},"properties":{"osm_type":"way","osm_id":1121302862,"country":"PT","name":null,"operator":null,"wikidata":null,"wikipedia":null}},{"type":"Feature","geometry":{"type":"LineString","coordinates":[[-7.80736,40.12954],[-7.80735,40.12955],[-7.80726,40.12957],[-7.80725,40.12958]]},"properties":{"osm_type":"way","osm_id":1121302869,"country":"PT","name":null,"operator":null,"wikidata":null,"wikipedia":null}},{"type":"Feature","geometry":{"type":"LineString","coordinates":[[-8.0492,40.18893],[-8.04922,40.18891],[-8.04925,40.18889]]},"properties":{"osm_type":"way","osm_id":1122304258,"country":"PT","name":null,"operator":null,"wikidata":null,"wikipedia":null}},{"type":"Feature","geometry":{"type":"LineString","coordinates":[[-7.08707,41.23414],[-7.08706,41.23411],[-7.08706,41.23407]]},"properties":{"osm_type":"way","osm_id":1123107652,"country":"PT","name":null,"operator":null,"wikidata":null,"wikipedia":null}},{"type":"Feature","geometry":{"type":"LineString","coordinates":[[-7.08681,41.23414],[-7.08681,41.23411],[-7.08681,41.23406]]},"properties":{"osm_type":"way","osm_id":1123107653,"country":"PT","name":null,"operator":null,"wikidata":null,"wikipedia":null}},{"type":"Feature","geometry":{"type":"LineString","coordinates":[[-7.08657,41.23416],[-7.08657,41.23411],[-7.08656,41.23405]]},"properties":{"osm_type":"way","osm_id":1123107654,"country":"PT","name":null,"operator":null,"wikidata":null,"wikipedia":null}},{"type":"Feature","geometry":{"type":"LineString","coordinates":[[-7.08633,41.23417],[-7.08633,41.23414],[-7.08633,41.23412]]},"properties":{"osm_type":"way","osm_id":1123107656,"country":"PT","name":null,"operator":null,"wikidata":null,"wikipedia":null}},{"type":"Feature","geometry":{"type":"LineString","coordinates":[[-8.86336,40.20554],[-8.86329,40.20556]]},"properties":{"osm_type":"way","osm_id":1128028721,"country":"PT","name":null,"operator":null,"wikidata":null,"wikipedia":null}},{"type":"Feature","geometry":{"type":"LineString","coordinates":[[-7.47162,41.73636],[-7.47167,41.73617],[-7.47172,41.73601]]},"properties":{"osm_type":"way","osm_id":1130690956,"country":"PT","name":null,"operator":null,"wikidata":null,"wikipedia":null}},{"type":"Feature","geometry":{"type":"LineString","coordinates":[[-7.66085,40.00622],[-7.6607,40.00622]]},"properties":{"osm_type":"way","osm_id":1132479415,"country":"PT","name":null,"operator":null,"wikidata":null,"wikipedia":null}},{"type":"Feature","geometry":{"type":"LineString","coordinates":[[-8.57554,39.65284],[-8.57556,39.65276]]},"properties":{"osm_type":"way","osm_id":1133570279,"country":"PT","name":"Açude do Carregal","operator":null,"wikidata":null,"wikipedia":null}},{"type":"Feature","geometry":{"type":"LineString","coordinates":[[-8.3267,40.1744],[-8.32674,40.1747]]},"properties":{"osm_type":"way","osm_id":1133776314,"country":"PT","name":null,"operator":null,"wikidata":null,"wikipedia":null}},{"type":"Feature","geometry":{"type":"LineString","coordinates":[[-8.28098,40.16241],[-8.28067,40.16222],[-8.28037,40.16204]]},"properties":{"osm_type":"way","osm_id":1133776321,"country":"PT","name":null,"operator":null,"wikidata":null,"wikipedia":null}},{"type":"Feature","geometry":{"type":"LineString","coordinates":[[-8.44541,39.80997],[-8.44532,39.81001],[-8.44522,39.81005]]},"properties":{"osm_type":"way","osm_id":1148516277,"country":"PT","name":null,"operator":null,"wikidata":null,"wikipedia":null}},{"type":"Feature","geometry":{"type":"LineString","coordinates":[[-7.15592,38.79266],[-7.15581,38.79264],[-7.15558,38.79259],[-7.15539,38.79254],[-7.15534,38.79251],[-7.15535,38.7924],[-7.15543,38.79213],[-7.15546,38.79193],[-7.15538,38.7918],[-7.15539,38.79158],[-7.1551,38.7915]]},"properties":{"osm_type":"way","osm_id":1148772695,"country":"PT","name":null,"operator":null,"wikidata":null,"wikipedia":null}},{"type":"Feature","geometry":{"type":"LineString","coordinates":[[-7.33949,38.77595],[-7.33947,38.7759],[-7.33944,38.77583]]},"properties":{"osm_type":"way","osm_id":1148778739,"country":"PT","name":null,"operator":null,"wikidata":null,"wikipedia":null}},{"type":"Feature","geometry":{"type":"LineString","coordinates":[[-8.21922,38.63895],[-8.21932,38.63871]]},"properties":{"osm_type":"way","osm_id":1149112772,"country":"PT","name":null,"operator":null,"wikidata":null,"wikipedia":null}},{"type":"Feature","geometry":{"type":"LineString","coordinates":[[-8.14682,38.43811],[-8.1472,38.43796],[-8.14766,38.43777]]},"properties":{"osm_type":"way","osm_id":1149113711,"country":"PT","name":null,"operator":null,"wikidata":null,"wikipedia":null}},{"type":"Feature","geometry":{"type":"LineString","coordinates":[[-8.02058,41.76448],[-8.02052,41.76449],[-8.02044,41.76449]]},"properties":{"osm_type":"way","osm_id":1155867761,"country":"PT","name":null,"operator":null,"wikidata":null,"wikipedia":null}},{"type":"Feature","geometry":{"type":"LineString","coordinates":[[-8.19832,40.27733],[-8.19876,40.27674]]},"properties":{"osm_type":"way","osm_id":1160494618,"country":"PT","name":null,"operator":null,"wikidata":null,"wikipedia":null}},{"type":"Feature","geometry":{"type":"LineString","coordinates":[[-8.39045,39.67314],[-8.39065,39.67324]]},"properties":{"osm_type":"way","osm_id":1160587755,"country":"PT","name":"Açude do Vale da Marinha","operator":null,"wikidata":null,"wikipedia":null}},{"type":"Feature","geometry":{"type":"LineString","coordinates":[[-8.73707,41.35182],[-8.73704,41.35178],[-8.73699,41.35175],[-8.73691,41.35171],[-8.73568,41.35128]]},"properties":{"osm_type":"way","osm_id":1160842191,"country":"PT","name":null,"operator":null,"wikidata":null,"wikipedia":null}},{"type":"Feature","geometry":{"type":"LineString","coordinates":[[-7.71678,39.88321],[-7.71651,39.8834]]},"properties":{"osm_type":"way","osm_id":1161168463,"country":"PT","name":null,"operator":null,"wikidata":null,"wikipedia":null}},{"type":"Feature","geometry":{"type":"LineString","coordinates":[[-7.70705,39.87912],[-7.70722,39.87925],[-7.70729,39.87947]]},"properties":{"osm_type":"way","osm_id":1161168465,"country":"PT","name":null,"operator":null,"wikidata":null,"wikipedia":null}},{"type":"Feature","geometry":{"type":"LineString","coordinates":[[-7.68651,39.88129],[-7.68628,39.8813],[-7.68612,39.88123]]},"properties":{"osm_type":"way","osm_id":1161168467,"country":"PT","name":null,"operator":null,"wikidata":null,"wikipedia":null}},{"type":"Feature","geometry":{"type":"LineString","coordinates":[[-7.68912,38.47851],[-7.68927,38.47832],[-7.6891,38.47756],[-7.68886,38.47728],[-7.68875,38.47716],[-7.68871,38.4771]]},"properties":{"osm_type":"way","osm_id":1161307140,"country":"PT","name":null,"operator":null,"wikidata":null,"wikipedia":null}},{"type":"Feature","geometry":{"type":"LineString","coordinates":[[-8.45394,39.65283],[-8.45387,39.65282],[-8.45385,39.65277],[-8.45386,39.65271],[-8.45389,39.65267]]},"properties":{"osm_type":"way","osm_id":1165036458,"country":"PT","name":null,"operator":null,"wikidata":null,"wikipedia":null}},{"type":"Feature","geometry":{"type":"LineString","coordinates":[[-7.81215,40.50878],[-7.81224,40.50835]]},"properties":{"osm_type":"way","osm_id":1167098935,"country":"PT","name":null,"operator":null,"wikidata":null,"wikipedia":null}},{"type":"Feature","geometry":{"type":"LineString","coordinates":[[-9.16937,38.66168],[-9.16943,38.66168],[-9.16948,38.6617]]},"properties":{"osm_type":"way","osm_id":1174261622,"country":"PT","name":null,"operator":null,"wikidata":null,"wikipedia":null}},{"type":"Feature","geometry":{"type":"LineString","coordinates":[[-9.16942,38.66153],[-9.16945,38.66153],[-9.16948,38.66155]]},"properties":{"osm_type":"way","osm_id":1174261623,"country":"PT","name":null,"operator":null,"wikidata":null,"wikipedia":null}},{"type":"Feature","geometry":{"type":"LineString","coordinates":[[-9.16948,38.66136],[-9.16951,38.66137],[-9.16954,38.66137]]},"properties":{"osm_type":"way","osm_id":1174261624,"country":"PT","name":null,"operator":null,"wikidata":null,"wikipedia":null}},{"type":"Feature","geometry":{"type":"LineString","coordinates":[[-9.16952,38.66101],[-9.16955,38.66102],[-9.16959,38.66103]]},"properties":{"osm_type":"way","osm_id":1174261625,"country":"PT","name":null,"operator":null,"wikidata":null,"wikipedia":null}},{"type":"Feature","geometry":{"type":"LineString","coordinates":[[-9.16952,38.66079],[-9.16955,38.66078],[-9.16958,38.66078]]},"properties":{"osm_type":"way","osm_id":1174261626,"country":"PT","name":null,"operator":null,"wikidata":null,"wikipedia":null}},{"type":"Feature","geometry":{"type":"LineString","coordinates":[[-9.16953,38.66092],[-9.16955,38.66092],[-9.16958,38.66091]]},"properties":{"osm_type":"way","osm_id":1174261627,"country":"PT","name":null,"operator":null,"wikidata":null,"wikipedia":null}},{"type":"Feature","geometry":{"type":"LineString","coordinates":[[-9.16935,38.66212],[-9.16939,38.66213],[-9.16943,38.66213]]},"properties":{"osm_type":"way","osm_id":1174261630,"country":"PT","name":null,"operator":null,"wikidata":null,"wikipedia":null}},{"type":"Feature","geometry":{"type":"LineString","coordinates":[[-9.1692,38.66286],[-9.16926,38.66288],[-9.1693,38.6629]]},"properties":{"osm_type":"way","osm_id":1174261631,"country":"PT","name":null,"operator":null,"wikidata":null,"wikipedia":null}},{"type":"Feature","geometry":{"type":"LineString","coordinates":[[-9.16919,38.66306],[-9.16925,38.66307],[-9.16928,38.66307],[-9.16931,38.66307]]},"properties":{"osm_type":"way","osm_id":1174261632,"country":"PT","name":null,"operator":null,"wikidata":null,"wikipedia":null}},{"type":"Feature","geometry":{"type":"LineString","coordinates":[[-9.16926,38.66328],[-9.16927,38.66327],[-9.16934,38.66326],[-9.16937,38.66329]]},"properties":{"osm_type":"way","osm_id":1174261633,"country":"PT","name":null,"operator":null,"wikidata":null,"wikipedia":null}},{"type":"Feature","geometry":{"type":"LineString","coordinates":[[-9.16671,38.66134],[-9.16672,38.66133],[-9.16682,38.66128],[-9.16689,38.66124],[-9.16691,38.66122]]},"properties":{"osm_type":"way","osm_id":1174277098,"country":"PT","name":null,"operator":null,"wikidata":null,"wikipedia":null}},{"type":"Feature","geometry":{"type":"LineString","coordinates":[[-9.16688,38.6616],[-9.16685,38.6616],[-9.16684,38.6616],[-9.16683,38.66159],[-9.16681,38.66158]]},"properties":{"osm_type":"way","osm_id":1174277100,"country":"PT","name":null,"operator":null,"wikidata":null,"wikipedia":null}},{"type":"Feature","geometry":{"type":"LineString","coordinates":[[-9.16686,38.66158],[-9.16685,38.6616]]},"properties":{"osm_type":"way","osm_id":1174277101,"country":"PT","name":null,"operator":null,"wikidata":null,"wikipedia":null}},{"type":"Feature","geometry":{"type":"LineString","coordinates":[[-9.16683,38.66159],[-9.16684,38.66157]]},"properties":{"osm_type":"way","osm_id":1174277102,"country":"PT","name":null,"operator":null,"wikidata":null,"wikipedia":null}},{"type":"Feature","geometry":{"type":"LineString","coordinates":[[-7.41494,39.3398],[-7.41503,39.33968],[-7.41504,39.33967],[-7.41514,39.33952],[-7.41516,39.33948]]},"properties":{"osm_type":"way","osm_id":1177095657,"country":"PT","name":null,"operator":null,"wikidata":null,"wikipedia":null}},{"type":"Feature","geometry":{"type":"LineString","coordinates":[[-7.40384,39.36686],[-7.40383,39.36683],[-7.40373,39.3665]]},"properties":{"osm_type":"way","osm_id":1177095725,"country":"PT","name":null,"operator":null,"wikidata":null,"wikipedia":null}},{"type":"Feature","geometry":{"type":"LineString","coordinates":[[-17.16994,32.86835],[-17.16991,32.86838]]},"properties":{"osm_type":"way","osm_id":1179689458,"country":"PT","name":null,"operator":null,"wikidata":null,"wikipedia":null}},{"type":"Feature","geometry":{"type":"LineString","coordinates":[[-8.0387,40.47415],[-8.03863,40.47419],[-8.0386,40.4742],[-8.03853,40.47421],[-8.03843,40.4742],[-8.0384,40.47419]]},"properties":{"osm_type":"way","osm_id":1179826940,"country":"PT","name":"Açude da Ponte Nova","operator":null,"wikidata":null,"wikipedia":null}},{"type":"Feature","geometry":{"type":"LineString","coordinates":[[-8.37063,41.15931],[-8.37032,41.15931]]},"properties":{"osm_type":"way","osm_id":1181407868,"country":"PT","name":null,"operator":null,"wikidata":null,"wikipedia":null}},{"type":"Feature","geometry":{"type":"LineString","coordinates":[[-8.64281,41.6321],[-8.64266,41.63181]]},"properties":{"osm_type":"way","osm_id":1182965068,"country":"PT","name":null,"operator":null,"wikidata":null,"wikipedia":null}},{"type":"Feature","geometry":{"type":"LineString","coordinates":[[-8.01585,39.79041],[-8.01583,39.79021]]},"properties":{"osm_type":"way","osm_id":1183886230,"country":"PT","name":null,"operator":null,"wikidata":null,"wikipedia":null}},{"type":"Feature","geometry":{"type":"LineString","coordinates":[[-7.88363,39.92122],[-7.88368,39.92105]]},"properties":{"osm_type":"way","osm_id":1189155479,"country":"PT","name":null,"operator":null,"wikidata":null,"wikipedia":null}},{"type":"Feature","geometry":{"type":"LineString","coordinates":[[-8.11045,40.72137],[-8.11081,40.72129],[-8.1109,40.72127]]},"properties":{"osm_type":"way","osm_id":1190215237,"country":"PT","name":null,"operator":null,"wikidata":null,"wikipedia":null}},{"type":"Feature","geometry":{"type":"LineString","coordinates":[[-9.09149,38.80293],[-9.09156,38.80286]]},"properties":{"osm_type":"way","osm_id":1190283524,"country":"PT","name":null,"operator":null,"wikidata":null,"wikipedia":null}},{"type":"Feature","geometry":{"type":"LineString","coordinates":[[-8.17472,40.17629],[-8.17467,40.17617],[-8.17455,40.17607]]},"properties":{"osm_type":"way","osm_id":1190433784,"country":"PT","name":null,"operator":null,"wikidata":null,"wikipedia":null}},{"type":"Feature","geometry":{"type":"LineString","coordinates":[[-25.47373,37.75193],[-25.47371,37.75195],[-25.4737,37.75196],[-25.47366,37.75199],[-25.4736,37.75204],[-25.47359,37.75206]]},"properties":{"osm_type":"way","osm_id":1190894384,"country":"PT","name":null,"operator":null,"wikidata":null,"wikipedia":null}},{"type":"Feature","geometry":{"type":"LineString","coordinates":[[-8.64456,41.78592],[-8.64458,41.78592],[-8.64476,41.78599],[-8.64492,41.78605]]},"properties":{"osm_type":"way","osm_id":1200678065,"country":"PT","name":null,"operator":null,"wikidata":null,"wikipedia":null}},{"type":"Feature","geometry":{"type":"LineString","coordinates":[[-7.55788,40.35752],[-7.55788,40.35749],[-7.55787,40.35742],[-7.55785,40.3574],[-7.55772,40.3573],[-7.55766,40.35728]]},"properties":{"osm_type":"way","osm_id":1202512893,"country":"PT","name":null,"operator":null,"wikidata":null,"wikipedia":null}},{"type":"Feature","geometry":{"type":"LineString","coordinates":[[-8.18608,40.91032],[-8.18612,40.91035],[-8.18615,40.91038],[-8.18617,40.91044],[-8.18618,40.91051],[-8.18615,40.91058]]},"properties":{"osm_type":"way","osm_id":1217717152,"country":"PT","name":null,"operator":null,"wikidata":null,"wikipedia":null}},{"type":"Feature","geometry":{"type":"LineString","coordinates":[[-8.33572,41.7052],[-8.3359,41.70532],[-8.33642,41.70544]]},"properties":{"osm_type":"way","osm_id":1218517362,"country":"PT","name":null,"operator":null,"wikidata":null,"wikipedia":null}},{"type":"Feature","geometry":{"type":"LineString","coordinates":[[-7.28369,38.03847],[-7.28351,38.0385],[-7.28335,38.03852]]},"properties":{"osm_type":"way","osm_id":1218719856,"country":"PT","name":null,"operator":null,"wikidata":null,"wikipedia":null}},{"type":"Feature","geometry":{"type":"LineString","coordinates":[[-7.73472,40.83957],[-7.73477,40.83948],[-7.73481,40.83941],[-7.73484,40.83933]]},"properties":{"osm_type":"way","osm_id":1220300736,"country":"PT","name":null,"operator":null,"wikidata":null,"wikipedia":null}},{"type":"Feature","geometry":{"type":"LineString","coordinates":[[-6.34947,41.6447],[-6.34943,41.64468],[-6.34938,41.64466]]},"properties":{"osm_type":"way","osm_id":1222924686,"country":"PT","name":null,"operator":null,"wikidata":null,"wikipedia":null}},{"type":"Feature","geometry":{"type":"LineString","coordinates":[[-6.32856,41.62924],[-6.3284,41.62904]]},"properties":{"osm_type":"way","osm_id":1222983826,"country":"PT","name":null,"operator":null,"wikidata":null,"wikipedia":null}},{"type":"Feature","geometry":{"type":"LineString","coordinates":[[-7.80535,40.67302],[-7.80525,40.67294],[-7.80522,40.67285]]},"properties":{"osm_type":"way","osm_id":1223749462,"country":"PT","name":null,"operator":null,"wikidata":null,"wikipedia":null}},{"type":"Feature","geometry":{"type":"LineString","coordinates":[[-6.34378,41.64314],[-6.34361,41.64303]]},"properties":{"osm_type":"way","osm_id":1225064829,"country":"PT","name":null,"operator":null,"wikidata":null,"wikipedia":null}},{"type":"Feature","geometry":{"type":"LineString","coordinates":[[-6.34773,41.65042],[-6.3476,41.65041]]},"properties":{"osm_type":"way","osm_id":1225241478,"country":"PT","name":null,"operator":null,"wikidata":null,"wikipedia":null}},{"type":"Feature","geometry":{"type":"LineString","coordinates":[[-6.34787,41.6545],[-6.34779,41.65454]]},"properties":{"osm_type":"way","osm_id":1225241481,"country":"PT","name":null,"operator":null,"wikidata":null,"wikipedia":null}},{"type":"Feature","geometry":{"type":"LineString","coordinates":[[-6.34506,41.65899],[-6.34501,41.65893]]},"properties":{"osm_type":"way","osm_id":1225285405,"country":"PT","name":null,"operator":null,"wikidata":null,"wikipedia":null}},{"type":"Feature","geometry":{"type":"LineString","coordinates":[[-7.75983,39.73006],[-7.75992,39.73009],[-7.75991,39.73006],[-7.7599,39.73001],[-7.75971,39.72998]]},"properties":{"osm_type":"way","osm_id":1225715112,"country":"PT","name":null,"operator":null,"wikidata":null,"wikipedia":null}},{"type":"Feature","geometry":{"type":"LineString","coordinates":[[-7.94692,41.12925],[-7.94698,41.12929],[-7.94704,41.12933]]},"properties":{"osm_type":"way","osm_id":1227567390,"country":"PT","name":"Açude do Assobio","operator":null,"wikidata":null,"wikipedia":null}},{"type":"Feature","geometry":{"type":"LineString","coordinates":[[-8.41431,41.35705],[-8.41419,41.35695],[-8.41418,41.35687],[-8.41418,41.35683],[-8.4142,41.35681],[-8.41425,41.35678],[-8.41441,41.35677],[-8.41462,41.35686]]},"properties":{"osm_type":"way","osm_id":1227604666,"country":"PT","name":null,"operator":null,"wikidata":null,"wikipedia":null}},{"type":"Feature","geometry":{"type":"LineString","coordinates":[[-8.37324,41.43866],[-8.37315,41.43858]]},"properties":{"osm_type":"way","osm_id":1227604672,"country":"PT","name":null,"operator":null,"wikidata":null,"wikipedia":null}},{"type":"Feature","geometry":{"type":"LineString","coordinates":[[-8.37315,41.43858],[-8.3731,41.4386],[-8.37305,41.43862],[-8.37254,41.43853]]},"properties":{"osm_type":"way","osm_id":1227604673,"country":"PT","name":null,"operator":null,"wikidata":null,"wikipedia":null}},{"type":"Feature","geometry":{"type":"LineString","coordinates":[[-8.34742,41.46031],[-8.34731,41.46013],[-8.34723,41.46003],[-8.34718,41.45994],[-8.3471,41.45975]]},"properties":{"osm_type":"way","osm_id":1227604674,"country":"PT","name":null,"operator":null,"wikidata":null,"wikipedia":null}},{"type":"Feature","geometry":{"type":"LineString","coordinates":[[-8.17053,41.4375],[-8.17055,41.43745],[-8.17048,41.43742],[-8.17026,41.43748],[-8.17015,41.43748],[-8.17011,41.43748],[-8.17004,41.43743],[-8.16995,41.43737]]},"properties":{"osm_type":"way","osm_id":1227616875,"country":"PT","name":null,"operator":null,"wikidata":null,"wikipedia":null}},{"type":"Feature","geometry":{"type":"LineString","coordinates":[[-8.18155,41.39755],[-8.18161,41.39751],[-8.18166,41.39747],[-8.1819,41.39764]]},"properties":{"osm_type":"way","osm_id":1227616880,"country":"PT","name":null,"operator":null,"wikidata":null,"wikipedia":null}},{"type":"Feature","geometry":{"type":"LineString","coordinates":[[-8.08908,41.33353],[-8.08918,41.33353],[-8.08926,41.3335],[-8.08928,41.33345],[-8.08929,41.33338],[-8.08927,41.33334],[-8.08921,41.33332],[-8.08915,41.3333],[-8.0891,41.33328],[-8.08901,41.3332]]},"properties":{"osm_type":"way","osm_id":1227616892,"country":"PT","name":"Açude do Pego Negro","operator":null,"wikidata":null,"wikipedia":null}},{"type":"Feature","geometry":{"type":"LineString","coordinates":[[-7.97999,41.51185],[-7.98003,41.5117],[-7.98004,41.51163]]},"properties":{"osm_type":"way","osm_id":1227616902,"country":"PT","name":"Açude de Cefra","operator":null,"wikidata":null,"wikipedia":null}},{"type":"Feature","geometry":{"type":"LineString","coordinates":[[-8.17192,40.75113],[-8.17204,40.75105],[-8.17214,40.75096]]},"properties":{"osm_type":"way","osm_id":1227780038,"country":"PT","name":null,"operator":null,"wikidata":null,"wikipedia":null}},{"type":"Feature","geometry":{"type":"LineString","coordinates":[[-7.72491,40.64847],[-7.72484,40.64845],[-7.7248,40.64843],[-7.72477,40.6484],[-7.72475,40.64837],[-7.72476,40.64827]]},"properties":{"osm_type":"way","osm_id":1227795224,"country":"PT","name":null,"operator":null,"wikidata":null,"wikipedia":null}},{"type":"Feature","geometry":{"type":"LineString","coordinates":[[-7.92586,40.74998],[-7.92593,40.7499],[-7.92614,40.74961]]},"properties":{"osm_type":"way","osm_id":1227795229,"country":"PT","name":null,"operator":null,"wikidata":null,"wikipedia":null}},{"type":"Feature","geometry":{"type":"LineString","coordinates":[[-7.84472,40.75509],[-7.84478,40.75506],[-7.84482,40.75505],[-7.84491,40.75504],[-7.84507,40.75504],[-7.84517,40.75505],[-7.84524,40.75506]]},"properties":{"osm_type":"way","osm_id":1227825895,"country":"PT","name":null,"operator":null,"wikidata":null,"wikipedia":null}},{"type":"Feature","geometry":{"type":"LineString","coordinates":[[-7.57908,41.6625],[-7.57869,41.66222],[-7.57867,41.66217]]},"properties":{"osm_type":"way","osm_id":1227829988,"country":"PT","name":null,"operator":null,"wikidata":null,"wikipedia":null}},{"type":"Feature","geometry":{"type":"LineString","coordinates":[[-6.74536,41.89925],[-6.74553,41.89957]]},"properties":{"osm_type":"way","osm_id":1227829994,"country":"PT","name":"Açude de Prado Novo","operator":null,"wikidata":null,"wikipedia":null}},{"type":"Feature","geometry":{"type":"LineString","coordinates":[[-7.61415,41.06446],[-7.61416,41.06447],[-7.61419,41.06447],[-7.61421,41.06447],[-7.61423,41.06448]]},"properties":{"osm_type":"way","osm_id":1227838594,"country":"PT","name":null,"operator":null,"wikidata":null,"wikipedia":null}},{"type":"Feature","geometry":{"type":"LineString","coordinates":[[-8.03042,40.25946],[-8.03035,40.25947],[-8.03015,40.25938],[-8.02995,40.25929],[-8.02987,40.25925]]},"properties":{"osm_type":"way","osm_id":1227840423,"country":"PT","name":"Açude dos Rei de Moinhos","operator":null,"wikidata":null,"wikipedia":null}},{"type":"Feature","geometry":{"type":"LineString","coordinates":[[-7.5108,40.9102],[-7.51088,40.91024],[-7.51097,40.91026],[-7.51106,40.91027],[-7.51112,40.91026],[-7.51118,40.91023]]},"properties":{"osm_type":"way","osm_id":1227842031,"country":"PT","name":"Açude de Barreiros","operator":null,"wikidata":null,"wikipedia":null}},{"type":"Feature","geometry":{"type":"LineString","coordinates":[[-6.41613,41.67594],[-6.41531,41.67567]]},"properties":{"osm_type":"way","osm_id":1228336378,"country":"PT","name":null,"operator":null,"wikidata":null,"wikipedia":null}},{"type":"Feature","geometry":{"type":"LineString","coordinates":[[-6.49905,41.5713],[-6.49901,41.57099],[-6.49893,41.57096]]},"properties":{"osm_type":"way","osm_id":1228875135,"country":"PT","name":null,"operator":null,"wikidata":null,"wikipedia":null}},{"type":"Feature","geometry":{"type":"LineString","coordinates":[[-6.48912,41.57408],[-6.48924,41.5737]]},"properties":{"osm_type":"way","osm_id":1228875138,"country":"PT","name":null,"operator":null,"wikidata":null,"wikipedia":null}},{"type":"Feature","geometry":{"type":"LineString","coordinates":[[-8.10884,40.14017],[-8.10889,40.14032],[-8.10895,40.14045]]},"properties":{"osm_type":"way","osm_id":1230125298,"country":"PT","name":null,"operator":null,"wikidata":null,"wikipedia":null}},{"type":"Feature","geometry":{"type":"LineString","coordinates":[[-6.28391,41.59287],[-6.2838,41.59293],[-6.28378,41.59294],[-6.28372,41.59296],[-6.28367,41.59298]]},"properties":{"osm_type":"way","osm_id":1234662175,"country":"PT","name":null,"operator":null,"wikidata":null,"wikipedia":null}},{"type":"Feature","geometry":{"type":"LineString","coordinates":[[-6.32451,41.57576],[-6.32388,41.57587]]},"properties":{"osm_type":"way","osm_id":1236364784,"country":"PT","name":null,"operator":null,"wikidata":null,"wikipedia":null}},{"type":"Feature","geometry":{"type":"LineString","coordinates":[[-6.32181,41.57299],[-6.32155,41.5732],[-6.32153,41.57321]]},"properties":{"osm_type":"way","osm_id":1236455309,"country":"PT","name":null,"operator":null,"wikidata":null,"wikipedia":null}},{"type":"Feature","geometry":{"type":"LineString","coordinates":[[-6.28528,41.57524],[-6.28503,41.57522]]},"properties":{"osm_type":"way","osm_id":1239523995,"country":"PT","name":null,"operator":null,"wikidata":null,"wikipedia":null}},{"type":"Feature","geometry":{"type":"LineString","coordinates":[[-7.72252,39.96106],[-7.72233,39.96098]]},"properties":{"osm_type":"way","osm_id":1240171993,"country":"PT","name":null,"operator":null,"wikidata":null,"wikipedia":null}},{"type":"Feature","geometry":{"type":"LineString","coordinates":[[-7.72322,39.96289],[-7.72318,39.96288],[-7.72295,39.96282]]},"properties":{"osm_type":"way","osm_id":1240171995,"country":"PT","name":null,"operator":null,"wikidata":null,"wikipedia":null}},{"type":"Feature","geometry":{"type":"LineString","coordinates":[[-6.28504,41.56093],[-6.28502,41.56081],[-6.28497,41.56057]]},"properties":{"osm_type":"way","osm_id":1240516788,"country":"PT","name":null,"operator":null,"wikidata":null,"wikipedia":null}},{"type":"Feature","geometry":{"type":"LineString","coordinates":[[-8.05648,41.6784],[-8.05657,41.67822]]},"properties":{"osm_type":"way","osm_id":1241999160,"country":"PT","name":null,"operator":null,"wikidata":null,"wikipedia":null}},{"type":"Feature","geometry":{"type":"LineString","coordinates":[[-8.05757,41.67844],[-8.05783,41.67845]]},"properties":{"osm_type":"way","osm_id":1241999162,"country":"PT","name":null,"operator":null,"wikidata":null,"wikipedia":null}},{"type":"Feature","geometry":{"type":"LineString","coordinates":[[-8.06352,41.68061],[-8.06357,41.68073],[-8.06371,41.68077]]},"properties":{"osm_type":"way","osm_id":1241999165,"country":"PT","name":null,"operator":null,"wikidata":null,"wikipedia":null}},{"type":"Feature","geometry":{"type":"LineString","coordinates":[[-6.25799,41.58105],[-6.25781,41.58099],[-6.2577,41.58095]]},"properties":{"osm_type":"way","osm_id":1246010264,"country":"PT","name":null,"operator":null,"wikidata":null,"wikipedia":null}},{"type":"Feature","geometry":{"type":"LineString","coordinates":[[-8.34532,38.76614],[-8.34536,38.76608],[-8.34541,38.76602],[-8.34543,38.76599],[-8.34544,38.76595],[-8.34546,38.76592],[-8.34546,38.7659]]},"properties":{"osm_type":"way","osm_id":1247196749,"country":"PT","name":null,"operator":null,"wikidata":null,"wikipedia":null}},{"type":"Feature","geometry":{"type":"LineString","coordinates":[[-7.87397,40.12211],[-7.8738,40.12235]]},"properties":{"osm_type":"way","osm_id":1247554925,"country":"PT","name":null,"operator":null,"wikidata":null,"wikipedia":null}},{"type":"Feature","geometry":{"type":"LineString","coordinates":[[-7.87316,40.12135],[-7.87311,40.12135],[-7.87298,40.12134]]},"properties":{"osm_type":"way","osm_id":1247554927,"country":"PT","name":null,"operator":null,"wikidata":null,"wikipedia":null}},{"type":"Feature","geometry":{"type":"LineString","coordinates":[[-7.87808,40.18556],[-7.87772,40.18532],[-7.87769,40.18532],[-7.87756,40.18538],[-7.87754,40.18541],[-7.87754,40.18546],[-7.87754,40.18567]]},"properties":{"osm_type":"way","osm_id":1251172428,"country":"PT","name":null,"operator":null,"wikidata":null,"wikipedia":null}},{"type":"Feature","geometry":{"type":"LineString","coordinates":[[-7.86765,40.19516],[-7.86762,40.19519],[-7.86757,40.19521],[-7.86753,40.19522],[-7.86748,40.19523],[-7.86742,40.19522],[-7.86737,40.19521]]},"properties":{"osm_type":"way","osm_id":1251172430,"country":"PT","name":null,"operator":null,"wikidata":null,"wikipedia":null}},{"type":"Feature","geometry":{"type":"LineString","coordinates":[[-7.84909,40.15826],[-7.84892,40.1582],[-7.84883,40.15817],[-7.84873,40.15811]]},"properties":{"osm_type":"way","osm_id":1251172436,"country":"PT","name":null,"operator":null,"wikidata":null,"wikipedia":null}},{"type":"Feature","geometry":{"type":"LineString","coordinates":[[-7.59023,40.30218],[-7.59017,40.30216],[-7.59012,40.30214],[-7.59008,40.30212],[-7.59004,40.3021],[-7.59001,40.30208]]},"properties":{"osm_type":"way","osm_id":1251244697,"country":"PT","name":null,"operator":null,"wikidata":null,"wikipedia":null}},{"type":"Feature","geometry":{"type":"LineString","coordinates":[[-7.60008,40.28954],[-7.60008,40.28945]]},"properties":{"osm_type":"way","osm_id":1251264300,"country":"PT","name":null,"operator":null,"wikidata":null,"wikipedia":null}},{"type":"Feature","geometry":{"type":"LineString","coordinates":[[-7.88933,39.30743],[-7.88936,39.30731],[-7.88938,39.3072],[-7.88941,39.30702]]},"properties":{"osm_type":"way","osm_id":1253583051,"country":"PT","name":null,"operator":null,"wikidata":null,"wikipedia":null}},{"type":"Feature","geometry":{"type":"LineString","coordinates":[[-8.23344,41.02333],[-8.23378,41.02338]]},"properties":{"osm_type":"way","osm_id":1254061957,"country":"PT","name":null,"operator":null,"wikidata":null,"wikipedia":null}},{"type":"Feature","geometry":{"type":"LineString","coordinates":[[-7.86887,40.60659],[-7.86854,40.60642]]},"properties":{"osm_type":"way","osm_id":1263222262,"country":"PT","name":null,"operator":null,"wikidata":null,"wikipedia":null}},{"type":"Feature","geometry":{"type":"LineString","coordinates":[[-8.01561,40.48202],[-8.0155,40.48203],[-8.01545,40.48203],[-8.01542,40.48203],[-8.01537,40.48201],[-8.01531,40.48197],[-8.01526,40.4819],[-8.01523,40.48187]]},"properties":{"osm_type":"way","osm_id":1265628419,"country":"PT","name":null,"operator":null,"wikidata":null,"wikipedia":null}},{"type":"Feature","geometry":{"type":"LineString","coordinates":[[-8.00448,40.49644],[-8.00443,40.49648],[-8.0044,40.49649],[-8.00431,40.49652]]},"properties":{"osm_type":"way","osm_id":1266906432,"country":"PT","name":null,"operator":null,"wikidata":null,"wikipedia":null}},{"type":"Feature","geometry":{"type":"LineString","coordinates":[[-7.51938,37.52663],[-7.51933,37.52656],[-7.5193,37.52653],[-7.51924,37.52647]]},"properties":{"osm_type":"way","osm_id":1272558293,"country":"PT","name":null,"operator":null,"wikidata":null,"wikipedia":null}},{"type":"Feature","geometry":{"type":"LineString","coordinates":[[-6.35409,41.63248],[-6.35414,41.63233]]},"properties":{"osm_type":"way","osm_id":1275838322,"country":"PT","name":"Açuda de l Molino","operator":null,"wikidata":null,"wikipedia":null}},{"type":"Feature","geometry":{"type":"LineString","coordinates":[[-7.29999,40.59703],[-7.29981,40.59724]]},"properties":{"osm_type":"way","osm_id":1278193504,"country":"PT","name":null,"operator":null,"wikidata":null,"wikipedia":null}},{"type":"Feature","geometry":{"type":"LineString","coordinates":[[-8.16122,41.00356],[-8.16118,41.00344]]},"properties":{"osm_type":"way","osm_id":1278853451,"country":"PT","name":null,"operator":null,"wikidata":null,"wikipedia":null}},{"type":"Feature","geometry":{"type":"LineString","coordinates":[[-8.16297,41.00233],[-8.16286,41.00231]]},"properties":{"osm_type":"way","osm_id":1278853454,"country":"PT","name":null,"operator":null,"wikidata":null,"wikipedia":null}},{"type":"Feature","geometry":{"type":"LineString","coordinates":[[-8.16982,37.23876],[-8.1698,37.23875],[-8.16978,37.23873]]},"properties":{"osm_type":"way","osm_id":1280024068,"country":"PT","name":null,"operator":null,"wikidata":null,"wikipedia":null}},{"type":"Feature","geometry":{"type":"LineString","coordinates":[[-8.17367,37.23692],[-8.17362,37.23689],[-8.1736,37.23688]]},"properties":{"osm_type":"way","osm_id":1280024069,"country":"PT","name":null,"operator":null,"wikidata":null,"wikipedia":null}},{"type":"Feature","geometry":{"type":"LineString","coordinates":[[-7.9439,40.28457],[-7.94369,40.28462],[-7.94357,40.28464],[-7.94339,40.28468],[-7.94327,40.2847],[-7.94317,40.28471],[-7.94307,40.28469],[-7.94296,40.28466]]},"properties":{"osm_type":"way","osm_id":1280036281,"country":"PT","name":null,"operator":null,"wikidata":null,"wikipedia":null}},{"type":"Feature","geometry":{"type":"LineString","coordinates":[[-7.93536,40.29016],[-7.93549,40.29001],[-7.93564,40.28984]]},"properties":{"osm_type":"way","osm_id":1280038894,"country":"PT","name":null,"operator":null,"wikidata":null,"wikipedia":null}},{"type":"Feature","geometry":{"type":"LineString","coordinates":[[-7.77331,37.83524],[-7.77321,37.8351],[-7.77307,37.835],[-7.77304,37.83498]]},"properties":{"osm_type":"way","osm_id":1281779592,"country":"PT","name":null,"operator":null,"wikidata":null,"wikipedia":null}},{"type":"Feature","geometry":{"type":"LineString","coordinates":[[-7.01179,40.04143],[-7.01175,40.04143],[-7.0117,40.04143]]},"properties":{"osm_type":"way","osm_id":1282185703,"country":"PT","name":null,"operator":null,"wikidata":null,"wikipedia":null}},{"type":"Feature","geometry":{"type":"LineString","coordinates":[[-8.0303,40.43814],[-8.0303,40.43815],[-8.03028,40.43816]]},"properties":{"osm_type":"way","osm_id":1284954089,"country":"PT","name":null,"operator":null,"wikidata":null,"wikipedia":null}},{"type":"Feature","geometry":{"type":"LineString","coordinates":[[-8.2887,41.44138],[-8.28858,41.44147]]},"properties":{"osm_type":"way","osm_id":1287357275,"country":"PT","name":null,"operator":null,"wikidata":null,"wikipedia":null}},{"type":"Feature","geometry":{"type":"LineString","coordinates":[[-8.64866,41.23327],[-8.64866,41.23324],[-8.64863,41.23322],[-8.64864,41.23319],[-8.64862,41.23316],[-8.64855,41.23313]]},"properties":{"osm_type":"way","osm_id":1288927292,"country":"PT","name":null,"operator":null,"wikidata":null,"wikipedia":null}},{"type":"Feature","geometry":{"type":"LineString","coordinates":[[-7.97101,41.54092],[-7.97093,41.54093],[-7.97083,41.54095]]},"properties":{"osm_type":"way","osm_id":1289606525,"country":"PT","name":null,"operator":null,"wikidata":null,"wikipedia":null}},{"type":"Feature","geometry":{"type":"LineString","coordinates":[[-6.61083,41.42389],[-6.61077,41.42383]]},"properties":{"osm_type":"way","osm_id":1290268887,"country":"PT","name":null,"operator":null,"wikidata":null,"wikipedia":null}},{"type":"Feature","geometry":{"type":"LineString","coordinates":[[-6.60964,41.4244],[-6.60959,41.42433]]},"properties":{"osm_type":"way","osm_id":1290268888,"country":"PT","name":null,"operator":null,"wikidata":null,"wikipedia":null}},{"type":"Feature","geometry":{"type":"LineString","coordinates":[[-6.61188,41.42336],[-6.61182,41.42333]]},"properties":{"osm_type":"way","osm_id":1290268889,"country":"PT","name":null,"operator":null,"wikidata":null,"wikipedia":null}},{"type":"Feature","geometry":{"type":"LineString","coordinates":[[-6.61458,41.42333],[-6.61457,41.4233]]},"properties":{"osm_type":"way","osm_id":1290268890,"country":"PT","name":null,"operator":null,"wikidata":null,"wikipedia":null}},{"type":"Feature","geometry":{"type":"LineString","coordinates":[[-8.41148,41.8618],[-8.4114,41.86163]]},"properties":{"osm_type":"way","osm_id":1290290642,"country":"PT","name":null,"operator":null,"wikidata":null,"wikipedia":null}},{"type":"Feature","geometry":{"type":"LineString","coordinates":[[-8.41097,41.86149],[-8.41083,41.8617]]},"properties":{"osm_type":"way","osm_id":1290290643,"country":"PT","name":null,"operator":null,"wikidata":null,"wikipedia":null}},{"type":"Feature","geometry":{"type":"LineString","coordinates":[[-8.42966,41.81201],[-8.42967,41.81209],[-8.42965,41.81221],[-8.42958,41.81233],[-8.42954,41.8124],[-8.42936,41.81253],[-8.42926,41.81261],[-8.42908,41.81274],[-8.42898,41.81289],[-8.42894,41.81295]]},"properties":{"osm_type":"way","osm_id":1290297483,"country":"PT","name":null,"operator":null,"wikidata":null,"wikipedia":null}},{"type":"Feature","geometry":{"type":"LineString","coordinates":[[-8.42017,41.81788],[-8.42014,41.81784],[-8.42009,41.81777],[-8.42007,41.8177]]},"properties":{"osm_type":"way","osm_id":1290297484,"country":"PT","name":null,"operator":null,"wikidata":null,"wikipedia":null}},{"type":"Feature","geometry":{"type":"LineString","coordinates":[[-8.41709,41.84867],[-8.41725,41.84887],[-8.41742,41.8491]]},"properties":{"osm_type":"way","osm_id":1290297486,"country":"PT","name":null,"operator":null,"wikidata":null,"wikipedia":null}},{"type":"Feature","geometry":{"type":"LineString","coordinates":[[-8.11267,41.20544],[-8.11253,41.20548],[-8.11239,41.20551]]},"properties":{"osm_type":"way","osm_id":1291552392,"country":"PT","name":null,"operator":null,"wikidata":null,"wikipedia":null}},{"type":"Feature","geometry":{"type":"LineString","coordinates":[[-8.62336,41.12935],[-8.62321,41.12944],[-8.62294,41.12935],[-8.62293,41.12932]]},"properties":{"osm_type":"way","osm_id":1291791804,"country":"PT","name":null,"operator":null,"wikidata":null,"wikipedia":null}},{"type":"Feature","geometry":{"type":"LineString","coordinates":[[-6.71628,41.3294],[-6.71629,41.32934]]},"properties":{"osm_type":"way","osm_id":1293477424,"country":"PT","name":null,"operator":null,"wikidata":null,"wikipedia":null}},{"type":"Feature","geometry":{"type":"LineString","coordinates":[[-7.89402,38.27138],[-7.89405,38.2715],[-7.8941,38.27171],[-7.89414,38.27188],[-7.89419,38.27207]]},"properties":{"osm_type":"way","osm_id":1294598720,"country":"PT","name":"Açude Marruais","operator":null,"wikidata":null,"wikipedia":null}},{"type":"Feature","geometry":{"type":"LineString","coordinates":[[-8.75546,39.85368],[-8.75547,39.85366],[-8.75547,39.85363]]},"properties":{"osm_type":"way","osm_id":1297331453,"country":"PT","name":null,"operator":null,"wikidata":null,"wikipedia":null}},{"type":"Feature","geometry":{"type":"LineString","coordinates":[[-8.79384,39.91088],[-8.79384,39.91085],[-8.79385,39.91082]]},"properties":{"osm_type":"way","osm_id":1297332766,"country":"PT","name":null,"operator":null,"wikidata":null,"wikipedia":null}},{"type":"Feature","geometry":{"type":"LineString","coordinates":[[-8.08128,41.58282],[-8.08118,41.58304]]},"properties":{"osm_type":"way","osm_id":1298147209,"country":"PT","name":null,"operator":null,"wikidata":null,"wikipedia":null}},{"type":"Feature","geometry":{"type":"LineString","coordinates":[[-7.95209,37.85813],[-7.95184,37.85833],[-7.95188,37.85839],[-7.95218,37.85847]]},"properties":{"osm_type":"way","osm_id":1299036622,"country":"PT","name":null,"operator":null,"wikidata":null,"wikipedia":null}},{"type":"Feature","geometry":{"type":"LineString","coordinates":[[-7.89769,40.26938],[-7.89774,40.26935],[-7.89778,40.26933]]},"properties":{"osm_type":"way","osm_id":1305272558,"country":"PT","name":null,"operator":null,"wikidata":null,"wikipedia":null}},{"type":"Feature","geometry":{"type":"LineString","coordinates":[[-8.23056,41.39464],[-8.23067,41.39442]]},"properties":{"osm_type":"way","osm_id":1305921129,"country":"PT","name":null,"operator":null,"wikidata":null,"wikipedia":null}},{"type":"Feature","geometry":{"type":"LineString","coordinates":[[-7.89162,39.9213],[-7.89177,39.92127]]},"properties":{"osm_type":"way","osm_id":1306369534,"country":"PT","name":null,"operator":null,"wikidata":null,"wikipedia":null}},{"type":"Feature","geometry":{"type":"LineString","coordinates":[[-7.96479,39.88336],[-7.96475,39.88353],[-7.9647,39.88359],[-7.96472,39.88364]]},"properties":{"osm_type":"way","osm_id":1306369535,"country":"PT","name":"Várzea do Gonçalo","operator":null,"wikidata":null,"wikipedia":null}},{"type":"Feature","geometry":{"type":"LineString","coordinates":[[-8.54805,41.91819],[-8.54788,41.91801]]},"properties":{"osm_type":"way","osm_id":1306676946,"country":"PT","name":null,"operator":null,"wikidata":null,"wikipedia":null}},{"type":"Feature","geometry":{"type":"LineString","coordinates":[[-7.89191,39.92163],[-7.89202,39.92158]]},"properties":{"osm_type":"way","osm_id":1307308716,"country":"PT","name":null,"operator":null,"wikidata":null,"wikipedia":null}},{"type":"Feature","geometry":{"type":"LineString","coordinates":[[-7.96499,37.85246],[-7.96433,37.85265]]},"properties":{"osm_type":"way","osm_id":1307753582,"country":"PT","name":null,"operator":null,"wikidata":null,"wikipedia":null}},{"type":"Feature","geometry":{"type":"LineString","coordinates":[[-7.46723,40.37288],[-7.4673,40.37303],[-7.46736,40.37306]]},"properties":{"osm_type":"way","osm_id":1308595344,"country":"PT","name":null,"operator":null,"wikidata":null,"wikipedia":null}},{"type":"Feature","geometry":{"type":"LineString","coordinates":[[-8.34854,41.47895],[-8.34854,41.47899],[-8.34875,41.47913],[-8.34882,41.47918],[-8.34894,41.47921],[-8.34901,41.47926]]},"properties":{"osm_type":"way","osm_id":1309159051,"country":"PT","name":null,"operator":null,"wikidata":null,"wikipedia":null}},{"type":"Feature","geometry":{"type":"LineString","coordinates":[[-8.1942,40.62838],[-8.19432,40.62838]]},"properties":{"osm_type":"way","osm_id":1310895172,"country":"PT","name":null,"operator":null,"wikidata":null,"wikipedia":null}},{"type":"Feature","geometry":{"type":"LineString","coordinates":[[-8.19471,40.62892],[-8.19482,40.62887]]},"properties":{"osm_type":"way","osm_id":1310895173,"country":"PT","name":null,"operator":null,"wikidata":null,"wikipedia":null}},{"type":"Feature","geometry":{"type":"Polygon","coordinates":[[[-6.9046,39.89547],[-6.90462,39.89543],[-6.90461,39.89537],[-6.90452,39.89533],[-6.90438,39.89531],[-6.90406,39.89523],[-6.90392,39.8952],[-6.90385,39.8952],[-6.90385,39.8951],[-6.90397,39.89515],[-6.90409,39.89517],[-6.90455,39.89529],[-6.90466,39.89529],[-6.9047,39.89527],[-6.90476,39.89529],[-6.90464,39.89549],[-6.9046,39.89547]]]},"properties":{"osm_type":"way","osm_id":1311074844,"country":"PT","name":"Açude de Salvaterra","operator":null,"wikidata":null,"wikipedia":null}},{"type":"Feature","geometry":{"type":"LineString","coordinates":[[-7.58426,40.25519],[-7.58429,40.25519],[-7.58434,40.25521],[-7.58436,40.25522]]},"properties":{"osm_type":"way","osm_id":1315083339,"country":"PT","name":null,"operator":null,"wikidata":null,"wikipedia":null}},{"type":"Feature","geometry":{"type":"LineString","coordinates":[[-16.94247,32.67328],[-16.94249,32.67324],[-16.94251,32.67321]]},"properties":{"osm_type":"way","osm_id":1317121630,"country":"PT","name":"A8","operator":null,"wikidata":null,"wikipedia":null}},{"type":"Feature","geometry":{"type":"LineString","coordinates":[[-16.94206,32.67322],[-16.94206,32.67314]]},"properties":{"osm_type":"way","osm_id":1317121631,"country":"PT","name":"A8","operator":null,"wikidata":null,"wikipedia":null}},{"type":"Feature","geometry":{"type":"LineString","coordinates":[[-8.44273,41.92044],[-8.44273,41.9206],[-8.44272,41.92076]]},"properties":{"osm_type":"way","osm_id":1317530190,"country":"PT","name":null,"operator":null,"wikidata":null,"wikipedia":null}},{"type":"Feature","geometry":{"type":"LineString","coordinates":[[-8.18772,40.24465],[-8.18787,40.24461],[-8.18798,40.24459],[-8.18803,40.24459],[-8.18811,40.24458],[-8.18829,40.2446]]},"properties":{"osm_type":"way","osm_id":1326074278,"country":"PT","name":null,"operator":null,"wikidata":null,"wikipedia":null}},{"type":"Feature","geometry":{"type":"LineString","coordinates":[[-7.88059,40.30563],[-7.88073,40.30548],[-7.88094,40.30537]]},"properties":{"osm_type":"way","osm_id":1326366838,"country":"PT","name":null,"operator":null,"wikidata":null,"wikipedia":null}},{"type":"Feature","geometry":{"type":"LineString","coordinates":[[-8.65808,41.88639],[-8.65811,41.88635],[-8.65812,41.88633],[-8.65815,41.88618]]},"properties":{"osm_type":"way","osm_id":1327823838,"country":"PT","name":null,"operator":null,"wikidata":null,"wikipedia":null}},{"type":"Feature","geometry":{"type":"LineString","coordinates":[[-9.40357,38.97015],[-9.40351,38.97019]]},"properties":{"osm_type":"way","osm_id":1331160849,"country":"PT","name":null,"operator":null,"wikidata":null,"wikipedia":null}},{"type":"Feature","geometry":{"type":"LineString","coordinates":[[-7.64239,40.19707],[-7.64232,40.19709],[-7.6423,40.19709],[-7.64227,40.19709],[-7.64221,40.1971],[-7.64211,40.19712],[-7.64208,40.19713],[-7.64204,40.19714]]},"properties":{"osm_type":"way","osm_id":1332493947,"country":"PT","name":null,"operator":null,"wikidata":null,"wikipedia":null}},{"type":"Feature","geometry":{"type":"LineString","coordinates":[[-7.64312,40.1887],[-7.64294,40.18873],[-7.64275,40.18876]]},"properties":{"osm_type":"way","osm_id":1332493949,"country":"PT","name":null,"operator":null,"wikidata":null,"wikipedia":null}},{"type":"Feature","geometry":{"type":"LineString","coordinates":[[-8.56905,40.83535],[-8.56896,40.83536],[-8.56882,40.83532]]},"properties":{"osm_type":"way","osm_id":1333815292,"country":"PT","name":null,"operator":null,"wikidata":null,"wikipedia":null}},{"type":"Feature","geometry":{"type":"LineString","coordinates":[[-8.66384,41.39741],[-8.66379,41.39747],[-8.66372,41.39768]]},"properties":{"osm_type":"way","osm_id":1338125630,"country":"PT","name":null,"operator":null,"wikidata":null,"wikipedia":null}},{"type":"Feature","geometry":{"type":"LineString","coordinates":[[-7.18611,41.9726],[-7.1859,41.97275]]},"properties":{"osm_type":"way","osm_id":1340796950,"country":"PT","name":null,"operator":null,"wikidata":null,"wikipedia":null}},{"type":"Feature","geometry":{"type":"LineString","coordinates":[[-9.39557,38.94979],[-9.39555,38.94994],[-9.39554,38.94999]]},"properties":{"osm_type":"way","osm_id":1341301460,"country":"PT","name":null,"operator":null,"wikidata":null,"wikipedia":null}},{"type":"Feature","geometry":{"type":"LineString","coordinates":[[-7.85934,40.17964],[-7.85942,40.17957],[-7.85948,40.17951]]},"properties":{"osm_type":"way","osm_id":1341646816,"country":"PT","name":null,"operator":null,"wikidata":null,"wikipedia":null}},{"type":"Feature","geometry":{"type":"LineString","coordinates":[[-7.85824,40.17743],[-7.85828,40.17739],[-7.85834,40.17734]]},"properties":{"osm_type":"way","osm_id":1341650514,"country":"PT","name":null,"operator":null,"wikidata":null,"wikipedia":null}},{"type":"Feature","geometry":{"type":"LineString","coordinates":[[-6.35387,41.50372],[-6.35375,41.50375]]},"properties":{"osm_type":"way","osm_id":1345301651,"country":"PT","name":null,"operator":null,"wikidata":null,"wikipedia":null}},{"type":"Feature","geometry":{"type":"LineString","coordinates":[[-7.66078,37.34114],[-7.66055,37.34119],[-7.66038,37.34124]]},"properties":{"osm_type":"way","osm_id":1348009841,"country":"PT","name":null,"operator":null,"wikidata":null,"wikipedia":null}},{"type":"Feature","geometry":{"type":"LineString","coordinates":[[-6.89076,40.2862],[-6.89072,40.28619],[-6.89066,40.28618]]},"properties":{"osm_type":"way","osm_id":1348673226,"country":"PT","name":null,"operator":null,"wikidata":null,"wikipedia":null}},{"type":"Feature","geometry":{"type":"LineString","coordinates":[[-25.51902,37.82189],[-25.51905,37.82185],[-25.51908,37.82181]]},"properties":{"osm_type":"way","osm_id":1350409644,"country":"PT","name":null,"operator":null,"wikidata":null,"wikipedia":null}},{"type":"Feature","geometry":{"type":"LineString","coordinates":[[-25.51956,37.8221],[-25.51954,37.82203],[-25.51953,37.82198]]},"properties":{"osm_type":"way","osm_id":1350409645,"country":"PT","name":null,"operator":null,"wikidata":null,"wikipedia":null}},{"type":"Feature","geometry":{"type":"LineString","coordinates":[[-25.5208,37.82238],[-25.52076,37.82241],[-25.52073,37.82242]]},"properties":{"osm_type":"way","osm_id":1350409646,"country":"PT","name":null,"operator":null,"wikidata":null,"wikipedia":null}},{"type":"Feature","geometry":{"type":"LineString","coordinates":[[-25.5211,37.8228],[-25.52105,37.82282],[-25.521,37.82284]]},"properties":{"osm_type":"way","osm_id":1350409647,"country":"PT","name":null,"operator":null,"wikidata":null,"wikipedia":null}},{"type":"Feature","geometry":{"type":"LineString","coordinates":[[-25.52155,37.82331],[-25.52149,37.82334],[-25.52144,37.82338]]},"properties":{"osm_type":"way","osm_id":1350409648,"country":"PT","name":null,"operator":null,"wikidata":null,"wikipedia":null}},{"type":"Feature","geometry":{"type":"LineString","coordinates":[[-25.52135,37.82312],[-25.52129,37.82315],[-25.52123,37.82317]]},"properties":{"osm_type":"way","osm_id":1350409649,"country":"PT","name":null,"operator":null,"wikidata":null,"wikipedia":null}},{"type":"Feature","geometry":{"type":"LineString","coordinates":[[-8.75125,40.41418],[-8.75115,40.41424],[-8.75108,40.41432]]},"properties":{"osm_type":"way","osm_id":1351439644,"country":"PT","name":null,"operator":null,"wikidata":null,"wikipedia":null}},{"type":"Feature","geometry":{"type":"LineString","coordinates":[[-8.75254,40.41554],[-8.75241,40.41558],[-8.75228,40.41563]]},"properties":{"osm_type":"way","osm_id":1351439651,"country":"PT","name":null,"operator":null,"wikidata":null,"wikipedia":null}},{"type":"Feature","geometry":{"type":"LineString","coordinates":[[-7.9452,40.22941],[-7.94528,40.22939]]},"properties":{"osm_type":"way","osm_id":1352434738,"country":"PT","name":null,"operator":null,"wikidata":null,"wikipedia":null}},{"type":"Feature","geometry":{"type":"LineString","coordinates":[[-7.85836,40.24804],[-7.85847,40.24803],[-7.85855,40.24802]]},"properties":{"osm_type":"way","osm_id":1355821091,"country":"PT","name":null,"operator":null,"wikidata":null,"wikipedia":null}},{"type":"Feature","geometry":{"type":"LineString","coordinates":[[-8.42886,40.87804],[-8.42886,40.87802],[-8.42885,40.878]]},"properties":{"osm_type":"way","osm_id":1356200010,"country":"PT","name":null,"operator":null,"wikidata":null,"wikipedia":null}},{"type":"Feature","geometry":{"type":"LineString","coordinates":[[-8.64093,40.10737],[-8.64112,40.10735]]},"properties":{"osm_type":"way","osm_id":1358368034,"country":"PT","name":null,"operator":null,"wikidata":null,"wikipedia":null}},{"type":"Feature","geometry":{"type":"LineString","coordinates":[[-7.8389,40.20391],[-7.83885,40.20392],[-7.83881,40.20392]]},"properties":{"osm_type":"way","osm_id":1360172209,"country":"PT","name":null,"operator":null,"wikidata":null,"wikipedia":null}},{"type":"Feature","geometry":{"type":"LineString","coordinates":[[-7.88362,41.58921],[-7.88369,41.58924]]},"properties":{"osm_type":"way","osm_id":1363932547,"country":"PT","name":null,"operator":null,"wikidata":null,"wikipedia":null}},{"type":"Feature","geometry":{"type":"LineString","coordinates":[[-16.97644,32.82117],[-16.97636,32.82119]]},"properties":{"osm_type":"way","osm_id":1364823675,"country":"PT","name":null,"operator":null,"wikidata":null,"wikipedia":null}},{"type":"Feature","geometry":{"type":"LineString","coordinates":[[-6.56166,41.75219],[-6.562,41.75261]]},"properties":{"osm_type":"way","osm_id":1365509407,"country":"PT","name":null,"operator":null,"wikidata":null,"wikipedia":null}},{"type":"Feature","geometry":{"type":"LineString","coordinates":[[-8.35811,40.5488],[-8.35813,40.5488],[-8.35831,40.5488],[-8.35835,40.5488]]},"properties":{"osm_type":"way","osm_id":1366211911,"country":"PT","name":null,"operator":null,"wikidata":null,"wikipedia":null}},{"type":"Feature","geometry":{"type":"LineString","coordinates":[[-8.36232,41.16503],[-8.36224,41.16503],[-8.36215,41.16506],[-8.36205,41.1651]]},"properties":{"osm_type":"way","osm_id":1369726916,"country":"PT","name":null,"operator":null,"wikidata":null,"wikipedia":null}},{"type":"Feature","geometry":{"type":"LineString","coordinates":[[-8.49205,41.35568],[-8.49199,41.35574],[-8.49192,41.3559],[-8.4919,41.35594],[-8.49186,41.3561],[-8.49212,41.35629]]},"properties":{"osm_type":"way","osm_id":1370703404,"country":"PT","name":null,"operator":null,"wikidata":null,"wikipedia":null}},{"type":"Feature","geometry":{"type":"LineString","coordinates":[[-16.90457,32.75027],[-16.90455,32.75032],[-16.90454,32.75037]]},"properties":{"osm_type":"way","osm_id":1371156363,"country":"PT","name":null,"operator":null,"wikidata":null,"wikipedia":null}},{"type":"Feature","geometry":{"type":"LineString","coordinates":[[-16.92447,32.75607],[-16.92449,32.75604],[-16.92448,32.756]]},"properties":{"osm_type":"way","osm_id":1371156365,"country":"PT","name":null,"operator":null,"wikidata":null,"wikipedia":null}},{"type":"Feature","geometry":{"type":"Polygon","coordinates":[[[-8.21064,38.30742],[-8.21033,38.30701],[-8.21034,38.30694],[-8.21049,38.30698],[-8.21083,38.30751],[-8.21063,38.30754],[-8.21059,38.30745],[-8.21064,38.30742]]]},"properties":{"osm_type":"way","osm_id":1371164305,"country":"PT","name":null,"operator":null,"wikidata":null,"wikipedia":null}},{"type":"Feature","geometry":{"type":"LineString","coordinates":[[-8.20603,38.3099],[-8.20599,38.30984],[-8.20592,38.30978],[-8.20564,38.30965],[-8.2054,38.30953],[-8.20535,38.30942],[-8.20535,38.30941]]},"properties":{"osm_type":"way","osm_id":1371164308,"country":"PT","name":null,"operator":null,"wikidata":null,"wikipedia":null}},{"type":"Feature","geometry":{"type":"LineString","coordinates":[[-25.26687,37.84149],[-25.26686,37.84152],[-25.26686,37.84156]]},"properties":{"osm_type":"way","osm_id":1371903697,"country":"PT","name":null,"operator":null,"wikidata":null,"wikipedia":null}},{"type":"Feature","geometry":{"type":"LineString","coordinates":[[-7.73984,40.78275],[-7.73995,40.78267]]},"properties":{"osm_type":"way","osm_id":1373418360,"country":"PT","name":null,"operator":null,"wikidata":null,"wikipedia":null}},{"type":"Feature","geometry":{"type":"LineString","coordinates":[[-8.49904,40.80992],[-8.49907,40.80986],[-8.4991,40.8098]]},"properties":{"osm_type":"way","osm_id":1373455876,"country":"PT","name":null,"operator":null,"wikidata":null,"wikipedia":null}},{"type":"Feature","geometry":{"type":"LineString","coordinates":[[-8.49795,40.81477],[-8.49787,40.81471],[-8.49778,40.81466]]},"properties":{"osm_type":"way","osm_id":1373455879,"country":"PT","name":null,"operator":null,"wikidata":null,"wikipedia":null}},{"type":"Feature","geometry":{"type":"LineString","coordinates":[[-7.43298,38.94012],[-7.43305,38.94013],[-7.43317,38.94016],[-7.4333,38.94019],[-7.43338,38.9402]]},"properties":{"osm_type":"way","osm_id":1376176914,"country":"PT","name":null,"operator":null,"wikidata":null,"wikipedia":null}},{"type":"Feature","geometry":{"type":"LineString","coordinates":[[-7.48287,39.03505],[-7.48299,39.03502],[-7.48307,39.03495],[-7.4831,39.0349],[-7.48316,39.03477],[-7.48317,39.03474]]},"properties":{"osm_type":"way","osm_id":1377274862,"country":"PT","name":null,"operator":null,"wikidata":null,"wikipedia":null}},{"type":"Feature","geometry":{"type":"LineString","coordinates":[[-8.71179,39.44511],[-8.71183,39.44516],[-8.71198,39.44535],[-8.71196,39.4454],[-8.71195,39.44543],[-8.71193,39.44552],[-8.71185,39.44556],[-8.71178,39.44559],[-8.71176,39.44561]]},"properties":{"osm_type":"way","osm_id":1379146598,"country":"PT","name":null,"operator":null,"wikidata":null,"wikipedia":null}},{"type":"Feature","geometry":{"type":"LineString","coordinates":[[-8.27709,40.9244],[-8.27701,40.92449]]},"properties":{"osm_type":"way","osm_id":1382351766,"country":"PT","name":null,"operator":null,"wikidata":null,"wikipedia":null}},{"type":"Feature","geometry":{"type":"LineString","coordinates":[[-8.01002,40.48736],[-8.00997,40.48738],[-8.00994,40.48738],[-8.00991,40.48738],[-8.00987,40.48737]]},"properties":{"osm_type":"way","osm_id":1387989010,"country":"PT","name":null,"operator":null,"wikidata":null,"wikipedia":null}},{"type":"Feature","geometry":{"type":"LineString","coordinates":[[-6.26073,41.54106],[-6.26063,41.54113]]},"properties":{"osm_type":"way","osm_id":1389270500,"country":"PT","name":null,"operator":null,"wikidata":null,"wikipedia":null}},{"type":"Feature","geometry":{"type":"LineString","coordinates":[[-6.26046,41.53764],[-6.26029,41.53756]]},"properties":{"osm_type":"way","osm_id":1389270501,"country":"PT","name":null,"operator":null,"wikidata":null,"wikipedia":null}},{"type":"Feature","geometry":{"type":"LineString","coordinates":[[-8.51038,40.7814],[-8.5102,40.7812]]},"properties":{"osm_type":"way","osm_id":1389373848,"country":"PT","name":null,"operator":null,"wikidata":null,"wikipedia":null}},{"type":"Feature","geometry":{"type":"LineString","coordinates":[[-8.49569,40.81178],[-8.49552,40.8117]]},"properties":{"osm_type":"way","osm_id":1389747862,"country":"PT","name":null,"operator":null,"wikidata":null,"wikipedia":null}},{"type":"Feature","geometry":{"type":"LineString","coordinates":[[-7.63321,38.34683],[-7.6333,38.34676],[-7.63334,38.34672]]},"properties":{"osm_type":"way","osm_id":1391884531,"country":"PT","name":null,"operator":null,"wikidata":null,"wikipedia":null}},{"type":"Feature","geometry":{"type":"LineString","coordinates":[[-7.63316,38.34688],[-7.63321,38.34683]]},"properties":{"osm_type":"way","osm_id":1391884532,"country":"PT","name":null,"operator":null,"wikidata":null,"wikipedia":null}},{"type":"Feature","geometry":{"type":"LineString","coordinates":[[-6.28766,41.53733],[-6.2876,41.53726],[-6.28753,41.53721],[-6.28747,41.53718]]},"properties":{"osm_type":"way","osm_id":1392059603,"country":"PT","name":null,"operator":null,"wikidata":null,"wikipedia":null}},{"type":"Feature","geometry":{"type":"LineString","coordinates":[[-8.59153,40.7419],[-8.59153,40.74185],[-8.59154,40.7418]]},"properties":{"osm_type":"way","osm_id":1392726923,"country":"PT","name":null,"operator":null,"wikidata":null,"wikipedia":null}},{"type":"Feature","geometry":{"type":"LineString","coordinates":[[-6.28684,41.53827],[-6.2867,41.53824]]},"properties":{"osm_type":"way","osm_id":1393984464,"country":"PT","name":null,"operator":null,"wikidata":null,"wikipedia":null}},{"type":"Feature","geometry":{"type":"LineString","coordinates":[[-8.03606,40.24901],[-8.03646,40.24883],[-8.03651,40.24881],[-8.03655,40.24879],[-8.03672,40.24873],[-8.03681,40.24871],[-8.03685,40.24871]]},"properties":{"osm_type":"way","osm_id":1396251344,"country":"PT","name":null,"operator":null,"wikidata":null,"wikipedia":null}},{"type":"Feature","geometry":{"type":"LineString","coordinates":[[-8.00275,40.26878],[-8.00261,40.26866],[-8.00249,40.26852]]},"properties":{"osm_type":"way","osm_id":1408673368,"country":"PT","name":null,"operator":null,"wikidata":null,"wikipedia":null}},{"type":"Feature","geometry":{"type":"LineString","coordinates":[[-9.21574,38.69177],[-9.2157,38.69174],[-9.21566,38.69173],[-9.21565,38.69171],[-9.21565,38.69168],[-9.21566,38.69167],[-9.21565,38.69165],[-9.21563,38.69163],[-9.21561,38.69162],[-9.21558,38.69161],[-9.21553,38.69161],[-9.2152,38.69168],[-9.2152,38.6917]]},"properties":{"osm_type":"way","osm_id":1409941235,"country":"PT","name":null,"operator":null,"wikidata":null,"wikipedia":null}},{"type":"Feature","geometry":{"type":"LineString","coordinates":[[-9.21653,38.69178],[-9.21653,38.69175],[-9.21621,38.69181],[-9.21617,38.69181],[-9.21614,38.6918],[-9.21612,38.69179],[-9.21606,38.69173],[-9.21605,38.69171]]},"properties":{"osm_type":"way","osm_id":1409941240,"country":"PT","name":null,"operator":null,"wikidata":null,"wikipedia":null}},{"type":"Feature","geometry":{"type":"LineString","coordinates":[[-8.59657,39.49061],[-8.59662,39.49062],[-8.59668,39.49056],[-8.59678,39.49051],[-8.59693,39.49055]]},"properties":{"osm_type":"way","osm_id":1410383442,"country":"PT","name":null,"operator":null,"wikidata":null,"wikipedia":null}},{"type":"Feature","geometry":{"type":"LineString","coordinates":[[-8.45622,40.76675],[-8.45641,40.76688]]},"properties":{"osm_type":"way","osm_id":1410855223,"country":"PT","name":null,"operator":null,"wikidata":null,"wikipedia":null}},{"type":"Feature","geometry":{"type":"LineString","coordinates":[[-6.91451,41.46951],[-6.91455,41.46964]]},"properties":{"osm_type":"way","osm_id":1410869270,"country":"PT","name":null,"operator":null,"wikidata":null,"wikipedia":null}},{"type":"Feature","geometry":{"type":"LineString","coordinates":[[-7.75471,41.03341],[-7.75502,41.03317]]},"properties":{"osm_type":"way","osm_id":1413062271,"country":"PT","name":null,"operator":null,"wikidata":null,"wikipedia":null}},{"type":"Feature","geometry":{"type":"LineString","coordinates":[[-8.30128,41.5163],[-8.30102,41.51646],[-8.30098,41.51652],[-8.30092,41.51657],[-8.30086,41.51658],[-8.30083,41.51659],[-8.30075,41.51658],[-8.30066,41.51656],[-8.30058,41.51658]]},"properties":{"osm_type":"way","osm_id":1415870554,"country":"PT","name":null,"operator":null,"wikidata":null,"wikipedia":null}},{"type":"Feature","geometry":{"type":"LineString","coordinates":[[-8.33611,41.48811],[-8.33587,41.48782]]},"properties":{"osm_type":"way","osm_id":1416950502,"country":"PT","name":null,"operator":null,"wikidata":null,"wikipedia":null}},{"type":"Feature","geometry":{"type":"LineString","coordinates":[[-8.42646,41.81529],[-8.4264,41.8152],[-8.42635,41.81511]]},"properties":{"osm_type":"way","osm_id":1416955532,"country":"PT","name":null,"operator":null,"wikidata":null,"wikipedia":null}},{"type":"Feature","geometry":{"type":"LineString","coordinates":[[-8.41693,41.82006],[-8.41676,41.8201],[-8.41661,41.82019],[-8.41635,41.82022]]},"properties":{"osm_type":"way","osm_id":1416955534,"country":"PT","name":null,"operator":null,"wikidata":null,"wikipedia":null}},{"type":"Feature","geometry":{"type":"LineString","coordinates":[[-7.60254,41.65891],[-7.60246,41.65894],[-7.60232,41.65895],[-7.60205,41.65898],[-7.602,41.65899]]},"properties":{"osm_type":"way","osm_id":1419286715,"country":"PT","name":null,"operator":null,"wikidata":null,"wikipedia":null}},{"type":"Feature","geometry":{"type":"LineString","coordinates":[[-7.86427,41.52462],[-7.86408,41.52452],[-7.86388,41.52442]]},"properties":{"osm_type":"way","osm_id":1421749145,"country":"PT","name":null,"operator":null,"wikidata":null,"wikipedia":null}},{"type":"Feature","geometry":{"type":"LineString","coordinates":[[-7.46895,37.34649],[-7.46946,37.3466],[-7.46959,37.34663]]},"properties":{"osm_type":"way","osm_id":1422439466,"country":"PT","name":null,"operator":null,"wikidata":null,"wikipedia":null}},{"type":"Feature","geometry":{"type":"LineString","coordinates":[[-6.93311,40.47334],[-6.93325,40.4733],[-6.93341,40.4732]]},"properties":{"osm_type":"way","osm_id":1422472244,"country":"PT","name":null,"operator":null,"wikidata":null,"wikipedia":null}},{"type":"Feature","geometry":{"type":"LineString","coordinates":[[-6.47151,41.30024],[-6.47131,41.3],[-6.47113,41.29977]]},"properties":{"osm_type":"way","osm_id":1422929721,"country":"PT","name":null,"operator":null,"wikidata":null,"wikipedia":null}},{"type":"Feature","geometry":{"type":"LineString","coordinates":[[-7.45812,41.75378],[-7.45825,41.75382],[-7.45846,41.75389]]},"properties":{"osm_type":"way","osm_id":1423679032,"country":"PT","name":null,"operator":null,"wikidata":null,"wikipedia":null}},{"type":"Feature","geometry":{"type":"Polygon","coordinates":[[[-7.74069,41.1467],[-7.74065,41.14669],[-7.74068,41.14658],[-7.74072,41.14646],[-7.74074,41.1464],[-7.74077,41.14629],[-7.74086,41.14602],[-7.74095,41.14574],[-7.74098,41.14564],[-7.741,41.14557],[-7.74104,41.14547],[-7.74105,41.14541],[-7.74106,41.14538],[-7.74111,41.14539],[-7.74108,41.14548],[-7.74099,41.14575],[-7.74091,41.14603],[-7.74082,41.1463],[-7.74073,41.14659],[-7.74069,41.1467]]]},"properties":{"osm_type":"way","osm_id":1424661542,"country":"PT","name":null,"operator":null,"wikidata":null,"wikipedia":null}},{"type":"Feature","geometry":{"type":"LineString","coordinates":[[-8.38896,42.04731],[-8.38911,42.04717]]},"properties":{"osm_type":"way","osm_id":1424947613,"country":"PT","name":null,"operator":null,"wikidata":null,"wikipedia":null}},{"type":"Feature","geometry":{"type":"LineString","coordinates":[[-7.36079,41.43073],[-7.36081,41.43066],[-7.3607,41.43061],[-7.36066,41.43065]]},"properties":{"osm_type":"way","osm_id":1425081482,"country":"PT","name":null,"operator":null,"wikidata":null,"wikipedia":null}},{"type":"Feature","geometry":{"type":"LineString","coordinates":[[-7.8038,39.54292],[-7.80385,39.54269],[-7.8039,39.54247]]},"properties":{"osm_type":"way","osm_id":1426229363,"country":"PT","name":null,"operator":null,"wikidata":null,"wikipedia":null}},{"type":"Feature","geometry":{"type":"LineString","coordinates":[[-7.89723,41.22262],[-7.89707,41.22253]]},"properties":{"osm_type":"way","osm_id":1426612444,"country":"PT","name":null,"operator":null,"wikidata":null,"wikipedia":null}},{"type":"Feature","geometry":{"type":"LineString","coordinates":[[-8.13193,41.08534],[-8.13161,41.08505],[-8.13128,41.08476]]},"properties":{"osm_type":"way","osm_id":1427370837,"country":"PT","name":null,"operator":null,"wikidata":null,"wikipedia":null}},{"type":"Feature","geometry":{"type":"LineString","coordinates":[[-8.13263,41.08596],[-8.13233,41.0857],[-8.13203,41.08543]]},"properties":{"osm_type":"way","osm_id":1427370838,"country":"PT","name":null,"operator":null,"wikidata":null,"wikipedia":null}},{"type":"Feature","geometry":{"type":"LineString","coordinates":[[-7.11502,41.1352],[-7.11495,41.13494],[-7.11488,41.13469]]},"properties":{"osm_type":"way","osm_id":1427393179,"country":"PT","name":null,"operator":null,"wikidata":null,"wikipedia":null}},{"type":"Feature","geometry":{"type":"LineString","coordinates":[[-7.11516,41.13575],[-7.1151,41.1355],[-7.11503,41.13524]]},"properties":{"osm_type":"way","osm_id":1427393180,"country":"PT","name":null,"operator":null,"wikidata":null,"wikipedia":null}},{"type":"Feature","geometry":{"type":"LineString","coordinates":[[-8.56313,41.85086],[-8.56312,41.85084],[-8.56312,41.85075],[-8.56311,41.85066],[-8.56311,41.85065]]},"properties":{"osm_type":"way","osm_id":1427769456,"country":"PT","name":"Açude de Labruja","operator":null,"wikidata":null,"wikipedia":null}},{"type":"Feature","geometry":{"type":"LineString","coordinates":[[-8.22324,40.59926],[-8.22316,40.59923],[-8.22307,40.59919]]},"properties":{"osm_type":"way","osm_id":1428887328,"country":"PT","name":null,"operator":null,"wikidata":null,"wikipedia":null}},{"type":"Feature","geometry":{"type":"LineString","coordinates":[[-16.36101,33.05216],[-16.36099,33.05202],[-16.36097,33.0519]]},"properties":{"osm_type":"way","osm_id":1429486114,"country":"PT","name":null,"operator":null,"wikidata":null,"wikipedia":null}},{"type":"Feature","geometry":{"type":"Polygon","coordinates":[[[-16.36461,33.05233],[-16.36458,33.05238],[-16.36455,33.05243],[-16.36451,33.0524],[-16.36454,33.05237],[-16.36454,33.05236],[-16.36456,33.05234],[-16.36455,33.05231],[-16.36461,33.05233]]]},"properties":{"osm_type":"way","osm_id":1429486116,"country":"PT","name":null,"operator":null,"wikidata":null,"wikipedia":null}},{"type":"Feature","geometry":{"type":"LineString","coordinates":[[-16.36977,33.05634],[-16.36972,33.05635],[-16.36969,33.05635]]},"properties":{"osm_type":"way","osm_id":1429486117,"country":"PT","name":null,"operator":null,"wikidata":null,"wikipedia":null}},{"type":"Feature","geometry":{"type":"LineString","coordinates":[[-16.36958,33.05575],[-16.36955,33.05576],[-16.36952,33.05577]]},"properties":{"osm_type":"way","osm_id":1429486118,"country":"PT","name":null,"operator":null,"wikidata":null,"wikipedia":null}},{"type":"Feature","geometry":{"type":"LineString","coordinates":[[-16.369,33.05504],[-16.36897,33.05506],[-16.36892,33.05508]]},"properties":{"osm_type":"way","osm_id":1429486119,"country":"PT","name":null,"operator":null,"wikidata":null,"wikipedia":null}},{"type":"Feature","geometry":{"type":"LineString","coordinates":[[-16.38226,33.03331],[-16.38224,33.03328],[-16.38222,33.03326]]},"properties":{"osm_type":"way","osm_id":1429496255,"country":"PT","name":null,"operator":null,"wikidata":null,"wikipedia":null}},{"type":"Feature","geometry":{"type":"LineString","coordinates":[[-16.38201,33.03409],[-16.38196,33.0341],[-16.3819,33.03412]]},"properties":{"osm_type":"way","osm_id":1429496256,"country":"PT","name":null,"operator":null,"wikidata":null,"wikipedia":null}},{"type":"Feature","geometry":{"type":"LineString","coordinates":[[-16.38223,33.03449],[-16.38218,33.03451],[-16.38213,33.03452]]},"properties":{"osm_type":"way","osm_id":1429496257,"country":"PT","name":null,"operator":null,"wikidata":null,"wikipedia":null}},{"type":"Feature","geometry":{"type":"LineString","coordinates":[[-16.38239,33.03487],[-16.38231,33.03489],[-16.38227,33.0349]]},"properties":{"osm_type":"way","osm_id":1429496258,"country":"PT","name":null,"operator":null,"wikidata":null,"wikipedia":null}},{"type":"Feature","geometry":{"type":"LineString","coordinates":[[-16.84838,32.78323],[-16.84868,32.78307],[-16.84904,32.78289]]},"properties":{"osm_type":"way","osm_id":1430026002,"country":"PT","name":null,"operator":null,"wikidata":null,"wikipedia":null}},{"type":"Feature","geometry":{"type":"LineString","coordinates":[[-8.20308,40.25458],[-8.20303,40.2545],[-8.20301,40.25442],[-8.20302,40.25434],[-8.20315,40.25405]]},"properties":{"osm_type":"way","osm_id":1430100902,"country":"PT","name":null,"operator":null,"wikidata":null,"wikipedia":null}},{"type":"Feature","geometry":{"type":"LineString","coordinates":[[-6.92347,40.38352],[-6.92345,40.38352],[-6.92346,40.38344],[-6.92344,40.38344],[-6.9234,40.3835],[-6.92339,40.3835],[-6.92338,40.3835],[-6.92339,40.38343],[-6.92337,40.38342],[-6.92332,40.38348]]},"properties":{"osm_type":"way","osm_id":1430296052,"country":"PT","name":null,"operator":null,"wikidata":null,"wikipedia":null}},{"type":"Feature","geometry":{"type":"LineString","coordinates":[[-6.75706,41.80459],[-6.75715,41.80458],[-6.75719,41.80457],[-6.75722,41.80456],[-6.75726,41.80454],[-6.75728,41.80451]]},"properties":{"osm_type":"way","osm_id":1430608403,"country":"PT","name":null,"operator":null,"wikidata":null,"wikipedia":null}},{"type":"Feature","geometry":{"type":"LineString","coordinates":[[-6.75658,41.80423],[-6.75663,41.80417],[-6.75671,41.8041]]},"properties":{"osm_type":"way","osm_id":1430608404,"country":"PT","name":null,"operator":null,"wikidata":null,"wikipedia":null}},{"type":"Feature","geometry":{"type":"LineString","coordinates":[[-6.75825,41.80406],[-6.75812,41.80403],[-6.75804,41.80402]]},"properties":{"osm_type":"way","osm_id":1430608405,"country":"PT","name":null,"operator":null,"wikidata":null,"wikipedia":null}},{"type":"Feature","geometry":{"type":"LineString","coordinates":[[-6.7597,41.80088],[-6.75958,41.80092],[-6.75944,41.80096]]},"properties":{"osm_type":"way","osm_id":1430730282,"country":"PT","name":null,"operator":null,"wikidata":null,"wikipedia":null}},{"type":"Feature","geometry":{"type":"LineString","coordinates":[[-8.21646,41.55738],[-8.21646,41.55743],[-8.21644,41.55747],[-8.21641,41.55752],[-8.21635,41.55754],[-8.21631,41.55754],[-8.21623,41.55754],[-8.21617,41.55753]]},"properties":{"osm_type":"way","osm_id":1431283287,"country":"PT","name":null,"operator":null,"wikidata":null,"wikipedia":null}},{"type":"Feature","geometry":{"type":"LineString","coordinates":[[-16.34464,33.07356],[-16.34463,33.07358],[-16.34462,33.07359]]},"properties":{"osm_type":"way","osm_id":1431591352,"country":"PT","name":null,"operator":null,"wikidata":null,"wikipedia":null}},{"type":"Feature","geometry":{"type":"LineString","coordinates":[[-16.34396,33.07333],[-16.34395,33.07336],[-16.34395,33.07339]]},"properties":{"osm_type":"way","osm_id":1431591353,"country":"PT","name":null,"operator":null,"wikidata":null,"wikipedia":null}},{"type":"Feature","geometry":{"type":"LineString","coordinates":[[-16.34303,33.0729],[-16.34298,33.07294],[-16.3429,33.07302]]},"properties":{"osm_type":"way","osm_id":1431591354,"country":"PT","name":null,"operator":null,"wikidata":null,"wikipedia":null}},{"type":"Feature","geometry":{"type":"LineString","coordinates":[[-8.00925,39.80336],[-8.0092,39.80338],[-8.00917,39.80339],[-8.00913,39.80339],[-8.00907,39.80338]]},"properties":{"osm_type":"way","osm_id":1431724532,"country":"PT","name":"Açude de Boiçô","operator":null,"wikidata":null,"wikipedia":null}},{"type":"Feature","geometry":{"type":"LineString","coordinates":[[-7.99104,39.76866],[-7.99107,39.76859],[-7.99111,39.76849]]},"properties":{"osm_type":"way","osm_id":1431725120,"country":"PT","name":null,"operator":null,"wikidata":null,"wikipedia":null}},{"type":"Feature","geometry":{"type":"LineString","coordinates":[[-8.00566,39.76853],[-8.00568,39.76861],[-8.00568,39.76867],[-8.00572,39.76869]]},"properties":{"osm_type":"way","osm_id":1431725200,"country":"PT","name":null,"operator":null,"wikidata":null,"wikipedia":null}},{"type":"Feature","geometry":{"type":"LineString","coordinates":[[-7.83612,39.91858],[-7.83605,39.91846]]},"properties":{"osm_type":"way","osm_id":1432035565,"country":"PT","name":null,"operator":null,"wikidata":null,"wikipedia":null}},{"type":"Feature","geometry":{"type":"LineString","coordinates":[[-7.38127,41.78394],[-7.3814,41.78389],[-7.3814,41.78388],[-7.38122,41.78388],[-7.38122,41.78387],[-7.38122,41.78386],[-7.38138,41.78379],[-7.38137,41.78378],[-7.38124,41.78379],[-7.38122,41.78379]]},"properties":{"osm_type":"way","osm_id":1432064006,"country":"PT","name":null,"operator":null,"wikidata":null,"wikipedia":null}},{"type":"Feature","geometry":{"type":"LineString","coordinates":[[-8.2097,38.79939],[-8.20939,38.79937],[-8.20925,38.79936],[-8.20913,38.79935],[-8.20897,38.79934]]},"properties":{"osm_type":"way","osm_id":1432069399,"country":"PT","name":null,"operator":null,"wikidata":null,"wikipedia":null}},{"type":"Feature","geometry":{"type":"LineString","coordinates":[[-7.58552,38.05807],[-7.58552,38.0581],[-7.58546,38.0581],[-7.58546,38.05811],[-7.58552,38.05815],[-7.58553,38.05815],[-7.58553,38.05817],[-7.58553,38.05818],[-7.58552,38.05818],[-7.58543,38.05817],[-7.58543,38.05818],[-7.58552,38.05824]]},"properties":{"osm_type":"way","osm_id":1432335884,"country":"PT","name":null,"operator":null,"wikidata":null,"wikipedia":null}},{"type":"Feature","geometry":{"type":"LineString","coordinates":[[-8.4986,37.88363],[-8.4986,37.88361],[-8.4989,37.88364],[-8.49891,37.88362],[-8.49891,37.88361],[-8.49863,37.88351],[-8.49864,37.88349]]},"properties":{"osm_type":"way","osm_id":1433572125,"country":"PT","name":null,"operator":null,"wikidata":null,"wikipedia":null}},{"type":"Feature","geometry":{"type":"LineString","coordinates":[[-8.08574,38.34097],[-8.08566,38.34087],[-8.08563,38.34084],[-8.08557,38.34083],[-8.08556,38.34082],[-8.08554,38.34081],[-8.08549,38.34074],[-8.08541,38.34064],[-8.08527,38.34057],[-8.08515,38.34023],[-8.08511,38.34007],[-8.08504,38.34007]]},"properties":{"osm_type":"way","osm_id":1433653018,"country":"PT","name":null,"operator":null,"wikidata":null,"wikipedia":null}},{"type":"Feature","geometry":{"type":"LineString","coordinates":[[-9.00258,39.7672],[-9.00257,39.7671]]},"properties":{"osm_type":"way","osm_id":1434147680,"country":"PT","name":null,"operator":null,"wikidata":null,"wikipedia":null}},{"type":"Feature","geometry":{"type":"LineString","coordinates":[[-7.42903,41.80586],[-7.42904,41.8058],[-7.429,41.80538],[-7.42898,41.80512]]},"properties":{"osm_type":"way","osm_id":1434812381,"country":"PT","name":null,"operator":null,"wikidata":null,"wikipedia":null}},{"type":"Feature","geometry":{"type":"LineString","coordinates":[[-7.63185,38.1113],[-7.62904,38.10973]]},"properties":{"osm_type":"way","osm_id":1435619760,"country":"PT","name":"Bacia de dissipação","operator":null,"wikidata":null,"wikipedia":null}},{"type":"Feature","geometry":{"type":"LineString","coordinates":[[-25.29586,37.77204],[-25.29571,37.77207],[-25.29557,37.7721]]},"properties":{"osm_type":"way","osm_id":1436760543,"country":"PT","name":null,"operator":null,"wikidata":null,"wikipedia":null}},{"type":"Feature","geometry":{"type":"LineString","coordinates":[[-7.79246,41.6182],[-7.79246,41.61819],[-7.79246,41.61817],[-7.79245,41.61806],[-7.79248,41.61802],[-7.79249,41.618]]},"properties":{"osm_type":"way","osm_id":1436926227,"country":"PT","name":null,"operator":null,"wikidata":null,"wikipedia":null}},{"type":"Feature","geometry":{"type":"LineString","coordinates":[[-7.79156,41.61833],[-7.79158,41.61821]]},"properties":{"osm_type":"way","osm_id":1436926230,"country":"PT","name":null,"operator":null,"wikidata":null,"wikipedia":null}},{"type":"Feature","geometry":{"type":"LineString","coordinates":[[-25.29064,37.76539],[-25.29048,37.76544],[-25.29036,37.76548]]},"properties":{"osm_type":"way","osm_id":1436937421,"country":"PT","name":null,"operator":null,"wikidata":null,"wikipedia":null}},{"type":"Feature","geometry":{"type":"LineString","coordinates":[[-25.29194,37.76289],[-25.29187,37.76279],[-25.29183,37.76275],[-25.29206,37.76265],[-25.29196,37.76256]]},"properties":{"osm_type":"way","osm_id":1436937425,"country":"PT","name":null,"operator":null,"wikidata":null,"wikipedia":null}},{"type":"Feature","geometry":{"type":"LineString","coordinates":[[-16.38485,33.04521],[-16.38493,33.04526]]},"properties":{"osm_type":"way","osm_id":1437013201,"country":"PT","name":null,"operator":null,"wikidata":null,"wikipedia":null}},{"type":"Feature","geometry":{"type":"LineString","coordinates":[[-16.38794,33.03979],[-16.38792,33.03971]]},"properties":{"osm_type":"way","osm_id":1437013202,"country":"PT","name":null,"operator":null,"wikidata":null,"wikipedia":null}},{"type":"Feature","geometry":{"type":"LineString","coordinates":[[-16.3942,33.03857],[-16.39427,33.03859],[-16.39436,33.03859],[-16.39436,33.03853],[-16.39439,33.03853]]},"properties":{"osm_type":"way","osm_id":1437013203,"country":"PT","name":null,"operator":null,"wikidata":null,"wikipedia":null}},{"type":"Feature","geometry":{"type":"LineString","coordinates":[[-16.39305,33.03865],[-16.39308,33.0388]]},"properties":{"osm_type":"way","osm_id":1437013204,"country":"PT","name":null,"operator":null,"wikidata":null,"wikipedia":null}},{"type":"Feature","geometry":{"type":"LineString","coordinates":[[-16.38983,33.03953],[-16.38983,33.0396]]},"properties":{"osm_type":"way","osm_id":1437013205,"country":"PT","name":null,"operator":null,"wikidata":null,"wikipedia":null}},{"type":"Feature","geometry":{"type":"LineString","coordinates":[[-16.38895,33.03969],[-16.389,33.03976]]},"properties":{"osm_type":"way","osm_id":1437013206,"country":"PT","name":null,"operator":null,"wikidata":null,"wikipedia":null}},{"type":"Feature","geometry":{"type":"LineString","coordinates":[[-16.38797,33.03943],[-16.38798,33.03951]]},"properties":{"osm_type":"way","osm_id":1437013207,"country":"PT","name":null,"operator":null,"wikidata":null,"wikipedia":null}},{"type":"Feature","geometry":{"type":"LineString","coordinates":[[-16.3875,33.03944],[-16.38745,33.03957]]},"properties":{"osm_type":"way","osm_id":1437013208,"country":"PT","name":null,"operator":null,"wikidata":null,"wikipedia":null}},{"type":"Feature","geometry":{"type":"LineString","coordinates":[[-16.38702,33.03943],[-16.38701,33.03949]]},"properties":{"osm_type":"way","osm_id":1437013209,"country":"PT","name":null,"operator":null,"wikidata":null,"wikipedia":null}},{"type":"Feature","geometry":{"type":"LineString","coordinates":[[-16.38684,33.03931],[-16.38681,33.03943]]},"properties":{"osm_type":"way","osm_id":1437013210,"country":"PT","name":null,"operator":null,"wikidata":null,"wikipedia":null}},{"type":"Feature","geometry":{"type":"LineString","coordinates":[[-8.26352,41.53959],[-8.26347,41.53983],[-8.26342,41.53991],[-8.26339,41.53994],[-8.26337,41.53996]]},"properties":{"osm_type":"way","osm_id":1442327542,"country":"PT","name":null,"operator":null,"wikidata":null,"wikipedia":null}},{"type":"Feature","geometry":{"type":"LineString","coordinates":[[-7.05184,40.76564],[-7.05196,40.76559],[-7.05222,40.76549]]},"properties":{"osm_type":"way","osm_id":1442804204,"country":"PT","name":null,"operator":null,"wikidata":null,"wikipedia":null}},{"type":"Feature","geometry":{"type":"LineString","coordinates":[[-8.02129,38.23174],[-8.02142,38.2317],[-8.02143,38.23169],[-8.02153,38.23165],[-8.02164,38.23158]]},"properties":{"osm_type":"way","osm_id":1443354560,"country":"PT","name":null,"operator":null,"wikidata":null,"wikipedia":null}},{"type":"Feature","geometry":{"type":"LineString","coordinates":[[-8.97952,38.90593],[-8.97949,38.90589],[-8.97947,38.90586]]},"properties":{"osm_type":"way","osm_id":1443458721,"country":"PT","name":null,"operator":null,"wikidata":null,"wikipedia":null}},{"type":"Feature","geometry":{"type":"LineString","coordinates":[[-8.5156,41.35097],[-8.51569,41.35065],[-8.5158,41.35026]]},"properties":{"osm_type":"way","osm_id":1444813083,"country":"PT","name":null,"operator":null,"wikidata":null,"wikipedia":null}},{"type":"Feature","geometry":{"type":"LineString","coordinates":[[-8.51762,41.34849],[-8.5177,41.34874],[-8.5178,41.34893],[-8.51791,41.34899],[-8.51792,41.34907]]},"properties":{"osm_type":"way","osm_id":1444813085,"country":"PT","name":null,"operator":null,"wikidata":null,"wikipedia":null}},{"type":"Feature","geometry":{"type":"LineString","coordinates":[[-8.52805,41.34694],[-8.52815,41.34701],[-8.52834,41.34694],[-8.52854,41.3469],[-8.52873,41.34687],[-8.52886,41.34685],[-8.5291,41.34687]]},"properties":{"osm_type":"way","osm_id":1444813087,"country":"PT","name":null,"operator":null,"wikidata":null,"wikipedia":null}},{"type":"Feature","geometry":{"type":"LineString","coordinates":[[-8.54137,41.34504],[-8.54124,41.34507],[-8.54102,41.34508],[-8.54089,41.34505],[-8.54063,41.34499]]},"properties":{"osm_type":"way","osm_id":1444813089,"country":"PT","name":null,"operator":null,"wikidata":null,"wikipedia":null}},{"type":"Feature","geometry":{"type":"LineString","coordinates":[[-8.61784,41.33757],[-8.61762,41.33751],[-8.61761,41.33735],[-8.6176,41.33721],[-8.61792,41.33671]]},"properties":{"osm_type":"way","osm_id":1444813094,"country":"PT","name":null,"operator":null,"wikidata":null,"wikipedia":null}},{"type":"Feature","geometry":{"type":"LineString","coordinates":[[-8.62911,41.34209],[-8.62904,41.34222],[-8.62892,41.3424],[-8.62886,41.34246],[-8.62886,41.34249],[-8.62887,41.34251],[-8.62896,41.34271]]},"properties":{"osm_type":"way","osm_id":1444813218,"country":"PT","name":"Açude do Rego Naval","operator":null,"wikidata":null,"wikipedia":null}},{"type":"Feature","geometry":{"type":"LineString","coordinates":[[-8.64423,41.35072],[-8.64426,41.35082],[-8.64426,41.35083],[-8.64454,41.35089],[-8.6444,41.3511]]},"properties":{"osm_type":"way","osm_id":1444813650,"country":"PT","name":"Açude de Viseu","operator":null,"wikidata":null,"wikipedia":null}},{"type":"Feature","geometry":{"type":"LineString","coordinates":[[-8.06771,37.682],[-8.06763,37.68194],[-8.06756,37.68188],[-8.06754,37.68184]]},"properties":{"osm_type":"way","osm_id":1451718351,"country":"PT","name":null,"operator":null,"wikidata":null,"wikipedia":null}},{"type":"Feature","geometry":{"type":"LineString","coordinates":[[-6.28881,41.53199],[-6.28859,41.53203]]},"properties":{"osm_type":"way","osm_id":1460037864,"country":"PT","name":null,"operator":null,"wikidata":null,"wikipedia":null}},{"type":"Feature","geometry":{"type":"LineString","coordinates":[[-7.94483,41.42886],[-7.94476,41.42878],[-7.94468,41.42868]]},"properties":{"osm_type":"way","osm_id":1462036286,"country":"PT","name":null,"operator":null,"wikidata":null,"wikipedia":null}},{"type":"Feature","geometry":{"type":"LineString","coordinates":[[-7.94435,41.42859],[-7.94419,41.42857],[-7.94403,41.42855]]},"properties":{"osm_type":"way","osm_id":1462036287,"country":"PT","name":null,"operator":null,"wikidata":null,"wikipedia":null}},{"type":"Feature","geometry":{"type":"LineString","coordinates":[[-16.33821,33.06786],[-16.33819,33.06785]]},"properties":{"osm_type":"way","osm_id":1463895494,"country":"PT","name":null,"operator":null,"wikidata":null,"wikipedia":null}},{"type":"Feature","geometry":{"type":"LineString","coordinates":[[-16.33829,33.06777],[-16.33815,33.06777]]},"properties":{"osm_type":"way","osm_id":1463895495,"country":"PT","name":null,"operator":null,"wikidata":null,"wikipedia":null}},{"type":"Feature","geometry":{"type":"LineString","coordinates":[[-16.33714,33.06861],[-16.33703,33.0685]]},"properties":{"osm_type":"way","osm_id":1463895496,"country":"PT","name":null,"operator":null,"wikidata":null,"wikipedia":null}},{"type":"Feature","geometry":{"type":"LineString","coordinates":[[-6.27735,41.50344],[-6.2773,41.50339],[-6.2772,41.50336],[-6.27702,41.5033]]},"properties":{"osm_type":"way","osm_id":1466809372,"country":"PT","name":null,"operator":null,"wikidata":null,"wikipedia":null}},{"type":"Feature","geometry":{"type":"LineString","coordinates":[[-6.27641,41.50207],[-6.27635,41.50208],[-6.27626,41.50213],[-6.27627,41.50216]]},"properties":{"osm_type":"way","osm_id":1467116391,"country":"PT","name":null,"operator":null,"wikidata":null,"wikipedia":null}},{"type":"Feature","geometry":{"type":"LineString","coordinates":[[-6.27594,41.50129],[-6.27589,41.50129],[-6.27585,41.50139]]},"properties":{"osm_type":"way","osm_id":1467116395,"country":"PT","name":null,"operator":null,"wikidata":null,"wikipedia":null}},{"type":"Feature","geometry":{"type":"LineString","coordinates":[[-6.75656,41.80425],[-6.75658,41.80423]]},"properties":{"osm_type":"way","osm_id":1471432459,"country":"PT","name":null,"operator":null,"wikidata":null,"wikipedia":null}},{"type":"Feature","geometry":{"type":"LineString","coordinates":[[-7.76115,39.7992],[-7.7607,39.79904]]},"properties":{"osm_type":"way","osm_id":1473363972,"country":"PT","name":null,"operator":null,"wikidata":null,"wikipedia":null}},{"type":"Feature","geometry":{"type":"LineString","coordinates":[[-7.24375,38.80881],[-7.24379,38.80888],[-7.24379,38.80893],[-7.24378,38.80898],[-7.24377,38.80903],[-7.24372,38.80909],[-7.24363,38.80916]]},"properties":{"osm_type":"way","osm_id":1473581423,"country":"PT","name":null,"operator":null,"wikidata":null,"wikipedia":null}},{"type":"Feature","geometry":{"type":"LineString","coordinates":[[-8.26374,40.15772],[-8.26398,40.15771],[-8.26424,40.1577]]},"properties":{"osm_type":"way","osm_id":1473729274,"country":"PT","name":null,"operator":null,"wikidata":null,"wikipedia":null}},{"type":"Feature","geometry":{"type":"LineString","coordinates":[[-8.64591,38.94738],[-8.646,38.94729],[-8.64618,38.94711],[-8.64636,38.94694],[-8.64645,38.94685],[-8.6465,38.9468]]},"properties":{"osm_type":"way","osm_id":1474363007,"country":"PT","name":null,"operator":null,"wikidata":null,"wikipedia":null}},{"type":"Feature","geometry":{"type":"LineString","coordinates":[[-8.18207,41.24375],[-8.182,41.24375]]},"properties":{"osm_type":"way","osm_id":1475058787,"country":"PT","name":null,"operator":null,"wikidata":null,"wikipedia":null}},{"type":"Feature","geometry":{"type":"LineString","coordinates":[[-16.33686,33.06846],[-16.33688,33.06843]]},"properties":{"osm_type":"way","osm_id":1475217152,"country":"PT","name":null,"operator":null,"wikidata":null,"wikipedia":null}},{"type":"Feature","geometry":{"type":"LineString","coordinates":[[-16.3369,33.06851],[-16.33693,33.06847]]},"properties":{"osm_type":"way","osm_id":1475217153,"country":"PT","name":null,"operator":null,"wikidata":null,"wikipedia":null}},{"type":"Feature","geometry":{"type":"LineString","coordinates":[[-16.33697,33.06854],[-16.33699,33.0685]]},"properties":{"osm_type":"way","osm_id":1475217154,"country":"PT","name":null,"operator":null,"wikidata":null,"wikipedia":null}},{"type":"Feature","geometry":{"type":"LineString","coordinates":[[-8.50758,40.21447],[-8.50758,40.21446],[-8.50731,40.21446],[-8.50731,40.21445],[-8.50731,40.21444],[-8.50757,40.21439],[-8.50757,40.21437]]},"properties":{"osm_type":"way","osm_id":1476658101,"country":"PT","name":null,"operator":null,"wikidata":null,"wikipedia":null}},{"type":"Feature","geometry":{"type":"LineString","coordinates":[[-8.48505,40.21697],[-8.48504,40.21696],[-8.48477,40.21697],[-8.48477,40.21696],[-8.48477,40.21695],[-8.48502,40.21688],[-8.48502,40.21687]]},"properties":{"osm_type":"way","osm_id":1476658103,"country":"PT","name":null,"operator":null,"wikidata":null,"wikipedia":null}},{"type":"Feature","geometry":{"type":"LineString","coordinates":[[-8.46678,40.22179],[-8.46677,40.22178],[-8.46659,40.22193],[-8.46658,40.22192],[-8.46657,40.22192],[-8.4667,40.22174],[-8.46668,40.22173]]},"properties":{"osm_type":"way","osm_id":1476658108,"country":"PT","name":"Estrutura de Controlo","operator":null,"wikidata":null,"wikipedia":null}},{"type":"Feature","geometry":{"type":"LineString","coordinates":[[-8.43976,40.21737],[-8.4398,40.21736],[-8.43985,40.21736]]},"properties":{"osm_type":"way","osm_id":1476658121,"country":"PT","name":null,"operator":null,"wikidata":null,"wikipedia":null}},{"type":"Feature","geometry":{"type":"LineString","coordinates":[[-7.60045,40.39108],[-7.60046,40.39111],[-7.60046,40.39113],[-7.60045,40.39115],[-7.60042,40.39116],[-7.6004,40.39117],[-7.60036,40.39116],[-7.60033,40.39115],[-7.60032,40.39112]]},"properties":{"osm_type":"way","osm_id":1476978500,"country":"PT","name":null,"operator":null,"wikidata":null,"wikipedia":null}},{"type":"Feature","geometry":{"type":"LineString","coordinates":[[-7.84148,41.07789],[-7.84124,41.07807]]},"properties":{"osm_type":"way","osm_id":1481099817,"country":"PT","name":null,"operator":null,"wikidata":null,"wikipedia":null}},{"type":"Feature","geometry":{"type":"LineString","coordinates":[[-6.47078,41.60953],[-6.47063,41.60952],[-6.47048,41.6095]]},"properties":{"osm_type":"way","osm_id":1483429335,"country":"PT","name":null,"operator":null,"wikidata":null,"wikipedia":null}},{"type":"Feature","geometry":{"type":"LineString","coordinates":[[-8.02208,41.75859],[-8.02209,41.75857],[-8.02209,41.75856],[-8.0221,41.75855],[-8.02211,41.75854],[-8.02213,41.75853],[-8.02214,41.75853]]},"properties":{"osm_type":"way","osm_id":1485347853,"country":"PT","name":null,"operator":null,"wikidata":null,"wikipedia":null}},{"type":"Feature","geometry":{"type":"LineString","coordinates":[[-8.24459,41.76498],[-8.24452,41.76494],[-8.24443,41.76488],[-8.24439,41.76484],[-8.24435,41.76478],[-8.24433,41.7647],[-8.24433,41.76469],[-8.24432,41.76462]]},"properties":{"osm_type":"way","osm_id":1486021684,"country":"PT","name":"Barragem do Ribeiro de Brufe","operator":null,"wikidata":null,"wikipedia":null}},{"type":"Feature","geometry":{"type":"LineString","coordinates":[[-8.24417,41.76477],[-8.24417,41.76479],[-8.24416,41.76482],[-8.24414,41.76484],[-8.24411,41.76484]]},"properties":{"osm_type":"way","osm_id":1486021686,"country":"PT","name":"Captação Ribeiro de Brufe - Ribeiro de Gemesura","operator":null,"wikidata":null,"wikipedia":null}},{"type":"Feature","geometry":{"type":"LineString","coordinates":[[-6.27822,41.49809],[-6.2782,41.49807],[-6.27818,41.49804],[-6.27816,41.49802],[-6.27813,41.49797]]},"properties":{"osm_type":"way","osm_id":1486901655,"country":"PT","name":null,"operator":null,"wikidata":null,"wikipedia":null}},{"type":"Feature","geometry":{"type":"LineString","coordinates":[[-7.381,39.38386],[-7.38099,39.38385],[-7.38096,39.38379],[-7.38093,39.38375],[-7.38093,39.38373]]},"properties":{"osm_type":"way","osm_id":1489703604,"country":"PT","name":null,"operator":null,"wikidata":null,"wikipedia":null}},{"type":"Feature","geometry":{"type":"LineString","coordinates":[[-17.02064,32.73103],[-17.02058,32.73102],[-17.02052,32.73102]]},"properties":{"osm_type":"way","osm_id":1491314297,"country":"PT","name":null,"operator":null,"wikidata":null,"wikipedia":null}},{"type":"Feature","geometry":{"type":"LineString","coordinates":[[-17.02054,32.7318],[-17.02047,32.73179],[-17.02041,32.73179]]},"properties":{"osm_type":"way","osm_id":1491314299,"country":"PT","name":null,"operator":null,"wikidata":null,"wikipedia":null}},{"type":"Feature","geometry":{"type":"LineString","coordinates":[[-17.01772,32.74075],[-17.01766,32.74071],[-17.01759,32.74066]]},"properties":{"osm_type":"way","osm_id":1491314305,"country":"PT","name":null,"operator":null,"wikidata":null,"wikipedia":null}},{"type":"Feature","geometry":{"type":"LineString","coordinates":[[-17.01781,32.74069],[-17.01778,32.74065],[-17.01774,32.7406]]},"properties":{"osm_type":"way","osm_id":1491314306,"country":"PT","name":null,"operator":null,"wikidata":null,"wikipedia":null}},{"type":"Feature","geometry":{"type":"LineString","coordinates":[[-17.0197,32.7383],[-17.01963,32.73829],[-17.01959,32.73827]]},"properties":{"osm_type":"way","osm_id":1491314307,"country":"PT","name":null,"operator":null,"wikidata":null,"wikipedia":null}},{"type":"Feature","geometry":{"type":"LineString","coordinates":[[-17.02153,32.73551],[-17.02145,32.73551],[-17.02138,32.73551]]},"properties":{"osm_type":"way","osm_id":1491314308,"country":"PT","name":null,"operator":null,"wikidata":null,"wikipedia":null}},{"type":"Feature","geometry":{"type":"LineString","coordinates":[[-17.0206,32.73127],[-17.02055,32.73127],[-17.02048,32.73126]]},"properties":{"osm_type":"way","osm_id":1491314310,"country":"PT","name":null,"operator":null,"wikidata":null,"wikipedia":null}},{"type":"Feature","geometry":{"type":"LineString","coordinates":[[-17.02068,32.73082],[-17.02062,32.73081],[-17.02056,32.73081]]},"properties":{"osm_type":"way","osm_id":1491314312,"country":"PT","name":null,"operator":null,"wikidata":null,"wikipedia":null}},{"type":"Feature","geometry":{"type":"LineString","coordinates":[[-17.02073,32.7306],[-17.02068,32.73059],[-17.0206,32.73058]]},"properties":{"osm_type":"way","osm_id":1491314313,"country":"PT","name":null,"operator":null,"wikidata":null,"wikipedia":null}},{"type":"Feature","geometry":{"type":"LineString","coordinates":[[-17.02082,32.7304],[-17.02077,32.73038],[-17.0207,32.73036]]},"properties":{"osm_type":"way","osm_id":1491314314,"country":"PT","name":null,"operator":null,"wikidata":null,"wikipedia":null}},{"type":"Feature","geometry":{"type":"LineString","coordinates":[[-17.02095,32.73022],[-17.0209,32.7302],[-17.02084,32.73016]]},"properties":{"osm_type":"way","osm_id":1491314315,"country":"PT","name":null,"operator":null,"wikidata":null,"wikipedia":null}},{"type":"Feature","geometry":{"type":"LineString","coordinates":[[-17.02112,32.73006],[-17.02107,32.73002],[-17.02103,32.72998]]},"properties":{"osm_type":"way","osm_id":1491314316,"country":"PT","name":null,"operator":null,"wikidata":null,"wikipedia":null}},{"type":"Feature","geometry":{"type":"LineString","coordinates":[[-17.02132,32.72993],[-17.02128,32.72989],[-17.02125,32.72984]]},"properties":{"osm_type":"way","osm_id":1491314317,"country":"PT","name":null,"operator":null,"wikidata":null,"wikipedia":null}},{"type":"Feature","geometry":{"type":"LineString","coordinates":[[-17.02154,32.72983],[-17.02151,32.72978],[-17.02148,32.72973]]},"properties":{"osm_type":"way","osm_id":1491314318,"country":"PT","name":null,"operator":null,"wikidata":null,"wikipedia":null}},{"type":"Feature","geometry":{"type":"LineString","coordinates":[[-17.02178,32.72972],[-17.02175,32.72967],[-17.02172,32.72962]]},"properties":{"osm_type":"way","osm_id":1491314319,"country":"PT","name":null,"operator":null,"wikidata":null,"wikipedia":null}},{"type":"Feature","geometry":{"type":"LineString","coordinates":[[-17.02194,32.72965],[-17.02191,32.7296],[-17.02187,32.72955]]},"properties":{"osm_type":"way","osm_id":1491314320,"country":"PT","name":null,"operator":null,"wikidata":null,"wikipedia":null}},{"type":"Feature","geometry":{"type":"LineString","coordinates":[[-17.0222,32.72936],[-17.02218,32.72932],[-17.02217,32.72927]]},"properties":{"osm_type":"way","osm_id":1491314321,"country":"PT","name":null,"operator":null,"wikidata":null,"wikipedia":null}},{"type":"Feature","geometry":{"type":"LineString","coordinates":[[-17.02228,32.72949],[-17.02224,32.72943],[-17.02222,32.7294]]},"properties":{"osm_type":"way","osm_id":1491314322,"country":"PT","name":null,"operator":null,"wikidata":null,"wikipedia":null}},{"type":"Feature","geometry":{"type":"LineString","coordinates":[[-17.02252,32.72938],[-17.02248,32.72931],[-17.02247,32.7293],[-17.02241,32.72919]]},"properties":{"osm_type":"way","osm_id":1491314323,"country":"PT","name":null,"operator":null,"wikidata":null,"wikipedia":null}},{"type":"Feature","geometry":{"type":"LineString","coordinates":[[-17.02273,32.72929],[-17.02268,32.72921],[-17.0226,32.7291]]},"properties":{"osm_type":"way","osm_id":1491314324,"country":"PT","name":null,"operator":null,"wikidata":null,"wikipedia":null}},{"type":"Feature","geometry":{"type":"LineString","coordinates":[[-17.02299,32.72917],[-17.02294,32.72908],[-17.02288,32.72898]]},"properties":{"osm_type":"way","osm_id":1491314325,"country":"PT","name":null,"operator":null,"wikidata":null,"wikipedia":null}},{"type":"Feature","geometry":{"type":"LineString","coordinates":[[-17.02325,32.72906],[-17.02317,32.72895],[-17.02312,32.72887]]},"properties":{"osm_type":"way","osm_id":1491314326,"country":"PT","name":null,"operator":null,"wikidata":null,"wikipedia":null}},{"type":"Feature","geometry":{"type":"LineString","coordinates":[[-17.02346,32.72896],[-17.02339,32.72886],[-17.02334,32.72877]]},"properties":{"osm_type":"way","osm_id":1491314327,"country":"PT","name":null,"operator":null,"wikidata":null,"wikipedia":null}},{"type":"Feature","geometry":{"type":"LineString","coordinates":[[-17.02371,32.72885],[-17.02364,32.72875],[-17.02359,32.72866]]},"properties":{"osm_type":"way","osm_id":1491314328,"country":"PT","name":null,"operator":null,"wikidata":null,"wikipedia":null}},{"type":"Feature","geometry":{"type":"LineString","coordinates":[[-17.02395,32.7287],[-17.02384,32.72862],[-17.02376,32.72856]]},"properties":{"osm_type":"way","osm_id":1491314329,"country":"PT","name":null,"operator":null,"wikidata":null,"wikipedia":null}},{"type":"Feature","geometry":{"type":"LineString","coordinates":[[-17.02415,32.72853],[-17.02404,32.72846],[-17.02394,32.7284]]},"properties":{"osm_type":"way","osm_id":1491314330,"country":"PT","name":null,"operator":null,"wikidata":null,"wikipedia":null}},{"type":"Feature","geometry":{"type":"LineString","coordinates":[[-17.0243,32.72832],[-17.02416,32.72827],[-17.02406,32.72823]]},"properties":{"osm_type":"way","osm_id":1491314331,"country":"PT","name":null,"operator":null,"wikidata":null,"wikipedia":null}},{"type":"Feature","geometry":{"type":"LineString","coordinates":[[-17.02443,32.72783],[-17.0243,32.72783],[-17.02417,32.72782]]},"properties":{"osm_type":"way","osm_id":1491314332,"country":"PT","name":null,"operator":null,"wikidata":null,"wikipedia":null}},{"type":"Feature","geometry":{"type":"LineString","coordinates":[[-17.0245,32.72743],[-17.02437,32.72739],[-17.02426,32.72735]]},"properties":{"osm_type":"way","osm_id":1491314333,"country":"PT","name":null,"operator":null,"wikidata":null,"wikipedia":null}},{"type":"Feature","geometry":{"type":"LineString","coordinates":[[-17.02461,32.72724],[-17.0245,32.72718],[-17.02439,32.72713]]},"properties":{"osm_type":"way","osm_id":1491314334,"country":"PT","name":null,"operator":null,"wikidata":null,"wikipedia":null}},{"type":"Feature","geometry":{"type":"LineString","coordinates":[[-17.02741,32.72545],[-17.02727,32.72541],[-17.02716,32.72538]]},"properties":{"osm_type":"way","osm_id":1491314335,"country":"PT","name":null,"operator":null,"wikidata":null,"wikipedia":null}},{"type":"Feature","geometry":{"type":"LineString","coordinates":[[-17.02747,32.7252],[-17.02739,32.7252],[-17.0273,32.72519],[-17.02721,32.72518]]},"properties":{"osm_type":"way","osm_id":1491314336,"country":"PT","name":null,"operator":null,"wikidata":null,"wikipedia":null}},{"type":"Feature","geometry":{"type":"LineString","coordinates":[[-17.02748,32.72496],[-17.0273,32.72498],[-17.0272,32.72498]]},"properties":{"osm_type":"way","osm_id":1491314337,"country":"PT","name":null,"operator":null,"wikidata":null,"wikipedia":null}},{"type":"Feature","geometry":{"type":"LineString","coordinates":[[-17.02744,32.72473],[-17.02728,32.72475],[-17.02716,32.72476]]},"properties":{"osm_type":"way","osm_id":1491314338,"country":"PT","name":null,"operator":null,"wikidata":null,"wikipedia":null}},{"type":"Feature","geometry":{"type":"LineString","coordinates":[[-17.02742,32.72452],[-17.02728,32.72452],[-17.02714,32.72452]]},"properties":{"osm_type":"way","osm_id":1491314339,"country":"PT","name":null,"operator":null,"wikidata":null,"wikipedia":null}},{"type":"Feature","geometry":{"type":"LineString","coordinates":[[-17.02746,32.72433],[-17.02733,32.72431],[-17.02718,32.72429]]},"properties":{"osm_type":"way","osm_id":1491314340,"country":"PT","name":null,"operator":null,"wikidata":null,"wikipedia":null}},{"type":"Feature","geometry":{"type":"LineString","coordinates":[[-17.02753,32.72413],[-17.02741,32.7241],[-17.02726,32.72405]]},"properties":{"osm_type":"way","osm_id":1491314341,"country":"PT","name":null,"operator":null,"wikidata":null,"wikipedia":null}},{"type":"Feature","geometry":{"type":"LineString","coordinates":[[-17.02764,32.72396],[-17.02755,32.7239],[-17.0274,32.72383]]},"properties":{"osm_type":"way","osm_id":1491314342,"country":"PT","name":null,"operator":null,"wikidata":null,"wikipedia":null}},{"type":"Feature","geometry":{"type":"LineString","coordinates":[[-17.02778,32.7238],[-17.02771,32.72373],[-17.02759,32.72364]]},"properties":{"osm_type":"way","osm_id":1491314343,"country":"PT","name":null,"operator":null,"wikidata":null,"wikipedia":null}},{"type":"Feature","geometry":{"type":"LineString","coordinates":[[-17.02796,32.72363],[-17.02787,32.72356],[-17.02776,32.72348]]},"properties":{"osm_type":"way","osm_id":1491314344,"country":"PT","name":null,"operator":null,"wikidata":null,"wikipedia":null}},{"type":"Feature","geometry":{"type":"LineString","coordinates":[[-17.02814,32.72346],[-17.02802,32.72338],[-17.02793,32.72331]]},"properties":{"osm_type":"way","osm_id":1491314345,"country":"PT","name":null,"operator":null,"wikidata":null,"wikipedia":null}},{"type":"Feature","geometry":{"type":"LineString","coordinates":[[-17.02831,32.72326],[-17.02816,32.72318],[-17.02808,32.72313]]},"properties":{"osm_type":"way","osm_id":1491314346,"country":"PT","name":null,"operator":null,"wikidata":null,"wikipedia":null}},{"type":"Feature","geometry":{"type":"LineString","coordinates":[[-17.02845,32.72309],[-17.02829,32.72301],[-17.02821,32.72296]]},"properties":{"osm_type":"way","osm_id":1491314347,"country":"PT","name":null,"operator":null,"wikidata":null,"wikipedia":null}},{"type":"Feature","geometry":{"type":"LineString","coordinates":[[-17.02859,32.7229],[-17.02844,32.72281],[-17.02836,32.72277]]},"properties":{"osm_type":"way","osm_id":1491314348,"country":"PT","name":null,"operator":null,"wikidata":null,"wikipedia":null}},{"type":"Feature","geometry":{"type":"LineString","coordinates":[[-17.02873,32.72272],[-17.0286,32.72264],[-17.0285,32.72259]]},"properties":{"osm_type":"way","osm_id":1491314349,"country":"PT","name":null,"operator":null,"wikidata":null,"wikipedia":null}},{"type":"Feature","geometry":{"type":"LineString","coordinates":[[-17.02888,32.72252],[-17.02878,32.72246],[-17.02864,32.7224]]},"properties":{"osm_type":"way","osm_id":1491314350,"country":"PT","name":null,"operator":null,"wikidata":null,"wikipedia":null}},{"type":"Feature","geometry":{"type":"LineString","coordinates":[[-17.02902,32.72231],[-17.02891,32.72226],[-17.02877,32.7222]]},"properties":{"osm_type":"way","osm_id":1491314351,"country":"PT","name":null,"operator":null,"wikidata":null,"wikipedia":null}},{"type":"Feature","geometry":{"type":"LineString","coordinates":[[-17.02914,32.72209],[-17.02901,32.72204],[-17.02888,32.722]]},"properties":{"osm_type":"way","osm_id":1491314352,"country":"PT","name":null,"operator":null,"wikidata":null,"wikipedia":null}},{"type":"Feature","geometry":{"type":"LineString","coordinates":[[-17.02924,32.72189],[-17.02911,32.72185],[-17.02898,32.7218]]},"properties":{"osm_type":"way","osm_id":1491314353,"country":"PT","name":null,"operator":null,"wikidata":null,"wikipedia":null}},{"type":"Feature","geometry":{"type":"LineString","coordinates":[[-17.02935,32.72168],[-17.02921,32.72163],[-17.02909,32.72158]]},"properties":{"osm_type":"way","osm_id":1491314354,"country":"PT","name":null,"operator":null,"wikidata":null,"wikipedia":null}},{"type":"Feature","geometry":{"type":"LineString","coordinates":[[-17.02947,32.72148],[-17.02934,32.72143],[-17.02921,32.72137]]},"properties":{"osm_type":"way","osm_id":1491314355,"country":"PT","name":null,"operator":null,"wikidata":null,"wikipedia":null}},{"type":"Feature","geometry":{"type":"LineString","coordinates":[[-17.0296,32.72129],[-17.02951,32.72125],[-17.02947,32.72123],[-17.02935,32.72117]]},"properties":{"osm_type":"way","osm_id":1491314356,"country":"PT","name":null,"operator":null,"wikidata":null,"wikipedia":null}},{"type":"Feature","geometry":{"type":"LineString","coordinates":[[-17.02971,32.72112],[-17.0296,32.72106],[-17.02947,32.72099]]},"properties":{"osm_type":"way","osm_id":1491314357,"country":"PT","name":null,"operator":null,"wikidata":null,"wikipedia":null}},{"type":"Feature","geometry":{"type":"LineString","coordinates":[[-17.02986,32.72093],[-17.02975,32.72087],[-17.02962,32.72079]]},"properties":{"osm_type":"way","osm_id":1491314358,"country":"PT","name":null,"operator":null,"wikidata":null,"wikipedia":null}},{"type":"Feature","geometry":{"type":"LineString","coordinates":[[-17.03,32.72075],[-17.02989,32.72068],[-17.02976,32.7206]]},"properties":{"osm_type":"way","osm_id":1491314359,"country":"PT","name":null,"operator":null,"wikidata":null,"wikipedia":null}},{"type":"Feature","geometry":{"type":"LineString","coordinates":[[-17.03014,32.72055],[-17.03004,32.72049],[-17.02991,32.72042]]},"properties":{"osm_type":"way","osm_id":1491314360,"country":"PT","name":null,"operator":null,"wikidata":null,"wikipedia":null}},{"type":"Feature","geometry":{"type":"LineString","coordinates":[[-17.03029,32.72036],[-17.03017,32.7203],[-17.03005,32.72024]]},"properties":{"osm_type":"way","osm_id":1491314361,"country":"PT","name":null,"operator":null,"wikidata":null,"wikipedia":null}},{"type":"Feature","geometry":{"type":"LineString","coordinates":[[-17.03045,32.72016],[-17.0303,32.72008],[-17.0302,32.72004]]},"properties":{"osm_type":"way","osm_id":1491314362,"country":"PT","name":null,"operator":null,"wikidata":null,"wikipedia":null}},{"type":"Feature","geometry":{"type":"LineString","coordinates":[[-17.03058,32.71996],[-17.03042,32.7199],[-17.03031,32.71986]]},"properties":{"osm_type":"way","osm_id":1491314363,"country":"PT","name":null,"operator":null,"wikidata":null,"wikipedia":null}},{"type":"Feature","geometry":{"type":"LineString","coordinates":[[-17.03068,32.71973],[-17.03054,32.71969],[-17.03041,32.71966]]},"properties":{"osm_type":"way","osm_id":1491314364,"country":"PT","name":null,"operator":null,"wikidata":null,"wikipedia":null}},{"type":"Feature","geometry":{"type":"LineString","coordinates":[[-17.03077,32.7195],[-17.03062,32.71947],[-17.03049,32.71944]]},"properties":{"osm_type":"way","osm_id":1491314365,"country":"PT","name":null,"operator":null,"wikidata":null,"wikipedia":null}},{"type":"Feature","geometry":{"type":"LineString","coordinates":[[-17.03083,32.7193],[-17.0307,32.71928],[-17.03055,32.71925]]},"properties":{"osm_type":"way","osm_id":1491314366,"country":"PT","name":null,"operator":null,"wikidata":null,"wikipedia":null}},{"type":"Feature","geometry":{"type":"LineString","coordinates":[[-17.03091,32.71908],[-17.03079,32.71904],[-17.03064,32.719]]},"properties":{"osm_type":"way","osm_id":1491314367,"country":"PT","name":null,"operator":null,"wikidata":null,"wikipedia":null}},{"type":"Feature","geometry":{"type":"LineString","coordinates":[[-17.031,32.71888],[-17.03089,32.71883],[-17.03074,32.71878]]},"properties":{"osm_type":"way","osm_id":1491314368,"country":"PT","name":null,"operator":null,"wikidata":null,"wikipedia":null}},{"type":"Feature","geometry":{"type":"LineString","coordinates":[[-17.0311,32.7187],[-17.03099,32.71865],[-17.03085,32.71859]]},"properties":{"osm_type":"way","osm_id":1491314369,"country":"PT","name":null,"operator":null,"wikidata":null,"wikipedia":null}},{"type":"Feature","geometry":{"type":"LineString","coordinates":[[-17.03098,32.71838],[-17.03111,32.71844],[-17.03123,32.7185]]},"properties":{"osm_type":"way","osm_id":1491314370,"country":"PT","name":null,"operator":null,"wikidata":null,"wikipedia":null}},{"type":"Feature","geometry":{"type":"LineString","coordinates":[[-17.03136,32.71834],[-17.03122,32.71825],[-17.03112,32.7182]]},"properties":{"osm_type":"way","osm_id":1491314371,"country":"PT","name":null,"operator":null,"wikidata":null,"wikipedia":null}},{"type":"Feature","geometry":{"type":"LineString","coordinates":[[-17.03151,32.71814],[-17.03134,32.71805],[-17.03126,32.718]]},"properties":{"osm_type":"way","osm_id":1491314372,"country":"PT","name":null,"operator":null,"wikidata":null,"wikipedia":null}},{"type":"Feature","geometry":{"type":"LineString","coordinates":[[-17.03165,32.71795],[-17.03148,32.71787],[-17.03139,32.71782]]},"properties":{"osm_type":"way","osm_id":1491314373,"country":"PT","name":null,"operator":null,"wikidata":null,"wikipedia":null}},{"type":"Feature","geometry":{"type":"LineString","coordinates":[[-17.03172,32.71785],[-17.03156,32.71777],[-17.03146,32.71772]]},"properties":{"osm_type":"way","osm_id":1491314374,"country":"PT","name":null,"operator":null,"wikidata":null,"wikipedia":null}},{"type":"Feature","geometry":{"type":"LineString","coordinates":[[-17.03178,32.71776],[-17.03163,32.71768],[-17.03153,32.71763]]},"properties":{"osm_type":"way","osm_id":1491314375,"country":"PT","name":null,"operator":null,"wikidata":null,"wikipedia":null}},{"type":"Feature","geometry":{"type":"LineString","coordinates":[[-17.03185,32.71767],[-17.0317,32.71759],[-17.0316,32.71754]]},"properties":{"osm_type":"way","osm_id":1491314376,"country":"PT","name":null,"operator":null,"wikidata":null,"wikipedia":null}},{"type":"Feature","geometry":{"type":"LineString","coordinates":[[-17.03192,32.71758],[-17.03178,32.71749],[-17.03168,32.71743]]},"properties":{"osm_type":"way","osm_id":1491314377,"country":"PT","name":null,"operator":null,"wikidata":null,"wikipedia":null}},{"type":"Feature","geometry":{"type":"LineString","coordinates":[[-17.03199,32.71749],[-17.03185,32.7174],[-17.03175,32.71735]]},"properties":{"osm_type":"way","osm_id":1491314378,"country":"PT","name":null,"operator":null,"wikidata":null,"wikipedia":null}},{"type":"Feature","geometry":{"type":"LineString","coordinates":[[-17.03207,32.71739],[-17.03192,32.71731],[-17.03183,32.71725]]},"properties":{"osm_type":"way","osm_id":1491314379,"country":"PT","name":null,"operator":null,"wikidata":null,"wikipedia":null}},{"type":"Feature","geometry":{"type":"LineString","coordinates":[[-17.03214,32.71729],[-17.032,32.71722],[-17.03191,32.71716]]},"properties":{"osm_type":"way","osm_id":1491314380,"country":"PT","name":null,"operator":null,"wikidata":null,"wikipedia":null}},{"type":"Feature","geometry":{"type":"LineString","coordinates":[[-17.03221,32.71721],[-17.03207,32.71713],[-17.03198,32.71708]]},"properties":{"osm_type":"way","osm_id":1491314381,"country":"PT","name":null,"operator":null,"wikidata":null,"wikipedia":null}},{"type":"Feature","geometry":{"type":"LineString","coordinates":[[-17.03229,32.71709],[-17.03216,32.71702],[-17.03209,32.71698],[-17.03205,32.71695]]},"properties":{"osm_type":"way","osm_id":1491314382,"country":"PT","name":null,"operator":null,"wikidata":null,"wikipedia":null}},{"type":"Feature","geometry":{"type":"LineString","coordinates":[[-17.03235,32.717],[-17.03223,32.71693],[-17.03211,32.71687]]},"properties":{"osm_type":"way","osm_id":1491314383,"country":"PT","name":null,"operator":null,"wikidata":null,"wikipedia":null}},{"type":"Feature","geometry":{"type":"LineString","coordinates":[[-17.03241,32.7169],[-17.03229,32.71684],[-17.03216,32.71678]]},"properties":{"osm_type":"way","osm_id":1491314384,"country":"PT","name":null,"operator":null,"wikidata":null,"wikipedia":null}},{"type":"Feature","geometry":{"type":"LineString","coordinates":[[-17.03249,32.71678],[-17.03237,32.71673],[-17.03222,32.71668]]},"properties":{"osm_type":"way","osm_id":1491314385,"country":"PT","name":null,"operator":null,"wikidata":null,"wikipedia":null}},{"type":"Feature","geometry":{"type":"LineString","coordinates":[[-17.03258,32.71655],[-17.03246,32.71653],[-17.03229,32.71649]]},"properties":{"osm_type":"way","osm_id":1491314386,"country":"PT","name":null,"operator":null,"wikidata":null,"wikipedia":null}},{"type":"Feature","geometry":{"type":"LineString","coordinates":[[-17.03266,32.71633],[-17.03254,32.71632],[-17.03236,32.71628]]},"properties":{"osm_type":"way","osm_id":1491314387,"country":"PT","name":null,"operator":null,"wikidata":null,"wikipedia":null}},{"type":"Feature","geometry":{"type":"LineString","coordinates":[[-17.03272,32.71612],[-17.03261,32.7161],[-17.03242,32.71606]]},"properties":{"osm_type":"way","osm_id":1491314388,"country":"PT","name":null,"operator":null,"wikidata":null,"wikipedia":null}},{"type":"Feature","geometry":{"type":"LineString","coordinates":[[-17.03278,32.71591],[-17.03265,32.71588],[-17.03248,32.71585]]},"properties":{"osm_type":"way","osm_id":1491314389,"country":"PT","name":null,"operator":null,"wikidata":null,"wikipedia":null}},{"type":"Feature","geometry":{"type":"LineString","coordinates":[[-17.03285,32.71568],[-17.03269,32.71565],[-17.03254,32.71562]]},"properties":{"osm_type":"way","osm_id":1491314390,"country":"PT","name":null,"operator":null,"wikidata":null,"wikipedia":null}},{"type":"Feature","geometry":{"type":"LineString","coordinates":[[-17.03291,32.71546],[-17.03273,32.71542],[-17.03261,32.7154]]},"properties":{"osm_type":"way","osm_id":1491314393,"country":"PT","name":null,"operator":null,"wikidata":null,"wikipedia":null}},{"type":"Feature","geometry":{"type":"LineString","coordinates":[[-17.03297,32.71523],[-17.03279,32.7152],[-17.03267,32.71518]]},"properties":{"osm_type":"way","osm_id":1491314394,"country":"PT","name":null,"operator":null,"wikidata":null,"wikipedia":null}},{"type":"Feature","geometry":{"type":"LineString","coordinates":[[-17.03303,32.71501],[-17.03285,32.71498],[-17.03273,32.71496]]},"properties":{"osm_type":"way","osm_id":1491314395,"country":"PT","name":null,"operator":null,"wikidata":null,"wikipedia":null}},{"type":"Feature","geometry":{"type":"LineString","coordinates":[[-17.03309,32.71479],[-17.03291,32.71476],[-17.03281,32.71474]]},"properties":{"osm_type":"way","osm_id":1491314396,"country":"PT","name":null,"operator":null,"wikidata":null,"wikipedia":null}},{"type":"Feature","geometry":{"type":"LineString","coordinates":[[-17.03315,32.71458],[-17.03297,32.71454],[-17.03286,32.71452]]},"properties":{"osm_type":"way","osm_id":1491314397,"country":"PT","name":null,"operator":null,"wikidata":null,"wikipedia":null}},{"type":"Feature","geometry":{"type":"LineString","coordinates":[[-17.0332,32.71437],[-17.03304,32.71434],[-17.03291,32.71431]]},"properties":{"osm_type":"way","osm_id":1491314398,"country":"PT","name":null,"operator":null,"wikidata":null,"wikipedia":null}},{"type":"Feature","geometry":{"type":"LineString","coordinates":[[-17.03326,32.71414],[-17.0331,32.71411],[-17.03296,32.71409]]},"properties":{"osm_type":"way","osm_id":1491314399,"country":"PT","name":null,"operator":null,"wikidata":null,"wikipedia":null}},{"type":"Feature","geometry":{"type":"LineString","coordinates":[[-17.03334,32.71393],[-17.03314,32.71389],[-17.03302,32.71386]]},"properties":{"osm_type":"way","osm_id":1491314400,"country":"PT","name":null,"operator":null,"wikidata":null,"wikipedia":null}},{"type":"Feature","geometry":{"type":"LineString","coordinates":[[-17.0334,32.71374],[-17.03323,32.71367],[-17.03313,32.71364]]},"properties":{"osm_type":"way","osm_id":1491314401,"country":"PT","name":null,"operator":null,"wikidata":null,"wikipedia":null}},{"type":"Feature","geometry":{"type":"LineString","coordinates":[[-17.03353,32.71354],[-17.03335,32.71346],[-17.03326,32.71342]]},"properties":{"osm_type":"way","osm_id":1491314402,"country":"PT","name":null,"operator":null,"wikidata":null,"wikipedia":null}},{"type":"Feature","geometry":{"type":"LineString","coordinates":[[-17.03366,32.71336],[-17.03349,32.71326],[-17.03341,32.71322]]},"properties":{"osm_type":"way","osm_id":1491314403,"country":"PT","name":null,"operator":null,"wikidata":null,"wikipedia":null}},{"type":"Feature","geometry":{"type":"LineString","coordinates":[[-17.03389,32.71309],[-17.03375,32.713],[-17.03366,32.71294]]},"properties":{"osm_type":"way","osm_id":1491314404,"country":"PT","name":null,"operator":null,"wikidata":null,"wikipedia":null}},{"type":"Feature","geometry":{"type":"LineString","coordinates":[[-17.03415,32.71284],[-17.03399,32.71273],[-17.0339,32.71267]]},"properties":{"osm_type":"way","osm_id":1491314405,"country":"PT","name":null,"operator":null,"wikidata":null,"wikipedia":null}},{"type":"Feature","geometry":{"type":"LineString","coordinates":[[-17.0343,32.71263],[-17.03413,32.71255],[-17.03403,32.7125]]},"properties":{"osm_type":"way","osm_id":1491314406,"country":"PT","name":null,"operator":null,"wikidata":null,"wikipedia":null}},{"type":"Feature","geometry":{"type":"LineString","coordinates":[[-17.03445,32.71241],[-17.03429,32.71236],[-17.03416,32.71231]]},"properties":{"osm_type":"way","osm_id":1491314407,"country":"PT","name":null,"operator":null,"wikidata":null,"wikipedia":null}},{"type":"Feature","geometry":{"type":"LineString","coordinates":[[-17.03454,32.71225],[-17.0344,32.7122],[-17.03424,32.71215]]},"properties":{"osm_type":"way","osm_id":1491314408,"country":"PT","name":null,"operator":null,"wikidata":null,"wikipedia":null}},{"type":"Feature","geometry":{"type":"LineString","coordinates":[[-17.03466,32.71199],[-17.0345,32.71195],[-17.03436,32.71191]]},"properties":{"osm_type":"way","osm_id":1491314409,"country":"PT","name":null,"operator":null,"wikidata":null,"wikipedia":null}},{"type":"Feature","geometry":{"type":"LineString","coordinates":[[-17.03475,32.7118],[-17.03461,32.71175],[-17.03446,32.7117]]},"properties":{"osm_type":"way","osm_id":1491314410,"country":"PT","name":null,"operator":null,"wikidata":null,"wikipedia":null}},{"type":"Feature","geometry":{"type":"LineString","coordinates":[[-17.03485,32.71159],[-17.03473,32.71155],[-17.03455,32.71149]]},"properties":{"osm_type":"way","osm_id":1491314411,"country":"PT","name":null,"operator":null,"wikidata":null,"wikipedia":null}},{"type":"Feature","geometry":{"type":"LineString","coordinates":[[-17.03495,32.71138],[-17.03482,32.71134],[-17.03465,32.71129]]},"properties":{"osm_type":"way","osm_id":1491314412,"country":"PT","name":null,"operator":null,"wikidata":null,"wikipedia":null}},{"type":"Feature","geometry":{"type":"LineString","coordinates":[[-17.03505,32.71117],[-17.03491,32.71112],[-17.03474,32.71107]]},"properties":{"osm_type":"way","osm_id":1491314413,"country":"PT","name":null,"operator":null,"wikidata":null,"wikipedia":null}},{"type":"Feature","geometry":{"type":"LineString","coordinates":[[-17.03515,32.71096],[-17.03499,32.71091],[-17.03483,32.71087]]},"properties":{"osm_type":"way","osm_id":1491314414,"country":"PT","name":null,"operator":null,"wikidata":null,"wikipedia":null}},{"type":"Feature","geometry":{"type":"LineString","coordinates":[[-17.03524,32.71074],[-17.03509,32.71069],[-17.03493,32.71064]]},"properties":{"osm_type":"way","osm_id":1491314415,"country":"PT","name":null,"operator":null,"wikidata":null,"wikipedia":null}},{"type":"Feature","geometry":{"type":"LineString","coordinates":[[-17.03534,32.71053],[-17.03518,32.71048],[-17.03504,32.71043]]},"properties":{"osm_type":"way","osm_id":1491314416,"country":"PT","name":null,"operator":null,"wikidata":null,"wikipedia":null}},{"type":"Feature","geometry":{"type":"LineString","coordinates":[[-17.03544,32.7103],[-17.03526,32.71026],[-17.03512,32.71022]]},"properties":{"osm_type":"way","osm_id":1491314417,"country":"PT","name":null,"operator":null,"wikidata":null,"wikipedia":null}},{"type":"Feature","geometry":{"type":"LineString","coordinates":[[-17.0355,32.71007],[-17.03535,32.71005],[-17.03519,32.71002]]},"properties":{"osm_type":"way","osm_id":1491314418,"country":"PT","name":null,"operator":null,"wikidata":null,"wikipedia":null}},{"type":"Feature","geometry":{"type":"LineString","coordinates":[[-17.03556,32.70986],[-17.03543,32.70983],[-17.03525,32.70979]]},"properties":{"osm_type":"way","osm_id":1491314419,"country":"PT","name":null,"operator":null,"wikidata":null,"wikipedia":null}},{"type":"Feature","geometry":{"type":"LineString","coordinates":[[-17.03564,32.70966],[-17.03551,32.70963],[-17.03531,32.70959]]},"properties":{"osm_type":"way","osm_id":1491314420,"country":"PT","name":null,"operator":null,"wikidata":null,"wikipedia":null}},{"type":"Feature","geometry":{"type":"LineString","coordinates":[[-17.03573,32.70945],[-17.03559,32.70941],[-17.03541,32.70936]]},"properties":{"osm_type":"way","osm_id":1491314421,"country":"PT","name":null,"operator":null,"wikidata":null,"wikipedia":null}},{"type":"Feature","geometry":{"type":"LineString","coordinates":[[-17.03582,32.70925],[-17.03568,32.7092],[-17.03551,32.70914]]},"properties":{"osm_type":"way","osm_id":1491314422,"country":"PT","name":null,"operator":null,"wikidata":null,"wikipedia":null}},{"type":"Feature","geometry":{"type":"LineString","coordinates":[[-17.03592,32.70904],[-17.03577,32.70898],[-17.03561,32.70893]]},"properties":{"osm_type":"way","osm_id":1491314423,"country":"PT","name":null,"operator":null,"wikidata":null,"wikipedia":null}},{"type":"Feature","geometry":{"type":"LineString","coordinates":[[-17.03601,32.70883],[-17.03586,32.70878],[-17.0357,32.70872]]},"properties":{"osm_type":"way","osm_id":1491314424,"country":"PT","name":null,"operator":null,"wikidata":null,"wikipedia":null}},{"type":"Feature","geometry":{"type":"LineString","coordinates":[[-17.03611,32.70861],[-17.03597,32.70857],[-17.0358,32.70851]]},"properties":{"osm_type":"way","osm_id":1491314425,"country":"PT","name":null,"operator":null,"wikidata":null,"wikipedia":null}},{"type":"Feature","geometry":{"type":"LineString","coordinates":[[-17.0362,32.7084],[-17.03608,32.70835],[-17.0359,32.7083]]},"properties":{"osm_type":"way","osm_id":1491314426,"country":"PT","name":null,"operator":null,"wikidata":null,"wikipedia":null}},{"type":"Feature","geometry":{"type":"LineString","coordinates":[[-17.03631,32.70821],[-17.03618,32.70816],[-17.03601,32.70808]]},"properties":{"osm_type":"way","osm_id":1491314427,"country":"PT","name":null,"operator":null,"wikidata":null,"wikipedia":null}},{"type":"Feature","geometry":{"type":"LineString","coordinates":[[-17.03644,32.70801],[-17.03631,32.70795],[-17.03615,32.70788]]},"properties":{"osm_type":"way","osm_id":1491314428,"country":"PT","name":null,"operator":null,"wikidata":null,"wikipedia":null}},{"type":"Feature","geometry":{"type":"LineString","coordinates":[[-17.03658,32.70782],[-17.03646,32.70776],[-17.0363,32.70767]]},"properties":{"osm_type":"way","osm_id":1491314429,"country":"PT","name":null,"operator":null,"wikidata":null,"wikipedia":null}},{"type":"Feature","geometry":{"type":"LineString","coordinates":[[-17.03671,32.70764],[-17.03659,32.70757],[-17.03643,32.70749]]},"properties":{"osm_type":"way","osm_id":1491314432,"country":"PT","name":null,"operator":null,"wikidata":null,"wikipedia":null}},{"type":"Feature","geometry":{"type":"LineString","coordinates":[[-17.03685,32.70745],[-17.03672,32.70738],[-17.03658,32.70731]]},"properties":{"osm_type":"way","osm_id":1491314433,"country":"PT","name":null,"operator":null,"wikidata":null,"wikipedia":null}},{"type":"Feature","geometry":{"type":"LineString","coordinates":[[-17.037,32.70725],[-17.03686,32.70717],[-17.03672,32.7071]]},"properties":{"osm_type":"way","osm_id":1491314434,"country":"PT","name":null,"operator":null,"wikidata":null,"wikipedia":null}},{"type":"Feature","geometry":{"type":"LineString","coordinates":[[-17.03714,32.70707],[-17.03701,32.70699],[-17.03686,32.70692]]},"properties":{"osm_type":"way","osm_id":1491314435,"country":"PT","name":null,"operator":null,"wikidata":null,"wikipedia":null}},{"type":"Feature","geometry":{"type":"LineString","coordinates":[[-17.03727,32.70686],[-17.03714,32.7068],[-17.03698,32.70672]]},"properties":{"osm_type":"way","osm_id":1491314436,"country":"PT","name":null,"operator":null,"wikidata":null,"wikipedia":null}},{"type":"Feature","geometry":{"type":"LineString","coordinates":[[-17.0374,32.70665],[-17.03725,32.7066],[-17.0371,32.70654]]},"properties":{"osm_type":"way","osm_id":1491314437,"country":"PT","name":null,"operator":null,"wikidata":null,"wikipedia":null}},{"type":"Feature","geometry":{"type":"LineString","coordinates":[[-17.03751,32.70643],[-17.03737,32.70639],[-17.03721,32.70635]]},"properties":{"osm_type":"way","osm_id":1491314438,"country":"PT","name":null,"operator":null,"wikidata":null,"wikipedia":null}},{"type":"Feature","geometry":{"type":"LineString","coordinates":[[-17.03761,32.70623],[-17.03746,32.70619],[-17.03729,32.70615]]},"properties":{"osm_type":"way","osm_id":1491314439,"country":"PT","name":null,"operator":null,"wikidata":null,"wikipedia":null}},{"type":"Feature","geometry":{"type":"LineString","coordinates":[[-17.0377,32.70601],[-17.03753,32.70597],[-17.03738,32.70593]]},"properties":{"osm_type":"way","osm_id":1491314440,"country":"PT","name":null,"operator":null,"wikidata":null,"wikipedia":null}},{"type":"Feature","geometry":{"type":"LineString","coordinates":[[-17.03776,32.70579],[-17.03762,32.70575],[-17.03746,32.70572]]},"properties":{"osm_type":"way","osm_id":1491314441,"country":"PT","name":null,"operator":null,"wikidata":null,"wikipedia":null}},{"type":"Feature","geometry":{"type":"LineString","coordinates":[[-17.03785,32.70558],[-17.03769,32.70554],[-17.03754,32.7055]]},"properties":{"osm_type":"way","osm_id":1491314442,"country":"PT","name":null,"operator":null,"wikidata":null,"wikipedia":null}},{"type":"Feature","geometry":{"type":"LineString","coordinates":[[-17.03793,32.70537],[-17.03777,32.70532],[-17.03762,32.70528]]},"properties":{"osm_type":"way","osm_id":1491314443,"country":"PT","name":null,"operator":null,"wikidata":null,"wikipedia":null}},{"type":"Feature","geometry":{"type":"LineString","coordinates":[[-17.03805,32.70518],[-17.03788,32.70511],[-17.03772,32.70506]]},"properties":{"osm_type":"way","osm_id":1491314444,"country":"PT","name":null,"operator":null,"wikidata":null,"wikipedia":null}},{"type":"Feature","geometry":{"type":"LineString","coordinates":[[-17.03818,32.705],[-17.03802,32.70491],[-17.03786,32.70482]]},"properties":{"osm_type":"way","osm_id":1491314445,"country":"PT","name":null,"operator":null,"wikidata":null,"wikipedia":null}},{"type":"Feature","geometry":{"type":"LineString","coordinates":[[-17.0383,32.70482],[-17.03814,32.70472],[-17.038,32.70463]]},"properties":{"osm_type":"way","osm_id":1491314446,"country":"PT","name":null,"operator":null,"wikidata":null,"wikipedia":null}},{"type":"Feature","geometry":{"type":"LineString","coordinates":[[-17.03845,32.70462],[-17.03828,32.70453],[-17.03813,32.70445]]},"properties":{"osm_type":"way","osm_id":1491314447,"country":"PT","name":null,"operator":null,"wikidata":null,"wikipedia":null}},{"type":"Feature","geometry":{"type":"LineString","coordinates":[[-17.0386,32.70443],[-17.03843,32.70434],[-17.03825,32.70426]]},"properties":{"osm_type":"way","osm_id":1491314448,"country":"PT","name":null,"operator":null,"wikidata":null,"wikipedia":null}},{"type":"Feature","geometry":{"type":"LineString","coordinates":[[-17.03871,32.70421],[-17.03855,32.70415],[-17.03836,32.70409]]},"properties":{"osm_type":"way","osm_id":1491314449,"country":"PT","name":null,"operator":null,"wikidata":null,"wikipedia":null}},{"type":"Feature","geometry":{"type":"LineString","coordinates":[[-17.03882,32.70399],[-17.03866,32.70394],[-17.03849,32.70389]]},"properties":{"osm_type":"way","osm_id":1491314450,"country":"PT","name":null,"operator":null,"wikidata":null,"wikipedia":null}},{"type":"Feature","geometry":{"type":"LineString","coordinates":[[-17.03892,32.70377],[-17.03877,32.70372],[-17.03863,32.70368]]},"properties":{"osm_type":"way","osm_id":1491314451,"country":"PT","name":null,"operator":null,"wikidata":null,"wikipedia":null}},{"type":"Feature","geometry":{"type":"LineString","coordinates":[[-17.03902,32.70358],[-17.03889,32.70352],[-17.03876,32.70347]]},"properties":{"osm_type":"way","osm_id":1491314452,"country":"PT","name":null,"operator":null,"wikidata":null,"wikipedia":null}},{"type":"Feature","geometry":{"type":"LineString","coordinates":[[-17.03915,32.7034],[-17.03902,32.70332],[-17.03889,32.70326]]},"properties":{"osm_type":"way","osm_id":1491314453,"country":"PT","name":null,"operator":null,"wikidata":null,"wikipedia":null}},{"type":"Feature","geometry":{"type":"LineString","coordinates":[[-17.03926,32.70323],[-17.03913,32.70317],[-17.039,32.7031]]},"properties":{"osm_type":"way","osm_id":1491314454,"country":"PT","name":null,"operator":null,"wikidata":null,"wikipedia":null}},{"type":"Feature","geometry":{"type":"LineString","coordinates":[[-17.03942,32.70301],[-17.03928,32.70295],[-17.03914,32.70288]]},"properties":{"osm_type":"way","osm_id":1491314455,"country":"PT","name":null,"operator":null,"wikidata":null,"wikipedia":null}},{"type":"Feature","geometry":{"type":"LineString","coordinates":[[-17.03955,32.70281],[-17.03942,32.70274],[-17.03927,32.70268]]},"properties":{"osm_type":"way","osm_id":1491314456,"country":"PT","name":null,"operator":null,"wikidata":null,"wikipedia":null}},{"type":"Feature","geometry":{"type":"LineString","coordinates":[[-17.03968,32.70262],[-17.03954,32.70256],[-17.0394,32.70248]]},"properties":{"osm_type":"way","osm_id":1491314457,"country":"PT","name":null,"operator":null,"wikidata":null,"wikipedia":null}},{"type":"Feature","geometry":{"type":"LineString","coordinates":[[-17.03985,32.70238],[-17.0397,32.70231],[-17.03956,32.70225]]},"properties":{"osm_type":"way","osm_id":1491314458,"country":"PT","name":null,"operator":null,"wikidata":null,"wikipedia":null}},{"type":"Feature","geometry":{"type":"LineString","coordinates":[[-17.03997,32.70221],[-17.03983,32.70214],[-17.03968,32.70208]]},"properties":{"osm_type":"way","osm_id":1491314459,"country":"PT","name":null,"operator":null,"wikidata":null,"wikipedia":null}},{"type":"Feature","geometry":{"type":"LineString","coordinates":[[-17.04009,32.70203],[-17.03994,32.70196],[-17.03982,32.7019]]},"properties":{"osm_type":"way","osm_id":1491314460,"country":"PT","name":null,"operator":null,"wikidata":null,"wikipedia":null}},{"type":"Feature","geometry":{"type":"LineString","coordinates":[[-17.04021,32.70185],[-17.0401,32.70178],[-17.03997,32.70172]]},"properties":{"osm_type":"way","osm_id":1491314461,"country":"PT","name":null,"operator":null,"wikidata":null,"wikipedia":null}},{"type":"Feature","geometry":{"type":"LineString","coordinates":[[-17.04034,32.70169],[-17.04024,32.70163],[-17.04013,32.70156]]},"properties":{"osm_type":"way","osm_id":1491314462,"country":"PT","name":null,"operator":null,"wikidata":null,"wikipedia":null}},{"type":"Feature","geometry":{"type":"LineString","coordinates":[[-17.04046,32.70153],[-17.04038,32.70147],[-17.04028,32.70141]]},"properties":{"osm_type":"way","osm_id":1491314463,"country":"PT","name":null,"operator":null,"wikidata":null,"wikipedia":null}},{"type":"Feature","geometry":{"type":"LineString","coordinates":[[-17.0406,32.70135],[-17.04053,32.70131],[-17.04045,32.70124]]},"properties":{"osm_type":"way","osm_id":1491314464,"country":"PT","name":null,"operator":null,"wikidata":null,"wikipedia":null}},{"type":"Feature","geometry":{"type":"LineString","coordinates":[[-17.0409,32.70112],[-17.04077,32.70105],[-17.04068,32.70101]]},"properties":{"osm_type":"way","osm_id":1491314465,"country":"PT","name":null,"operator":null,"wikidata":null,"wikipedia":null}},{"type":"Feature","geometry":{"type":"LineString","coordinates":[[-17.04179,32.69979],[-17.0417,32.69974],[-17.04159,32.6997]]},"properties":{"osm_type":"way","osm_id":1491314466,"country":"PT","name":null,"operator":null,"wikidata":null,"wikipedia":null}},{"type":"Feature","geometry":{"type":"LineString","coordinates":[[-17.04223,32.69913],[-17.04213,32.69908],[-17.04203,32.69903]]},"properties":{"osm_type":"way","osm_id":1491314467,"country":"PT","name":null,"operator":null,"wikidata":null,"wikipedia":null}},{"type":"Feature","geometry":{"type":"LineString","coordinates":[[-17.0427,32.69843],[-17.04258,32.69837],[-17.04248,32.69832]]},"properties":{"osm_type":"way","osm_id":1491314468,"country":"PT","name":null,"operator":null,"wikidata":null,"wikipedia":null}},{"type":"Feature","geometry":{"type":"LineString","coordinates":[[-17.04322,32.69785],[-17.04314,32.69778],[-17.04305,32.69771]]},"properties":{"osm_type":"way","osm_id":1491314469,"country":"PT","name":null,"operator":null,"wikidata":null,"wikipedia":null}},{"type":"Feature","geometry":{"type":"LineString","coordinates":[[-17.04379,32.69747],[-17.04372,32.69739],[-17.04366,32.69731]]},"properties":{"osm_type":"way","osm_id":1491314470,"country":"PT","name":null,"operator":null,"wikidata":null,"wikipedia":null}},{"type":"Feature","geometry":{"type":"LineString","coordinates":[[-17.04425,32.69719],[-17.04418,32.69712],[-17.04411,32.69705]]},"properties":{"osm_type":"way","osm_id":1491314471,"country":"PT","name":null,"operator":null,"wikidata":null,"wikipedia":null}},{"type":"Feature","geometry":{"type":"LineString","coordinates":[[-17.04471,32.69682],[-17.04463,32.69676],[-17.04454,32.69669]]},"properties":{"osm_type":"way","osm_id":1491314472,"country":"PT","name":null,"operator":null,"wikidata":null,"wikipedia":null}},{"type":"Feature","geometry":{"type":"LineString","coordinates":[[-17.04513,32.69642],[-17.04506,32.69636],[-17.04497,32.69628]]},"properties":{"osm_type":"way","osm_id":1491314473,"country":"PT","name":null,"operator":null,"wikidata":null,"wikipedia":null}},{"type":"Feature","geometry":{"type":"LineString","coordinates":[[-17.04537,32.69599],[-17.04527,32.69598],[-17.04515,32.69597]]},"properties":{"osm_type":"way","osm_id":1491314474,"country":"PT","name":null,"operator":null,"wikidata":null,"wikipedia":null}},{"type":"Feature","geometry":{"type":"LineString","coordinates":[[-17.0454,32.69558],[-17.04529,32.69557],[-17.04518,32.69556]]},"properties":{"osm_type":"way","osm_id":1491314475,"country":"PT","name":null,"operator":null,"wikidata":null,"wikipedia":null}},{"type":"Feature","geometry":{"type":"LineString","coordinates":[[-17.04543,32.69519],[-17.04531,32.69517],[-17.0452,32.69517]]},"properties":{"osm_type":"way","osm_id":1491314476,"country":"PT","name":null,"operator":null,"wikidata":null,"wikipedia":null}},{"type":"Feature","geometry":{"type":"LineString","coordinates":[[-17.04552,32.6949],[-17.04541,32.69487],[-17.04529,32.69484]]},"properties":{"osm_type":"way","osm_id":1491314477,"country":"PT","name":null,"operator":null,"wikidata":null,"wikipedia":null}},{"type":"Feature","geometry":{"type":"LineString","coordinates":[[-17.04565,32.69425],[-17.04554,32.69423],[-17.04542,32.69421]]},"properties":{"osm_type":"way","osm_id":1491314478,"country":"PT","name":null,"operator":null,"wikidata":null,"wikipedia":null}},{"type":"Feature","geometry":{"type":"LineString","coordinates":[[-17.04575,32.69394],[-17.04564,32.69388],[-17.04554,32.69383]]},"properties":{"osm_type":"way","osm_id":1491314479,"country":"PT","name":null,"operator":null,"wikidata":null,"wikipedia":null}},{"type":"Feature","geometry":{"type":"LineString","coordinates":[[-17.04599,32.69366],[-17.0459,32.6936],[-17.04581,32.69354]]},"properties":{"osm_type":"way","osm_id":1491314480,"country":"PT","name":null,"operator":null,"wikidata":null,"wikipedia":null}},{"type":"Feature","geometry":{"type":"LineString","coordinates":[[-17.04626,32.69339],[-17.04619,32.69333],[-17.04609,32.69326]]},"properties":{"osm_type":"way","osm_id":1491314481,"country":"PT","name":null,"operator":null,"wikidata":null,"wikipedia":null}},{"type":"Feature","geometry":{"type":"LineString","coordinates":[[-17.04652,32.69307],[-17.04644,32.69304],[-17.04634,32.69299]]},"properties":{"osm_type":"way","osm_id":1491314482,"country":"PT","name":null,"operator":null,"wikidata":null,"wikipedia":null}},{"type":"Feature","geometry":{"type":"LineString","coordinates":[[-17.04673,32.69274],[-17.04662,32.69271],[-17.04652,32.69268]]},"properties":{"osm_type":"way","osm_id":1491314483,"country":"PT","name":null,"operator":null,"wikidata":null,"wikipedia":null}},{"type":"Feature","geometry":{"type":"LineString","coordinates":[[-17.04681,32.69241],[-17.04669,32.69238],[-17.04657,32.69235]]},"properties":{"osm_type":"way","osm_id":1491314484,"country":"PT","name":null,"operator":null,"wikidata":null,"wikipedia":null}},{"type":"Feature","geometry":{"type":"LineString","coordinates":[[-17.04692,32.69207],[-17.04682,32.69202],[-17.04671,32.69198]]},"properties":{"osm_type":"way","osm_id":1491314485,"country":"PT","name":null,"operator":null,"wikidata":null,"wikipedia":null}},{"type":"Feature","geometry":{"type":"LineString","coordinates":[[-17.04717,32.6918],[-17.04709,32.69173],[-17.04701,32.69165]]},"properties":{"osm_type":"way","osm_id":1491314486,"country":"PT","name":null,"operator":null,"wikidata":null,"wikipedia":null}},{"type":"Feature","geometry":{"type":"LineString","coordinates":[[-17.04757,32.6916],[-17.04751,32.69152],[-17.04745,32.69145]]},"properties":{"osm_type":"way","osm_id":1491314487,"country":"PT","name":null,"operator":null,"wikidata":null,"wikipedia":null}},{"type":"Feature","geometry":{"type":"LineString","coordinates":[[-17.04789,32.69135],[-17.0478,32.6913],[-17.0477,32.69125]]},"properties":{"osm_type":"way","osm_id":1491314488,"country":"PT","name":null,"operator":null,"wikidata":null,"wikipedia":null}},{"type":"Feature","geometry":{"type":"LineString","coordinates":[[-17.04809,32.69104],[-17.04796,32.691],[-17.04786,32.69097]]},"properties":{"osm_type":"way","osm_id":1491314489,"country":"PT","name":null,"operator":null,"wikidata":null,"wikipedia":null}},{"type":"Feature","geometry":{"type":"LineString","coordinates":[[-17.04827,32.69071],[-17.04815,32.69066],[-17.04802,32.69061]]},"properties":{"osm_type":"way","osm_id":1491314490,"country":"PT","name":null,"operator":null,"wikidata":null,"wikipedia":null}},{"type":"Feature","geometry":{"type":"LineString","coordinates":[[-17.04844,32.69039],[-17.04834,32.69035],[-17.04819,32.69028]]},"properties":{"osm_type":"way","osm_id":1491314491,"country":"PT","name":null,"operator":null,"wikidata":null,"wikipedia":null}},{"type":"Feature","geometry":{"type":"LineString","coordinates":[[-17.04862,32.69007],[-17.04853,32.69004],[-17.04842,32.68999]]},"properties":{"osm_type":"way","osm_id":1491314492,"country":"PT","name":null,"operator":null,"wikidata":null,"wikipedia":null}},{"type":"Feature","geometry":{"type":"LineString","coordinates":[[-17.04882,32.68972],[-17.04874,32.68969],[-17.04863,32.68964]]},"properties":{"osm_type":"way","osm_id":1491314493,"country":"PT","name":null,"operator":null,"wikidata":null,"wikipedia":null}},{"type":"Feature","geometry":{"type":"LineString","coordinates":[[-17.049,32.68943],[-17.04891,32.6894],[-17.04881,32.68935]]},"properties":{"osm_type":"way","osm_id":1491314494,"country":"PT","name":null,"operator":null,"wikidata":null,"wikipedia":null}},{"type":"Feature","geometry":{"type":"LineString","coordinates":[[-17.04924,32.68904],[-17.04914,32.68901],[-17.04905,32.68897]]},"properties":{"osm_type":"way","osm_id":1491314495,"country":"PT","name":null,"operator":null,"wikidata":null,"wikipedia":null}},{"type":"Feature","geometry":{"type":"LineString","coordinates":[[-17.0494,32.68877],[-17.0493,32.68873],[-17.04921,32.68869]]},"properties":{"osm_type":"way","osm_id":1491314496,"country":"PT","name":null,"operator":null,"wikidata":null,"wikipedia":null}},{"type":"Feature","geometry":{"type":"LineString","coordinates":[[-17.04959,32.68846],[-17.04947,32.68841],[-17.04938,32.68838]]},"properties":{"osm_type":"way","osm_id":1491314497,"country":"PT","name":null,"operator":null,"wikidata":null,"wikipedia":null}},{"type":"Feature","geometry":{"type":"LineString","coordinates":[[-17.04977,32.68815],[-17.04967,32.6881],[-17.04957,32.68806]]},"properties":{"osm_type":"way","osm_id":1491314498,"country":"PT","name":null,"operator":null,"wikidata":null,"wikipedia":null}},{"type":"Feature","geometry":{"type":"LineString","coordinates":[[-17.05008,32.6878],[-17.05,32.68774],[-17.04991,32.68768]]},"properties":{"osm_type":"way","osm_id":1491314499,"country":"PT","name":null,"operator":null,"wikidata":null,"wikipedia":null}},{"type":"Feature","geometry":{"type":"LineString","coordinates":[[-17.05034,32.68759],[-17.05027,32.68754],[-17.05018,32.68747]]},"properties":{"osm_type":"way","osm_id":1491314500,"country":"PT","name":null,"operator":null,"wikidata":null,"wikipedia":null}},{"type":"Feature","geometry":{"type":"LineString","coordinates":[[-17.05065,32.68734],[-17.05059,32.68728],[-17.05051,32.68721]]},"properties":{"osm_type":"way","osm_id":1491314501,"country":"PT","name":null,"operator":null,"wikidata":null,"wikipedia":null}},{"type":"Feature","geometry":{"type":"LineString","coordinates":[[-17.05086,32.68708],[-17.05075,32.68705],[-17.05065,32.68702]]},"properties":{"osm_type":"way","osm_id":1491314502,"country":"PT","name":null,"operator":null,"wikidata":null,"wikipedia":null}},{"type":"Feature","geometry":{"type":"LineString","coordinates":[[-17.05092,32.68653],[-17.05082,32.68653],[-17.0507,32.68653]]},"properties":{"osm_type":"way","osm_id":1491314503,"country":"PT","name":null,"operator":null,"wikidata":null,"wikipedia":null}},{"type":"Feature","geometry":{"type":"LineString","coordinates":[[-17.05093,32.68606],[-17.05082,32.68606],[-17.0507,32.68607]]},"properties":{"osm_type":"way","osm_id":1491314504,"country":"PT","name":null,"operator":null,"wikidata":null,"wikipedia":null}},{"type":"Feature","geometry":{"type":"LineString","coordinates":[[-17.05087,32.68552],[-17.05074,32.68552],[-17.05065,32.68553]]},"properties":{"osm_type":"way","osm_id":1491314505,"country":"PT","name":null,"operator":null,"wikidata":null,"wikipedia":null}},{"type":"Feature","geometry":{"type":"LineString","coordinates":[[-17.0508,32.68497],[-17.0507,32.68498],[-17.05057,32.68499]]},"properties":{"osm_type":"way","osm_id":1491314506,"country":"PT","name":null,"operator":null,"wikidata":null,"wikipedia":null}},{"type":"Feature","geometry":{"type":"LineString","coordinates":[[-17.05707,32.67971],[-17.05701,32.67964],[-17.05696,32.67957]]},"properties":{"osm_type":"way","osm_id":1491314507,"country":"PT","name":null,"operator":null,"wikidata":null,"wikipedia":null}},{"type":"Feature","geometry":{"type":"LineString","coordinates":[[-17.05896,32.68001],[-17.05895,32.67995],[-17.05893,32.67988]]},"properties":{"osm_type":"way","osm_id":1491314508,"country":"PT","name":null,"operator":null,"wikidata":null,"wikipedia":null}},{"type":"Feature","geometry":{"type":"LineString","coordinates":[[-17.06015,32.67958],[-17.06002,32.67949],[-17.05995,32.67942]]},"properties":{"osm_type":"way","osm_id":1491314509,"country":"PT","name":null,"operator":null,"wikidata":null,"wikipedia":null}},{"type":"Feature","geometry":{"type":"LineString","coordinates":[[-17.06032,32.67943],[-17.06021,32.67935],[-17.06016,32.67931]]},"properties":{"osm_type":"way","osm_id":1491314510,"country":"PT","name":null,"operator":null,"wikidata":null,"wikipedia":null}},{"type":"Feature","geometry":{"type":"LineString","coordinates":[[-17.06068,32.67909],[-17.06059,32.67903],[-17.06052,32.67898]]},"properties":{"osm_type":"way","osm_id":1491314511,"country":"PT","name":null,"operator":null,"wikidata":null,"wikipedia":null}},{"type":"Feature","geometry":{"type":"LineString","coordinates":[[-17.06084,32.67892],[-17.06077,32.67887],[-17.0607,32.6788]]},"properties":{"osm_type":"way","osm_id":1491314512,"country":"PT","name":null,"operator":null,"wikidata":null,"wikipedia":null}},{"type":"Feature","geometry":{"type":"LineString","coordinates":[[-17.06102,32.67875],[-17.06094,32.6787],[-17.06087,32.67863]]},"properties":{"osm_type":"way","osm_id":1491314513,"country":"PT","name":null,"operator":null,"wikidata":null,"wikipedia":null}},{"type":"Feature","geometry":{"type":"LineString","coordinates":[[-17.0612,32.67858],[-17.06112,32.67852],[-17.06104,32.67846]]},"properties":{"osm_type":"way","osm_id":1491314514,"country":"PT","name":null,"operator":null,"wikidata":null,"wikipedia":null}},{"type":"Feature","geometry":{"type":"LineString","coordinates":[[-17.06137,32.6784],[-17.06129,32.67835],[-17.06121,32.67829]]},"properties":{"osm_type":"way","osm_id":1491314515,"country":"PT","name":null,"operator":null,"wikidata":null,"wikipedia":null}},{"type":"Feature","geometry":{"type":"LineString","coordinates":[[-17.06155,32.67823],[-17.06146,32.67817],[-17.06139,32.67812]]},"properties":{"osm_type":"way","osm_id":1491314516,"country":"PT","name":null,"operator":null,"wikidata":null,"wikipedia":null}},{"type":"Feature","geometry":{"type":"LineString","coordinates":[[-17.06172,32.67806],[-17.06163,32.678],[-17.06156,32.67795]]},"properties":{"osm_type":"way","osm_id":1491314517,"country":"PT","name":null,"operator":null,"wikidata":null,"wikipedia":null}},{"type":"Feature","geometry":{"type":"LineString","coordinates":[[-17.06189,32.67789],[-17.0618,32.67783],[-17.06173,32.67778]]},"properties":{"osm_type":"way","osm_id":1491314518,"country":"PT","name":null,"operator":null,"wikidata":null,"wikipedia":null}},{"type":"Feature","geometry":{"type":"LineString","coordinates":[[-17.06207,32.67772],[-17.06198,32.67766],[-17.0619,32.67761]]},"properties":{"osm_type":"way","osm_id":1491314519,"country":"PT","name":null,"operator":null,"wikidata":null,"wikipedia":null}},{"type":"Feature","geometry":{"type":"LineString","coordinates":[[-17.06223,32.67755],[-17.06215,32.6775],[-17.06207,32.67744]]},"properties":{"osm_type":"way","osm_id":1491314520,"country":"PT","name":null,"operator":null,"wikidata":null,"wikipedia":null}},{"type":"Feature","geometry":{"type":"LineString","coordinates":[[-17.06242,32.67737],[-17.06234,32.67732],[-17.06225,32.67726]]},"properties":{"osm_type":"way","osm_id":1491314521,"country":"PT","name":null,"operator":null,"wikidata":null,"wikipedia":null}},{"type":"Feature","geometry":{"type":"LineString","coordinates":[[-17.06259,32.6772],[-17.06251,32.67716],[-17.06242,32.67709]]},"properties":{"osm_type":"way","osm_id":1491314522,"country":"PT","name":null,"operator":null,"wikidata":null,"wikipedia":null}},{"type":"Feature","geometry":{"type":"LineString","coordinates":[[-17.06275,32.67704],[-17.06269,32.67699],[-17.06259,32.67692]]},"properties":{"osm_type":"way","osm_id":1491314523,"country":"PT","name":null,"operator":null,"wikidata":null,"wikipedia":null}},{"type":"Feature","geometry":{"type":"LineString","coordinates":[[-17.06292,32.67687],[-17.06285,32.67683],[-17.06275,32.67676]]},"properties":{"osm_type":"way","osm_id":1491314524,"country":"PT","name":null,"operator":null,"wikidata":null,"wikipedia":null}},{"type":"Feature","geometry":{"type":"LineString","coordinates":[[-17.0631,32.67669],[-17.06304,32.67665],[-17.06293,32.67657]]},"properties":{"osm_type":"way","osm_id":1491314525,"country":"PT","name":null,"operator":null,"wikidata":null,"wikipedia":null}},{"type":"Feature","geometry":{"type":"LineString","coordinates":[[-17.06327,32.67653],[-17.0632,32.67647],[-17.0631,32.67641]]},"properties":{"osm_type":"way","osm_id":1491314526,"country":"PT","name":null,"operator":null,"wikidata":null,"wikipedia":null}},{"type":"Feature","geometry":{"type":"LineString","coordinates":[[-17.06342,32.67634],[-17.06334,32.6763],[-17.06323,32.67625]]},"properties":{"osm_type":"way","osm_id":1491314527,"country":"PT","name":null,"operator":null,"wikidata":null,"wikipedia":null}},{"type":"Feature","geometry":{"type":"LineString","coordinates":[[-17.06356,32.67615],[-17.06348,32.67612],[-17.06336,32.67606]]},"properties":{"osm_type":"way","osm_id":1491314528,"country":"PT","name":null,"operator":null,"wikidata":null,"wikipedia":null}},{"type":"Feature","geometry":{"type":"LineString","coordinates":[[-17.06368,32.67596],[-17.0636,32.67592],[-17.06348,32.67587]]},"properties":{"osm_type":"way","osm_id":1491314529,"country":"PT","name":null,"operator":null,"wikidata":null,"wikipedia":null}},{"type":"Feature","geometry":{"type":"LineString","coordinates":[[-17.0639,32.6756],[-17.06382,32.67556],[-17.06371,32.67551]]},"properties":{"osm_type":"way","osm_id":1491314530,"country":"PT","name":null,"operator":null,"wikidata":null,"wikipedia":null}},{"type":"Feature","geometry":{"type":"LineString","coordinates":[[-17.06436,32.67447],[-17.06425,32.67445],[-17.06413,32.67444]]},"properties":{"osm_type":"way","osm_id":1491314531,"country":"PT","name":null,"operator":null,"wikidata":null,"wikipedia":null}},{"type":"Feature","geometry":{"type":"LineString","coordinates":[[-17.06442,32.67415],[-17.0643,32.67414],[-17.06419,32.67413]]},"properties":{"osm_type":"way","osm_id":1491314532,"country":"PT","name":null,"operator":null,"wikidata":null,"wikipedia":null}},{"type":"Feature","geometry":{"type":"LineString","coordinates":[[-17.06447,32.67382],[-17.06436,32.67381],[-17.06425,32.67379]]},"properties":{"osm_type":"way","osm_id":1491314533,"country":"PT","name":null,"operator":null,"wikidata":null,"wikipedia":null}},{"type":"Feature","geometry":{"type":"LineString","coordinates":[[-17.06458,32.67339],[-17.06446,32.67336],[-17.06435,32.67334]]},"properties":{"osm_type":"way","osm_id":1491314534,"country":"PT","name":null,"operator":null,"wikidata":null,"wikipedia":null}},{"type":"Feature","geometry":{"type":"LineString","coordinates":[[-17.06471,32.67304],[-17.06459,32.67301],[-17.06448,32.67298]]},"properties":{"osm_type":"way","osm_id":1491314535,"country":"PT","name":null,"operator":null,"wikidata":null,"wikipedia":null}},{"type":"Feature","geometry":{"type":"LineString","coordinates":[[-17.06508,32.67226],[-17.06495,32.67222],[-17.06484,32.67218]]},"properties":{"osm_type":"way","osm_id":1491314536,"country":"PT","name":null,"operator":null,"wikidata":null,"wikipedia":null}},{"type":"Feature","geometry":{"type":"LineString","coordinates":[[-17.06544,32.67158],[-17.06531,32.67153],[-17.06516,32.67148]]},"properties":{"osm_type":"way","osm_id":1491314537,"country":"PT","name":null,"operator":null,"wikidata":null,"wikipedia":null}},{"type":"Feature","geometry":{"type":"LineString","coordinates":[[-16.93609,32.68421],[-16.936,32.68421],[-16.93588,32.68422]]},"properties":{"osm_type":"way","osm_id":1491320431,"country":"PT","name":null,"operator":null,"wikidata":null,"wikipedia":null}},{"type":"Feature","geometry":{"type":"LineString","coordinates":[[-16.93588,32.68404],[-16.93599,32.68405],[-16.93608,32.68405]]},"properties":{"osm_type":"way","osm_id":1491320432,"country":"PT","name":null,"operator":null,"wikidata":null,"wikipedia":null}},{"type":"Feature","geometry":{"type":"LineString","coordinates":[[-16.93588,32.68382],[-16.93597,32.68382],[-16.93608,32.68382]]},"properties":{"osm_type":"way","osm_id":1491320433,"country":"PT","name":null,"operator":null,"wikidata":null,"wikipedia":null}},{"type":"Feature","geometry":{"type":"LineString","coordinates":[[-16.93606,32.68352],[-16.93597,32.68352],[-16.93588,32.68352]]},"properties":{"osm_type":"way","osm_id":1491320435,"country":"PT","name":null,"operator":null,"wikidata":null,"wikipedia":null}},{"type":"Feature","geometry":{"type":"LineString","coordinates":[[-16.93604,32.68328],[-16.93596,32.68329],[-16.93588,32.68329]]},"properties":{"osm_type":"way","osm_id":1491320436,"country":"PT","name":null,"operator":null,"wikidata":null,"wikipedia":null}},{"type":"Feature","geometry":{"type":"LineString","coordinates":[[-16.93602,32.68306],[-16.93596,32.68307],[-16.93587,32.68308]]},"properties":{"osm_type":"way","osm_id":1491320437,"country":"PT","name":null,"operator":null,"wikidata":null,"wikipedia":null}},{"type":"Feature","geometry":{"type":"LineString","coordinates":[[-16.93596,32.68283],[-16.93589,32.68285],[-16.93583,32.68287]]},"properties":{"osm_type":"way","osm_id":1491320438,"country":"PT","name":null,"operator":null,"wikidata":null,"wikipedia":null}},{"type":"Feature","geometry":{"type":"LineString","coordinates":[[-16.93586,32.68262],[-16.93581,32.68264],[-16.93575,32.68266]]},"properties":{"osm_type":"way","osm_id":1491320439,"country":"PT","name":null,"operator":null,"wikidata":null,"wikipedia":null}},{"type":"Feature","geometry":{"type":"LineString","coordinates":[[-16.93574,32.68241],[-16.93569,32.68244],[-16.93565,32.68246]]},"properties":{"osm_type":"way","osm_id":1491320440,"country":"PT","name":null,"operator":null,"wikidata":null,"wikipedia":null}},{"type":"Feature","geometry":{"type":"LineString","coordinates":[[-16.93561,32.68222],[-16.93555,32.68225],[-16.93551,32.68227]]},"properties":{"osm_type":"way","osm_id":1491320441,"country":"PT","name":null,"operator":null,"wikidata":null,"wikipedia":null}},{"type":"Feature","geometry":{"type":"LineString","coordinates":[[-16.93545,32.68203],[-16.9354,32.68206],[-16.93536,32.68208]]},"properties":{"osm_type":"way","osm_id":1491320442,"country":"PT","name":null,"operator":null,"wikidata":null,"wikipedia":null}},{"type":"Feature","geometry":{"type":"LineString","coordinates":[[-16.93536,32.68194],[-16.93532,32.68197],[-16.93528,32.68199]]},"properties":{"osm_type":"way","osm_id":1491320443,"country":"PT","name":null,"operator":null,"wikidata":null,"wikipedia":null}},{"type":"Feature","geometry":{"type":"LineString","coordinates":[[-16.93528,32.68185],[-16.93524,32.68188],[-16.9352,32.6819]]},"properties":{"osm_type":"way","osm_id":1491320444,"country":"PT","name":null,"operator":null,"wikidata":null,"wikipedia":null}},{"type":"Feature","geometry":{"type":"LineString","coordinates":[[-16.9352,32.68176],[-16.93516,32.68178],[-16.93512,32.68181]]},"properties":{"osm_type":"way","osm_id":1491320445,"country":"PT","name":null,"operator":null,"wikidata":null,"wikipedia":null}},{"type":"Feature","geometry":{"type":"LineString","coordinates":[[-16.93512,32.68167],[-16.93508,32.68169],[-16.93504,32.68171]]},"properties":{"osm_type":"way","osm_id":1491320446,"country":"PT","name":null,"operator":null,"wikidata":null,"wikipedia":null}},{"type":"Feature","geometry":{"type":"LineString","coordinates":[[-16.93496,32.6815],[-16.93493,32.68151],[-16.93489,32.68154]]},"properties":{"osm_type":"way","osm_id":1491320447,"country":"PT","name":null,"operator":null,"wikidata":null,"wikipedia":null}},{"type":"Feature","geometry":{"type":"LineString","coordinates":[[-16.93481,32.68131],[-16.93478,32.68133],[-16.93474,32.68135]]},"properties":{"osm_type":"way","osm_id":1491320448,"country":"PT","name":null,"operator":null,"wikidata":null,"wikipedia":null}},{"type":"Feature","geometry":{"type":"LineString","coordinates":[[-16.9347,32.68111],[-16.93466,32.68113],[-16.93462,32.68114]]},"properties":{"osm_type":"way","osm_id":1491320449,"country":"PT","name":null,"operator":null,"wikidata":null,"wikipedia":null}},{"type":"Feature","geometry":{"type":"LineString","coordinates":[[-16.93464,32.68093],[-16.9346,32.68094],[-16.93454,32.68095]]},"properties":{"osm_type":"way","osm_id":1491320450,"country":"PT","name":null,"operator":null,"wikidata":null,"wikipedia":null}},{"type":"Feature","geometry":{"type":"LineString","coordinates":[[-16.93459,32.68069],[-16.93456,32.68069],[-16.9345,32.68069]]},"properties":{"osm_type":"way","osm_id":1491320451,"country":"PT","name":null,"operator":null,"wikidata":null,"wikipedia":null}},{"type":"Feature","geometry":{"type":"LineString","coordinates":[[-16.93457,32.68046],[-16.93453,32.68047],[-16.93447,32.68047]]},"properties":{"osm_type":"way","osm_id":1491320452,"country":"PT","name":null,"operator":null,"wikidata":null,"wikipedia":null}},{"type":"Feature","geometry":{"type":"LineString","coordinates":[[-16.93455,32.68023],[-16.93451,32.68024],[-16.93444,32.68024]]},"properties":{"osm_type":"way","osm_id":1491320453,"country":"PT","name":null,"operator":null,"wikidata":null,"wikipedia":null}},{"type":"Feature","geometry":{"type":"LineString","coordinates":[[-16.93453,32.68001],[-16.93451,32.68001],[-16.93444,32.68001]]},"properties":{"osm_type":"way","osm_id":1491320454,"country":"PT","name":null,"operator":null,"wikidata":null,"wikipedia":null}},{"type":"Feature","geometry":{"type":"LineString","coordinates":[[-16.93455,32.67987],[-16.93451,32.67987],[-16.93445,32.67986]]},"properties":{"osm_type":"way","osm_id":1491320455,"country":"PT","name":null,"operator":null,"wikidata":null,"wikipedia":null}},{"type":"Feature","geometry":{"type":"LineString","coordinates":[[-16.93464,32.67942],[-16.9346,32.67942],[-16.93453,32.67941]]},"properties":{"osm_type":"way","osm_id":1491320456,"country":"PT","name":null,"operator":null,"wikidata":null,"wikipedia":null}},{"type":"Feature","geometry":{"type":"LineString","coordinates":[[-16.93457,32.67911],[-16.93463,32.67911],[-16.93468,32.67911]]},"properties":{"osm_type":"way","osm_id":1491320457,"country":"PT","name":null,"operator":null,"wikidata":null,"wikipedia":null}},{"type":"Feature","geometry":{"type":"LineString","coordinates":[[-16.93467,32.67897],[-16.93462,32.67897],[-16.93457,32.67897]]},"properties":{"osm_type":"way","osm_id":1491320458,"country":"PT","name":null,"operator":null,"wikidata":null,"wikipedia":null}},{"type":"Feature","geometry":{"type":"LineString","coordinates":[[-16.93465,32.67874],[-16.93462,32.67874],[-16.93456,32.67874]]},"properties":{"osm_type":"way","osm_id":1491320459,"country":"PT","name":null,"operator":null,"wikidata":null,"wikipedia":null}},{"type":"Feature","geometry":{"type":"LineString","coordinates":[[-16.93466,32.67852],[-16.93461,32.67852],[-16.93457,32.67852]]},"properties":{"osm_type":"way","osm_id":1491320460,"country":"PT","name":null,"operator":null,"wikidata":null,"wikipedia":null}},{"type":"Feature","geometry":{"type":"LineString","coordinates":[[-16.93469,32.6783],[-16.93464,32.67829],[-16.93459,32.67828]]},"properties":{"osm_type":"way","osm_id":1491320461,"country":"PT","name":null,"operator":null,"wikidata":null,"wikipedia":null}},{"type":"Feature","geometry":{"type":"LineString","coordinates":[[-16.93474,32.67808],[-16.93468,32.67808],[-16.93463,32.67807]]},"properties":{"osm_type":"way","osm_id":1491320462,"country":"PT","name":null,"operator":null,"wikidata":null,"wikipedia":null}},{"type":"Feature","geometry":{"type":"LineString","coordinates":[[-16.93476,32.67797],[-16.9347,32.67796],[-16.93465,32.67795]]},"properties":{"osm_type":"way","osm_id":1491320463,"country":"PT","name":null,"operator":null,"wikidata":null,"wikipedia":null}},{"type":"Feature","geometry":{"type":"LineString","coordinates":[[-16.93479,32.67786],[-16.93473,32.67785],[-16.93467,32.67784]]},"properties":{"osm_type":"way","osm_id":1491320464,"country":"PT","name":null,"operator":null,"wikidata":null,"wikipedia":null}},{"type":"Feature","geometry":{"type":"LineString","coordinates":[[-16.93481,32.67776],[-16.93474,32.67775],[-16.93469,32.67774]]},"properties":{"osm_type":"way","osm_id":1491320465,"country":"PT","name":null,"operator":null,"wikidata":null,"wikipedia":null}},{"type":"Feature","geometry":{"type":"LineString","coordinates":[[-16.93483,32.67764],[-16.93477,32.67763],[-16.93471,32.67763]]},"properties":{"osm_type":"way","osm_id":1491320466,"country":"PT","name":null,"operator":null,"wikidata":null,"wikipedia":null}},{"type":"Feature","geometry":{"type":"LineString","coordinates":[[-16.93487,32.67741],[-16.93481,32.67741],[-16.93475,32.67741]]},"properties":{"osm_type":"way","osm_id":1491320467,"country":"PT","name":null,"operator":null,"wikidata":null,"wikipedia":null}},{"type":"Feature","geometry":{"type":"LineString","coordinates":[[-16.93489,32.6773],[-16.93483,32.6773],[-16.93477,32.6773]]},"properties":{"osm_type":"way","osm_id":1491320468,"country":"PT","name":null,"operator":null,"wikidata":null,"wikipedia":null}},{"type":"Feature","geometry":{"type":"LineString","coordinates":[[-16.93492,32.67696],[-16.93488,32.67696],[-16.93482,32.67696]]},"properties":{"osm_type":"way","osm_id":1491320469,"country":"PT","name":null,"operator":null,"wikidata":null,"wikipedia":null}},{"type":"Feature","geometry":{"type":"LineString","coordinates":[[-16.93495,32.67652],[-16.9349,32.67652],[-16.93483,32.67651]]},"properties":{"osm_type":"way","osm_id":1491320470,"country":"PT","name":null,"operator":null,"wikidata":null,"wikipedia":null}},{"type":"Feature","geometry":{"type":"LineString","coordinates":[[-16.935,32.6762],[-16.93498,32.67619],[-16.9349,32.67617]]},"properties":{"osm_type":"way","osm_id":1491320471,"country":"PT","name":null,"operator":null,"wikidata":null,"wikipedia":null}},{"type":"Feature","geometry":{"type":"LineString","coordinates":[[-16.9352,32.67592],[-16.93514,32.67589],[-16.9351,32.67588]]},"properties":{"osm_type":"way","osm_id":1491320472,"country":"PT","name":null,"operator":null,"wikidata":null,"wikipedia":null}},{"type":"Feature","geometry":{"type":"LineString","coordinates":[[-16.9351,32.67606],[-16.93505,32.67604],[-16.93498,32.676]]},"properties":{"osm_type":"way","osm_id":1491320473,"country":"PT","name":null,"operator":null,"wikidata":null,"wikipedia":null}},{"type":"Feature","geometry":{"type":"LineString","coordinates":[[-16.9353,32.67575],[-16.93523,32.67573],[-16.93518,32.67572]]},"properties":{"osm_type":"way","osm_id":1491320474,"country":"PT","name":null,"operator":null,"wikidata":null,"wikipedia":null}},{"type":"Feature","geometry":{"type":"LineString","coordinates":[[-16.93536,32.67541],[-16.93528,32.67542],[-16.93524,32.67542]]},"properties":{"osm_type":"way","osm_id":1491320475,"country":"PT","name":null,"operator":null,"wikidata":null,"wikipedia":null}},{"type":"Feature","geometry":{"type":"LineString","coordinates":[[-16.93535,32.67524],[-16.93527,32.67524],[-16.93523,32.67525]]},"properties":{"osm_type":"way","osm_id":1491320476,"country":"PT","name":null,"operator":null,"wikidata":null,"wikipedia":null}},{"type":"Feature","geometry":{"type":"LineString","coordinates":[[-16.93531,32.67489],[-16.93528,32.67489],[-16.93518,32.6749]]},"properties":{"osm_type":"way","osm_id":1491320477,"country":"PT","name":null,"operator":null,"wikidata":null,"wikipedia":null}},{"type":"Feature","geometry":{"type":"LineString","coordinates":[[-16.93528,32.67465],[-16.93524,32.67465],[-16.93515,32.67466]]},"properties":{"osm_type":"way","osm_id":1491320478,"country":"PT","name":null,"operator":null,"wikidata":null,"wikipedia":null}},{"type":"Feature","geometry":{"type":"LineString","coordinates":[[-16.9352,32.6742],[-16.93516,32.6742],[-16.93508,32.67422]]},"properties":{"osm_type":"way","osm_id":1491320479,"country":"PT","name":null,"operator":null,"wikidata":null,"wikipedia":null}},{"type":"Feature","geometry":{"type":"LineString","coordinates":[[-16.93514,32.67396],[-16.9351,32.67397],[-16.93503,32.67398]]},"properties":{"osm_type":"way","osm_id":1491320480,"country":"PT","name":null,"operator":null,"wikidata":null,"wikipedia":null}},{"type":"Feature","geometry":{"type":"LineString","coordinates":[[-16.93506,32.67363],[-16.935,32.67364],[-16.93495,32.67365]]},"properties":{"osm_type":"way","osm_id":1491320481,"country":"PT","name":null,"operator":null,"wikidata":null,"wikipedia":null}},{"type":"Feature","geometry":{"type":"LineString","coordinates":[[-16.935,32.67338],[-16.93493,32.67339],[-16.93488,32.6734]]},"properties":{"osm_type":"way","osm_id":1491320482,"country":"PT","name":null,"operator":null,"wikidata":null,"wikipedia":null}},{"type":"Feature","geometry":{"type":"LineString","coordinates":[[-16.93493,32.67311],[-16.93486,32.67312],[-16.93481,32.67313]]},"properties":{"osm_type":"way","osm_id":1491320483,"country":"PT","name":null,"operator":null,"wikidata":null,"wikipedia":null}},{"type":"Feature","geometry":{"type":"LineString","coordinates":[[-16.93486,32.67285],[-16.93479,32.67286],[-16.93475,32.67286]]},"properties":{"osm_type":"way","osm_id":1491320484,"country":"PT","name":null,"operator":null,"wikidata":null,"wikipedia":null}},{"type":"Feature","geometry":{"type":"LineString","coordinates":[[-16.93483,32.67259],[-16.93479,32.67258],[-16.93472,32.67258]]},"properties":{"osm_type":"way","osm_id":1491320485,"country":"PT","name":null,"operator":null,"wikidata":null,"wikipedia":null}},{"type":"Feature","geometry":{"type":"LineString","coordinates":[[-16.93486,32.67232],[-16.93482,32.67232],[-16.93475,32.67231]]},"properties":{"osm_type":"way","osm_id":1491320486,"country":"PT","name":null,"operator":null,"wikidata":null,"wikipedia":null}},{"type":"Feature","geometry":{"type":"LineString","coordinates":[[-16.93487,32.67222],[-16.93483,32.67222],[-16.93476,32.67221]]},"properties":{"osm_type":"way","osm_id":1491320487,"country":"PT","name":null,"operator":null,"wikidata":null,"wikipedia":null}},{"type":"Feature","geometry":{"type":"LineString","coordinates":[[-16.93489,32.67205],[-16.93486,32.67204],[-16.93478,32.67204]]},"properties":{"osm_type":"way","osm_id":1491320488,"country":"PT","name":null,"operator":null,"wikidata":null,"wikipedia":null}},{"type":"Feature","geometry":{"type":"LineString","coordinates":[[-16.93492,32.67177],[-16.93486,32.67177],[-16.9348,32.67177]]},"properties":{"osm_type":"way","osm_id":1491320489,"country":"PT","name":null,"operator":null,"wikidata":null,"wikipedia":null}},{"type":"Feature","geometry":{"type":"LineString","coordinates":[[-16.93492,32.67184],[-16.93486,32.67184],[-16.9348,32.67184]]},"properties":{"osm_type":"way","osm_id":1491320490,"country":"PT","name":null,"operator":null,"wikidata":null,"wikipedia":null}},{"type":"Feature","geometry":{"type":"LineString","coordinates":[[-16.93492,32.67169],[-16.93486,32.67168],[-16.9348,32.67168]]},"properties":{"osm_type":"way","osm_id":1491320491,"country":"PT","name":null,"operator":null,"wikidata":null,"wikipedia":null}},{"type":"Feature","geometry":{"type":"LineString","coordinates":[[-16.93491,32.6715],[-16.93486,32.6715],[-16.9348,32.67149]]},"properties":{"osm_type":"way","osm_id":1491320492,"country":"PT","name":null,"operator":null,"wikidata":null,"wikipedia":null}},{"type":"Feature","geometry":{"type":"LineString","coordinates":[[-16.93491,32.67132],[-16.93487,32.67132],[-16.9348,32.67132]]},"properties":{"osm_type":"way","osm_id":1491320493,"country":"PT","name":null,"operator":null,"wikidata":null,"wikipedia":null}},{"type":"Feature","geometry":{"type":"LineString","coordinates":[[-16.93492,32.67114],[-16.93488,32.67114],[-16.93481,32.67114]]},"properties":{"osm_type":"way","osm_id":1491320494,"country":"PT","name":null,"operator":null,"wikidata":null,"wikipedia":null}},{"type":"Feature","geometry":{"type":"LineString","coordinates":[[-16.93493,32.67087],[-16.93489,32.67087],[-16.93481,32.67087]]},"properties":{"osm_type":"way","osm_id":1491320495,"country":"PT","name":null,"operator":null,"wikidata":null,"wikipedia":null}},{"type":"Feature","geometry":{"type":"LineString","coordinates":[[-16.93494,32.67061],[-16.9349,32.6706],[-16.93482,32.6706]]},"properties":{"osm_type":"way","osm_id":1491320496,"country":"PT","name":null,"operator":null,"wikidata":null,"wikipedia":null}},{"type":"Feature","geometry":{"type":"LineString","coordinates":[[-16.93505,32.67037],[-16.93501,32.67035],[-16.93496,32.67032]]},"properties":{"osm_type":"way","osm_id":1491320497,"country":"PT","name":null,"operator":null,"wikidata":null,"wikipedia":null}},{"type":"Feature","geometry":{"type":"LineString","coordinates":[[-16.93528,32.67008],[-16.93524,32.67006],[-16.93519,32.67003]]},"properties":{"osm_type":"way","osm_id":1491320498,"country":"PT","name":null,"operator":null,"wikidata":null,"wikipedia":null}},{"type":"Feature","geometry":{"type":"LineString","coordinates":[[-16.93516,32.67022],[-16.93512,32.6702],[-16.93507,32.67018]]},"properties":{"osm_type":"way","osm_id":1491320499,"country":"PT","name":null,"operator":null,"wikidata":null,"wikipedia":null}},{"type":"Feature","geometry":{"type":"LineString","coordinates":[[-16.93531,32.67004],[-16.93527,32.67002],[-16.93523,32.66999]]},"properties":{"osm_type":"way","osm_id":1491320500,"country":"PT","name":null,"operator":null,"wikidata":null,"wikipedia":null}},{"type":"Feature","geometry":{"type":"LineString","coordinates":[[-16.93541,32.66995],[-16.93536,32.66991],[-16.93533,32.66988]]},"properties":{"osm_type":"way","osm_id":1491320501,"country":"PT","name":null,"operator":null,"wikidata":null,"wikipedia":null}},{"type":"Feature","geometry":{"type":"LineString","coordinates":[[-16.93552,32.66987],[-16.93547,32.66982],[-16.93546,32.6698]]},"properties":{"osm_type":"way","osm_id":1491320502,"country":"PT","name":null,"operator":null,"wikidata":null,"wikipedia":null}},{"type":"Feature","geometry":{"type":"LineString","coordinates":[[-16.93564,32.66978],[-16.93561,32.66974],[-16.93558,32.66971]]},"properties":{"osm_type":"way","osm_id":1491320503,"country":"PT","name":null,"operator":null,"wikidata":null,"wikipedia":null}},{"type":"Feature","geometry":{"type":"LineString","coordinates":[[-16.93573,32.66972],[-16.9357,32.66968],[-16.93567,32.66964]]},"properties":{"osm_type":"way","osm_id":1491320504,"country":"PT","name":null,"operator":null,"wikidata":null,"wikipedia":null}},{"type":"Feature","geometry":{"type":"LineString","coordinates":[[-16.93584,32.66965],[-16.93581,32.66961],[-16.93577,32.66957]]},"properties":{"osm_type":"way","osm_id":1491320505,"country":"PT","name":null,"operator":null,"wikidata":null,"wikipedia":null}},{"type":"Feature","geometry":{"type":"LineString","coordinates":[[-16.93594,32.66958],[-16.9359,32.66955],[-16.93586,32.66951]]},"properties":{"osm_type":"way","osm_id":1491320506,"country":"PT","name":null,"operator":null,"wikidata":null,"wikipedia":null}},{"type":"Feature","geometry":{"type":"LineString","coordinates":[[-16.93604,32.6695],[-16.93599,32.66945],[-16.93596,32.66943]]},"properties":{"osm_type":"way","osm_id":1491320507,"country":"PT","name":null,"operator":null,"wikidata":null,"wikipedia":null}},{"type":"Feature","geometry":{"type":"LineString","coordinates":[[-16.93613,32.66941],[-16.93607,32.66937],[-16.93604,32.66935]]},"properties":{"osm_type":"way","osm_id":1491320508,"country":"PT","name":null,"operator":null,"wikidata":null,"wikipedia":null}},{"type":"Feature","geometry":{"type":"LineString","coordinates":[[-16.93621,32.66931],[-16.93615,32.66927],[-16.93613,32.66926]]},"properties":{"osm_type":"way","osm_id":1491320509,"country":"PT","name":null,"operator":null,"wikidata":null,"wikipedia":null}},{"type":"Feature","geometry":{"type":"LineString","coordinates":[[-16.93629,32.66921],[-16.93623,32.66918],[-16.93621,32.66916]]},"properties":{"osm_type":"way","osm_id":1491320510,"country":"PT","name":null,"operator":null,"wikidata":null,"wikipedia":null}},{"type":"Feature","geometry":{"type":"LineString","coordinates":[[-16.93637,32.6691],[-16.93633,32.66907],[-16.9363,32.66906]]},"properties":{"osm_type":"way","osm_id":1491320511,"country":"PT","name":null,"operator":null,"wikidata":null,"wikipedia":null}},{"type":"Feature","geometry":{"type":"LineString","coordinates":[[-16.93643,32.66899],[-16.93639,32.66897],[-16.93636,32.66895]]},"properties":{"osm_type":"way","osm_id":1491320512,"country":"PT","name":null,"operator":null,"wikidata":null,"wikipedia":null}},{"type":"Feature","geometry":{"type":"LineString","coordinates":[[-16.93648,32.6689],[-16.93643,32.66889],[-16.93639,32.66888]]},"properties":{"osm_type":"way","osm_id":1491320513,"country":"PT","name":null,"operator":null,"wikidata":null,"wikipedia":null}},{"type":"Feature","geometry":{"type":"LineString","coordinates":[[-16.93655,32.66873],[-16.93648,32.66873],[-16.93644,32.66872]]},"properties":{"osm_type":"way","osm_id":1491320514,"country":"PT","name":null,"operator":null,"wikidata":null,"wikipedia":null}},{"type":"Feature","geometry":{"type":"LineString","coordinates":[[-16.93659,32.6686],[-16.93652,32.66859],[-16.93648,32.66858]]},"properties":{"osm_type":"way","osm_id":1491320515,"country":"PT","name":null,"operator":null,"wikidata":null,"wikipedia":null}},{"type":"Feature","geometry":{"type":"LineString","coordinates":[[-16.93662,32.6685],[-16.93655,32.66849],[-16.93652,32.66848]]},"properties":{"osm_type":"way","osm_id":1491320516,"country":"PT","name":null,"operator":null,"wikidata":null,"wikipedia":null}},{"type":"Feature","geometry":{"type":"LineString","coordinates":[[-16.93666,32.66839],[-16.93658,32.66837],[-16.93655,32.66837]]},"properties":{"osm_type":"way","osm_id":1491320517,"country":"PT","name":null,"operator":null,"wikidata":null,"wikipedia":null}},{"type":"Feature","geometry":{"type":"LineString","coordinates":[[-16.9367,32.66827],[-16.93662,32.66825],[-16.93659,32.66825]]},"properties":{"osm_type":"way","osm_id":1491320518,"country":"PT","name":null,"operator":null,"wikidata":null,"wikipedia":null}},{"type":"Feature","geometry":{"type":"LineString","coordinates":[[-16.93674,32.66814],[-16.93667,32.66812],[-16.93663,32.66811]]},"properties":{"osm_type":"way","osm_id":1491320519,"country":"PT","name":null,"operator":null,"wikidata":null,"wikipedia":null}},{"type":"Feature","geometry":{"type":"LineString","coordinates":[[-16.93677,32.66802],[-16.9367,32.668],[-16.93666,32.668]]},"properties":{"osm_type":"way","osm_id":1491320520,"country":"PT","name":null,"operator":null,"wikidata":null,"wikipedia":null}},{"type":"Feature","geometry":{"type":"LineString","coordinates":[[-16.93681,32.6679],[-16.93675,32.66788],[-16.9367,32.66787]]},"properties":{"osm_type":"way","osm_id":1491320521,"country":"PT","name":null,"operator":null,"wikidata":null,"wikipedia":null}},{"type":"Feature","geometry":{"type":"LineString","coordinates":[[-16.93684,32.66779],[-16.93678,32.66777],[-16.93673,32.66776]]},"properties":{"osm_type":"way","osm_id":1491320522,"country":"PT","name":null,"operator":null,"wikidata":null,"wikipedia":null}},{"type":"Feature","geometry":{"type":"LineString","coordinates":[[-16.93688,32.66767],[-16.93682,32.66765],[-16.93677,32.66765]]},"properties":{"osm_type":"way","osm_id":1491320523,"country":"PT","name":null,"operator":null,"wikidata":null,"wikipedia":null}},{"type":"Feature","geometry":{"type":"LineString","coordinates":[[-16.93692,32.66754],[-16.93686,32.66753],[-16.93681,32.66752]]},"properties":{"osm_type":"way","osm_id":1491320524,"country":"PT","name":null,"operator":null,"wikidata":null,"wikipedia":null}},{"type":"Feature","geometry":{"type":"LineString","coordinates":[[-16.93697,32.66739],[-16.93692,32.66737],[-16.93686,32.66736]]},"properties":{"osm_type":"way","osm_id":1491320525,"country":"PT","name":null,"operator":null,"wikidata":null,"wikipedia":null}},{"type":"Feature","geometry":{"type":"LineString","coordinates":[[-16.93701,32.66727],[-16.93696,32.66726],[-16.93689,32.66724]]},"properties":{"osm_type":"way","osm_id":1491320526,"country":"PT","name":null,"operator":null,"wikidata":null,"wikipedia":null}},{"type":"Feature","geometry":{"type":"LineString","coordinates":[[-16.93708,32.66704],[-16.93702,32.66703],[-16.93697,32.66702]]},"properties":{"osm_type":"way","osm_id":1491320527,"country":"PT","name":null,"operator":null,"wikidata":null,"wikipedia":null}},{"type":"Feature","geometry":{"type":"LineString","coordinates":[[-16.93714,32.66687],[-16.93707,32.66685],[-16.93702,32.66684]]},"properties":{"osm_type":"way","osm_id":1491320528,"country":"PT","name":null,"operator":null,"wikidata":null,"wikipedia":null}},{"type":"Feature","geometry":{"type":"LineString","coordinates":[[-16.93725,32.66651],[-16.9372,32.66651],[-16.93713,32.6665]]},"properties":{"osm_type":"way","osm_id":1491320529,"country":"PT","name":null,"operator":null,"wikidata":null,"wikipedia":null}},{"type":"Feature","geometry":{"type":"LineString","coordinates":[[-16.93722,32.66614],[-16.93717,32.66616],[-16.9371,32.66617]]},"properties":{"osm_type":"way","osm_id":1491320530,"country":"PT","name":null,"operator":null,"wikidata":null,"wikipedia":null}},{"type":"Feature","geometry":{"type":"LineString","coordinates":[[-16.93698,32.66579],[-16.93694,32.66583],[-16.93689,32.66587]]},"properties":{"osm_type":"way","osm_id":1491320531,"country":"PT","name":null,"operator":null,"wikidata":null,"wikipedia":null}},{"type":"Feature","geometry":{"type":"LineString","coordinates":[[-16.93662,32.66559],[-16.93658,32.66565],[-16.93654,32.6657]]},"properties":{"osm_type":"way","osm_id":1491320532,"country":"PT","name":null,"operator":null,"wikidata":null,"wikipedia":null}},{"type":"Feature","geometry":{"type":"LineString","coordinates":[[-16.93603,32.66515],[-16.93597,32.66517],[-16.9359,32.6652]]},"properties":{"osm_type":"way","osm_id":1491320533,"country":"PT","name":null,"operator":null,"wikidata":null,"wikipedia":null}},{"type":"Feature","geometry":{"type":"LineString","coordinates":[[-16.93591,32.66499],[-16.93586,32.66503],[-16.9358,32.66507]]},"properties":{"osm_type":"way","osm_id":1491320534,"country":"PT","name":null,"operator":null,"wikidata":null,"wikipedia":null}},{"type":"Feature","geometry":{"type":"LineString","coordinates":[[-16.93577,32.66486],[-16.93572,32.6649],[-16.93567,32.66494]]},"properties":{"osm_type":"way","osm_id":1491320535,"country":"PT","name":null,"operator":null,"wikidata":null,"wikipedia":null}},{"type":"Feature","geometry":{"type":"LineString","coordinates":[[-16.93561,32.66473],[-16.93557,32.66477],[-16.93552,32.66481]]},"properties":{"osm_type":"way","osm_id":1491320536,"country":"PT","name":null,"operator":null,"wikidata":null,"wikipedia":null}},{"type":"Feature","geometry":{"type":"LineString","coordinates":[[-16.9353,32.66448],[-16.93526,32.66451],[-16.93522,32.66454]]},"properties":{"osm_type":"way","osm_id":1491320537,"country":"PT","name":null,"operator":null,"wikidata":null,"wikipedia":null}},{"type":"Feature","geometry":{"type":"LineString","coordinates":[[-16.93469,32.66398],[-16.93465,32.66401],[-16.93461,32.66404]]},"properties":{"osm_type":"way","osm_id":1491320538,"country":"PT","name":null,"operator":null,"wikidata":null,"wikipedia":null}},{"type":"Feature","geometry":{"type":"LineString","coordinates":[[-16.93438,32.66373],[-16.93435,32.66376],[-16.93431,32.6638]]},"properties":{"osm_type":"way","osm_id":1491320539,"country":"PT","name":null,"operator":null,"wikidata":null,"wikipedia":null}},{"type":"Feature","geometry":{"type":"LineString","coordinates":[[-16.93407,32.66348],[-16.93405,32.6635],[-16.93399,32.66355]]},"properties":{"osm_type":"way","osm_id":1491320540,"country":"PT","name":null,"operator":null,"wikidata":null,"wikipedia":null}},{"type":"Feature","geometry":{"type":"LineString","coordinates":[[-16.93376,32.66323],[-16.93373,32.66326],[-16.93368,32.6633]]},"properties":{"osm_type":"way","osm_id":1491320541,"country":"PT","name":null,"operator":null,"wikidata":null,"wikipedia":null}},{"type":"Feature","geometry":{"type":"LineString","coordinates":[[-16.93321,32.6628],[-16.93317,32.66283],[-16.93314,32.66287]]},"properties":{"osm_type":"way","osm_id":1491320542,"country":"PT","name":null,"operator":null,"wikidata":null,"wikipedia":null}},{"type":"Feature","geometry":{"type":"LineString","coordinates":[[-16.93278,32.66253],[-16.93276,32.66256],[-16.93273,32.6626]]},"properties":{"osm_type":"way","osm_id":1491320543,"country":"PT","name":null,"operator":null,"wikidata":null,"wikipedia":null}},{"type":"Feature","geometry":{"type":"LineString","coordinates":[[-16.93201,32.66222],[-16.93199,32.66227],[-16.93197,32.66233]]},"properties":{"osm_type":"way","osm_id":1491320544,"country":"PT","name":null,"operator":null,"wikidata":null,"wikipedia":null}},{"type":"Feature","geometry":{"type":"LineString","coordinates":[[-16.93179,32.66218],[-16.93178,32.66224],[-16.93176,32.66228]]},"properties":{"osm_type":"way","osm_id":1491320545,"country":"PT","name":null,"operator":null,"wikidata":null,"wikipedia":null}},{"type":"Feature","geometry":{"type":"LineString","coordinates":[[-16.93158,32.66216],[-16.93158,32.66221],[-16.93158,32.66226]]},"properties":{"osm_type":"way","osm_id":1491320546,"country":"PT","name":null,"operator":null,"wikidata":null,"wikipedia":null}},{"type":"Feature","geometry":{"type":"LineString","coordinates":[[-16.93137,32.66215],[-16.93137,32.66219],[-16.93137,32.66224]]},"properties":{"osm_type":"way","osm_id":1491320547,"country":"PT","name":null,"operator":null,"wikidata":null,"wikipedia":null}},{"type":"Feature","geometry":{"type":"LineString","coordinates":[[-16.93117,32.66213],[-16.93117,32.66218],[-16.93117,32.66223]]},"properties":{"osm_type":"way","osm_id":1491320548,"country":"PT","name":null,"operator":null,"wikidata":null,"wikipedia":null}},{"type":"Feature","geometry":{"type":"LineString","coordinates":[[-16.93094,32.66212],[-16.93094,32.66216],[-16.93094,32.66221]]},"properties":{"osm_type":"way","osm_id":1491320549,"country":"PT","name":null,"operator":null,"wikidata":null,"wikipedia":null}},{"type":"Feature","geometry":{"type":"LineString","coordinates":[[-16.93072,32.6621],[-16.93072,32.66215],[-16.93072,32.6622]]},"properties":{"osm_type":"way","osm_id":1491320550,"country":"PT","name":null,"operator":null,"wikidata":null,"wikipedia":null}},{"type":"Feature","geometry":{"type":"LineString","coordinates":[[-16.93051,32.66209],[-16.93051,32.66214],[-16.93051,32.66219]]},"properties":{"osm_type":"way","osm_id":1491320551,"country":"PT","name":null,"operator":null,"wikidata":null,"wikipedia":null}},{"type":"Feature","geometry":{"type":"LineString","coordinates":[[-16.93031,32.66207],[-16.9303,32.66212],[-16.93029,32.66218]]},"properties":{"osm_type":"way","osm_id":1491320552,"country":"PT","name":null,"operator":null,"wikidata":null,"wikipedia":null}},{"type":"Feature","geometry":{"type":"LineString","coordinates":[[-16.93011,32.66205],[-16.9301,32.66211],[-16.93009,32.66215]]},"properties":{"osm_type":"way","osm_id":1491320553,"country":"PT","name":null,"operator":null,"wikidata":null,"wikipedia":null}},{"type":"Feature","geometry":{"type":"LineString","coordinates":[[-16.92993,32.66202],[-16.92992,32.66205],[-16.9299,32.6621]]},"properties":{"osm_type":"way","osm_id":1491320554,"country":"PT","name":null,"operator":null,"wikidata":null,"wikipedia":null}},{"type":"Feature","geometry":{"type":"LineString","coordinates":[[-16.92975,32.66195],[-16.92972,32.66199],[-16.92969,32.66203]]},"properties":{"osm_type":"way","osm_id":1491320555,"country":"PT","name":null,"operator":null,"wikidata":null,"wikipedia":null}},{"type":"Feature","geometry":{"type":"LineString","coordinates":[[-16.92958,32.66186],[-16.92954,32.6619],[-16.9295,32.66193]]},"properties":{"osm_type":"way","osm_id":1491320556,"country":"PT","name":null,"operator":null,"wikidata":null,"wikipedia":null}},{"type":"Feature","geometry":{"type":"LineString","coordinates":[[-16.92939,32.66171],[-16.92934,32.66175],[-16.92931,32.66178]]},"properties":{"osm_type":"way","osm_id":1491320557,"country":"PT","name":null,"operator":null,"wikidata":null,"wikipedia":null}},{"type":"Feature","geometry":{"type":"LineString","coordinates":[[-16.92926,32.66156],[-16.92921,32.66159],[-16.92916,32.66161]]},"properties":{"osm_type":"way","osm_id":1491320558,"country":"PT","name":null,"operator":null,"wikidata":null,"wikipedia":null}},{"type":"Feature","geometry":{"type":"LineString","coordinates":[[-16.92918,32.6614],[-16.92913,32.66141],[-16.92907,32.66143]]},"properties":{"osm_type":"way","osm_id":1491320559,"country":"PT","name":null,"operator":null,"wikidata":null,"wikipedia":null}},{"type":"Feature","geometry":{"type":"LineString","coordinates":[[-16.92903,32.66109],[-16.92898,32.66111],[-16.92892,32.66113]]},"properties":{"osm_type":"way","osm_id":1491320560,"country":"PT","name":null,"operator":null,"wikidata":null,"wikipedia":null}},{"type":"Feature","geometry":{"type":"LineString","coordinates":[[-16.92889,32.66084],[-16.92883,32.66086],[-16.9288,32.66088]]},"properties":{"osm_type":"way","osm_id":1491320561,"country":"PT","name":null,"operator":null,"wikidata":null,"wikipedia":null}},{"type":"Feature","geometry":{"type":"LineString","coordinates":[[-16.92885,32.66077],[-16.92879,32.66079],[-16.92876,32.6608]]},"properties":{"osm_type":"way","osm_id":1491320562,"country":"PT","name":null,"operator":null,"wikidata":null,"wikipedia":null}},{"type":"Feature","geometry":{"type":"LineString","coordinates":[[-16.92869,32.66053],[-16.92863,32.66056],[-16.92859,32.6606]]},"properties":{"osm_type":"way","osm_id":1491320563,"country":"PT","name":null,"operator":null,"wikidata":null,"wikipedia":null}},{"type":"Feature","geometry":{"type":"LineString","coordinates":[[-16.92845,32.66033],[-16.92841,32.66037],[-16.92837,32.66042]]},"properties":{"osm_type":"way","osm_id":1491320564,"country":"PT","name":null,"operator":null,"wikidata":null,"wikipedia":null}},{"type":"Feature","geometry":{"type":"LineString","coordinates":[[-16.92826,32.66023],[-16.92824,32.66027],[-16.92821,32.66032]]},"properties":{"osm_type":"way","osm_id":1491320565,"country":"PT","name":null,"operator":null,"wikidata":null,"wikipedia":null}},{"type":"Feature","geometry":{"type":"LineString","coordinates":[[-16.92794,32.66011],[-16.92792,32.66015],[-16.92789,32.66019]]},"properties":{"osm_type":"way","osm_id":1491320566,"country":"PT","name":null,"operator":null,"wikidata":null,"wikipedia":null}},{"type":"Feature","geometry":{"type":"LineString","coordinates":[[-16.92785,32.66007],[-16.92783,32.66012],[-16.92781,32.66016]]},"properties":{"osm_type":"way","osm_id":1491320567,"country":"PT","name":null,"operator":null,"wikidata":null,"wikipedia":null}},{"type":"Feature","geometry":{"type":"LineString","coordinates":[[-16.92774,32.66003],[-16.92772,32.66008],[-16.9277,32.66011]]},"properties":{"osm_type":"way","osm_id":1491320568,"country":"PT","name":null,"operator":null,"wikidata":null,"wikipedia":null}},{"type":"Feature","geometry":{"type":"LineString","coordinates":[[-16.92765,32.66],[-16.92763,32.66004],[-16.92761,32.66008]]},"properties":{"osm_type":"way","osm_id":1491320569,"country":"PT","name":null,"operator":null,"wikidata":null,"wikipedia":null}},{"type":"Feature","geometry":{"type":"LineString","coordinates":[[-16.92761,32.65998],[-16.92759,32.66003],[-16.92757,32.66006]]},"properties":{"osm_type":"way","osm_id":1491320570,"country":"PT","name":null,"operator":null,"wikidata":null,"wikipedia":null}},{"type":"Feature","geometry":{"type":"LineString","coordinates":[[-16.92736,32.65988],[-16.92734,32.65991],[-16.92732,32.65994]]},"properties":{"osm_type":"way","osm_id":1491320571,"country":"PT","name":null,"operator":null,"wikidata":null,"wikipedia":null}},{"type":"Feature","geometry":{"type":"LineString","coordinates":[[-16.92733,32.65986],[-16.92731,32.65989],[-16.92729,32.65993]]},"properties":{"osm_type":"way","osm_id":1491320572,"country":"PT","name":null,"operator":null,"wikidata":null,"wikipedia":null}},{"type":"Feature","geometry":{"type":"LineString","coordinates":[[-16.92721,32.65978],[-16.92717,32.65981],[-16.92714,32.65983]]},"properties":{"osm_type":"way","osm_id":1491320573,"country":"PT","name":null,"operator":null,"wikidata":null,"wikipedia":null}},{"type":"Feature","geometry":{"type":"LineString","coordinates":[[-16.92707,32.65965],[-16.92703,32.65969],[-16.927,32.65972]]},"properties":{"osm_type":"way","osm_id":1491320574,"country":"PT","name":null,"operator":null,"wikidata":null,"wikipedia":null}},{"type":"Feature","geometry":{"type":"LineString","coordinates":[[-16.92666,32.65941],[-16.92664,32.65944],[-16.92661,32.65948]]},"properties":{"osm_type":"way","osm_id":1491320575,"country":"PT","name":null,"operator":null,"wikidata":null,"wikipedia":null}},{"type":"Feature","geometry":{"type":"LineString","coordinates":[[-16.92636,32.65927],[-16.92633,32.65931],[-16.92631,32.65935]]},"properties":{"osm_type":"way","osm_id":1491320576,"country":"PT","name":null,"operator":null,"wikidata":null,"wikipedia":null}},{"type":"Feature","geometry":{"type":"LineString","coordinates":[[-16.92607,32.65915],[-16.92605,32.65919],[-16.92602,32.65923]]},"properties":{"osm_type":"way","osm_id":1491320577,"country":"PT","name":null,"operator":null,"wikidata":null,"wikipedia":null}},{"type":"Feature","geometry":{"type":"LineString","coordinates":[[-16.9259,32.65906],[-16.92586,32.65911],[-16.92583,32.65915]]},"properties":{"osm_type":"way","osm_id":1491320578,"country":"PT","name":null,"operator":null,"wikidata":null,"wikipedia":null}},{"type":"Feature","geometry":{"type":"LineString","coordinates":[[-16.92565,32.6589],[-16.92562,32.65892],[-16.92557,32.65896]]},"properties":{"osm_type":"way","osm_id":1491320579,"country":"PT","name":null,"operator":null,"wikidata":null,"wikipedia":null}},{"type":"Feature","geometry":{"type":"LineString","coordinates":[[-16.92531,32.65855],[-16.92528,32.65857],[-16.92523,32.6586]]},"properties":{"osm_type":"way","osm_id":1491320580,"country":"PT","name":null,"operator":null,"wikidata":null,"wikipedia":null}},{"type":"Feature","geometry":{"type":"LineString","coordinates":[[-16.92513,32.65832],[-16.9251,32.65834],[-16.92505,32.65837]]},"properties":{"osm_type":"way","osm_id":1491320581,"country":"PT","name":null,"operator":null,"wikidata":null,"wikipedia":null}},{"type":"Feature","geometry":{"type":"LineString","coordinates":[[-16.9249,32.65802],[-16.92487,32.65804],[-16.92481,32.65807]]},"properties":{"osm_type":"way","osm_id":1491320582,"country":"PT","name":null,"operator":null,"wikidata":null,"wikipedia":null}},{"type":"Feature","geometry":{"type":"LineString","coordinates":[[-16.92433,32.65747],[-16.92431,32.6575],[-16.92428,32.65754]]},"properties":{"osm_type":"way","osm_id":1491320583,"country":"PT","name":null,"operator":null,"wikidata":null,"wikipedia":null}},{"type":"Feature","geometry":{"type":"LineString","coordinates":[[-16.92395,32.65729],[-16.92394,32.65732],[-16.92391,32.65736]]},"properties":{"osm_type":"way","osm_id":1491320584,"country":"PT","name":null,"operator":null,"wikidata":null,"wikipedia":null}},{"type":"Feature","geometry":{"type":"LineString","coordinates":[[-16.92356,32.65716],[-16.92354,32.6572],[-16.92353,32.65724]]},"properties":{"osm_type":"way","osm_id":1491320585,"country":"PT","name":null,"operator":null,"wikidata":null,"wikipedia":null}},{"type":"Feature","geometry":{"type":"LineString","coordinates":[[-16.92335,32.6571],[-16.92333,32.65714],[-16.92332,32.65718]]},"properties":{"osm_type":"way","osm_id":1491320586,"country":"PT","name":null,"operator":null,"wikidata":null,"wikipedia":null}},{"type":"Feature","geometry":{"type":"LineString","coordinates":[[-16.92315,32.65703],[-16.92313,32.65708],[-16.92311,32.65712]]},"properties":{"osm_type":"way","osm_id":1491320587,"country":"PT","name":null,"operator":null,"wikidata":null,"wikipedia":null}},{"type":"Feature","geometry":{"type":"LineString","coordinates":[[-16.92296,32.65697],[-16.92293,32.65702],[-16.92291,32.65706]]},"properties":{"osm_type":"way","osm_id":1491320588,"country":"PT","name":null,"operator":null,"wikidata":null,"wikipedia":null}},{"type":"Feature","geometry":{"type":"LineString","coordinates":[[-16.92281,32.65687],[-16.92277,32.6569],[-16.92272,32.65693]]},"properties":{"osm_type":"way","osm_id":1491320589,"country":"PT","name":null,"operator":null,"wikidata":null,"wikipedia":null}},{"type":"Feature","geometry":{"type":"LineString","coordinates":[[-16.92267,32.65675],[-16.92263,32.65677],[-16.92259,32.6568]]},"properties":{"osm_type":"way","osm_id":1491320590,"country":"PT","name":null,"operator":null,"wikidata":null,"wikipedia":null}},{"type":"Feature","geometry":{"type":"LineString","coordinates":[[-16.92247,32.65655],[-16.92243,32.65658],[-16.92239,32.65661]]},"properties":{"osm_type":"way","osm_id":1491320591,"country":"PT","name":null,"operator":null,"wikidata":null,"wikipedia":null}},{"type":"Feature","geometry":{"type":"LineString","coordinates":[[-16.92239,32.65647],[-16.92235,32.6565],[-16.92231,32.65653]]},"properties":{"osm_type":"way","osm_id":1491320592,"country":"PT","name":null,"operator":null,"wikidata":null,"wikipedia":null}},{"type":"Feature","geometry":{"type":"LineString","coordinates":[[-16.92214,32.65619],[-16.9221,32.65622],[-16.92206,32.65624]]},"properties":{"osm_type":"way","osm_id":1491320593,"country":"PT","name":null,"operator":null,"wikidata":null,"wikipedia":null}},{"type":"Feature","geometry":{"type":"LineString","coordinates":[[-16.92207,32.65611],[-16.92203,32.65613],[-16.92198,32.65616]]},"properties":{"osm_type":"way","osm_id":1491320594,"country":"PT","name":null,"operator":null,"wikidata":null,"wikipedia":null}},{"type":"Feature","geometry":{"type":"LineString","coordinates":[[-16.92193,32.6558],[-16.92189,32.65581],[-16.92183,32.65583]]},"properties":{"osm_type":"way","osm_id":1491320595,"country":"PT","name":null,"operator":null,"wikidata":null,"wikipedia":null}},{"type":"Feature","geometry":{"type":"LineString","coordinates":[[-16.92179,32.65536],[-16.92174,32.65538],[-16.92168,32.65541]]},"properties":{"osm_type":"way","osm_id":1491320596,"country":"PT","name":null,"operator":null,"wikidata":null,"wikipedia":null}},{"type":"Feature","geometry":{"type":"LineString","coordinates":[[-16.92158,32.65512],[-16.92155,32.65515],[-16.92151,32.65517]]},"properties":{"osm_type":"way","osm_id":1491320597,"country":"PT","name":null,"operator":null,"wikidata":null,"wikipedia":null}},{"type":"Feature","geometry":{"type":"LineString","coordinates":[[-16.92085,32.65379],[-16.9208,32.6538],[-16.92074,32.65381]]},"properties":{"osm_type":"way","osm_id":1491320598,"country":"PT","name":null,"operator":null,"wikidata":null,"wikipedia":null}},{"type":"Feature","geometry":{"type":"LineString","coordinates":[[-16.92074,32.65344],[-16.9207,32.65346],[-16.92064,32.65349]]},"properties":{"osm_type":"way","osm_id":1491320599,"country":"PT","name":null,"operator":null,"wikidata":null,"wikipedia":null}},{"type":"Feature","geometry":{"type":"LineString","coordinates":[[-16.92049,32.65312],[-16.92044,32.65316],[-16.92041,32.65318]]},"properties":{"osm_type":"way","osm_id":1491320600,"country":"PT","name":null,"operator":null,"wikidata":null,"wikipedia":null}},{"type":"Feature","geometry":{"type":"LineString","coordinates":[[-16.92027,32.65286],[-16.92021,32.65287],[-16.92016,32.65289]]},"properties":{"osm_type":"way","osm_id":1491320601,"country":"PT","name":null,"operator":null,"wikidata":null,"wikipedia":null}},{"type":"Feature","geometry":{"type":"LineString","coordinates":[[-16.92013,32.65252],[-16.92006,32.65254],[-16.92,32.65256]]},"properties":{"osm_type":"way","osm_id":1491320602,"country":"PT","name":null,"operator":null,"wikidata":null,"wikipedia":null}},{"type":"Feature","geometry":{"type":"LineString","coordinates":[[-16.92002,32.65234],[-16.91998,32.65236],[-16.91993,32.65239]]},"properties":{"osm_type":"way","osm_id":1491320603,"country":"PT","name":null,"operator":null,"wikidata":null,"wikipedia":null}},{"type":"Feature","geometry":{"type":"LineString","coordinates":[[-16.91983,32.65205],[-16.91979,32.65206],[-16.91975,32.65208]]},"properties":{"osm_type":"way","osm_id":1491320604,"country":"PT","name":null,"operator":null,"wikidata":null,"wikipedia":null}},{"type":"Feature","geometry":{"type":"LineString","coordinates":[[-16.91964,32.65171],[-16.91959,32.65173],[-16.91954,32.65176]]},"properties":{"osm_type":"way","osm_id":1491320605,"country":"PT","name":null,"operator":null,"wikidata":null,"wikipedia":null}},{"type":"Feature","geometry":{"type":"LineString","coordinates":[[-16.9195,32.65135],[-16.91945,32.65136],[-16.91939,32.65138]]},"properties":{"osm_type":"way","osm_id":1491320606,"country":"PT","name":null,"operator":null,"wikidata":null,"wikipedia":null}},{"type":"Feature","geometry":{"type":"LineString","coordinates":[[-16.91942,32.65113],[-16.91937,32.65114],[-16.91932,32.65115]]},"properties":{"osm_type":"way","osm_id":1491320607,"country":"PT","name":null,"operator":null,"wikidata":null,"wikipedia":null}},{"type":"Feature","geometry":{"type":"LineString","coordinates":[[-16.91939,32.65104],[-16.91934,32.65106],[-16.91929,32.65107]]},"properties":{"osm_type":"way","osm_id":1491320608,"country":"PT","name":null,"operator":null,"wikidata":null,"wikipedia":null}},{"type":"Feature","geometry":{"type":"LineString","coordinates":[[-16.91895,32.65011],[-16.9189,32.65013],[-16.91887,32.65015]]},"properties":{"osm_type":"way","osm_id":1491320609,"country":"PT","name":null,"operator":null,"wikidata":null,"wikipedia":null}},{"type":"Feature","geometry":{"type":"LineString","coordinates":[[-16.9183,32.64927],[-16.91825,32.64931],[-16.9182,32.64935]]},"properties":{"osm_type":"way","osm_id":1491320610,"country":"PT","name":null,"operator":null,"wikidata":null,"wikipedia":null}},{"type":"Feature","geometry":{"type":"LineString","coordinates":[[-16.91789,32.64894],[-16.91784,32.649],[-16.91781,32.64903]]},"properties":{"osm_type":"way","osm_id":1491320611,"country":"PT","name":null,"operator":null,"wikidata":null,"wikipedia":null}},{"type":"Feature","geometry":{"type":"LineString","coordinates":[[-16.9178,32.64888],[-16.91775,32.64893],[-16.91772,32.64896]]},"properties":{"osm_type":"way","osm_id":1491320612,"country":"PT","name":null,"operator":null,"wikidata":null,"wikipedia":null}},{"type":"Feature","geometry":{"type":"LineString","coordinates":[[-16.91767,32.64879],[-16.91762,32.64884],[-16.91759,32.64888]]},"properties":{"osm_type":"way","osm_id":1491320613,"country":"PT","name":null,"operator":null,"wikidata":null,"wikipedia":null}},{"type":"Feature","geometry":{"type":"LineString","coordinates":[[-16.91755,32.64872],[-16.91751,32.64877],[-16.91747,32.64881]]},"properties":{"osm_type":"way","osm_id":1491320614,"country":"PT","name":null,"operator":null,"wikidata":null,"wikipedia":null}},{"type":"Feature","geometry":{"type":"LineString","coordinates":[[-16.91697,32.64839],[-16.91694,32.64843],[-16.91691,32.64847]]},"properties":{"osm_type":"way","osm_id":1491320615,"country":"PT","name":null,"operator":null,"wikidata":null,"wikipedia":null}},{"type":"Feature","geometry":{"type":"LineString","coordinates":[[-16.9166,32.64818],[-16.91656,32.64823],[-16.91652,32.64829]]},"properties":{"osm_type":"way","osm_id":1491320616,"country":"PT","name":null,"operator":null,"wikidata":null,"wikipedia":null}},{"type":"Feature","geometry":{"type":"LineString","coordinates":[[-16.91634,32.64805],[-16.9163,32.64811],[-16.91627,32.64816]]},"properties":{"osm_type":"way","osm_id":1491320617,"country":"PT","name":null,"operator":null,"wikidata":null,"wikipedia":null}},{"type":"Feature","geometry":{"type":"LineString","coordinates":[[-16.91612,32.64796],[-16.91609,32.64801],[-16.91606,32.64806]]},"properties":{"osm_type":"way","osm_id":1491320618,"country":"PT","name":null,"operator":null,"wikidata":null,"wikipedia":null}},{"type":"Feature","geometry":{"type":"LineString","coordinates":[[-16.96187,32.6605],[-16.96169,32.66047],[-16.96149,32.66043]]},"properties":{"osm_type":"way","osm_id":1491320619,"country":"PT","name":null,"operator":null,"wikidata":null,"wikipedia":null}},{"type":"Feature","geometry":{"type":"LineString","coordinates":[[-16.96208,32.65978],[-16.96189,32.65973],[-16.96177,32.65969]]},"properties":{"osm_type":"way","osm_id":1491320620,"country":"PT","name":null,"operator":null,"wikidata":null,"wikipedia":null}},{"type":"Feature","geometry":{"type":"LineString","coordinates":[[-16.96227,32.65927],[-16.96204,32.65921],[-16.96198,32.65919]]},"properties":{"osm_type":"way","osm_id":1491320621,"country":"PT","name":null,"operator":null,"wikidata":null,"wikipedia":null}},{"type":"Feature","geometry":{"type":"LineString","coordinates":[[-16.96246,32.65881],[-16.96224,32.65875],[-16.96218,32.65873]]},"properties":{"osm_type":"way","osm_id":1491320622,"country":"PT","name":null,"operator":null,"wikidata":null,"wikipedia":null}},{"type":"Feature","geometry":{"type":"LineString","coordinates":[[-16.96264,32.65838],[-16.96261,32.65837],[-16.96246,32.65832],[-16.96236,32.65828]]},"properties":{"osm_type":"way","osm_id":1491320623,"country":"PT","name":null,"operator":null,"wikidata":null,"wikipedia":null}},{"type":"Feature","geometry":{"type":"LineString","coordinates":[[-16.96278,32.65796],[-16.96265,32.65793],[-16.96253,32.6579]]},"properties":{"osm_type":"way","osm_id":1491320624,"country":"PT","name":null,"operator":null,"wikidata":null,"wikipedia":null}},{"type":"Feature","geometry":{"type":"LineString","coordinates":[[-16.96296,32.65757],[-16.96286,32.65751],[-16.96274,32.65746]]},"properties":{"osm_type":"way","osm_id":1491320625,"country":"PT","name":null,"operator":null,"wikidata":null,"wikipedia":null}},{"type":"Feature","geometry":{"type":"LineString","coordinates":[[-16.96329,32.65728],[-16.96324,32.65722],[-16.96315,32.65712]]},"properties":{"osm_type":"way","osm_id":1491320626,"country":"PT","name":null,"operator":null,"wikidata":null,"wikipedia":null}},{"type":"Feature","geometry":{"type":"LineString","coordinates":[[-16.96385,32.65697],[-16.96374,32.65687],[-16.96369,32.65682]]},"properties":{"osm_type":"way","osm_id":1491320627,"country":"PT","name":null,"operator":null,"wikidata":null,"wikipedia":null}},{"type":"Feature","geometry":{"type":"LineString","coordinates":[[-16.96428,32.65637],[-16.9642,32.65633],[-16.96411,32.65629]]},"properties":{"osm_type":"way","osm_id":1491320628,"country":"PT","name":null,"operator":null,"wikidata":null,"wikipedia":null}},{"type":"Feature","geometry":{"type":"LineString","coordinates":[[-16.96479,32.65262],[-16.96468,32.65264],[-16.96457,32.65267]]},"properties":{"osm_type":"way","osm_id":1491320629,"country":"PT","name":null,"operator":null,"wikidata":null,"wikipedia":null}},{"type":"Feature","geometry":{"type":"LineString","coordinates":[[-16.96469,32.65217],[-16.96458,32.65219],[-16.96444,32.65221]]},"properties":{"osm_type":"way","osm_id":1491320630,"country":"PT","name":null,"operator":null,"wikidata":null,"wikipedia":null}},{"type":"Feature","geometry":{"type":"LineString","coordinates":[[-16.96454,32.65159],[-16.96444,32.6516],[-16.96431,32.65163]]},"properties":{"osm_type":"way","osm_id":1491320631,"country":"PT","name":null,"operator":null,"wikidata":null,"wikipedia":null}},{"type":"Feature","geometry":{"type":"LineString","coordinates":[[-16.96455,32.65107],[-16.96444,32.65104],[-16.9643,32.65102]]},"properties":{"osm_type":"way","osm_id":1491320632,"country":"PT","name":null,"operator":null,"wikidata":null,"wikipedia":null}},{"type":"Feature","geometry":{"type":"LineString","coordinates":[[-16.96946,32.64684],[-16.96933,32.6468],[-16.96924,32.64677]]},"properties":{"osm_type":"way","osm_id":1491320633,"country":"PT","name":null,"operator":null,"wikidata":null,"wikipedia":null}},{"type":"Feature","geometry":{"type":"LineString","coordinates":[[-16.91821,32.67738],[-16.91814,32.67742],[-16.9181,32.67745]]},"properties":{"osm_type":"way","osm_id":1491325815,"country":"PT","name":null,"operator":null,"wikidata":null,"wikipedia":null}},{"type":"Feature","geometry":{"type":"LineString","coordinates":[[-16.91787,32.67659],[-16.91781,32.67659],[-16.91776,32.67659]]},"properties":{"osm_type":"way","osm_id":1491325816,"country":"PT","name":null,"operator":null,"wikidata":null,"wikipedia":null}},{"type":"Feature","geometry":{"type":"LineString","coordinates":[[-16.91787,32.67646],[-16.91782,32.67646],[-16.91776,32.67646]]},"properties":{"osm_type":"way","osm_id":1491325817,"country":"PT","name":null,"operator":null,"wikidata":null,"wikipedia":null}},{"type":"Feature","geometry":{"type":"LineString","coordinates":[[-16.91788,32.67631],[-16.91782,32.67631],[-16.91777,32.6763]]},"properties":{"osm_type":"way","osm_id":1491325818,"country":"PT","name":null,"operator":null,"wikidata":null,"wikipedia":null}},{"type":"Feature","geometry":{"type":"LineString","coordinates":[[-16.91789,32.67616],[-16.91784,32.67616],[-16.91778,32.67616]]},"properties":{"osm_type":"way","osm_id":1491325819,"country":"PT","name":null,"operator":null,"wikidata":null,"wikipedia":null}},{"type":"Feature","geometry":{"type":"LineString","coordinates":[[-16.9179,32.67604],[-16.91785,32.67604],[-16.9178,32.67602]]},"properties":{"osm_type":"way","osm_id":1491325820,"country":"PT","name":null,"operator":null,"wikidata":null,"wikipedia":null}},{"type":"Feature","geometry":{"type":"LineString","coordinates":[[-16.91793,32.67592],[-16.91788,32.67591],[-16.91783,32.6759]]},"properties":{"osm_type":"way","osm_id":1491325821,"country":"PT","name":null,"operator":null,"wikidata":null,"wikipedia":null}},{"type":"Feature","geometry":{"type":"LineString","coordinates":[[-16.91797,32.6758],[-16.91791,32.67579],[-16.91786,32.67578]]},"properties":{"osm_type":"way","osm_id":1491325822,"country":"PT","name":null,"operator":null,"wikidata":null,"wikipedia":null}},{"type":"Feature","geometry":{"type":"LineString","coordinates":[[-16.91805,32.67553],[-16.91797,32.67552],[-16.91793,32.67551]]},"properties":{"osm_type":"way","osm_id":1491325823,"country":"PT","name":null,"operator":null,"wikidata":null,"wikipedia":null}},{"type":"Feature","geometry":{"type":"LineString","coordinates":[[-16.91807,32.6754],[-16.918,32.67539],[-16.91796,32.67538]]},"properties":{"osm_type":"way","osm_id":1491325824,"country":"PT","name":null,"operator":null,"wikidata":null,"wikipedia":null}},{"type":"Feature","geometry":{"type":"LineString","coordinates":[[-16.91795,32.6747],[-16.91789,32.67472],[-16.91783,32.67475]]},"properties":{"osm_type":"way","osm_id":1491325825,"country":"PT","name":null,"operator":null,"wikidata":null,"wikipedia":null}},{"type":"Feature","geometry":{"type":"LineString","coordinates":[[-16.91788,32.67459],[-16.91783,32.67461],[-16.91776,32.67463]]},"properties":{"osm_type":"way","osm_id":1491325826,"country":"PT","name":null,"operator":null,"wikidata":null,"wikipedia":null}},{"type":"Feature","geometry":{"type":"LineString","coordinates":[[-16.91781,32.67446],[-16.91776,32.67448],[-16.91769,32.67451]]},"properties":{"osm_type":"way","osm_id":1491325827,"country":"PT","name":null,"operator":null,"wikidata":null,"wikipedia":null}},{"type":"Feature","geometry":{"type":"LineString","coordinates":[[-16.91773,32.67433],[-16.91769,32.67435],[-16.91762,32.67438]]},"properties":{"osm_type":"way","osm_id":1491325828,"country":"PT","name":null,"operator":null,"wikidata":null,"wikipedia":null}},{"type":"Feature","geometry":{"type":"LineString","coordinates":[[-16.91767,32.6742],[-16.91762,32.67422],[-16.91755,32.67425]]},"properties":{"osm_type":"way","osm_id":1491325829,"country":"PT","name":null,"operator":null,"wikidata":null,"wikipedia":null}},{"type":"Feature","geometry":{"type":"LineString","coordinates":[[-16.9176,32.67408],[-16.91755,32.6741],[-16.91748,32.67412]]},"properties":{"osm_type":"way","osm_id":1491325830,"country":"PT","name":null,"operator":null,"wikidata":null,"wikipedia":null}},{"type":"Feature","geometry":{"type":"LineString","coordinates":[[-16.91755,32.67395],[-16.91748,32.67397],[-16.91741,32.67399]]},"properties":{"osm_type":"way","osm_id":1491325831,"country":"PT","name":null,"operator":null,"wikidata":null,"wikipedia":null}},{"type":"Feature","geometry":{"type":"LineString","coordinates":[[-16.91751,32.67383],[-16.91744,32.67384],[-16.91737,32.67385]]},"properties":{"osm_type":"way","osm_id":1491325832,"country":"PT","name":null,"operator":null,"wikidata":null,"wikipedia":null}},{"type":"Feature","geometry":{"type":"LineString","coordinates":[[-16.91749,32.67371],[-16.91742,32.67372],[-16.91736,32.67373]]},"properties":{"osm_type":"way","osm_id":1491325833,"country":"PT","name":null,"operator":null,"wikidata":null,"wikipedia":null}},{"type":"Feature","geometry":{"type":"LineString","coordinates":[[-16.91746,32.67359],[-16.9174,32.6736],[-16.91735,32.6736]]},"properties":{"osm_type":"way","osm_id":1491325834,"country":"PT","name":null,"operator":null,"wikidata":null,"wikipedia":null}},{"type":"Feature","geometry":{"type":"LineString","coordinates":[[-16.91744,32.67348],[-16.91738,32.67349],[-16.91733,32.67349]]},"properties":{"osm_type":"way","osm_id":1491325835,"country":"PT","name":null,"operator":null,"wikidata":null,"wikipedia":null}},{"type":"Feature","geometry":{"type":"LineString","coordinates":[[-16.91742,32.67335],[-16.91736,32.67336],[-16.9173,32.67336]]},"properties":{"osm_type":"way","osm_id":1491325836,"country":"PT","name":null,"operator":null,"wikidata":null,"wikipedia":null}},{"type":"Feature","geometry":{"type":"LineString","coordinates":[[-16.91739,32.67322],[-16.91733,32.67323],[-16.91727,32.67324]]},"properties":{"osm_type":"way","osm_id":1491325837,"country":"PT","name":null,"operator":null,"wikidata":null,"wikipedia":null}},{"type":"Feature","geometry":{"type":"LineString","coordinates":[[-16.91737,32.67309],[-16.91731,32.6731],[-16.91724,32.67311]]},"properties":{"osm_type":"way","osm_id":1491325838,"country":"PT","name":null,"operator":null,"wikidata":null,"wikipedia":null}},{"type":"Feature","geometry":{"type":"LineString","coordinates":[[-16.91735,32.67297],[-16.91729,32.67298],[-16.91721,32.67299]]},"properties":{"osm_type":"way","osm_id":1491325839,"country":"PT","name":null,"operator":null,"wikidata":null,"wikipedia":null}},{"type":"Feature","geometry":{"type":"LineString","coordinates":[[-16.91733,32.67286],[-16.91726,32.67287],[-16.91718,32.67288]]},"properties":{"osm_type":"way","osm_id":1491325840,"country":"PT","name":null,"operator":null,"wikidata":null,"wikipedia":null}},{"type":"Feature","geometry":{"type":"LineString","coordinates":[[-16.9173,32.67275],[-16.91724,32.67276],[-16.91716,32.67277]]},"properties":{"osm_type":"way","osm_id":1491325841,"country":"PT","name":null,"operator":null,"wikidata":null,"wikipedia":null}},{"type":"Feature","geometry":{"type":"LineString","coordinates":[[-16.91728,32.67263],[-16.91722,32.67263],[-16.91713,32.67264]]},"properties":{"osm_type":"way","osm_id":1491325842,"country":"PT","name":null,"operator":null,"wikidata":null,"wikipedia":null}},{"type":"Feature","geometry":{"type":"LineString","coordinates":[[-16.91726,32.67251],[-16.9172,32.67252],[-16.91711,32.67253]]},"properties":{"osm_type":"way","osm_id":1491325843,"country":"PT","name":null,"operator":null,"wikidata":null,"wikipedia":null}},{"type":"Feature","geometry":{"type":"LineString","coordinates":[[-16.91723,32.67239],[-16.91717,32.6724],[-16.91709,32.67241]]},"properties":{"osm_type":"way","osm_id":1491325844,"country":"PT","name":null,"operator":null,"wikidata":null,"wikipedia":null}},{"type":"Feature","geometry":{"type":"LineString","coordinates":[[-16.9172,32.67224],[-16.91715,32.67225],[-16.91707,32.67226]]},"properties":{"osm_type":"way","osm_id":1491325845,"country":"PT","name":null,"operator":null,"wikidata":null,"wikipedia":null}},{"type":"Feature","geometry":{"type":"LineString","coordinates":[[-16.91717,32.67208],[-16.91711,32.67209],[-16.91704,32.6721]]},"properties":{"osm_type":"way","osm_id":1491325846,"country":"PT","name":null,"operator":null,"wikidata":null,"wikipedia":null}},{"type":"Feature","geometry":{"type":"LineString","coordinates":[[-16.91714,32.67194],[-16.91709,32.67194],[-16.91701,32.67195]]},"properties":{"osm_type":"way","osm_id":1491325847,"country":"PT","name":null,"operator":null,"wikidata":null,"wikipedia":null}},{"type":"Feature","geometry":{"type":"LineString","coordinates":[[-16.91711,32.67179],[-16.91706,32.6718],[-16.91699,32.67181]]},"properties":{"osm_type":"way","osm_id":1491325848,"country":"PT","name":null,"operator":null,"wikidata":null,"wikipedia":null}},{"type":"Feature","geometry":{"type":"LineString","coordinates":[[-16.91708,32.67165],[-16.91703,32.67165],[-16.91695,32.67166]]},"properties":{"osm_type":"way","osm_id":1491325849,"country":"PT","name":null,"operator":null,"wikidata":null,"wikipedia":null}},{"type":"Feature","geometry":{"type":"LineString","coordinates":[[-16.91704,32.67147],[-16.91699,32.67148],[-16.91692,32.67149]]},"properties":{"osm_type":"way","osm_id":1491325850,"country":"PT","name":null,"operator":null,"wikidata":null,"wikipedia":null}},{"type":"Feature","geometry":{"type":"LineString","coordinates":[[-16.91702,32.67138],[-16.91696,32.67138],[-16.91691,32.67138],[-16.91684,32.67139]]},"properties":{"osm_type":"way","osm_id":1491325851,"country":"PT","name":null,"operator":null,"wikidata":null,"wikipedia":null}},{"type":"Feature","geometry":{"type":"LineString","coordinates":[[-16.91702,32.67124],[-16.91695,32.67125],[-16.91687,32.67125]]},"properties":{"osm_type":"way","osm_id":1491325852,"country":"PT","name":null,"operator":null,"wikidata":null,"wikipedia":null}},{"type":"Feature","geometry":{"type":"LineString","coordinates":[[-16.91703,32.67112],[-16.91696,32.67111],[-16.91689,32.67111]]},"properties":{"osm_type":"way","osm_id":1491325853,"country":"PT","name":null,"operator":null,"wikidata":null,"wikipedia":null}},{"type":"Feature","geometry":{"type":"LineString","coordinates":[[-16.91705,32.671],[-16.91699,32.67099],[-16.91692,32.67098]]},"properties":{"osm_type":"way","osm_id":1491325854,"country":"PT","name":null,"operator":null,"wikidata":null,"wikipedia":null}},{"type":"Feature","geometry":{"type":"LineString","coordinates":[[-16.91708,32.6709],[-16.91702,32.67089],[-16.91694,32.67088]]},"properties":{"osm_type":"way","osm_id":1491325855,"country":"PT","name":null,"operator":null,"wikidata":null,"wikipedia":null}},{"type":"Feature","geometry":{"type":"LineString","coordinates":[[-16.91712,32.67079],[-16.91705,32.67077],[-16.91697,32.67075]]},"properties":{"osm_type":"way","osm_id":1491325856,"country":"PT","name":null,"operator":null,"wikidata":null,"wikipedia":null}},{"type":"Feature","geometry":{"type":"LineString","coordinates":[[-16.91716,32.67068],[-16.9171,32.67066],[-16.91702,32.67064]]},"properties":{"osm_type":"way","osm_id":1491325857,"country":"PT","name":null,"operator":null,"wikidata":null,"wikipedia":null}},{"type":"Feature","geometry":{"type":"LineString","coordinates":[[-16.91722,32.67056],[-16.91717,32.67054],[-16.91708,32.67051]]},"properties":{"osm_type":"way","osm_id":1491325858,"country":"PT","name":null,"operator":null,"wikidata":null,"wikipedia":null}},{"type":"Feature","geometry":{"type":"LineString","coordinates":[[-16.9173,32.67044],[-16.91724,32.67041],[-16.91718,32.67038]]},"properties":{"osm_type":"way","osm_id":1491325859,"country":"PT","name":null,"operator":null,"wikidata":null,"wikipedia":null}},{"type":"Feature","geometry":{"type":"LineString","coordinates":[[-16.9174,32.67033],[-16.91734,32.6703],[-16.91727,32.67026]]},"properties":{"osm_type":"way","osm_id":1491325860,"country":"PT","name":null,"operator":null,"wikidata":null,"wikipedia":null}},{"type":"Feature","geometry":{"type":"LineString","coordinates":[[-16.91749,32.67022],[-16.91744,32.67019],[-16.91737,32.67014]]},"properties":{"osm_type":"way","osm_id":1491325861,"country":"PT","name":null,"operator":null,"wikidata":null,"wikipedia":null}},{"type":"Feature","geometry":{"type":"LineString","coordinates":[[-16.91756,32.67013],[-16.91751,32.6701],[-16.91745,32.67005]]},"properties":{"osm_type":"way","osm_id":1491325862,"country":"PT","name":null,"operator":null,"wikidata":null,"wikipedia":null}},{"type":"Feature","geometry":{"type":"LineString","coordinates":[[-16.91765,32.67002],[-16.9176,32.66999],[-16.91754,32.66995]]},"properties":{"osm_type":"way","osm_id":1491325863,"country":"PT","name":null,"operator":null,"wikidata":null,"wikipedia":null}},{"type":"Feature","geometry":{"type":"LineString","coordinates":[[-16.91773,32.66993],[-16.91768,32.6699],[-16.91762,32.66986]]},"properties":{"osm_type":"way","osm_id":1491325864,"country":"PT","name":null,"operator":null,"wikidata":null,"wikipedia":null}},{"type":"Feature","geometry":{"type":"LineString","coordinates":[[-16.91781,32.66983],[-16.91776,32.6698],[-16.91769,32.66976]]},"properties":{"osm_type":"way","osm_id":1491325865,"country":"PT","name":null,"operator":null,"wikidata":null,"wikipedia":null}},{"type":"Feature","geometry":{"type":"LineString","coordinates":[[-16.91789,32.66974],[-16.91784,32.66971],[-16.91776,32.66967]]},"properties":{"osm_type":"way","osm_id":1491325866,"country":"PT","name":null,"operator":null,"wikidata":null,"wikipedia":null}},{"type":"Feature","geometry":{"type":"LineString","coordinates":[[-16.91798,32.66964],[-16.91792,32.66961],[-16.91785,32.66957]]},"properties":{"osm_type":"way","osm_id":1491325867,"country":"PT","name":null,"operator":null,"wikidata":null,"wikipedia":null}},{"type":"Feature","geometry":{"type":"LineString","coordinates":[[-16.91807,32.66953],[-16.91802,32.66949],[-16.91795,32.66945]]},"properties":{"osm_type":"way","osm_id":1491325868,"country":"PT","name":null,"operator":null,"wikidata":null,"wikipedia":null}},{"type":"Feature","geometry":{"type":"LineString","coordinates":[[-16.91818,32.6694],[-16.91812,32.66937],[-16.91806,32.66933]]},"properties":{"osm_type":"way","osm_id":1491325869,"country":"PT","name":null,"operator":null,"wikidata":null,"wikipedia":null}},{"type":"Feature","geometry":{"type":"LineString","coordinates":[[-16.91826,32.6693],[-16.91821,32.66927],[-16.91815,32.66923]]},"properties":{"osm_type":"way","osm_id":1491325870,"country":"PT","name":null,"operator":null,"wikidata":null,"wikipedia":null}},{"type":"Feature","geometry":{"type":"LineString","coordinates":[[-16.91835,32.6692],[-16.9183,32.66917],[-16.91824,32.66913]]},"properties":{"osm_type":"way","osm_id":1491325871,"country":"PT","name":null,"operator":null,"wikidata":null,"wikipedia":null}},{"type":"Feature","geometry":{"type":"LineString","coordinates":[[-16.91843,32.6691],[-16.91838,32.66907],[-16.91832,32.66903]]},"properties":{"osm_type":"way","osm_id":1491325872,"country":"PT","name":null,"operator":null,"wikidata":null,"wikipedia":null}},{"type":"Feature","geometry":{"type":"LineString","coordinates":[[-16.91852,32.66899],[-16.91847,32.66896],[-16.91842,32.66893]]},"properties":{"osm_type":"way","osm_id":1491325873,"country":"PT","name":null,"operator":null,"wikidata":null,"wikipedia":null}},{"type":"Feature","geometry":{"type":"LineString","coordinates":[[-16.91861,32.66888],[-16.91856,32.66885],[-16.91851,32.66882]]},"properties":{"osm_type":"way","osm_id":1491325874,"country":"PT","name":null,"operator":null,"wikidata":null,"wikipedia":null}},{"type":"Feature","geometry":{"type":"LineString","coordinates":[[-16.9187,32.66877],[-16.91865,32.66875],[-16.91859,32.66872]]},"properties":{"osm_type":"way","osm_id":1491325875,"country":"PT","name":null,"operator":null,"wikidata":null,"wikipedia":null}},{"type":"Feature","geometry":{"type":"LineString","coordinates":[[-16.91878,32.66866],[-16.91873,32.66864],[-16.91866,32.66861]]},"properties":{"osm_type":"way","osm_id":1491325876,"country":"PT","name":null,"operator":null,"wikidata":null,"wikipedia":null}},{"type":"Feature","geometry":{"type":"LineString","coordinates":[[-16.91885,32.66854],[-16.9188,32.66852],[-16.91873,32.66849]]},"properties":{"osm_type":"way","osm_id":1491325877,"country":"PT","name":null,"operator":null,"wikidata":null,"wikipedia":null}},{"type":"Feature","geometry":{"type":"LineString","coordinates":[[-16.91891,32.66842],[-16.91886,32.6684],[-16.91878,32.66838]]},"properties":{"osm_type":"way","osm_id":1491325878,"country":"PT","name":null,"operator":null,"wikidata":null,"wikipedia":null}},{"type":"Feature","geometry":{"type":"LineString","coordinates":[[-16.91895,32.66829],[-16.9189,32.66828],[-16.91882,32.66826]]},"properties":{"osm_type":"way","osm_id":1491325879,"country":"PT","name":null,"operator":null,"wikidata":null,"wikipedia":null}},{"type":"Feature","geometry":{"type":"LineString","coordinates":[[-16.91898,32.66816],[-16.91893,32.66815],[-16.91885,32.66813]]},"properties":{"osm_type":"way","osm_id":1491325880,"country":"PT","name":null,"operator":null,"wikidata":null,"wikipedia":null}},{"type":"Feature","geometry":{"type":"LineString","coordinates":[[-16.91903,32.66802],[-16.91898,32.66801],[-16.91889,32.66799]]},"properties":{"osm_type":"way","osm_id":1491325881,"country":"PT","name":null,"operator":null,"wikidata":null,"wikipedia":null}},{"type":"Feature","geometry":{"type":"LineString","coordinates":[[-16.91907,32.66787],[-16.91902,32.66786],[-16.91894,32.66785]]},"properties":{"osm_type":"way","osm_id":1491325882,"country":"PT","name":null,"operator":null,"wikidata":null,"wikipedia":null}},{"type":"Feature","geometry":{"type":"LineString","coordinates":[[-16.91911,32.66773],[-16.91906,32.66772],[-16.91898,32.6677]]},"properties":{"osm_type":"way","osm_id":1491325883,"country":"PT","name":null,"operator":null,"wikidata":null,"wikipedia":null}},{"type":"Feature","geometry":{"type":"LineString","coordinates":[[-16.91915,32.66759],[-16.91909,32.66758],[-16.91902,32.66757]]},"properties":{"osm_type":"way","osm_id":1491325884,"country":"PT","name":null,"operator":null,"wikidata":null,"wikipedia":null}},{"type":"Feature","geometry":{"type":"LineString","coordinates":[[-16.9192,32.66745],[-16.91913,32.66744],[-16.91906,32.66743]]},"properties":{"osm_type":"way","osm_id":1491325885,"country":"PT","name":null,"operator":null,"wikidata":null,"wikipedia":null}},{"type":"Feature","geometry":{"type":"LineString","coordinates":[[-16.91923,32.66732],[-16.91917,32.66731],[-16.9191,32.66729]]},"properties":{"osm_type":"way","osm_id":1491325886,"country":"PT","name":null,"operator":null,"wikidata":null,"wikipedia":null}},{"type":"Feature","geometry":{"type":"LineString","coordinates":[[-16.91927,32.66718],[-16.91921,32.66717],[-16.91914,32.66716]]},"properties":{"osm_type":"way","osm_id":1491325887,"country":"PT","name":null,"operator":null,"wikidata":null,"wikipedia":null}},{"type":"Feature","geometry":{"type":"LineString","coordinates":[[-16.91932,32.66704],[-16.91925,32.66702],[-16.91918,32.66701]]},"properties":{"osm_type":"way","osm_id":1491325888,"country":"PT","name":null,"operator":null,"wikidata":null,"wikipedia":null}},{"type":"Feature","geometry":{"type":"LineString","coordinates":[[-16.91935,32.66689],[-16.91929,32.66688],[-16.91922,32.66687]]},"properties":{"osm_type":"way","osm_id":1491325889,"country":"PT","name":null,"operator":null,"wikidata":null,"wikipedia":null}},{"type":"Feature","geometry":{"type":"LineString","coordinates":[[-16.91939,32.66677],[-16.91933,32.66675],[-16.91926,32.66674]]},"properties":{"osm_type":"way","osm_id":1491325890,"country":"PT","name":null,"operator":null,"wikidata":null,"wikipedia":null}},{"type":"Feature","geometry":{"type":"LineString","coordinates":[[-16.91942,32.66664],[-16.91936,32.66663],[-16.91929,32.66662]]},"properties":{"osm_type":"way","osm_id":1491325891,"country":"PT","name":null,"operator":null,"wikidata":null,"wikipedia":null}},{"type":"Feature","geometry":{"type":"LineString","coordinates":[[-16.91944,32.6665],[-16.91938,32.6665],[-16.91931,32.66649]]},"properties":{"osm_type":"way","osm_id":1491325892,"country":"PT","name":null,"operator":null,"wikidata":null,"wikipedia":null}},{"type":"Feature","geometry":{"type":"LineString","coordinates":[[-16.91946,32.66639],[-16.91939,32.66638],[-16.91933,32.66638]]},"properties":{"osm_type":"way","osm_id":1491325893,"country":"PT","name":null,"operator":null,"wikidata":null,"wikipedia":null}},{"type":"Feature","geometry":{"type":"LineString","coordinates":[[-16.91948,32.66626],[-16.91941,32.66625],[-16.91935,32.66625]]},"properties":{"osm_type":"way","osm_id":1491325894,"country":"PT","name":null,"operator":null,"wikidata":null,"wikipedia":null}},{"type":"Feature","geometry":{"type":"LineString","coordinates":[[-16.91949,32.66614],[-16.91943,32.66613],[-16.91936,32.66613]]},"properties":{"osm_type":"way","osm_id":1491325895,"country":"PT","name":null,"operator":null,"wikidata":null,"wikipedia":null}},{"type":"Feature","geometry":{"type":"LineString","coordinates":[[-16.91951,32.66602],[-16.91944,32.66602],[-16.91938,32.66601]]},"properties":{"osm_type":"way","osm_id":1491325896,"country":"PT","name":null,"operator":null,"wikidata":null,"wikipedia":null}},{"type":"Feature","geometry":{"type":"LineString","coordinates":[[-16.91953,32.66591],[-16.91946,32.6659],[-16.9194,32.6659]]},"properties":{"osm_type":"way","osm_id":1491325897,"country":"PT","name":null,"operator":null,"wikidata":null,"wikipedia":null}},{"type":"Feature","geometry":{"type":"LineString","coordinates":[[-16.91955,32.66579],[-16.91948,32.66579],[-16.91941,32.66578]]},"properties":{"osm_type":"way","osm_id":1491325898,"country":"PT","name":null,"operator":null,"wikidata":null,"wikipedia":null}},{"type":"Feature","geometry":{"type":"LineString","coordinates":[[-16.91956,32.66569],[-16.91949,32.66568],[-16.91943,32.66567]]},"properties":{"osm_type":"way","osm_id":1491325899,"country":"PT","name":null,"operator":null,"wikidata":null,"wikipedia":null}},{"type":"Feature","geometry":{"type":"LineString","coordinates":[[-16.91958,32.66557],[-16.91951,32.66556],[-16.91944,32.66556]]},"properties":{"osm_type":"way","osm_id":1491325900,"country":"PT","name":null,"operator":null,"wikidata":null,"wikipedia":null}},{"type":"Feature","geometry":{"type":"LineString","coordinates":[[-16.9196,32.66547],[-16.91953,32.66546],[-16.91946,32.66545]]},"properties":{"osm_type":"way","osm_id":1491325901,"country":"PT","name":null,"operator":null,"wikidata":null,"wikipedia":null}},{"type":"Feature","geometry":{"type":"LineString","coordinates":[[-16.91962,32.66536],[-16.91954,32.66534],[-16.91948,32.66534]]},"properties":{"osm_type":"way","osm_id":1491325902,"country":"PT","name":null,"operator":null,"wikidata":null,"wikipedia":null}},{"type":"Feature","geometry":{"type":"LineString","coordinates":[[-16.91963,32.66523],[-16.91956,32.66522],[-16.9195,32.66521]]},"properties":{"osm_type":"way","osm_id":1491325903,"country":"PT","name":null,"operator":null,"wikidata":null,"wikipedia":null}},{"type":"Feature","geometry":{"type":"LineString","coordinates":[[-16.91965,32.6651],[-16.91958,32.66509],[-16.91952,32.66508]]},"properties":{"osm_type":"way","osm_id":1491325904,"country":"PT","name":null,"operator":null,"wikidata":null,"wikipedia":null}},{"type":"Feature","geometry":{"type":"LineString","coordinates":[[-16.91969,32.66484],[-16.91961,32.66483],[-16.91947,32.66482]]},"properties":{"osm_type":"way","osm_id":1491325905,"country":"PT","name":null,"operator":null,"wikidata":null,"wikipedia":null}},{"type":"Feature","geometry":{"type":"LineString","coordinates":[[-16.91975,32.66437],[-16.91966,32.66436],[-16.91957,32.66435]]},"properties":{"osm_type":"way","osm_id":1491325906,"country":"PT","name":null,"operator":null,"wikidata":null,"wikipedia":null}},{"type":"Feature","geometry":{"type":"LineString","coordinates":[[-16.91982,32.66405],[-16.91975,32.66404],[-16.91963,32.66401]]},"properties":{"osm_type":"way","osm_id":1491325907,"country":"PT","name":null,"operator":null,"wikidata":null,"wikipedia":null}},{"type":"Feature","geometry":{"type":"LineString","coordinates":[[-16.91992,32.66367],[-16.91985,32.66366],[-16.91981,32.66365]]},"properties":{"osm_type":"way","osm_id":1491325908,"country":"PT","name":null,"operator":null,"wikidata":null,"wikipedia":null}},{"type":"Feature","geometry":{"type":"LineString","coordinates":[[-16.92002,32.66316],[-16.91995,32.66315],[-16.91987,32.66314]]},"properties":{"osm_type":"way","osm_id":1491325909,"country":"PT","name":null,"operator":null,"wikidata":null,"wikipedia":null}},{"type":"Feature","geometry":{"type":"LineString","coordinates":[[-16.92005,32.66298],[-16.91998,32.66296],[-16.91995,32.66296]]},"properties":{"osm_type":"way","osm_id":1491325910,"country":"PT","name":null,"operator":null,"wikidata":null,"wikipedia":null}},{"type":"Feature","geometry":{"type":"LineString","coordinates":[[-16.91997,32.66207],[-16.91992,32.66208],[-16.91986,32.6621]]},"properties":{"osm_type":"way","osm_id":1491325911,"country":"PT","name":null,"operator":null,"wikidata":null,"wikipedia":null}},{"type":"Feature","geometry":{"type":"LineString","coordinates":[[-16.91985,32.6618],[-16.9198,32.66181],[-16.91975,32.66183]]},"properties":{"osm_type":"way","osm_id":1491325912,"country":"PT","name":null,"operator":null,"wikidata":null,"wikipedia":null}},{"type":"Feature","geometry":{"type":"LineString","coordinates":[[-16.9195,32.66094],[-16.91943,32.66096],[-16.9194,32.66096]]},"properties":{"osm_type":"way","osm_id":1491325913,"country":"PT","name":null,"operator":null,"wikidata":null,"wikipedia":null}},{"type":"Feature","geometry":{"type":"LineString","coordinates":[[-16.91935,32.66055],[-16.91929,32.66056],[-16.91926,32.66057]]},"properties":{"osm_type":"way","osm_id":1491325914,"country":"PT","name":null,"operator":null,"wikidata":null,"wikipedia":null}},{"type":"Feature","geometry":{"type":"LineString","coordinates":[[-16.91902,32.65933],[-16.91898,32.65933],[-16.91893,32.65934]]},"properties":{"osm_type":"way","osm_id":1491325915,"country":"PT","name":null,"operator":null,"wikidata":null,"wikipedia":null}},{"type":"Feature","geometry":{"type":"LineString","coordinates":[[-16.91902,32.65918],[-16.91898,32.65918],[-16.91892,32.65918]]},"properties":{"osm_type":"way","osm_id":1491325916,"country":"PT","name":null,"operator":null,"wikidata":null,"wikipedia":null}},{"type":"Feature","geometry":{"type":"LineString","coordinates":[[-16.91902,32.65903],[-16.91898,32.65903],[-16.91893,32.65903]]},"properties":{"osm_type":"way","osm_id":1491325917,"country":"PT","name":null,"operator":null,"wikidata":null,"wikipedia":null}},{"type":"Feature","geometry":{"type":"LineString","coordinates":[[-16.91902,32.65888],[-16.91898,32.65888],[-16.91893,32.65888]]},"properties":{"osm_type":"way","osm_id":1491325918,"country":"PT","name":null,"operator":null,"wikidata":null,"wikipedia":null}},{"type":"Feature","geometry":{"type":"LineString","coordinates":[[-16.91902,32.65874],[-16.91898,32.65874],[-16.91893,32.65874]]},"properties":{"osm_type":"way","osm_id":1491325919,"country":"PT","name":null,"operator":null,"wikidata":null,"wikipedia":null}},{"type":"Feature","geometry":{"type":"LineString","coordinates":[[-16.91902,32.6586],[-16.91898,32.6586],[-16.91893,32.65859]]},"properties":{"osm_type":"way","osm_id":1491325920,"country":"PT","name":null,"operator":null,"wikidata":null,"wikipedia":null}},{"type":"Feature","geometry":{"type":"LineString","coordinates":[[-16.91902,32.65844],[-16.91898,32.65844],[-16.91893,32.65844]]},"properties":{"osm_type":"way","osm_id":1491325921,"country":"PT","name":null,"operator":null,"wikidata":null,"wikipedia":null}},{"type":"Feature","geometry":{"type":"LineString","coordinates":[[-16.91902,32.65829],[-16.91898,32.65829],[-16.91892,32.65829]]},"properties":{"osm_type":"way","osm_id":1491325922,"country":"PT","name":null,"operator":null,"wikidata":null,"wikipedia":null}},{"type":"Feature","geometry":{"type":"LineString","coordinates":[[-16.91903,32.65815],[-16.91898,32.65814],[-16.91892,32.65815]]},"properties":{"osm_type":"way","osm_id":1491325923,"country":"PT","name":null,"operator":null,"wikidata":null,"wikipedia":null}},{"type":"Feature","geometry":{"type":"LineString","coordinates":[[-16.91826,32.65709],[-16.91823,32.65713],[-16.91819,32.65717]]},"properties":{"osm_type":"way","osm_id":1491325924,"country":"PT","name":null,"operator":null,"wikidata":null,"wikipedia":null}},{"type":"Feature","geometry":{"type":"LineString","coordinates":[[-16.91815,32.65702],[-16.91812,32.65706],[-16.91808,32.6571]]},"properties":{"osm_type":"way","osm_id":1491325925,"country":"PT","name":null,"operator":null,"wikidata":null,"wikipedia":null}},{"type":"Feature","geometry":{"type":"LineString","coordinates":[[-16.91804,32.65696],[-16.91801,32.65699],[-16.91797,32.65704]]},"properties":{"osm_type":"way","osm_id":1491325926,"country":"PT","name":null,"operator":null,"wikidata":null,"wikipedia":null}},{"type":"Feature","geometry":{"type":"LineString","coordinates":[[-16.91793,32.6569],[-16.9179,32.65693],[-16.91787,32.65698]]},"properties":{"osm_type":"way","osm_id":1491325927,"country":"PT","name":null,"operator":null,"wikidata":null,"wikipedia":null}},{"type":"Feature","geometry":{"type":"LineString","coordinates":[[-16.91772,32.65677],[-16.91768,32.6568],[-16.91764,32.65685]]},"properties":{"osm_type":"way","osm_id":1491325928,"country":"PT","name":null,"operator":null,"wikidata":null,"wikipedia":null}},{"type":"Feature","geometry":{"type":"LineString","coordinates":[[-16.91761,32.65671],[-16.91758,32.65674],[-16.91754,32.65679]]},"properties":{"osm_type":"way","osm_id":1491325929,"country":"PT","name":null,"operator":null,"wikidata":null,"wikipedia":null}},{"type":"Feature","geometry":{"type":"LineString","coordinates":[[-16.91751,32.65664],[-16.91747,32.65668],[-16.91743,32.65673]]},"properties":{"osm_type":"way","osm_id":1491325930,"country":"PT","name":null,"operator":null,"wikidata":null,"wikipedia":null}},{"type":"Feature","geometry":{"type":"LineString","coordinates":[[-16.91739,32.65658],[-16.91736,32.65661],[-16.91732,32.65666]]},"properties":{"osm_type":"way","osm_id":1491325931,"country":"PT","name":null,"operator":null,"wikidata":null,"wikipedia":null}},{"type":"Feature","geometry":{"type":"LineString","coordinates":[[-16.91729,32.65652],[-16.91726,32.65656],[-16.91721,32.6566]]},"properties":{"osm_type":"way","osm_id":1491325932,"country":"PT","name":null,"operator":null,"wikidata":null,"wikipedia":null}},{"type":"Feature","geometry":{"type":"LineString","coordinates":[[-16.91717,32.65645],[-16.91713,32.65649],[-16.91709,32.65653]]},"properties":{"osm_type":"way","osm_id":1491325933,"country":"PT","name":null,"operator":null,"wikidata":null,"wikipedia":null}},{"type":"Feature","geometry":{"type":"LineString","coordinates":[[-16.91706,32.65639],[-16.91703,32.65643],[-16.91699,32.65647]]},"properties":{"osm_type":"way","osm_id":1491325934,"country":"PT","name":null,"operator":null,"wikidata":null,"wikipedia":null}},{"type":"Feature","geometry":{"type":"LineString","coordinates":[[-16.91695,32.65632],[-16.91692,32.65636],[-16.91689,32.65641]]},"properties":{"osm_type":"way","osm_id":1491325935,"country":"PT","name":null,"operator":null,"wikidata":null,"wikipedia":null}},{"type":"Feature","geometry":{"type":"LineString","coordinates":[[-16.91684,32.65626],[-16.9168,32.6563],[-16.91677,32.65634]]},"properties":{"osm_type":"way","osm_id":1491325936,"country":"PT","name":null,"operator":null,"wikidata":null,"wikipedia":null}},{"type":"Feature","geometry":{"type":"LineString","coordinates":[[-16.91673,32.6562],[-16.9167,32.65624],[-16.91666,32.65628]]},"properties":{"osm_type":"way","osm_id":1491325937,"country":"PT","name":null,"operator":null,"wikidata":null,"wikipedia":null}},{"type":"Feature","geometry":{"type":"LineString","coordinates":[[-16.91662,32.65613],[-16.91658,32.65617],[-16.91655,32.65622]]},"properties":{"osm_type":"way","osm_id":1491325938,"country":"PT","name":null,"operator":null,"wikidata":null,"wikipedia":null}},{"type":"Feature","geometry":{"type":"LineString","coordinates":[[-16.91651,32.65607],[-16.91647,32.65611],[-16.91644,32.65615]]},"properties":{"osm_type":"way","osm_id":1491325939,"country":"PT","name":null,"operator":null,"wikidata":null,"wikipedia":null}},{"type":"Feature","geometry":{"type":"LineString","coordinates":[[-16.91563,32.65556],[-16.91559,32.65559],[-16.91557,32.65561]]},"properties":{"osm_type":"way","osm_id":1491325940,"country":"PT","name":null,"operator":null,"wikidata":null,"wikipedia":null}},{"type":"Feature","geometry":{"type":"LineString","coordinates":[[-16.91544,32.65541],[-16.9154,32.65545],[-16.91536,32.65549]]},"properties":{"osm_type":"way","osm_id":1491325941,"country":"PT","name":null,"operator":null,"wikidata":null,"wikipedia":null}},{"type":"Feature","geometry":{"type":"LineString","coordinates":[[-16.91533,32.65533],[-16.91529,32.65537],[-16.91525,32.65542]]},"properties":{"osm_type":"way","osm_id":1491325942,"country":"PT","name":null,"operator":null,"wikidata":null,"wikipedia":null}},{"type":"Feature","geometry":{"type":"LineString","coordinates":[[-16.91524,32.65526],[-16.91519,32.6553],[-16.91514,32.65534]]},"properties":{"osm_type":"way","osm_id":1491325943,"country":"PT","name":null,"operator":null,"wikidata":null,"wikipedia":null}},{"type":"Feature","geometry":{"type":"LineString","coordinates":[[-16.91477,32.65495],[-16.91473,32.65499],[-16.91468,32.65505]]},"properties":{"osm_type":"way","osm_id":1491325944,"country":"PT","name":null,"operator":null,"wikidata":null,"wikipedia":null}},{"type":"Feature","geometry":{"type":"LineString","coordinates":[[-16.91456,32.65483],[-16.91453,32.65487],[-16.91448,32.65492]]},"properties":{"osm_type":"way","osm_id":1491325945,"country":"PT","name":null,"operator":null,"wikidata":null,"wikipedia":null}},{"type":"Feature","geometry":{"type":"LineString","coordinates":[[-16.91437,32.65472],[-16.91434,32.65475],[-16.91429,32.65481]]},"properties":{"osm_type":"way","osm_id":1491325946,"country":"PT","name":null,"operator":null,"wikidata":null,"wikipedia":null}},{"type":"Feature","geometry":{"type":"LineString","coordinates":[[-16.91423,32.65463],[-16.91419,32.65467],[-16.91414,32.65472]]},"properties":{"osm_type":"way","osm_id":1491325947,"country":"PT","name":null,"operator":null,"wikidata":null,"wikipedia":null}},{"type":"Feature","geometry":{"type":"LineString","coordinates":[[-16.91408,32.65453],[-16.91404,32.65458],[-16.91399,32.65463]]},"properties":{"osm_type":"way","osm_id":1491325948,"country":"PT","name":null,"operator":null,"wikidata":null,"wikipedia":null}},{"type":"Feature","geometry":{"type":"LineString","coordinates":[[-16.91393,32.65444],[-16.91389,32.65448],[-16.91384,32.65454]]},"properties":{"osm_type":"way","osm_id":1491325949,"country":"PT","name":null,"operator":null,"wikidata":null,"wikipedia":null}},{"type":"Feature","geometry":{"type":"LineString","coordinates":[[-16.91378,32.65435],[-16.91374,32.65439],[-16.91369,32.65445]]},"properties":{"osm_type":"way","osm_id":1491325950,"country":"PT","name":null,"operator":null,"wikidata":null,"wikipedia":null}},{"type":"Feature","geometry":{"type":"LineString","coordinates":[[-16.91363,32.65427],[-16.9136,32.65431],[-16.91355,32.65436]]},"properties":{"osm_type":"way","osm_id":1491325951,"country":"PT","name":null,"operator":null,"wikidata":null,"wikipedia":null}},{"type":"Feature","geometry":{"type":"LineString","coordinates":[[-16.91348,32.65418],[-16.91344,32.65422],[-16.91339,32.65427]]},"properties":{"osm_type":"way","osm_id":1491325952,"country":"PT","name":null,"operator":null,"wikidata":null,"wikipedia":null}},{"type":"Feature","geometry":{"type":"LineString","coordinates":[[-16.91332,32.65408],[-16.91328,32.65412],[-16.91323,32.65417]]},"properties":{"osm_type":"way","osm_id":1491325953,"country":"PT","name":null,"operator":null,"wikidata":null,"wikipedia":null}},{"type":"Feature","geometry":{"type":"LineString","coordinates":[[-16.91315,32.65398],[-16.91311,32.65402],[-16.91307,32.65407]]},"properties":{"osm_type":"way","osm_id":1491325954,"country":"PT","name":null,"operator":null,"wikidata":null,"wikipedia":null}},{"type":"Feature","geometry":{"type":"LineString","coordinates":[[-16.91301,32.65389],[-16.91297,32.65393],[-16.91293,32.65399]]},"properties":{"osm_type":"way","osm_id":1491325955,"country":"PT","name":null,"operator":null,"wikidata":null,"wikipedia":null}},{"type":"Feature","geometry":{"type":"LineString","coordinates":[[-16.91251,32.65359],[-16.91248,32.65363],[-16.91242,32.65369]]},"properties":{"osm_type":"way","osm_id":1491325956,"country":"PT","name":null,"operator":null,"wikidata":null,"wikipedia":null}},{"type":"Feature","geometry":{"type":"LineString","coordinates":[[-16.91217,32.65338],[-16.91212,32.65343],[-16.91208,32.65348]]},"properties":{"osm_type":"way","osm_id":1491325957,"country":"PT","name":null,"operator":null,"wikidata":null,"wikipedia":null}},{"type":"Feature","geometry":{"type":"LineString","coordinates":[[-16.91199,32.65328],[-16.91195,32.65333],[-16.9119,32.65338]]},"properties":{"osm_type":"way","osm_id":1491325958,"country":"PT","name":null,"operator":null,"wikidata":null,"wikipedia":null}},{"type":"Feature","geometry":{"type":"LineString","coordinates":[[-16.91182,32.65318],[-16.91178,32.65323],[-16.91174,32.65328]]},"properties":{"osm_type":"way","osm_id":1491325959,"country":"PT","name":null,"operator":null,"wikidata":null,"wikipedia":null}},{"type":"Feature","geometry":{"type":"LineString","coordinates":[[-16.91167,32.65309],[-16.91163,32.65314],[-16.91159,32.65319]]},"properties":{"osm_type":"way","osm_id":1491325960,"country":"PT","name":null,"operator":null,"wikidata":null,"wikipedia":null}},{"type":"Feature","geometry":{"type":"LineString","coordinates":[[-16.91153,32.65301],[-16.91149,32.65306],[-16.91145,32.65311]]},"properties":{"osm_type":"way","osm_id":1491325961,"country":"PT","name":null,"operator":null,"wikidata":null,"wikipedia":null}},{"type":"Feature","geometry":{"type":"LineString","coordinates":[[-16.91103,32.65278],[-16.91102,32.65281],[-16.91098,32.65289]]},"properties":{"osm_type":"way","osm_id":1491325962,"country":"PT","name":null,"operator":null,"wikidata":null,"wikipedia":null}},{"type":"Feature","geometry":{"type":"LineString","coordinates":[[-16.91087,32.65272],[-16.91085,32.65275],[-16.91082,32.65283]]},"properties":{"osm_type":"way","osm_id":1491325963,"country":"PT","name":null,"operator":null,"wikidata":null,"wikipedia":null}},{"type":"Feature","geometry":{"type":"LineString","coordinates":[[-16.91071,32.65266],[-16.91069,32.6527],[-16.91066,32.65277]]},"properties":{"osm_type":"way","osm_id":1491325964,"country":"PT","name":null,"operator":null,"wikidata":null,"wikipedia":null}},{"type":"Feature","geometry":{"type":"LineString","coordinates":[[-16.9104,32.65255],[-16.91038,32.6526],[-16.91035,32.65265]]},"properties":{"osm_type":"way","osm_id":1491325965,"country":"PT","name":null,"operator":null,"wikidata":null,"wikipedia":null}},{"type":"Feature","geometry":{"type":"LineString","coordinates":[[-16.91014,32.65246],[-16.91011,32.65251],[-16.91009,32.65256]]},"properties":{"osm_type":"way","osm_id":1491325966,"country":"PT","name":null,"operator":null,"wikidata":null,"wikipedia":null}},{"type":"Feature","geometry":{"type":"LineString","coordinates":[[-16.90988,32.65236],[-16.90985,32.65241],[-16.90982,32.65247]]},"properties":{"osm_type":"way","osm_id":1491325967,"country":"PT","name":null,"operator":null,"wikidata":null,"wikipedia":null}},{"type":"Feature","geometry":{"type":"LineString","coordinates":[[-16.90943,32.65212],[-16.90938,32.65215],[-16.90931,32.6522]]},"properties":{"osm_type":"way","osm_id":1491325968,"country":"PT","name":null,"operator":null,"wikidata":null,"wikipedia":null}},{"type":"Feature","geometry":{"type":"LineString","coordinates":[[-16.90927,32.65193],[-16.9092,32.65198],[-16.90914,32.65201]]},"properties":{"osm_type":"way","osm_id":1491325969,"country":"PT","name":null,"operator":null,"wikidata":null,"wikipedia":null}},{"type":"Feature","geometry":{"type":"LineString","coordinates":[[-16.90908,32.65172],[-16.90901,32.65176],[-16.90895,32.65179]]},"properties":{"osm_type":"way","osm_id":1491325970,"country":"PT","name":null,"operator":null,"wikidata":null,"wikipedia":null}},{"type":"Feature","geometry":{"type":"LineString","coordinates":[[-16.90894,32.65155],[-16.90887,32.65159],[-16.90881,32.65162]]},"properties":{"osm_type":"way","osm_id":1491325971,"country":"PT","name":null,"operator":null,"wikidata":null,"wikipedia":null}},{"type":"Feature","geometry":{"type":"LineString","coordinates":[[-16.90878,32.65136],[-16.90871,32.65141],[-16.90866,32.65144]]},"properties":{"osm_type":"way","osm_id":1491325972,"country":"PT","name":null,"operator":null,"wikidata":null,"wikipedia":null}},{"type":"Feature","geometry":{"type":"LineString","coordinates":[[-16.90863,32.65118],[-16.90856,32.65122],[-16.9085,32.65125]]},"properties":{"osm_type":"way","osm_id":1491325973,"country":"PT","name":null,"operator":null,"wikidata":null,"wikipedia":null}},{"type":"Feature","geometry":{"type":"LineString","coordinates":[[-16.90837,32.65088],[-16.9083,32.65092],[-16.90825,32.65095]]},"properties":{"osm_type":"way","osm_id":1491325974,"country":"PT","name":null,"operator":null,"wikidata":null,"wikipedia":null}},{"type":"Feature","geometry":{"type":"LineString","coordinates":[[-16.90849,32.65103],[-16.90843,32.65107],[-16.90838,32.6511]]},"properties":{"osm_type":"way","osm_id":1491325975,"country":"PT","name":null,"operator":null,"wikidata":null,"wikipedia":null}},{"type":"Feature","geometry":{"type":"LineString","coordinates":[[-16.9081,32.65058],[-16.90805,32.65062],[-16.90799,32.65065]]},"properties":{"osm_type":"way","osm_id":1491325976,"country":"PT","name":null,"operator":null,"wikidata":null,"wikipedia":null}},{"type":"Feature","geometry":{"type":"LineString","coordinates":[[-16.90799,32.65044],[-16.90793,32.65047],[-16.90787,32.65051]]},"properties":{"osm_type":"way","osm_id":1491325977,"country":"PT","name":null,"operator":null,"wikidata":null,"wikipedia":null}},{"type":"Feature","geometry":{"type":"LineString","coordinates":[[-16.90787,32.6503],[-16.90781,32.65033],[-16.90775,32.65036]]},"properties":{"osm_type":"way","osm_id":1491325978,"country":"PT","name":null,"operator":null,"wikidata":null,"wikipedia":null}},{"type":"Feature","geometry":{"type":"LineString","coordinates":[[-16.90732,32.64966],[-16.90727,32.64968],[-16.90721,32.64971]]},"properties":{"osm_type":"way","osm_id":1491325979,"country":"PT","name":null,"operator":null,"wikidata":null,"wikipedia":null}},{"type":"Feature","geometry":{"type":"LineString","coordinates":[[-16.91511,32.68637],[-16.91503,32.68634],[-16.91497,32.68632]]},"properties":{"osm_type":"way","osm_id":1491447666,"country":"PT","name":null,"operator":null,"wikidata":null,"wikipedia":null}},{"type":"Feature","geometry":{"type":"LineString","coordinates":[[-16.91543,32.68604],[-16.91539,32.68601],[-16.91536,32.68598]]},"properties":{"osm_type":"way","osm_id":1491447667,"country":"PT","name":null,"operator":null,"wikidata":null,"wikipedia":null}},{"type":"Feature","geometry":{"type":"LineString","coordinates":[[-16.91642,32.68096],[-16.9164,32.68097],[-16.91632,32.68101]]},"properties":{"osm_type":"way","osm_id":1491447669,"country":"PT","name":null,"operator":null,"wikidata":null,"wikipedia":null}},{"type":"Feature","geometry":{"type":"LineString","coordinates":[[-16.9161,32.68177],[-16.91606,32.68175],[-16.91602,32.68173]]},"properties":{"osm_type":"way","osm_id":1491447670,"country":"PT","name":null,"operator":null,"wikidata":null,"wikipedia":null}},{"type":"Feature","geometry":{"type":"LineString","coordinates":[[-16.9159,32.68201],[-16.91585,32.68197],[-16.91581,32.68195]]},"properties":{"osm_type":"way","osm_id":1491447671,"country":"PT","name":null,"operator":null,"wikidata":null,"wikipedia":null}},{"type":"Feature","geometry":{"type":"LineString","coordinates":[[-16.91548,32.68243],[-16.91543,32.6824],[-16.91538,32.68236]]},"properties":{"osm_type":"way","osm_id":1491447672,"country":"PT","name":null,"operator":null,"wikidata":null,"wikipedia":null}},{"type":"Feature","geometry":{"type":"LineString","coordinates":[[-16.91537,32.68264],[-16.91529,32.68262],[-16.91523,32.6826]]},"properties":{"osm_type":"way","osm_id":1491447673,"country":"PT","name":null,"operator":null,"wikidata":null,"wikipedia":null}},{"type":"Feature","geometry":{"type":"LineString","coordinates":[[-16.91525,32.68315],[-16.91516,32.68313],[-16.91508,32.68311]]},"properties":{"osm_type":"way","osm_id":1491447674,"country":"PT","name":null,"operator":null,"wikidata":null,"wikipedia":null}},{"type":"Feature","geometry":{"type":"LineString","coordinates":[[-16.91515,32.68342],[-16.91507,32.68341],[-16.91501,32.68341]]},"properties":{"osm_type":"way","osm_id":1491447675,"country":"PT","name":null,"operator":null,"wikidata":null,"wikipedia":null}},{"type":"Feature","geometry":{"type":"LineString","coordinates":[[-16.91517,32.68366],[-16.91512,32.68367],[-16.91507,32.68368]]},"properties":{"osm_type":"way","osm_id":1491447676,"country":"PT","name":null,"operator":null,"wikidata":null,"wikipedia":null}},{"type":"Feature","geometry":{"type":"LineString","coordinates":[[-16.91548,32.68409],[-16.91545,32.68412],[-16.91543,32.68415]]},"properties":{"osm_type":"way","osm_id":1491447679,"country":"PT","name":null,"operator":null,"wikidata":null,"wikipedia":null}},{"type":"Feature","geometry":{"type":"LineString","coordinates":[[-16.91525,32.68393],[-16.91522,32.68394],[-16.91517,32.68396]]},"properties":{"osm_type":"way","osm_id":1491447680,"country":"PT","name":null,"operator":null,"wikidata":null,"wikipedia":null}},{"type":"Feature","geometry":{"type":"LineString","coordinates":[[-16.91655,32.68905],[-16.91645,32.68906],[-16.91639,32.68907]]},"properties":{"osm_type":"way","osm_id":1491447692,"country":"PT","name":null,"operator":null,"wikidata":null,"wikipedia":null}},{"type":"Feature","geometry":{"type":"LineString","coordinates":[[-16.93546,32.6908],[-16.93512,32.69078],[-16.93489,32.69076]]},"properties":{"osm_type":"way","osm_id":1491447694,"country":"PT","name":null,"operator":null,"wikidata":null,"wikipedia":null}},{"type":"Feature","geometry":{"type":"LineString","coordinates":[[-16.93653,32.68803],[-16.93637,32.68796],[-16.9362,32.6879]]},"properties":{"osm_type":"way","osm_id":1491447699,"country":"PT","name":null,"operator":null,"wikidata":null,"wikipedia":null}},{"type":"Feature","geometry":{"type":"LineString","coordinates":[[-16.91666,32.69269],[-16.91663,32.6927],[-16.91652,32.6927]]},"properties":{"osm_type":"way","osm_id":1491447701,"country":"PT","name":null,"operator":null,"wikidata":null,"wikipedia":null}},{"type":"Feature","geometry":{"type":"LineString","coordinates":[[-16.91697,32.694],[-16.91685,32.694],[-16.91674,32.694]]},"properties":{"osm_type":"way","osm_id":1491447702,"country":"PT","name":null,"operator":null,"wikidata":null,"wikipedia":null}},{"type":"Feature","geometry":{"type":"LineString","coordinates":[[-16.89793,32.66301],[-16.8979,32.66293],[-16.89802,32.66299]]},"properties":{"osm_type":"way","osm_id":1491447704,"country":"PT","name":null,"operator":null,"wikidata":null,"wikipedia":null}},{"type":"Feature","geometry":{"type":"LineString","coordinates":[[-16.8992,32.66177],[-16.89909,32.66165],[-16.89915,32.66168]]},"properties":{"osm_type":"way","osm_id":1491447705,"country":"PT","name":null,"operator":null,"wikidata":null,"wikipedia":null}},{"type":"Feature","geometry":{"type":"LineString","coordinates":[[-16.89939,32.66168],[-16.89929,32.66156],[-16.89934,32.66159]]},"properties":{"osm_type":"way","osm_id":1491447706,"country":"PT","name":null,"operator":null,"wikidata":null,"wikipedia":null}},{"type":"Feature","geometry":{"type":"LineString","coordinates":[[-16.89958,32.66158],[-16.89947,32.66146],[-16.89951,32.66149]]},"properties":{"osm_type":"way","osm_id":1491447707,"country":"PT","name":null,"operator":null,"wikidata":null,"wikipedia":null}},{"type":"Feature","geometry":{"type":"LineString","coordinates":[[-16.89976,32.66147],[-16.89963,32.66135],[-16.89967,32.66139]]},"properties":{"osm_type":"way","osm_id":1491447708,"country":"PT","name":null,"operator":null,"wikidata":null,"wikipedia":null}},{"type":"Feature","geometry":{"type":"LineString","coordinates":[[-16.89992,32.66135],[-16.8998,32.66124],[-16.89985,32.66128]]},"properties":{"osm_type":"way","osm_id":1491447709,"country":"PT","name":null,"operator":null,"wikidata":null,"wikipedia":null}},{"type":"Feature","geometry":{"type":"LineString","coordinates":[[-16.90007,32.66124],[-16.89996,32.66114],[-16.9,32.66118]]},"properties":{"osm_type":"way","osm_id":1491447710,"country":"PT","name":null,"operator":null,"wikidata":null,"wikipedia":null}},{"type":"Feature","geometry":{"type":"LineString","coordinates":[[-16.90041,32.661],[-16.90029,32.6609],[-16.90032,32.66093]]},"properties":{"osm_type":"way","osm_id":1491447711,"country":"PT","name":null,"operator":null,"wikidata":null,"wikipedia":null}},{"type":"Feature","geometry":{"type":"LineString","coordinates":[[-16.90056,32.66086],[-16.90044,32.66077],[-16.90046,32.66081]]},"properties":{"osm_type":"way","osm_id":1491447712,"country":"PT","name":null,"operator":null,"wikidata":null,"wikipedia":null}},{"type":"Feature","geometry":{"type":"LineString","coordinates":[[-16.90065,32.66074],[-16.90054,32.66066],[-16.90054,32.66071]]},"properties":{"osm_type":"way","osm_id":1491447713,"country":"PT","name":null,"operator":null,"wikidata":null,"wikipedia":null}},{"type":"Feature","geometry":{"type":"LineString","coordinates":[[-16.90071,32.6606],[-16.90059,32.66051],[-16.90059,32.66058]]},"properties":{"osm_type":"way","osm_id":1491447714,"country":"PT","name":null,"operator":null,"wikidata":null,"wikipedia":null}},{"type":"Feature","geometry":{"type":"LineString","coordinates":[[-16.90074,32.66034],[-16.90061,32.66027],[-16.90062,32.66035]]},"properties":{"osm_type":"way","osm_id":1491447715,"country":"PT","name":null,"operator":null,"wikidata":null,"wikipedia":null}},{"type":"Feature","geometry":{"type":"LineString","coordinates":[[-16.9007,32.66017],[-16.90056,32.66012],[-16.90058,32.6602]]},"properties":{"osm_type":"way","osm_id":1491447716,"country":"PT","name":null,"operator":null,"wikidata":null,"wikipedia":null}},{"type":"Feature","geometry":{"type":"LineString","coordinates":[[-16.90065,32.66003],[-16.90051,32.65998],[-16.90052,32.66006]]},"properties":{"osm_type":"way","osm_id":1491447717,"country":"PT","name":null,"operator":null,"wikidata":null,"wikipedia":null}},{"type":"Feature","geometry":{"type":"LineString","coordinates":[[-16.90059,32.65989],[-16.90045,32.65984],[-16.90046,32.65993]]},"properties":{"osm_type":"way","osm_id":1491447718,"country":"PT","name":null,"operator":null,"wikidata":null,"wikipedia":null}},{"type":"Feature","geometry":{"type":"LineString","coordinates":[[-16.90054,32.65979],[-16.9004,32.65974],[-16.90041,32.65983]]},"properties":{"osm_type":"way","osm_id":1491447719,"country":"PT","name":null,"operator":null,"wikidata":null,"wikipedia":null}},{"type":"Feature","geometry":{"type":"LineString","coordinates":[[-16.90048,32.65968],[-16.90035,32.65963],[-16.90036,32.65972]]},"properties":{"osm_type":"way","osm_id":1491447720,"country":"PT","name":null,"operator":null,"wikidata":null,"wikipedia":null}},{"type":"Feature","geometry":{"type":"LineString","coordinates":[[-16.90041,32.65955],[-16.90027,32.6595],[-16.9003,32.65959]]},"properties":{"osm_type":"way","osm_id":1491447721,"country":"PT","name":null,"operator":null,"wikidata":null,"wikipedia":null}},{"type":"Feature","geometry":{"type":"LineString","coordinates":[[-16.90027,32.65927],[-16.90013,32.65922],[-16.90016,32.6593]]},"properties":{"osm_type":"way","osm_id":1491447722,"country":"PT","name":null,"operator":null,"wikidata":null,"wikipedia":null}},{"type":"Feature","geometry":{"type":"LineString","coordinates":[[-16.90022,32.65916],[-16.90008,32.65911],[-16.90011,32.65919]]},"properties":{"osm_type":"way","osm_id":1491447723,"country":"PT","name":null,"operator":null,"wikidata":null,"wikipedia":null}},{"type":"Feature","geometry":{"type":"LineString","coordinates":[[-16.90016,32.65904],[-16.90002,32.65899],[-16.90005,32.65907]]},"properties":{"osm_type":"way","osm_id":1491447724,"country":"PT","name":null,"operator":null,"wikidata":null,"wikipedia":null}},{"type":"Feature","geometry":{"type":"LineString","coordinates":[[-16.9001,32.65892],[-16.90004,32.65893],[-16.9,32.65895]]},"properties":{"osm_type":"way","osm_id":1491447725,"country":"PT","name":null,"operator":null,"wikidata":null,"wikipedia":null}},{"type":"Feature","geometry":{"type":"LineString","coordinates":[[-16.90017,32.65816],[-16.90011,32.65815],[-16.90007,32.65814]]},"properties":{"osm_type":"way","osm_id":1491447726,"country":"PT","name":null,"operator":null,"wikidata":null,"wikipedia":null}},{"type":"Feature","geometry":{"type":"LineString","coordinates":[[-16.90021,32.65803],[-16.90015,32.65802],[-16.9001,32.658]]},"properties":{"osm_type":"way","osm_id":1491447727,"country":"PT","name":null,"operator":null,"wikidata":null,"wikipedia":null}},{"type":"Feature","geometry":{"type":"LineString","coordinates":[[-16.90026,32.6579],[-16.9002,32.65788],[-16.90014,32.65787]]},"properties":{"osm_type":"way","osm_id":1491447728,"country":"PT","name":null,"operator":null,"wikidata":null,"wikipedia":null}},{"type":"Feature","geometry":{"type":"LineString","coordinates":[[-16.9003,32.65776],[-16.90024,32.65775],[-16.90019,32.65774]]},"properties":{"osm_type":"way","osm_id":1491447729,"country":"PT","name":null,"operator":null,"wikidata":null,"wikipedia":null}},{"type":"Feature","geometry":{"type":"LineString","coordinates":[[-16.90041,32.65745],[-16.90035,32.65744],[-16.90029,32.65742]]},"properties":{"osm_type":"way","osm_id":1491447730,"country":"PT","name":null,"operator":null,"wikidata":null,"wikipedia":null}},{"type":"Feature","geometry":{"type":"LineString","coordinates":[[-16.90046,32.65728],[-16.9004,32.65727],[-16.90035,32.65726]]},"properties":{"osm_type":"way","osm_id":1491447731,"country":"PT","name":null,"operator":null,"wikidata":null,"wikipedia":null}},{"type":"Feature","geometry":{"type":"LineString","coordinates":[[-16.90053,32.6571],[-16.90045,32.65708],[-16.90041,32.65707]]},"properties":{"osm_type":"way","osm_id":1491447732,"country":"PT","name":null,"operator":null,"wikidata":null,"wikipedia":null}},{"type":"Feature","geometry":{"type":"LineString","coordinates":[[-16.90057,32.65693],[-16.9005,32.65692],[-16.90045,32.65691]]},"properties":{"osm_type":"way","osm_id":1491447733,"country":"PT","name":null,"operator":null,"wikidata":null,"wikipedia":null}},{"type":"Feature","geometry":{"type":"LineString","coordinates":[[-16.90059,32.65674],[-16.90051,32.65675],[-16.90047,32.65675]]},"properties":{"osm_type":"way","osm_id":1491447734,"country":"PT","name":null,"operator":null,"wikidata":null,"wikipedia":null}},{"type":"Feature","geometry":{"type":"LineString","coordinates":[[-16.90056,32.65655],[-16.9005,32.65656],[-16.90045,32.65657]]},"properties":{"osm_type":"way","osm_id":1491447735,"country":"PT","name":null,"operator":null,"wikidata":null,"wikipedia":null}},{"type":"Feature","geometry":{"type":"LineString","coordinates":[[-16.90052,32.65638],[-16.90045,32.65639],[-16.9004,32.6564]]},"properties":{"osm_type":"way","osm_id":1491447736,"country":"PT","name":null,"operator":null,"wikidata":null,"wikipedia":null}},{"type":"Feature","geometry":{"type":"LineString","coordinates":[[-16.90047,32.6562],[-16.9004,32.65621],[-16.90036,32.65622]]},"properties":{"osm_type":"way","osm_id":1491447737,"country":"PT","name":null,"operator":null,"wikidata":null,"wikipedia":null}},{"type":"Feature","geometry":{"type":"LineString","coordinates":[[-16.90042,32.65603],[-16.90036,32.65604],[-16.90031,32.65604]]},"properties":{"osm_type":"way","osm_id":1491447738,"country":"PT","name":null,"operator":null,"wikidata":null,"wikipedia":null}},{"type":"Feature","geometry":{"type":"LineString","coordinates":[[-16.90037,32.65584],[-16.90031,32.65586],[-16.90026,32.65587]]},"properties":{"osm_type":"way","osm_id":1491447739,"country":"PT","name":null,"operator":null,"wikidata":null,"wikipedia":null}},{"type":"Feature","geometry":{"type":"LineString","coordinates":[[-16.90033,32.65568],[-16.90026,32.65569],[-16.90022,32.6557]]},"properties":{"osm_type":"way","osm_id":1491447740,"country":"PT","name":null,"operator":null,"wikidata":null,"wikipedia":null}},{"type":"Feature","geometry":{"type":"LineString","coordinates":[[-16.90028,32.65551],[-16.90022,32.65552],[-16.90017,32.65552]]},"properties":{"osm_type":"way","osm_id":1491447741,"country":"PT","name":null,"operator":null,"wikidata":null,"wikipedia":null}},{"type":"Feature","geometry":{"type":"LineString","coordinates":[[-16.90024,32.65533],[-16.90017,32.65534],[-16.90013,32.65534]]},"properties":{"osm_type":"way","osm_id":1491447742,"country":"PT","name":null,"operator":null,"wikidata":null,"wikipedia":null}},{"type":"Feature","geometry":{"type":"LineString","coordinates":[[-16.90024,32.65516],[-16.90018,32.65516],[-16.90011,32.65516]]},"properties":{"osm_type":"way","osm_id":1491447743,"country":"PT","name":null,"operator":null,"wikidata":null,"wikipedia":null}},{"type":"Feature","geometry":{"type":"LineString","coordinates":[[-16.90027,32.65499],[-16.90022,32.65497],[-16.90016,32.65495]]},"properties":{"osm_type":"way","osm_id":1491447744,"country":"PT","name":null,"operator":null,"wikidata":null,"wikipedia":null}},{"type":"Feature","geometry":{"type":"LineString","coordinates":[[-16.90035,32.65482],[-16.90031,32.6548],[-16.90025,32.65478]]},"properties":{"osm_type":"way","osm_id":1491447745,"country":"PT","name":null,"operator":null,"wikidata":null,"wikipedia":null}},{"type":"Feature","geometry":{"type":"LineString","coordinates":[[-16.90045,32.65469],[-16.90041,32.65466],[-16.90036,32.65463]]},"properties":{"osm_type":"way","osm_id":1491447746,"country":"PT","name":null,"operator":null,"wikidata":null,"wikipedia":null}},{"type":"Feature","geometry":{"type":"LineString","coordinates":[[-16.90057,32.65455],[-16.90052,32.65452],[-16.90047,32.65449]]},"properties":{"osm_type":"way","osm_id":1491447747,"country":"PT","name":null,"operator":null,"wikidata":null,"wikipedia":null}},{"type":"Feature","geometry":{"type":"LineString","coordinates":[[-16.9007,32.65439],[-16.90065,32.65436],[-16.9006,32.65433]]},"properties":{"osm_type":"way","osm_id":1491447748,"country":"PT","name":null,"operator":null,"wikidata":null,"wikipedia":null}},{"type":"Feature","geometry":{"type":"LineString","coordinates":[[-16.90094,32.6541],[-16.90089,32.65407],[-16.90084,32.65404]]},"properties":{"osm_type":"way","osm_id":1491447749,"country":"PT","name":null,"operator":null,"wikidata":null,"wikipedia":null}},{"type":"Feature","geometry":{"type":"LineString","coordinates":[[-16.90118,32.65378],[-16.90113,32.65376],[-16.90107,32.65374]]},"properties":{"osm_type":"way","osm_id":1491447750,"country":"PT","name":null,"operator":null,"wikidata":null,"wikipedia":null}},{"type":"Feature","geometry":{"type":"LineString","coordinates":[[-16.90156,32.653],[-16.90151,32.65298],[-16.90145,32.65296]]},"properties":{"osm_type":"way","osm_id":1491447751,"country":"PT","name":null,"operator":null,"wikidata":null,"wikipedia":null}},{"type":"Feature","geometry":{"type":"LineString","coordinates":[[-16.90193,32.65231],[-16.90188,32.65229],[-16.90182,32.65226]]},"properties":{"osm_type":"way","osm_id":1491447752,"country":"PT","name":null,"operator":null,"wikidata":null,"wikipedia":null}},{"type":"Feature","geometry":{"type":"LineString","coordinates":[[-16.90248,32.65134],[-16.90242,32.65132],[-16.90237,32.6513]]},"properties":{"osm_type":"way","osm_id":1491447753,"country":"PT","name":null,"operator":null,"wikidata":null,"wikipedia":null}},{"type":"Feature","geometry":{"type":"LineString","coordinates":[[-16.90292,32.6508],[-16.90288,32.65076],[-16.90283,32.65073]]},"properties":{"osm_type":"way","osm_id":1491447754,"country":"PT","name":null,"operator":null,"wikidata":null,"wikipedia":null}},{"type":"Feature","geometry":{"type":"LineString","coordinates":[[-17.01105,32.74279],[-17.01101,32.74282],[-17.01099,32.74284]]},"properties":{"osm_type":"way","osm_id":1491460905,"country":"PT","name":null,"operator":null,"wikidata":null,"wikipedia":null}},{"type":"Feature","geometry":{"type":"LineString","coordinates":[[-17.02115,32.73644],[-17.02102,32.73636],[-17.02093,32.7363]]},"properties":{"osm_type":"way","osm_id":1491460908,"country":"PT","name":null,"operator":null,"wikidata":null,"wikipedia":null}},{"type":"Feature","geometry":{"type":"LineString","coordinates":[[-17.00531,32.72745],[-17.00532,32.72749],[-17.00532,32.72753]]},"properties":{"osm_type":"way","osm_id":1491460910,"country":"PT","name":null,"operator":null,"wikidata":null,"wikipedia":null}},{"type":"Feature","geometry":{"type":"LineString","coordinates":[[-17.00608,32.72709],[-17.00608,32.72714],[-17.00609,32.7272]]},"properties":{"osm_type":"way","osm_id":1491460913,"country":"PT","name":null,"operator":null,"wikidata":null,"wikipedia":null}},{"type":"Feature","geometry":{"type":"LineString","coordinates":[[-17.0162,32.72886],[-17.01622,32.72892],[-17.01623,32.72897]]},"properties":{"osm_type":"way","osm_id":1491460918,"country":"PT","name":null,"operator":null,"wikidata":null,"wikipedia":null}},{"type":"Feature","geometry":{"type":"LineString","coordinates":[[-17.01532,32.72925],[-17.01534,32.72931],[-17.01539,32.72941]]},"properties":{"osm_type":"way","osm_id":1491460919,"country":"PT","name":null,"operator":null,"wikidata":null,"wikipedia":null}},{"type":"Feature","geometry":{"type":"LineString","coordinates":[[-17.02046,32.7293],[-17.02046,32.72924],[-17.02046,32.72911],[-17.02046,32.72906]]},"properties":{"osm_type":"way","osm_id":1491460929,"country":"PT","name":null,"operator":null,"wikidata":null,"wikipedia":null}},{"type":"Feature","geometry":{"type":"LineString","coordinates":[[-17.02061,32.72923],[-17.02062,32.72916],[-17.02062,32.72913],[-17.02062,32.72906]]},"properties":{"osm_type":"way","osm_id":1491460930,"country":"PT","name":null,"operator":null,"wikidata":null,"wikipedia":null}},{"type":"Feature","geometry":{"type":"LineString","coordinates":[[-17.02072,32.7292],[-17.02074,32.72914],[-17.02075,32.72907]]},"properties":{"osm_type":"way","osm_id":1491460931,"country":"PT","name":null,"operator":null,"wikidata":null,"wikipedia":null}},{"type":"Feature","geometry":{"type":"LineString","coordinates":[[-17.02087,32.72919],[-17.02088,32.72915],[-17.0209,32.72909]]},"properties":{"osm_type":"way","osm_id":1491460932,"country":"PT","name":null,"operator":null,"wikidata":null,"wikipedia":null}},{"type":"Feature","geometry":{"type":"LineString","coordinates":[[-17.02105,32.72923],[-17.02106,32.72919],[-17.02108,32.72914]]},"properties":{"osm_type":"way","osm_id":1491460933,"country":"PT","name":null,"operator":null,"wikidata":null,"wikipedia":null}},{"type":"Feature","geometry":{"type":"LineString","coordinates":[[-17.0212,32.72928],[-17.02122,32.72924],[-17.02124,32.72919]]},"properties":{"osm_type":"way","osm_id":1491460934,"country":"PT","name":null,"operator":null,"wikidata":null,"wikipedia":null}},{"type":"Feature","geometry":{"type":"LineString","coordinates":[[-17.02137,32.72933],[-17.02138,32.72929],[-17.0214,32.72924]]},"properties":{"osm_type":"way","osm_id":1491460935,"country":"PT","name":null,"operator":null,"wikidata":null,"wikipedia":null}},{"type":"Feature","geometry":{"type":"LineString","coordinates":[[-17.02173,32.7294],[-17.02173,32.72935],[-17.02174,32.72931]]},"properties":{"osm_type":"way","osm_id":1491460936,"country":"PT","name":null,"operator":null,"wikidata":null,"wikipedia":null}},{"type":"Feature","geometry":{"type":"LineString","coordinates":[[-17.02191,32.7294],[-17.02191,32.72935],[-17.02191,32.72931]]},"properties":{"osm_type":"way","osm_id":1491460937,"country":"PT","name":null,"operator":null,"wikidata":null,"wikipedia":null}},{"type":"Feature","geometry":{"type":"LineString","coordinates":[[-16.9416,32.67319],[-16.9416,32.67321],[-16.9416,32.67323]]},"properties":{"osm_type":"way","osm_id":1491504108,"country":"PT","name":null,"operator":null,"wikidata":null,"wikipedia":null}},{"type":"Feature","geometry":{"type":"LineString","coordinates":[[-16.94219,32.67314],[-16.94219,32.67319],[-16.94219,32.67322]]},"properties":{"osm_type":"way","osm_id":1491504109,"country":"PT","name":null,"operator":null,"wikidata":null,"wikipedia":null}},{"type":"Feature","geometry":{"type":"LineString","coordinates":[[-16.94268,32.67329],[-16.94265,32.67334],[-16.94264,32.67336]]},"properties":{"osm_type":"way","osm_id":1491504110,"country":"PT","name":null,"operator":null,"wikidata":null,"wikipedia":null}},{"type":"Feature","geometry":{"type":"LineString","coordinates":[[-16.94274,32.67341],[-16.94275,32.67339],[-16.94276,32.67338]]},"properties":{"osm_type":"way","osm_id":1491504111,"country":"PT","name":null,"operator":null,"wikidata":null,"wikipedia":null}},{"type":"Feature","geometry":{"type":"LineString","coordinates":[[-16.94293,32.67347],[-16.94292,32.67348],[-16.94291,32.67349]]},"properties":{"osm_type":"way","osm_id":1491504112,"country":"PT","name":null,"operator":null,"wikidata":null,"wikipedia":null}},{"type":"Feature","geometry":{"type":"LineString","coordinates":[[-16.94315,32.6736],[-16.94314,32.67361],[-16.94311,32.67362]]},"properties":{"osm_type":"way","osm_id":1491504113,"country":"PT","name":null,"operator":null,"wikidata":null,"wikipedia":null}},{"type":"Feature","geometry":{"type":"LineString","coordinates":[[-16.94421,32.67542],[-16.94419,32.67542],[-16.94417,32.67541]]},"properties":{"osm_type":"way","osm_id":1491504114,"country":"PT","name":null,"operator":null,"wikidata":null,"wikipedia":null}},{"type":"Feature","geometry":{"type":"LineString","coordinates":[[-16.94418,32.67552],[-16.94416,32.67552],[-16.94413,32.67551]]},"properties":{"osm_type":"way","osm_id":1491504115,"country":"PT","name":null,"operator":null,"wikidata":null,"wikipedia":null}},{"type":"Feature","geometry":{"type":"LineString","coordinates":[[-16.94416,32.67566],[-16.94414,32.67566],[-16.94411,32.67566]]},"properties":{"osm_type":"way","osm_id":1491504116,"country":"PT","name":null,"operator":null,"wikidata":null,"wikipedia":null}},{"type":"Feature","geometry":{"type":"LineString","coordinates":[[-16.94419,32.67578],[-16.94416,32.67578],[-16.94414,32.67579]]},"properties":{"osm_type":"way","osm_id":1491504117,"country":"PT","name":null,"operator":null,"wikidata":null,"wikipedia":null}},{"type":"Feature","geometry":{"type":"LineString","coordinates":[[-16.94369,32.6741],[-16.94367,32.67411],[-16.94365,32.67412]]},"properties":{"osm_type":"way","osm_id":1491504118,"country":"PT","name":null,"operator":null,"wikidata":null,"wikipedia":null}},{"type":"Feature","geometry":{"type":"LineString","coordinates":[[-16.94357,32.67392],[-16.94355,32.67393],[-16.94353,32.67394]]},"properties":{"osm_type":"way","osm_id":1491504119,"country":"PT","name":null,"operator":null,"wikidata":null,"wikipedia":null}},{"type":"Feature","geometry":{"type":"LineString","coordinates":[[-16.94322,32.6737],[-16.9432,32.67371],[-16.94318,32.67372]]},"properties":{"osm_type":"way","osm_id":1491504120,"country":"PT","name":null,"operator":null,"wikidata":null,"wikipedia":null}},{"type":"Feature","geometry":{"type":"LineString","coordinates":[[-16.92774,32.6652],[-16.92771,32.6652],[-16.92768,32.66519]]},"properties":{"osm_type":"way","osm_id":1491519236,"country":"PT","name":null,"operator":null,"wikidata":null,"wikipedia":null}},{"type":"Feature","geometry":{"type":"LineString","coordinates":[[-16.92779,32.6649],[-16.92777,32.66489],[-16.92773,32.66488]]},"properties":{"osm_type":"way","osm_id":1491519237,"country":"PT","name":null,"operator":null,"wikidata":null,"wikipedia":null}},{"type":"Feature","geometry":{"type":"LineString","coordinates":[[-16.92794,32.66476],[-16.92792,32.66474],[-16.92789,32.66472]]},"properties":{"osm_type":"way","osm_id":1491519238,"country":"PT","name":null,"operator":null,"wikidata":null,"wikipedia":null}},{"type":"Feature","geometry":{"type":"LineString","coordinates":[[-16.92807,32.66438],[-16.92803,32.66438],[-16.928,32.66438]]},"properties":{"osm_type":"way","osm_id":1491519239,"country":"PT","name":null,"operator":null,"wikidata":null,"wikipedia":null}},{"type":"Feature","geometry":{"type":"LineString","coordinates":[[-16.92823,32.66415],[-16.92819,32.66412],[-16.92816,32.66411]]},"properties":{"osm_type":"way","osm_id":1491519240,"country":"PT","name":null,"operator":null,"wikidata":null,"wikipedia":null}},{"type":"Feature","geometry":{"type":"LineString","coordinates":[[-16.92828,32.66379],[-16.92823,32.66379],[-16.9282,32.66379]]},"properties":{"osm_type":"way","osm_id":1491519241,"country":"PT","name":null,"operator":null,"wikidata":null,"wikipedia":null}},{"type":"Feature","geometry":{"type":"LineString","coordinates":[[-7.73828,41.298],[-7.73805,41.29767]]},"properties":{"osm_type":"way","osm_id":1492236439,"country":"PT","name":null,"operator":null,"wikidata":null,"wikipedia":null}},{"type":"Feature","geometry":{"type":"LineString","coordinates":[[-7.73479,41.30309],[-7.73461,41.30321]]},"properties":{"osm_type":"way","osm_id":1492236440,"country":"PT","name":"Represa de Codessais (jusante)","operator":null,"wikidata":null,"wikipedia":null}},{"type":"Feature","geometry":{"type":"LineString","coordinates":[[-7.73591,41.304],[-7.73584,41.30406],[-7.73558,41.30431]]},"properties":{"osm_type":"way","osm_id":1492236441,"country":"PT","name":"Represa de Codessais (montante)","operator":null,"wikidata":null,"wikipedia":null}},{"type":"Feature","geometry":{"type":"LineString","coordinates":[[-8.74421,38.04051],[-8.74417,38.04051],[-8.74414,38.04052]]},"properties":{"osm_type":"way","osm_id":1494189894,"country":"PT","name":null,"operator":null,"wikidata":null,"wikipedia":null}},{"type":"Feature","geometry":{"type":"LineString","coordinates":[[-8.74474,38.04062],[-8.7447,38.0406],[-8.74465,38.04059]]},"properties":{"osm_type":"way","osm_id":1494189895,"country":"PT","name":null,"operator":null,"wikidata":null,"wikipedia":null}},{"type":"Feature","geometry":{"type":"LineString","coordinates":[[-8.7447,38.04066],[-8.74466,38.04064],[-8.74462,38.04063]]},"properties":{"osm_type":"way","osm_id":1494189896,"country":"PT","name":null,"operator":null,"wikidata":null,"wikipedia":null}},{"type":"Feature","geometry":{"type":"LineString","coordinates":[[-8.42316,40.21477],[-8.42318,40.21491],[-8.4232,40.215]]},"properties":{"osm_type":"way","osm_id":1497138775,"country":"PT","name":null,"operator":null,"wikidata":null,"wikipedia":null}},{"type":"Feature","geometry":{"type":"LineString","coordinates":[[-17.02749,32.72512],[-17.02747,32.7252],[-17.02746,32.72528],[-17.02744,32.72533]]},"properties":{"osm_type":"way","osm_id":1498252753,"country":"PT","name":null,"operator":null,"wikidata":null,"wikipedia":null}},{"type":"Feature","geometry":{"type":"LineString","coordinates":[[-17.02772,32.72571],[-17.02767,32.72572],[-17.02761,32.72573]]},"properties":{"osm_type":"way","osm_id":1498252754,"country":"PT","name":null,"operator":null,"wikidata":null,"wikipedia":null}},{"type":"Feature","geometry":{"type":"LineString","coordinates":[[-17.02775,32.72593],[-17.02768,32.72594],[-17.02764,32.72594]]},"properties":{"osm_type":"way","osm_id":1498252755,"country":"PT","name":null,"operator":null,"wikidata":null,"wikipedia":null}},{"type":"Feature","geometry":{"type":"LineString","coordinates":[[-17.02776,32.72615],[-17.02771,32.72616],[-17.02765,32.72616]]},"properties":{"osm_type":"way","osm_id":1498252756,"country":"PT","name":null,"operator":null,"wikidata":null,"wikipedia":null}},{"type":"Feature","geometry":{"type":"LineString","coordinates":[[-17.02778,32.72638],[-17.02773,32.72638],[-17.02767,32.72639]]},"properties":{"osm_type":"way","osm_id":1498252757,"country":"PT","name":null,"operator":null,"wikidata":null,"wikipedia":null}},{"type":"Feature","geometry":{"type":"LineString","coordinates":[[-17.02779,32.72661],[-17.02773,32.72661],[-17.02768,32.72661]]},"properties":{"osm_type":"way","osm_id":1498252758,"country":"PT","name":null,"operator":null,"wikidata":null,"wikipedia":null}},{"type":"Feature","geometry":{"type":"LineString","coordinates":[[-17.02778,32.72677],[-17.0277,32.72677],[-17.02766,32.72676]]},"properties":{"osm_type":"way","osm_id":1498252759,"country":"PT","name":null,"operator":null,"wikidata":null,"wikipedia":null}},{"type":"Feature","geometry":{"type":"LineString","coordinates":[[-17.02777,32.72688],[-17.02768,32.72688],[-17.02765,32.72688]]},"properties":{"osm_type":"way","osm_id":1498252760,"country":"PT","name":null,"operator":null,"wikidata":null,"wikipedia":null}},{"type":"Feature","geometry":{"type":"LineString","coordinates":[[-17.02775,32.7271],[-17.02771,32.7271],[-17.02765,32.7271]]},"properties":{"osm_type":"way","osm_id":1498252761,"country":"PT","name":null,"operator":null,"wikidata":null,"wikipedia":null}},{"type":"Feature","geometry":{"type":"LineString","coordinates":[[-17.02813,32.72805],[-17.02804,32.72807],[-17.02803,32.72808]]},"properties":{"osm_type":"way","osm_id":1498252762,"country":"PT","name":null,"operator":null,"wikidata":null,"wikipedia":null}},{"type":"Feature","geometry":{"type":"LineString","coordinates":[[-17.02766,32.72847],[-17.02751,32.72845],[-17.0275,32.72845]]},"properties":{"osm_type":"way","osm_id":1498252763,"country":"PT","name":null,"operator":null,"wikidata":null,"wikipedia":null}},{"type":"Feature","geometry":{"type":"LineString","coordinates":[[-17.0276,32.72837],[-17.0275,32.72837],[-17.02749,32.72837]]},"properties":{"osm_type":"way","osm_id":1498252764,"country":"PT","name":null,"operator":null,"wikidata":null,"wikipedia":null}},{"type":"Feature","geometry":{"type":"LineString","coordinates":[[-17.02761,32.72814],[-17.02754,32.72813],[-17.02751,32.72812]]},"properties":{"osm_type":"way","osm_id":1498252765,"country":"PT","name":null,"operator":null,"wikidata":null,"wikipedia":null}},{"type":"Feature","geometry":{"type":"LineString","coordinates":[[-17.02765,32.72793],[-17.0276,32.72793],[-17.02756,32.72792]]},"properties":{"osm_type":"way","osm_id":1498252766,"country":"PT","name":null,"operator":null,"wikidata":null,"wikipedia":null}},{"type":"Feature","geometry":{"type":"LineString","coordinates":[[-17.0277,32.72773],[-17.02764,32.72772],[-17.0276,32.72771]]},"properties":{"osm_type":"way","osm_id":1498252767,"country":"PT","name":null,"operator":null,"wikidata":null,"wikipedia":null}},{"type":"Feature","geometry":{"type":"LineString","coordinates":[[-17.02773,32.7275],[-17.02767,32.72749],[-17.02764,32.72749]]},"properties":{"osm_type":"way","osm_id":1498252768,"country":"PT","name":null,"operator":null,"wikidata":null,"wikipedia":null}},{"type":"Feature","geometry":{"type":"LineString","coordinates":[[-17.02785,32.72735],[-17.02781,32.72737],[-17.02777,32.72738]]},"properties":{"osm_type":"way","osm_id":1498252769,"country":"PT","name":null,"operator":null,"wikidata":null,"wikipedia":null}},{"type":"Feature","geometry":{"type":"LineString","coordinates":[[-17.02788,32.72743],[-17.02784,32.72744],[-17.0278,32.72745]]},"properties":{"osm_type":"way","osm_id":1498252770,"country":"PT","name":null,"operator":null,"wikidata":null,"wikipedia":null}},{"type":"Feature","geometry":{"type":"LineString","coordinates":[[-17.02795,32.72757],[-17.02791,32.72759],[-17.02786,32.7276]]},"properties":{"osm_type":"way","osm_id":1498252771,"country":"PT","name":null,"operator":null,"wikidata":null,"wikipedia":null}},{"type":"Feature","geometry":{"type":"LineString","coordinates":[[-17.01396,32.72894],[-17.01391,32.72901],[-17.01388,32.72905]]},"properties":{"osm_type":"way","osm_id":1498252772,"country":"PT","name":null,"operator":null,"wikidata":null,"wikipedia":null}},{"type":"Feature","geometry":{"type":"LineString","coordinates":[[-17.01607,32.72892],[-17.01608,32.72898],[-17.01608,32.72903]]},"properties":{"osm_type":"way","osm_id":1498252773,"country":"PT","name":null,"operator":null,"wikidata":null,"wikipedia":null}},{"type":"Feature","geometry":{"type":"LineString","coordinates":[[-8.64635,40.12578],[-8.64652,40.12571]]},"properties":{"osm_type":"way","osm_id":1498343708,"country":"PT","name":null,"operator":null,"wikidata":null,"wikipedia":null}},{"type":"Feature","geometry":{"type":"Polygon","coordinates":[[[-16.84447,32.73911],[-16.8445,32.73909],[-16.84444,32.73903],[-16.84435,32.7391],[-16.8444,32.73915],[-16.84456,32.7393],[-16.84463,32.73937],[-16.84473,32.73929],[-16.84466,32.73923],[-16.84462,32.73926],[-16.84447,32.73911]]]},"properties":{"osm_type":"way","osm_id":1498592066,"country":"PT","name":"A8","operator":null,"wikidata":null,"wikipedia":null}},{"type":"Feature","geometry":{"type":"LineString","coordinates":[[-8.21607,40.28588],[-8.21584,40.28584],[-8.21565,40.28577],[-8.21536,40.28568]]},"properties":{"osm_type":"way","osm_id":1498777593,"country":"PT","name":null,"operator":null,"wikidata":null,"wikipedia":null}},{"type":"Feature","geometry":{"type":"LineString","coordinates":[[-6.42109,41.6641],[-6.42093,41.66404]]},"properties":{"osm_type":"way","osm_id":1501173514,"country":"PT","name":null,"operator":null,"wikidata":null,"wikipedia":null}},{"type":"Feature","geometry":{"type":"LineString","coordinates":[[-8.2691,40.15979],[-8.26906,40.15952]]},"properties":{"osm_type":"way","osm_id":1501421658,"country":"PT","name":null,"operator":null,"wikidata":null,"wikipedia":null}},{"type":"Feature","geometry":{"type":"LineString","coordinates":[[-8.38462,40.16191],[-8.38494,40.16194]]},"properties":{"osm_type":"way","osm_id":1501430280,"country":"PT","name":null,"operator":null,"wikidata":null,"wikipedia":null}},{"type":"Feature","geometry":{"type":"LineString","coordinates":[[-8.23176,40.15514],[-8.23172,40.15513],[-8.23157,40.15509],[-8.23154,40.15508],[-8.23149,40.15501],[-8.23148,40.15464],[-8.23147,40.15453]]},"properties":{"osm_type":"way","osm_id":1502180057,"country":"PT","name":null,"operator":null,"wikidata":null,"wikipedia":null}},{"type":"Feature","geometry":{"type":"LineString","coordinates":[[-17.15432,32.8545],[-17.15426,32.85444],[-17.15417,32.85436]]},"properties":{"osm_type":"way","osm_id":1502929877,"country":"PT","name":null,"operator":null,"wikidata":null,"wikipedia":null}},{"type":"Feature","geometry":{"type":"LineString","coordinates":[[-17.15455,32.85431],[-17.1545,32.85425],[-17.15442,32.85417]]},"properties":{"osm_type":"way","osm_id":1502929878,"country":"PT","name":null,"operator":null,"wikidata":null,"wikipedia":null}},{"type":"Feature","geometry":{"type":"LineString","coordinates":[[-17.15557,32.85363],[-17.15554,32.8536],[-17.15544,32.8535]]},"properties":{"osm_type":"way","osm_id":1502929879,"country":"PT","name":null,"operator":null,"wikidata":null,"wikipedia":null}},{"type":"Feature","geometry":{"type":"LineString","coordinates":[[-17.15523,32.85385],[-17.15516,32.85379],[-17.15509,32.85371]]},"properties":{"osm_type":"way","osm_id":1502929880,"country":"PT","name":null,"operator":null,"wikidata":null,"wikipedia":null}},{"type":"Feature","geometry":{"type":"LineString","coordinates":[[-17.15489,32.85407],[-17.15482,32.85401],[-17.15475,32.85394]]},"properties":{"osm_type":"way","osm_id":1502929881,"country":"PT","name":null,"operator":null,"wikidata":null,"wikipedia":null}},{"type":"Feature","geometry":{"type":"LineString","coordinates":[[-6.45643,41.62958],[-6.45618,41.62937]]},"properties":{"osm_type":"way","osm_id":1511151112,"country":"PT","name":null,"operator":null,"wikidata":null,"wikipedia":null}},{"type":"Feature","geometry":{"type":"LineString","coordinates":[[-7.96905,41.00184],[-7.9691,41.00179]]},"properties":{"osm_type":"way","osm_id":1513583570,"country":"PT","name":null,"operator":null,"wikidata":null,"wikipedia":null}},{"type":"Feature","geometry":{"type":"LineString","coordinates":[[-7.56119,38.37079],[-7.56113,38.37081],[-7.56097,38.37106],[-7.56082,38.3713],[-7.56084,38.37135]]},"properties":{"osm_type":"way","osm_id":1517236680,"country":"PT","name":null,"operator":null,"wikidata":null,"wikipedia":null}},{"type":"Feature","geometry":{"type":"LineString","coordinates":[[-8.63667,41.52186],[-8.63662,41.52182],[-8.63658,41.5218],[-8.63651,41.5218],[-8.63616,41.52182],[-8.63609,41.52181],[-8.63605,41.5218],[-8.63602,41.52177],[-8.636,41.52174],[-8.63601,41.52168],[-8.63603,41.52163],[-8.63601,41.52158],[-8.63596,41.52154],[-8.63592,41.52152],[-8.63586,41.52145],[-8.6358,41.52139]]},"properties":{"osm_type":"way","osm_id":1517246328,"country":"PT","name":"Açude de Barcelinhos","operator":null,"wikidata":null,"wikipedia":null}},{"type":"Feature","geometry":{"type":"LineString","coordinates":[[-8.61615,41.52707],[-8.61621,41.52705],[-8.61628,41.52697],[-8.61626,41.52691]]},"properties":{"osm_type":"way","osm_id":1517246333,"country":"PT","name":null,"operator":null,"wikidata":null,"wikipedia":null}},{"type":"Feature","geometry":{"type":"LineString","coordinates":[[-7.14444,38.80352],[-7.14438,38.80342],[-7.14414,38.80305],[-7.14394,38.80273],[-7.14365,38.80246],[-7.14324,38.80242],[-7.14303,38.80241],[-7.14266,38.80263],[-7.14215,38.80267]]},"properties":{"osm_type":"way","osm_id":1517248471,"country":"PT","name":null,"operator":null,"wikidata":null,"wikipedia":null}},{"type":"Feature","geometry":{"type":"LineString","coordinates":[[-6.39142,41.61759],[-6.39126,41.61725]]},"properties":{"osm_type":"way","osm_id":1517759143,"country":"PT","name":null,"operator":null,"wikidata":null,"wikipedia":null}},{"type":"Feature","geometry":{"type":"LineString","coordinates":[[-7.93856,41.47699],[-7.93835,41.47715],[-7.93807,41.47736],[-7.93799,41.4773],[-7.93795,41.47724]]},"properties":{"osm_type":"way","osm_id":1518485974,"country":"PT","name":null,"operator":null,"wikidata":null,"wikipedia":null}},{"type":"Feature","geometry":{"type":"LineString","coordinates":[[-6.46149,41.62549],[-6.4614,41.62546]]},"properties":{"osm_type":"way","osm_id":1520679364,"country":"PT","name":null,"operator":null,"wikidata":null,"wikipedia":null}},{"type":"Feature","geometry":{"type":"LineString","coordinates":[[-7.63543,39.07298],[-7.6354,39.07291],[-7.63596,39.07251]]},"properties":{"osm_type":"way","osm_id":1522660138,"country":"PT","name":null,"operator":null,"wikidata":null,"wikipedia":null}},{"type":"Feature","geometry":{"type":"LineString","coordinates":[[-7.61911,39.07136],[-7.61961,39.07115]]},"properties":{"osm_type":"way","osm_id":1522660139,"country":"PT","name":null,"operator":null,"wikidata":null,"wikipedia":null}},{"type":"Feature","geometry":{"type":"LineString","coordinates":[[-7.88848,40.40791],[-7.88848,40.40788],[-7.88849,40.40784],[-7.8885,40.40783],[-7.88852,40.40779],[-7.88855,40.40778],[-7.88857,40.40778]]},"properties":{"osm_type":"way","osm_id":1524926215,"country":"PT","name":null,"operator":null,"wikidata":null,"wikipedia":null}},{"type":"Feature","geometry":{"type":"LineString","coordinates":[[-7.90934,41.0218],[-7.90926,41.02174],[-7.90919,41.02178],[-7.90911,41.02173],[-7.90899,41.02164],[-7.90901,41.02162],[-7.90906,41.02159],[-7.90904,41.02158],[-7.90897,41.02153]]},"properties":{"osm_type":"way","osm_id":1526223606,"country":"PT","name":null,"operator":null,"wikidata":null,"wikipedia":null}},{"type":"Feature","geometry":{"type":"LineString","coordinates":[[-8.25876,40.78592],[-8.25858,40.78577],[-8.25838,40.78576],[-8.25819,40.78574]]},"properties":{"osm_type":"way","osm_id":1533079841,"country":"PT","name":null,"operator":null,"wikidata":null,"wikipedia":null}},{"type":"Feature","geometry":{"type":"LineString","coordinates":[[-8.17035,40.7634],[-8.17042,40.76336],[-8.17047,40.76334],[-8.1705,40.76337],[-8.1709,40.76315]]},"properties":{"osm_type":"way","osm_id":1534790970,"country":"PT","name":null,"operator":null,"wikidata":null,"wikipedia":null}},{"type":"Feature","geometry":{"type":"LineString","coordinates":[[-7.36319,39.02276],[-7.36309,39.02272],[-7.36301,39.02269]]},"properties":{"osm_type":"way","osm_id":1537947764,"country":"PT","name":null,"operator":null,"wikidata":null,"wikipedia":null}},{"type":"Feature","geometry":{"type":"Polygon","coordinates":[[[-8.63922,40.69483],[-8.63911,40.69439],[-8.63863,40.69447],[-8.63874,40.6949],[-8.63922,40.69483]]]},"properties":{"osm_type":"way","osm_id":1537989322,"country":"PT","name":"Açude do Rio Novo do Príncipe","operator":null,"wikidata":null,"wikipedia":null}},{"type":"Feature","geometry":{"type":"LineString","coordinates":[[-7.85521,41.31844],[-7.85512,41.31848]]},"properties":{"osm_type":"way","osm_id":1539087984,"country":"PT","name":null,"operator":null,"wikidata":null,"wikipedia":null}},{"type":"Feature","geometry":{"type":"LineString","coordinates":[[-7.83701,40.30139],[-7.83711,40.30133],[-7.83722,40.30127]]},"properties":{"osm_type":"way","osm_id":1540846934,"country":"PT","name":null,"operator":null,"wikidata":null,"wikipedia":null}},{"type":"Feature","geometry":{"type":"LineString","coordinates":[[-25.49561,37.79608],[-25.49558,37.79602],[-25.49554,37.79594]]},"properties":{"osm_type":"way","osm_id":1544649360,"country":"PT","name":null,"operator":null,"wikidata":null,"wikipedia":null}},{"type":"Feature","geometry":{"type":"LineString","coordinates":[[-7.72283,41.31815],[-7.7225,41.31825]]},"properties":{"osm_type":"way","osm_id":1545175040,"country":"PT","name":null,"operator":null,"wikidata":null,"wikipedia":null}},{"type":"Feature","geometry":{"type":"LineString","coordinates":[[-6.4038,41.53071],[-6.40365,41.53064]]},"properties":{"osm_type":"way","osm_id":1545442541,"country":"PT","name":null,"operator":null,"wikidata":null,"wikipedia":null}},{"type":"Feature","geometry":{"type":"LineString","coordinates":[[-8.22039,40.15506],[-8.22038,40.15501],[-8.22039,40.15495],[-8.22042,40.15488],[-8.22048,40.15483],[-8.22058,40.15479]]},"properties":{"osm_type":"way","osm_id":1552960029,"country":"PT","name":null,"operator":null,"wikidata":null,"wikipedia":null}},{"type":"Feature","geometry":{"type":"LineString","coordinates":[[-6.28517,41.54716],[-6.28511,41.54707],[-6.28509,41.54705]]},"properties":{"osm_type":"way","osm_id":1552978733,"country":"PT","name":null,"operator":null,"wikidata":null,"wikipedia":null}},{"type":"Feature","geometry":{"type":"LineString","coordinates":[[-8.2691,41.0156],[-8.26908,41.0156],[-8.26906,41.0156],[-8.26906,41.01559],[-8.26905,41.01559],[-8.26904,41.01558],[-8.26904,41.01558]]},"properties":{"osm_type":"way","osm_id":1559164175,"country":"PT","name":null,"operator":null,"wikidata":null,"wikipedia":null}},{"type":"Feature","geometry":{"type":"LineString","coordinates":[[-6.4091,41.50733],[-6.40891,41.50696]]},"properties":{"osm_type":"way","osm_id":1560459563,"country":"PT","name":null,"operator":null,"wikidata":null,"wikipedia":null}},{"type":"Feature","geometry":{"type":"LineString","coordinates":[[-7.91198,39.91606],[-7.91181,39.9159]]},"properties":{"osm_type":"way","osm_id":1561953960,"country":"PT","name":null,"operator":null,"wikidata":null,"wikipedia":null}},{"type":"Feature","geometry":{"type":"LineString","coordinates":[[-7.94159,39.9098],[-7.94138,39.90989]]},"properties":{"osm_type":"way","osm_id":1562769138,"country":"PT","name":null,"operator":null,"wikidata":null,"wikipedia":null}},{"type":"Feature","geometry":{"type":"LineString","coordinates":[[-7.93337,39.90886],[-7.93333,39.90891],[-7.9332,39.90897]]},"properties":{"osm_type":"way","osm_id":1562769143,"country":"PT","name":null,"operator":null,"wikidata":null,"wikipedia":null}},{"type":"Feature","geometry":{"type":"LineString","coordinates":[[-7.9427,39.90768],[-7.94268,39.90787]]},"properties":{"osm_type":"way","osm_id":1564503235,"country":"PT","name":null,"operator":null,"wikidata":null,"wikipedia":null}}]}